<?xml version="1.0" encoding="UTF-8"?>
<gpx version="1.1" creator="ladoga-fishing-map depth agent" xmlns="http://www.topografix.com/GPX/1/1">
<metadata><name>Южная Ладога: модельные изобаты GLDB (~1 км)</name><desc>Грубая модель по сетке 30″ (GLDB v2, Kourzeneva &amp; Choulga, CC BY). Не для навигации.</desc><copyright author="GLDB v2 (Kourzeneva, Choulga)"><license>https://creativecommons.org/licenses/by/4.0/</license></copyright></metadata>
<trk><name>Изобата 2 м (модель ~1 км)</name><type>isobath</type>
<trkseg><trkpt lat="60.80000" lon="32.81404"/><trkpt lat="60.79688" lon="32.81418"/><trkpt lat="60.77795" lon="32.81155"/><trkpt lat="60.75938" lon="32.81059"/><trkpt lat="60.74063" lon="32.80632"/><trkpt lat="60.73438" lon="32.80589"/><trkpt lat="60.72813" lon="32.80661"/><trkpt lat="60.72203" lon="32.80820"/><trkpt lat="60.71865" lon="32.80990"/><trkpt lat="60.71344" lon="32.81380"/><trkpt lat="60.71122" lon="32.81693"/><trkpt lat="60.70879" lon="32.82201"/><trkpt lat="60.70678" lon="32.82812"/><trkpt lat="60.70512" lon="32.83718"/><trkpt lat="60.70156" lon="32.84312"/><trkpt lat="60.70009" lon="32.84694"/><trkpt lat="60.69807" lon="32.86146"/><trkpt lat="60.69664" lon="32.86771"/><trkpt lat="60.69441" lon="32.87109"/><trkpt lat="60.68745" lon="32.87552"/><trkpt lat="60.68561" lon="32.87760"/><trkpt lat="60.68428" lon="32.88229"/><trkpt lat="60.68319" lon="32.89453"/><trkpt lat="60.68177" lon="32.89740"/><trkpt lat="60.67704" lon="32.90260"/><trkpt lat="60.67662" lon="32.90380"/><trkpt lat="60.67704" lon="32.90667"/><trkpt lat="60.68042" lon="32.91256"/><trkpt lat="60.68021" lon="32.91473"/><trkpt lat="60.67865" lon="32.91935"/><trkpt lat="60.67270" lon="32.92775"/><trkpt lat="60.67065" lon="32.93147"/><trkpt lat="60.66758" lon="32.93527"/><trkpt lat="60.66170" lon="32.94094"/><trkpt lat="60.65530" lon="32.94815"/><trkpt lat="60.64896" lon="32.95243"/><trkpt lat="60.64479" lon="32.95303"/><trkpt lat="60.64271" lon="32.95246"/><trkpt lat="60.63147" lon="32.94587"/><trkpt lat="60.62909" lon="32.94490"/><trkpt lat="60.62188" lon="32.94363"/><trkpt lat="60.60521" lon="32.94236"/><trkpt lat="60.60104" lon="32.94103"/><trkpt lat="60.59441" lon="32.93791"/><trkpt lat="60.59166" lon="32.93437"/><trkpt lat="60.58811" lon="32.92839"/><trkpt lat="60.58630" lon="32.92318"/><trkpt lat="60.58450" lon="32.91966"/><trkpt lat="60.57985" lon="32.91369"/><trkpt lat="60.57604" lon="32.91027"/><trkpt lat="60.57187" lon="32.90754"/><trkpt lat="60.56771" lon="32.90580"/><trkpt lat="60.56222" lon="32.90441"/><trkpt lat="60.56157" lon="32.90372"/><trkpt lat="60.55754" lon="32.89696"/><trkpt lat="60.55287" lon="32.88602"/><trkpt lat="60.54173" lon="32.86562"/><trkpt lat="60.53913" lon="32.85937"/><trkpt lat="60.53303" lon="32.84062"/><trkpt lat="60.52757" lon="32.81958"/><trkpt lat="60.52178" lon="32.80292"/><trkpt lat="60.51810" lon="32.79625"/><trkpt lat="60.51576" lon="32.79062"/><trkpt lat="60.51474" lon="32.78646"/><trkpt lat="60.51444" lon="32.78229"/><trkpt lat="60.51690" lon="32.74687"/><trkpt lat="60.51724" lon="32.73229"/><trkpt lat="60.51773" lon="32.72812"/><trkpt lat="60.52222" lon="32.70295"/><trkpt lat="60.52367" lon="32.69687"/><trkpt lat="60.52725" lon="32.68646"/><trkpt lat="60.52934" lon="32.67448"/><trkpt lat="60.53703" lon="32.65260"/><trkpt lat="60.53920" lon="32.63646"/><trkpt lat="60.53934" lon="32.62604"/><trkpt lat="60.53853" lon="32.62096"/><trkpt lat="60.53748" lon="32.61875"/><trkpt lat="60.53305" lon="32.61180"/><trkpt lat="60.52721" lon="32.60411"/><trkpt lat="60.52094" lon="32.59281"/><trkpt lat="60.51615" lon="32.58732"/><trkpt lat="60.51406" lon="32.58586"/><trkpt lat="60.51120" lon="32.58544"/><trkpt lat="60.50359" lon="32.58733"/><trkpt lat="60.49567" lon="32.59406"/><trkpt lat="60.47396" lon="32.60751"/><trkpt lat="60.46406" lon="32.61467"/><trkpt lat="60.46084" lon="32.61901"/><trkpt lat="60.45395" lon="32.63490"/><trkpt lat="60.45231" lon="32.63746"/><trkpt lat="60.44549" lon="32.64557"/><trkpt lat="60.43870" lon="32.64893"/><trkpt lat="60.43490" lon="32.65233"/><trkpt lat="60.43337" lon="32.65542"/><trkpt lat="60.43164" lon="32.66354"/><trkpt lat="60.43028" lon="32.66771"/><trkpt lat="60.42779" lon="32.67067"/><trkpt lat="60.42604" lon="32.67155"/><trkpt lat="60.41146" lon="32.67575"/><trkpt lat="60.40521" lon="32.67624"/><trkpt lat="60.39896" lon="32.67589"/><trkpt lat="60.39271" lon="32.67438"/><trkpt lat="60.38757" lon="32.67227"/><trkpt lat="60.38519" lon="32.67075"/><trkpt lat="60.37865" lon="32.66399"/><trkpt lat="60.37128" lon="32.64918"/><trkpt lat="60.36892" lon="32.64592"/><trkpt lat="60.36332" lon="32.64094"/><trkpt lat="60.36016" lon="32.63906"/><trkpt lat="60.35495" lon="32.63692"/><trkpt lat="60.34559" lon="32.62932"/><trkpt lat="60.34440" lon="32.62187"/><trkpt lat="60.34422" lon="32.61354"/><trkpt lat="60.34555" lon="32.60069"/><trkpt lat="60.34719" lon="32.59444"/><trkpt lat="60.34734" lon="32.58900"/><trkpt lat="60.34688" lon="32.58711"/><trkpt lat="60.34062" lon="32.58242"/><trkpt lat="60.33646" lon="32.58045"/><trkpt lat="60.33229" lon="32.58016"/><trkpt lat="60.33033" lon="32.58066"/><trkpt lat="60.32676" lon="32.58297"/><trkpt lat="60.32155" lon="32.58870"/><trkpt lat="60.31207" lon="32.59214"/><trkpt lat="60.30426" lon="32.59850"/><trkpt lat="60.29688" lon="32.59943"/><trkpt lat="60.28854" lon="32.60322"/><trkpt lat="60.27813" lon="32.60521"/><trkpt lat="60.27073" lon="32.60990"/><trkpt lat="60.26438" lon="32.61562"/><trkpt lat="60.26125" lon="32.61759"/><trkpt lat="60.25521" lon="32.61908"/><trkpt lat="60.25104" lon="32.61870"/><trkpt lat="60.24688" lon="32.61731"/><trkpt lat="60.23438" lon="32.61161"/><trkpt lat="60.21979" lon="32.60868"/><trkpt lat="60.21399" lon="32.60667"/><trkpt lat="60.21209" lon="32.60547"/><trkpt lat="60.20594" lon="32.59546"/><trkpt lat="60.20270" lon="32.58765"/><trkpt lat="60.19896" lon="32.58049"/><trkpt lat="60.19199" lon="32.56955"/><trkpt lat="60.18432" lon="32.55104"/><trkpt lat="60.17539" lon="32.53622"/><trkpt lat="60.17178" lon="32.52708"/><trkpt lat="60.15817" lon="32.48229"/><trkpt lat="60.15564" lon="32.47187"/><trkpt lat="60.15285" lon="32.45521"/><trkpt lat="60.14590" lon="32.43519"/><trkpt lat="60.14406" lon="32.42798"/><trkpt lat="60.14265" lon="32.41562"/><trkpt lat="60.14198" lon="32.39896"/><trkpt lat="60.14182" lon="32.38437"/><trkpt lat="60.14235" lon="32.36354"/><trkpt lat="60.14020" lon="32.35312"/><trkpt lat="60.13681" lon="32.32396"/><trkpt lat="60.13400" lon="32.30729"/><trkpt lat="60.13374" lon="32.30312"/><trkpt lat="60.13431" lon="32.29687"/><trkpt lat="60.13307" lon="32.29271"/><trkpt lat="60.13098" lon="32.28854"/><trkpt lat="60.13038" lon="32.28437"/><trkpt lat="60.13247" lon="32.27396"/><trkpt lat="60.13955" lon="32.25469"/><trkpt lat="60.14401" lon="32.23724"/><trkpt lat="60.14622" lon="32.23281"/><trkpt lat="60.15330" lon="32.22187"/><trkpt lat="60.15781" lon="32.21198"/><trkpt lat="60.16042" lon="32.20903"/><trkpt lat="60.16406" lon="32.20590"/><trkpt lat="60.18611" lon="32.19115"/><trkpt lat="60.19010" lon="32.18750"/><trkpt lat="60.20104" lon="32.17214"/><trkpt lat="60.21172" lon="32.15521"/><trkpt lat="60.22059" lon="32.13735"/><trkpt lat="60.22679" lon="32.13013"/><trkpt lat="60.22783" lon="32.12810"/><trkpt lat="60.22946" lon="32.12187"/><trkpt lat="60.23059" lon="32.11979"/><trkpt lat="60.24203" lon="32.10714"/><trkpt lat="60.24450" lon="32.10373"/><trkpt lat="60.24629" lon="32.09885"/><trkpt lat="60.25161" lon="32.09062"/><trkpt lat="60.25318" lon="32.08646"/><trkpt lat="60.25495" lon="32.06354"/><trkpt lat="60.25482" lon="32.05937"/><trkpt lat="60.25094" lon="32.03854"/><trkpt lat="60.24497" lon="32.02240"/><trkpt lat="60.24269" lon="32.01146"/><trkpt lat="60.24127" lon="31.99271"/><trkpt lat="60.24131" lon="31.96354"/><trkpt lat="60.24081" lon="31.95521"/><trkpt lat="60.23830" lon="31.94479"/><trkpt lat="60.22948" lon="31.92786"/><trkpt lat="60.22849" lon="31.92318"/><trkpt lat="60.22820" lon="31.91771"/><trkpt lat="60.22932" lon="31.89948"/><trkpt lat="60.23165" lon="31.88854"/><trkpt lat="60.23595" lon="31.87812"/><trkpt lat="60.23722" lon="31.86562"/><trkpt lat="60.23812" lon="31.86146"/><trkpt lat="60.24464" lon="31.84596"/><trkpt lat="60.25439" lon="31.82812"/><trkpt lat="60.25590" lon="31.82396"/><trkpt lat="60.25677" lon="31.81979"/><trkpt lat="60.25677" lon="31.81354"/><trkpt lat="60.25365" lon="31.80104"/><trkpt lat="60.25278" lon="31.79271"/><trkpt lat="60.25304" lon="31.78724"/><trkpt lat="60.25595" lon="31.77604"/><trkpt lat="60.25842" lon="31.76354"/><trkpt lat="60.25908" lon="31.75729"/><trkpt lat="60.25916" lon="31.75104"/><trkpt lat="60.25803" lon="31.73021"/><trkpt lat="60.25636" lon="31.71979"/><trkpt lat="60.25441" lon="31.71354"/><trkpt lat="60.24736" lon="31.69577"/><trkpt lat="60.24347" lon="31.68945"/><trkpt lat="60.24034" lon="31.68606"/><trkpt lat="60.23507" lon="31.68197"/><trkpt lat="60.22396" lon="31.67458"/><trkpt lat="60.21684" lon="31.67089"/><trkpt lat="60.21481" lon="31.66927"/><trkpt lat="60.21161" lon="31.66510"/><trkpt lat="60.20514" lon="31.65339"/><trkpt lat="60.19592" lon="31.64387"/><trkpt lat="60.19166" lon="31.63818"/><trkpt lat="60.18192" lon="31.61562"/><trkpt lat="60.17450" lon="31.60299"/><trkpt lat="60.17005" lon="31.59048"/><trkpt lat="60.15731" lon="31.56354"/><trkpt lat="60.15416" lon="31.55521"/><trkpt lat="60.15139" lon="31.55104"/><trkpt lat="60.14618" lon="31.54518"/><trkpt lat="60.14544" lon="31.54518"/><trkpt lat="60.14380" lon="31.54733"/><trkpt lat="60.13464" lon="31.56189"/><trkpt lat="60.13112" lon="31.56576"/><trkpt lat="60.12962" lon="31.56680"/><trkpt lat="60.12604" lon="31.56810"/><trkpt lat="60.12188" lon="31.56831"/><trkpt lat="60.11771" lon="31.56730"/><trkpt lat="60.11198" lon="31.56399"/><trkpt lat="60.10425" lon="31.54725"/><trkpt lat="60.09611" lon="31.53430"/><trkpt lat="60.09375" lon="31.52954"/><trkpt lat="60.09149" lon="31.52187"/><trkpt lat="60.08749" lon="31.50156"/><trkpt lat="60.08164" lon="31.48698"/><trkpt lat="60.08021" lon="31.48403"/><trkpt lat="60.07917" lon="31.48316"/><trkpt lat="60.07604" lon="31.48299"/><trkpt lat="60.07083" lon="31.48507"/><trkpt lat="60.06458" lon="31.49097"/><trkpt lat="60.06094" lon="31.49549"/><trkpt lat="60.05510" lon="31.49844"/><trkpt lat="60.05193" lon="31.50069"/><trkpt lat="60.04814" lon="31.50496"/><trkpt lat="60.04520" lon="31.51027"/><trkpt lat="60.03689" lon="31.51641"/><trkpt lat="60.03247" lon="31.52155"/><trkpt lat="60.02726" lon="31.52905"/><trkpt lat="60.02046" lon="31.53559"/><trkpt lat="60.01510" lon="31.53778"/><trkpt lat="60.00313" lon="31.53949"/><trkpt lat="59.99696" lon="31.54111"/><trkpt lat="59.99010" lon="31.54505"/><trkpt lat="59.98021" lon="31.55297"/><trkpt lat="59.97604" lon="31.55479"/><trkpt lat="59.97237" lon="31.55542"/><trkpt lat="59.97068" lon="31.55521"/><trkpt lat="59.96897" lon="31.55285"/><trkpt lat="59.95308" lon="31.53713"/><trkpt lat="59.94687" lon="31.53348"/><trkpt lat="59.93776" lon="31.53028"/><trkpt lat="59.93602" lon="31.52887"/><trkpt lat="59.93151" lon="31.52187"/><trkpt lat="59.93003" lon="31.51771"/><trkpt lat="59.92899" lon="31.50521"/><trkpt lat="59.92743" lon="31.49896"/><trkpt lat="59.92552" lon="31.49531"/><trkpt lat="59.91979" lon="31.48854"/><trkpt lat="59.91917" lon="31.48437"/><trkpt lat="59.91820" lon="31.46979"/><trkpt lat="59.91845" lon="31.44062"/><trkpt lat="59.91797" lon="31.42187"/><trkpt lat="59.91503" lon="31.39479"/><trkpt lat="59.91529" lon="31.38854"/><trkpt lat="59.91658" lon="31.38021"/><trkpt lat="59.92153" lon="31.36146"/><trkpt lat="59.92552" lon="31.35391"/><trkpt lat="59.92760" lon="31.35156"/><trkpt lat="59.93047" lon="31.34948"/><trkpt lat="59.94453" lon="31.34219"/><trkpt lat="59.94844" lon="31.33906"/><trkpt lat="59.95030" lon="31.33620"/><trkpt lat="59.95186" lon="31.33229"/><trkpt lat="59.95308" lon="31.32604"/><trkpt lat="59.95334" lon="31.31146"/><trkpt lat="59.95219" lon="31.28229"/><trkpt lat="59.95104" lon="31.27812"/><trkpt lat="59.94635" lon="31.26979"/><trkpt lat="59.94386" lon="31.25729"/><trkpt lat="59.94397" lon="31.25443"/><trkpt lat="59.94881" lon="31.24844"/><trkpt lat="59.94940" lon="31.24511"/><trkpt lat="59.94762" lon="31.24198"/><trkpt lat="59.94535" lon="31.23964"/><trkpt lat="59.94323" lon="31.23831"/><trkpt lat="59.94170" lon="31.23607"/><trkpt lat="59.93781" lon="31.20990"/><trkpt lat="59.93676" lon="31.20573"/><trkpt lat="59.93336" lon="31.19687"/><trkpt lat="59.93244" lon="31.19271"/><trkpt lat="59.93218" lon="31.18854"/><trkpt lat="59.93323" lon="31.18021"/><trkpt lat="59.93771" lon="31.16354"/><trkpt lat="59.94062" lon="31.15937"/><trkpt lat="59.94479" lon="31.15573"/><trkpt lat="59.94687" lon="31.15469"/><trkpt lat="59.95104" lon="31.15417"/><trkpt lat="59.95208" lon="31.15365"/><trkpt lat="59.95208" lon="31.15260"/><trkpt lat="59.95104" lon="31.15104"/><trkpt lat="59.94062" lon="31.14062"/><trkpt lat="59.93802" lon="31.13646"/><trkpt lat="59.93750" lon="31.13437"/><trkpt lat="59.93763" lon="31.11354"/><trkpt lat="59.93945" lon="31.10312"/><trkpt lat="59.93997" lon="31.09479"/><trkpt lat="59.94359" lon="31.07812"/><trkpt lat="59.94544" lon="31.06562"/><trkpt lat="59.94616" lon="31.06458"/><trkpt lat="59.94733" lon="31.06458"/><trkpt lat="59.94896" lon="31.06562"/><trkpt lat="59.95281" lon="31.06979"/><trkpt lat="59.95542" lon="31.07396"/><trkpt lat="59.95823" lon="31.07982"/><trkpt lat="59.96063" lon="31.08307"/><trkpt lat="59.96375" lon="31.08490"/><trkpt lat="59.96562" lon="31.08516"/><trkpt lat="59.97604" lon="31.08385"/><trkpt lat="59.97943" lon="31.08420"/><trkpt lat="59.98073" lon="31.08490"/><trkpt lat="59.98490" lon="31.08984"/><trkpt lat="59.98872" lon="31.09596"/><trkpt lat="59.99497" lon="31.10280"/><trkpt lat="59.99896" lon="31.10534"/><trkpt lat="60.00938" lon="31.10951"/><trkpt lat="60.01302" lon="31.11146"/><trkpt lat="60.01953" lon="31.12187"/><trkpt lat="60.02891" lon="31.13385"/><trkpt lat="60.03438" lon="31.13646"/><trkpt lat="60.03631" lon="31.13646"/><trkpt lat="60.03810" lon="31.13576"/><trkpt lat="60.03973" lon="31.13437"/><trkpt lat="60.04435" lon="31.12708"/><trkpt lat="60.05442" lon="31.10312"/><trkpt lat="60.05964" lon="31.08668"/><trkpt lat="60.06196" lon="31.08162"/><trkpt lat="60.06337" lon="31.07961"/><trkpt lat="60.07005" lon="31.07755"/><trkpt lat="60.07812" lon="31.07411"/><trkpt lat="60.08437" lon="31.07333"/><trkpt lat="60.08854" lon="31.07373"/><trkpt lat="60.09479" lon="31.07530"/><trkpt lat="60.10104" lon="31.07778"/><trkpt lat="60.10938" lon="31.08214"/><trkpt lat="60.11260" lon="31.08274"/><trkpt lat="60.11375" lon="31.08214"/><trkpt lat="60.11656" lon="31.07910"/><trkpt lat="60.12160" lon="31.07616"/><trkpt lat="60.12820" lon="31.06922"/><trkpt lat="60.13641" lon="31.06258"/><trkpt lat="60.14896" lon="31.05017"/><trkpt lat="60.16223" lon="31.04036"/><trkpt lat="60.16647" lon="31.03229"/><trkpt lat="60.16800" lon="31.02812"/><trkpt lat="60.17059" lon="31.01172"/><trkpt lat="60.17328" lon="30.99896"/><trkpt lat="60.17912" lon="30.98385"/><trkpt lat="60.18073" lon="30.98073"/><trkpt lat="60.18385" lon="30.97698"/><trkpt lat="60.18884" lon="30.97240"/><trkpt lat="60.19710" lon="30.96833"/><trkpt lat="60.20464" lon="30.96270"/><trkpt lat="60.21354" lon="30.95469"/><trkpt lat="60.22010" lon="30.94726"/><trkpt lat="60.22396" lon="30.94502"/><trkpt lat="60.23000" lon="30.94265"/><trkpt lat="60.23370" lon="30.93981"/><trkpt lat="60.23709" lon="30.93638"/><trkpt lat="60.23899" lon="30.93543"/><trkpt lat="60.24688" lon="30.93349"/><trkpt lat="60.26131" lon="30.93142"/><trkpt lat="60.26935" lon="30.92865"/><trkpt lat="60.27808" lon="30.92101"/><trkpt lat="60.28633" lon="30.91055"/><trkpt lat="60.29479" lon="30.90499"/><trkpt lat="60.30313" lon="30.90214"/><trkpt lat="60.31281" lon="30.90000"/></trkseg>
<trkseg><trkpt lat="59.96458" lon="31.35903"/><trkpt lat="59.96910" lon="31.36295"/><trkpt lat="59.97604" lon="31.36468"/><trkpt lat="59.97969" lon="31.36622"/><trkpt lat="59.98385" lon="31.37014"/><trkpt lat="59.98748" lon="31.37656"/><trkpt lat="59.99126" lon="31.38854"/><trkpt lat="59.99531" lon="31.39678"/><trkpt lat="59.99637" lon="31.39697"/><trkpt lat="59.99792" lon="31.39640"/><trkpt lat="60.00330" lon="31.39219"/><trkpt lat="60.00461" lon="31.39010"/><trkpt lat="60.00532" lon="31.38620"/><trkpt lat="60.00550" lon="31.36380"/><trkpt lat="60.00422" lon="31.35885"/><trkpt lat="60.00208" lon="31.35573"/><trkpt lat="60.00010" lon="31.35384"/><trkpt lat="59.99625" lon="31.35163"/><trkpt lat="59.99271" lon="31.35104"/><trkpt lat="59.98021" lon="31.35124"/><trkpt lat="59.97187" lon="31.35035"/><trkpt lat="59.96771" lon="31.35052"/><trkpt lat="59.96271" lon="31.35182"/><trkpt lat="59.96146" lon="31.35312"/><trkpt lat="59.96146" lon="31.35521"/><trkpt lat="59.96458" lon="31.35903"/></trkseg>
<trkseg><trkpt lat="60.12146" lon="31.39658"/><trkpt lat="60.12563" lon="31.39062"/><trkpt lat="60.12646" lon="31.38646"/><trkpt lat="60.12604" lon="31.38437"/><trkpt lat="60.12188" lon="31.37569"/><trkpt lat="60.12109" lon="31.37500"/><trkpt lat="60.12023" lon="31.37500"/><trkpt lat="60.11719" lon="31.37865"/><trkpt lat="60.11406" lon="31.38437"/><trkpt lat="60.11354" lon="31.38854"/><trkpt lat="60.11510" lon="31.39271"/><trkpt lat="60.11719" lon="31.39554"/><trkpt lat="60.11927" lon="31.39658"/><trkpt lat="60.12146" lon="31.39658"/></trkseg>
</trk>
<trk><name>Изобата 4 м (модель ~1 км)</name><type>isobath</type>
<trkseg><trkpt lat="60.80000" lon="32.80687"/><trkpt lat="60.79688" lon="32.80712"/><trkpt lat="60.78880" lon="32.80585"/><trkpt lat="60.77786" lon="32.80242"/><trkpt lat="60.76562" lon="32.80177"/><trkpt lat="60.76146" lon="32.80114"/><trkpt lat="60.75357" lon="32.79828"/><trkpt lat="60.74576" lon="32.79465"/><trkpt lat="60.73854" lon="32.79274"/><trkpt lat="60.73229" lon="32.79276"/><trkpt lat="60.72604" lon="32.79410"/><trkpt lat="60.72187" lon="32.79580"/><trkpt lat="60.71771" lon="32.79875"/><trkpt lat="60.71237" lon="32.80382"/><trkpt lat="60.70553" lon="32.81394"/><trkpt lat="60.70291" lon="32.81915"/><trkpt lat="60.69116" lon="32.86146"/><trkpt lat="60.68776" lon="32.86979"/><trkpt lat="60.68371" lon="32.87604"/><trkpt lat="60.68162" lon="32.88021"/><trkpt lat="60.67897" lon="32.89479"/><trkpt lat="60.67250" lon="32.90521"/><trkpt lat="60.66981" lon="32.91354"/><trkpt lat="60.66399" lon="32.92197"/><trkpt lat="60.65561" lon="32.93201"/><trkpt lat="60.65193" lon="32.93513"/><trkpt lat="60.64673" lon="32.93837"/><trkpt lat="60.64375" lon="32.93837"/><trkpt lat="60.62813" lon="32.93452"/><trkpt lat="60.60550" lon="32.93142"/><trkpt lat="60.60278" lon="32.93056"/><trkpt lat="60.59757" lon="32.92680"/><trkpt lat="60.59490" lon="32.92367"/><trkpt lat="60.58925" lon="32.91250"/><trkpt lat="60.58657" lon="32.90885"/><trkpt lat="60.58021" lon="32.90286"/><trkpt lat="60.56953" lon="32.89646"/><trkpt lat="60.56234" lon="32.88802"/><trkpt lat="60.55573" lon="32.87077"/><trkpt lat="60.54621" lon="32.85372"/><trkpt lat="60.54490" lon="32.85030"/><trkpt lat="60.53919" lon="32.83034"/><trkpt lat="60.53721" lon="32.82161"/><trkpt lat="60.53238" lon="32.78854"/><trkpt lat="60.52983" lon="32.75521"/><trkpt lat="60.52979" lon="32.73021"/><trkpt lat="60.53130" lon="32.71354"/><trkpt lat="60.53585" lon="32.68875"/><trkpt lat="60.53897" lon="32.67781"/><trkpt lat="60.54742" lon="32.65469"/><trkpt lat="60.55173" lon="32.63021"/><trkpt lat="60.55196" lon="32.62396"/><trkpt lat="60.55077" lon="32.61979"/><trkpt lat="60.54658" lon="32.61354"/><trkpt lat="60.52677" lon="32.58784"/><trkpt lat="60.52055" lon="32.58133"/><trkpt lat="60.51667" lon="32.57887"/><trkpt lat="60.51289" lon="32.57735"/><trkpt lat="60.50938" lon="32.57728"/><trkpt lat="60.50551" lon="32.57788"/><trkpt lat="60.48866" lon="32.58341"/><trkpt lat="60.48032" lon="32.58802"/><trkpt lat="60.47232" lon="32.59667"/><trkpt lat="60.46276" lon="32.60449"/><trkpt lat="60.45859" lon="32.60957"/><trkpt lat="60.45547" lon="32.61406"/><trkpt lat="60.44675" lon="32.62995"/><trkpt lat="60.43880" lon="32.63854"/><trkpt lat="60.43409" lon="32.64531"/><trkpt lat="60.42949" lon="32.65307"/><trkpt lat="60.42604" lon="32.65698"/><trkpt lat="60.42005" lon="32.66198"/><trkpt lat="60.41484" lon="32.66362"/><trkpt lat="60.40729" lon="32.66491"/><trkpt lat="60.39896" lon="32.66458"/><trkpt lat="60.39427" lon="32.66312"/><trkpt lat="60.38683" lon="32.65573"/><trkpt lat="60.37822" lon="32.63854"/><trkpt lat="60.36696" lon="32.62604"/><trkpt lat="60.36391" lon="32.62187"/><trkpt lat="60.36295" lon="32.61771"/><trkpt lat="60.36324" lon="32.61562"/><trkpt lat="60.36443" lon="32.61146"/><trkpt lat="60.37106" lon="32.59714"/><trkpt lat="60.37178" lon="32.58880"/><trkpt lat="60.37153" lon="32.58594"/><trkpt lat="60.36968" lon="32.58073"/><trkpt lat="60.36655" lon="32.57674"/><trkpt lat="60.36186" lon="32.57274"/><trkpt lat="60.35677" lon="32.57079"/><trkpt lat="60.35278" lon="32.56990"/><trkpt lat="60.33854" lon="32.56818"/><trkpt lat="60.33229" lon="32.56868"/><trkpt lat="60.32812" lon="32.56979"/><trkpt lat="60.32552" lon="32.57158"/><trkpt lat="60.31953" lon="32.57680"/><trkpt lat="60.31146" lon="32.58634"/><trkpt lat="60.30469" lon="32.58996"/><trkpt lat="60.30104" lon="32.59053"/><trkpt lat="60.29688" lon="32.59034"/><trkpt lat="60.28229" lon="32.58608"/><trkpt lat="60.27813" lon="32.58548"/><trkpt lat="60.27396" lon="32.58561"/><trkpt lat="60.26927" lon="32.58646"/><trkpt lat="60.26615" lon="32.58784"/><trkpt lat="60.26146" lon="32.59085"/><trkpt lat="60.25469" lon="32.59648"/><trkpt lat="60.24688" lon="32.59939"/><trkpt lat="60.24271" lon="32.59988"/><trkpt lat="60.23854" lon="32.59967"/><trkpt lat="60.22077" lon="32.59735"/><trkpt lat="60.21888" lon="32.59650"/><trkpt lat="60.21445" lon="32.59323"/><trkpt lat="60.21179" lon="32.59010"/><trkpt lat="60.20467" lon="32.57410"/><trkpt lat="60.19586" lon="32.56073"/><trkpt lat="60.18849" lon="32.54252"/><trkpt lat="60.17879" lon="32.52622"/><trkpt lat="60.17667" lon="32.51968"/><trkpt lat="60.17133" lon="32.49479"/><trkpt lat="60.16146" lon="32.46473"/><trkpt lat="60.15545" lon="32.43713"/><trkpt lat="60.15029" lon="32.41979"/><trkpt lat="60.14841" lon="32.40937"/><trkpt lat="60.14678" lon="32.39479"/><trkpt lat="60.14645" lon="32.38646"/><trkpt lat="60.14877" lon="32.36354"/><trkpt lat="60.14890" lon="32.35104"/><trkpt lat="60.14831" lon="32.34479"/><trkpt lat="60.14559" lon="32.33021"/><trkpt lat="60.14474" lon="32.31979"/><trkpt lat="60.14563" lon="32.29896"/><trkpt lat="60.14732" lon="32.29062"/><trkpt lat="60.14993" lon="32.28437"/><trkpt lat="60.15365" lon="32.27786"/><trkpt lat="60.16242" lon="32.26875"/><trkpt lat="60.17036" lon="32.25885"/><trkpt lat="60.17865" lon="32.24410"/><trkpt lat="60.18177" lon="32.23958"/><trkpt lat="60.19661" lon="32.22214"/><trkpt lat="60.20885" lon="32.21193"/><trkpt lat="60.21719" lon="32.20339"/><trkpt lat="60.22188" lon="32.19687"/><trkpt lat="60.22891" lon="32.18281"/><trkpt lat="60.23490" lon="32.17760"/><trkpt lat="60.24115" lon="32.17109"/><trkpt lat="60.24844" lon="32.15729"/><trkpt lat="60.25156" lon="32.15260"/><trkpt lat="60.25391" lon="32.15104"/><trkpt lat="60.25729" lon="32.15156"/><trkpt lat="60.26146" lon="32.15391"/><trkpt lat="60.26979" lon="32.16111"/><trkpt lat="60.27396" lon="32.16354"/><trkpt lat="60.27795" lon="32.16458"/><trkpt lat="60.27969" lon="32.16458"/><trkpt lat="60.28264" lon="32.16354"/><trkpt lat="60.28733" lon="32.16073"/><trkpt lat="60.29097" lon="32.15667"/><trkpt lat="60.29410" lon="32.15208"/><trkpt lat="60.30283" lon="32.13229"/><trkpt lat="60.30443" lon="32.12604"/><trkpt lat="60.30492" lon="32.11354"/><trkpt lat="60.30417" lon="32.09896"/><trkpt lat="60.30365" lon="32.09740"/><trkpt lat="60.30260" lon="32.09635"/><trkpt lat="60.30104" lon="32.09583"/><trkpt lat="60.29479" lon="32.09622"/><trkpt lat="60.28880" lon="32.09740"/><trkpt lat="60.28594" lon="32.09714"/><trkpt lat="60.28281" lon="32.09440"/><trkpt lat="60.28008" lon="32.08854"/><trkpt lat="60.27995" lon="32.08437"/><trkpt lat="60.28400" lon="32.06771"/><trkpt lat="60.28501" lon="32.06146"/><trkpt lat="60.28498" lon="32.05312"/><trkpt lat="60.28403" lon="32.04479"/><trkpt lat="60.28092" lon="32.02865"/><trkpt lat="60.27904" lon="32.02344"/><trkpt lat="60.27069" lon="32.00677"/><trkpt lat="60.25958" lon="31.98802"/><trkpt lat="60.25643" lon="31.98021"/><trkpt lat="60.25439" lon="31.96354"/><trkpt lat="60.25401" lon="31.95312"/><trkpt lat="60.25315" lon="31.94479"/><trkpt lat="60.25177" lon="31.93646"/><trkpt lat="60.24870" lon="31.92396"/><trkpt lat="60.24792" lon="31.91771"/><trkpt lat="60.24839" lon="31.90937"/><trkpt lat="60.25112" lon="31.89062"/><trkpt lat="60.25327" lon="31.88229"/><trkpt lat="60.25749" lon="31.86979"/><trkpt lat="60.26161" lon="31.85437"/><trkpt lat="60.26896" lon="31.84062"/><trkpt lat="60.27726" lon="31.82906"/><trkpt lat="60.27995" lon="31.82396"/><trkpt lat="60.28255" lon="31.81562"/><trkpt lat="60.28490" lon="31.80312"/><trkpt lat="60.28757" lon="31.79479"/><trkpt lat="60.28863" lon="31.78854"/><trkpt lat="60.28889" lon="31.78229"/><trkpt lat="60.28750" lon="31.76771"/><trkpt lat="60.28750" lon="31.74896"/><trkpt lat="60.28813" lon="31.74271"/><trkpt lat="60.29073" lon="31.73229"/><trkpt lat="60.29073" lon="31.72812"/><trkpt lat="60.28906" lon="31.72396"/><trkpt lat="60.28620" lon="31.72091"/><trkpt lat="60.28438" lon="31.71994"/><trkpt lat="60.27217" lon="31.71674"/><trkpt lat="60.26949" lon="31.71510"/><trkpt lat="60.26260" lon="31.70677"/><trkpt lat="60.25573" lon="31.69062"/><trkpt lat="60.25313" lon="31.68646"/><trkpt lat="60.24740" lon="31.67945"/><trkpt lat="60.24063" lon="31.67417"/><trkpt lat="60.22858" lon="31.66615"/><trkpt lat="60.22273" lon="31.66136"/><trkpt lat="60.21719" lon="31.65476"/><trkpt lat="60.21170" lon="31.64653"/><trkpt lat="60.19544" lon="31.63037"/><trkpt lat="60.18789" lon="31.61108"/><trkpt lat="60.17891" lon="31.59479"/><trkpt lat="60.17081" lon="31.57274"/><trkpt lat="60.16235" lon="31.55475"/><trkpt lat="60.15491" lon="31.53656"/><trkpt lat="60.14697" lon="31.52656"/><trkpt lat="60.14588" lon="31.52594"/><trkpt lat="60.14271" lon="31.52594"/><trkpt lat="60.13672" lon="31.52812"/><trkpt lat="60.12813" lon="31.53620"/><trkpt lat="60.12292" lon="31.54010"/><trkpt lat="60.12040" lon="31.54062"/><trkpt lat="60.11927" lon="31.54010"/><trkpt lat="60.11217" lon="31.53344"/><trkpt lat="60.10612" lon="31.52396"/><trkpt lat="60.10434" lon="31.51979"/><trkpt lat="60.10354" lon="31.51354"/><trkpt lat="60.10408" lon="31.49687"/><trkpt lat="60.10208" lon="31.47604"/><trkpt lat="60.10039" lon="31.46354"/><trkpt lat="60.10078" lon="31.45937"/><trkpt lat="60.10182" lon="31.45562"/><trkpt lat="60.10286" lon="31.45354"/><trkpt lat="60.10625" lon="31.45000"/><trkpt lat="60.11146" lon="31.44323"/><trkpt lat="60.11468" lon="31.43776"/><trkpt lat="60.12232" lon="31.42240"/><trkpt lat="60.12919" lon="31.41406"/><trkpt lat="60.13516" lon="31.41055"/><trkpt lat="60.16389" lon="31.39732"/><trkpt lat="60.16794" lon="31.39410"/><trkpt lat="60.17292" lon="31.38889"/><trkpt lat="60.17431" lon="31.38617"/><trkpt lat="60.17534" lon="31.38229"/><trkpt lat="60.17650" lon="31.37187"/><trkpt lat="60.17813" lon="31.36562"/><trkpt lat="60.17812" lon="31.36354"/><trkpt lat="60.17743" lon="31.36146"/><trkpt lat="60.17604" lon="31.35937"/><trkpt lat="60.17188" lon="31.35558"/><trkpt lat="60.16771" lon="31.35327"/><trkpt lat="60.16146" lon="31.35186"/><trkpt lat="60.15521" lon="31.35153"/><trkpt lat="60.14479" lon="31.35235"/><trkpt lat="60.13867" lon="31.35177"/><trkpt lat="60.13516" lon="31.34974"/><trkpt lat="60.12995" lon="31.34453"/><trkpt lat="60.12144" lon="31.33229"/><trkpt lat="60.11910" lon="31.32995"/><trkpt lat="60.11458" lon="31.32786"/><trkpt lat="60.10729" lon="31.32578"/><trkpt lat="60.10557" lon="31.32565"/><trkpt lat="60.10323" lon="31.32656"/><trkpt lat="60.10224" lon="31.32891"/><trkpt lat="60.10215" lon="31.33047"/><trkpt lat="60.10388" lon="31.34271"/><trkpt lat="60.10475" lon="31.35937"/><trkpt lat="60.10332" lon="31.38437"/><trkpt lat="60.10227" lon="31.39062"/><trkpt lat="60.10004" lon="31.39687"/><trkpt lat="60.09545" lon="31.40521"/><trkpt lat="60.09267" lon="31.41146"/><trkpt lat="60.09005" lon="31.41979"/><trkpt lat="60.08771" lon="31.43047"/><trkpt lat="60.08576" lon="31.43516"/><trkpt lat="60.08385" lon="31.43845"/><trkpt lat="60.07865" lon="31.44539"/><trkpt lat="60.07063" lon="31.45990"/><trkpt lat="60.06771" lon="31.46350"/><trkpt lat="60.06029" lon="31.47096"/><trkpt lat="60.05243" lon="31.48562"/><trkpt lat="60.04661" lon="31.49271"/><trkpt lat="60.04219" lon="31.49556"/><trkpt lat="60.02852" lon="31.50108"/><trkpt lat="60.02396" lon="31.50367"/><trkpt lat="60.02214" lon="31.50521"/><trkpt lat="60.01406" lon="31.51597"/><trkpt lat="60.01276" lon="31.51701"/><trkpt lat="60.00938" lon="31.51806"/><trkpt lat="59.99896" lon="31.51719"/><trkpt lat="59.99479" lon="31.51597"/><trkpt lat="59.99063" lon="31.51406"/><trkpt lat="59.98750" lon="31.51120"/><trkpt lat="59.98646" lon="31.50937"/><trkpt lat="59.98524" lon="31.50521"/><trkpt lat="59.98455" lon="31.49687"/><trkpt lat="59.98368" lon="31.49271"/><trkpt lat="59.97721" lon="31.47187"/><trkpt lat="59.97214" lon="31.45937"/><trkpt lat="59.96706" lon="31.43854"/><trkpt lat="59.96654" lon="31.43021"/><trkpt lat="59.96484" lon="31.41979"/><trkpt lat="59.96693" lon="31.39722"/><trkpt lat="59.96823" lon="31.39479"/><trkpt lat="59.96927" lon="31.39410"/><trkpt lat="59.97031" lon="31.39375"/><trkpt lat="59.97240" lon="31.39410"/><trkpt lat="59.97859" lon="31.39844"/><trkpt lat="59.98438" lon="31.40573"/><trkpt lat="59.98984" lon="31.40990"/><trkpt lat="59.99505" lon="31.41308"/><trkpt lat="59.99688" lon="31.41308"/><trkpt lat="60.00208" lon="31.41146"/><trkpt lat="60.00478" lon="31.40969"/><trkpt lat="60.00737" lon="31.40667"/><trkpt lat="60.00949" lon="31.40302"/><trkpt lat="60.01221" lon="31.39479"/><trkpt lat="60.01721" lon="31.36562"/><trkpt lat="60.01743" lon="31.35729"/><trkpt lat="60.01666" lon="31.35312"/><trkpt lat="60.01443" lon="31.34727"/><trkpt lat="60.01302" lon="31.34453"/><trkpt lat="60.01102" lon="31.34271"/><trkpt lat="60.00521" lon="31.33841"/><trkpt lat="59.99896" lon="31.33490"/><trkpt lat="59.99479" lon="31.33333"/><trkpt lat="59.98438" lon="31.33090"/><trkpt lat="59.98030" lon="31.32917"/><trkpt lat="59.97656" lon="31.32604"/><trkpt lat="59.97170" lon="31.31927"/><trkpt lat="59.96947" lon="31.30937"/><trkpt lat="59.96788" lon="31.29687"/><trkpt lat="59.96740" lon="31.28854"/><trkpt lat="59.96849" lon="31.27396"/><trkpt lat="59.97044" lon="31.26354"/><trkpt lat="59.97083" lon="31.25729"/><trkpt lat="59.96979" lon="31.25312"/><trkpt lat="59.96292" lon="31.24219"/><trkpt lat="59.95958" lon="31.23437"/><trkpt lat="59.95813" lon="31.23021"/><trkpt lat="59.95750" lon="31.22604"/><trkpt lat="59.95771" lon="31.22187"/><trkpt lat="59.95875" lon="31.21771"/><trkpt lat="59.96716" lon="31.19705"/><trkpt lat="59.97128" lon="31.18924"/><trkpt lat="59.97388" lon="31.18229"/><trkpt lat="59.97700" lon="31.17187"/><trkpt lat="59.98103" lon="31.15521"/><trkpt lat="59.98365" lon="31.14701"/><trkpt lat="59.98759" lon="31.13958"/><trkpt lat="59.99333" lon="31.13229"/><trkpt lat="59.99510" lon="31.13086"/><trkpt lat="59.99698" lon="31.13008"/><trkpt lat="59.99896" lon="31.12995"/><trkpt lat="60.00104" lon="31.13047"/><trkpt lat="60.00458" lon="31.13229"/><trkpt lat="60.01318" lon="31.14115"/><trkpt lat="60.02032" lon="31.14948"/><trkpt lat="60.02882" lon="31.16337"/><trkpt lat="60.04531" lon="31.18047"/><trkpt lat="60.04731" lon="31.18125"/><trkpt lat="60.05104" lon="31.18168"/><trkpt lat="60.05479" lon="31.18090"/><trkpt lat="60.06083" lon="31.17057"/><trkpt lat="60.06354" lon="31.16406"/><trkpt lat="60.06427" lon="31.16120"/><trkpt lat="60.06491" lon="31.15312"/><trkpt lat="60.06128" lon="31.13021"/><trkpt lat="60.06125" lon="31.12214"/><trkpt lat="60.06202" lon="31.11823"/><trkpt lat="60.06602" lon="31.10729"/><trkpt lat="60.06944" lon="31.09896"/><trkpt lat="60.07066" lon="31.09710"/><trkpt lat="60.07216" lon="31.09546"/><trkpt lat="60.07604" lon="31.09286"/><trkpt lat="60.08021" lon="31.09137"/><trkpt lat="60.08437" lon="31.09107"/><trkpt lat="60.09062" lon="31.09216"/><trkpt lat="60.10375" lon="31.09757"/><trkpt lat="60.10938" lon="31.09835"/><trkpt lat="60.11254" lon="31.09805"/><trkpt lat="60.11436" lon="31.09687"/><trkpt lat="60.12075" lon="31.08994"/><trkpt lat="60.12708" lon="31.07920"/><trkpt lat="60.13046" lon="31.07565"/><trkpt lat="60.13707" lon="31.07067"/><trkpt lat="60.14271" lon="31.06730"/><trkpt lat="60.14851" lon="31.06434"/><trkpt lat="60.15938" lon="31.05986"/><trkpt lat="60.16396" lon="31.05697"/><trkpt lat="60.16688" lon="31.05288"/><trkpt lat="60.17064" lon="31.04479"/><trkpt lat="60.17626" lon="31.01562"/><trkpt lat="60.17936" lon="31.00482"/><trkpt lat="60.18862" lon="30.98854"/><trkpt lat="60.19663" lon="30.97965"/><trkpt lat="60.20559" lon="30.97246"/><trkpt lat="60.22187" lon="30.96150"/><trkpt lat="60.23643" lon="30.94918"/><trkpt lat="60.24184" lon="30.94552"/><trkpt lat="60.24711" lon="30.94317"/><trkpt lat="60.26562" lon="30.93906"/><trkpt lat="60.27396" lon="30.93594"/><trkpt lat="60.28264" lon="30.93073"/><trkpt lat="60.29470" lon="30.91910"/><trkpt lat="60.30391" lon="30.91329"/><trkpt lat="60.33229" lon="30.90210"/><trkpt lat="60.33636" lon="30.90000"/></trkseg>
<trkseg><trkpt lat="60.40729" lon="32.12021"/><trkpt lat="60.41146" lon="32.11917"/><trkpt lat="60.41563" lon="32.11729"/><trkpt lat="60.42682" lon="32.10990"/><trkpt lat="60.43438" lon="32.10573"/><trkpt lat="60.43815" lon="32.10286"/><trkpt lat="60.44141" lon="32.09896"/><trkpt lat="60.44453" lon="32.09375"/><trkpt lat="60.44600" lon="32.08924"/><trkpt lat="60.44611" lon="32.08646"/><trkpt lat="60.44410" lon="32.08125"/><trkpt lat="60.44219" lon="32.07862"/><trkpt lat="60.43958" lon="32.07619"/><trkpt lat="60.43628" lon="32.07473"/><trkpt lat="60.43438" lon="32.07445"/><trkpt lat="60.43021" lon="32.07471"/><trkpt lat="60.42604" lon="32.07570"/><trkpt lat="60.40729" lon="32.08311"/><trkpt lat="60.40278" lon="32.08561"/><trkpt lat="60.40093" lon="32.08745"/><trkpt lat="60.39822" lon="32.09271"/><trkpt lat="60.39716" lon="32.09687"/><trkpt lat="60.39740" lon="32.10937"/><trkpt lat="60.39873" lon="32.11354"/><trkpt lat="60.40167" lon="32.11771"/><trkpt lat="60.40531" lon="32.12000"/><trkpt lat="60.40729" lon="32.12021"/></trkseg>
</trk>
<trk><name>Изобата 6 м (модель ~1 км)</name><type>isobath</type>
<trkseg><trkpt lat="60.80000" lon="32.80012"/><trkpt lat="60.79688" lon="32.80054"/><trkpt lat="60.79271" lon="32.79989"/><trkpt lat="60.78878" lon="32.79850"/><trkpt lat="60.78059" lon="32.79439"/><trkpt lat="60.77784" lon="32.79345"/><trkpt lat="60.76562" lon="32.79194"/><trkpt lat="60.76146" lon="32.79093"/><trkpt lat="60.74896" lon="32.78457"/><trkpt lat="60.74271" lon="32.78260"/><trkpt lat="60.73438" lon="32.78272"/><trkpt lat="60.72604" lon="32.78445"/><trkpt lat="60.72000" lon="32.78655"/><trkpt lat="60.71632" lon="32.78952"/><trkpt lat="60.71125" lon="32.79473"/><trkpt lat="60.70156" lon="32.80993"/><trkpt lat="60.69865" lon="32.81562"/><trkpt lat="60.69453" lon="32.82674"/><trkpt lat="60.68738" lon="32.85130"/><trkpt lat="60.67884" lon="32.87474"/><trkpt lat="60.67064" lon="32.89525"/><trkpt lat="60.66179" lon="32.90823"/><trkpt lat="60.65278" lon="32.91852"/><trkpt lat="60.64873" lon="32.92225"/><trkpt lat="60.64618" lon="32.92395"/><trkpt lat="60.64062" lon="32.92506"/><trkpt lat="60.63438" lon="32.92475"/><trkpt lat="60.61563" lon="32.92150"/><trkpt lat="60.60729" lon="32.91823"/><trkpt lat="60.60292" lon="32.91510"/><trkpt lat="60.59543" lon="32.90461"/><trkpt lat="60.59038" lon="32.89896"/><trkpt lat="60.58642" lon="32.89539"/><trkpt lat="60.57552" lon="32.88767"/><trkpt lat="60.57061" lon="32.88003"/><trkpt lat="60.56812" lon="32.86979"/><trkpt lat="60.56522" lon="32.86185"/><trkpt lat="60.56135" lon="32.85404"/><trkpt lat="60.55392" lon="32.84177"/><trkpt lat="60.54568" lon="32.82187"/><trkpt lat="60.54402" lon="32.79271"/><trkpt lat="60.54174" lon="32.76771"/><trkpt lat="60.54091" lon="32.75312"/><trkpt lat="60.54145" lon="32.73646"/><trkpt lat="60.54431" lon="32.69687"/><trkpt lat="60.54554" lon="32.68698"/><trkpt lat="60.55378" lon="32.66531"/><trkpt lat="60.55996" lon="32.64271"/><trkpt lat="60.56213" lon="32.63705"/><trkpt lat="60.56927" lon="32.62396"/><trkpt lat="60.57057" lon="32.61979"/><trkpt lat="60.57083" lon="32.61562"/><trkpt lat="60.57031" lon="32.61354"/><trkpt lat="60.56771" lon="32.60937"/><trkpt lat="60.56562" lon="32.60729"/><trkpt lat="60.56146" lon="32.60399"/><trkpt lat="60.55339" lon="32.59983"/><trkpt lat="60.54557" lon="32.59491"/><trkpt lat="60.53783" lon="32.58887"/><trkpt lat="60.52318" lon="32.57591"/><trkpt lat="60.51828" lon="32.57279"/><trkpt lat="60.51307" lon="32.57042"/><trkpt lat="60.50339" lon="32.57060"/><trkpt lat="60.48646" lon="32.57380"/><trkpt lat="60.48056" lon="32.57598"/><trkpt lat="60.47813" lon="32.57743"/><trkpt lat="60.46831" lon="32.58864"/><trkpt lat="60.46235" lon="32.59397"/><trkpt lat="60.45378" lon="32.60052"/><trkpt lat="60.44986" lon="32.60547"/><trkpt lat="60.44603" lon="32.61324"/><trkpt lat="60.43854" lon="32.61984"/><trkpt lat="60.42743" lon="32.62812"/><trkpt lat="60.41993" lon="32.63854"/><trkpt lat="60.41354" lon="32.64635"/><trkpt lat="60.40729" lon="32.64896"/><trkpt lat="60.40352" lon="32.64905"/><trkpt lat="60.40026" lon="32.64740"/><trkpt lat="60.39714" lon="32.64427"/><trkpt lat="60.39579" lon="32.64115"/><trkpt lat="60.39239" lon="32.62812"/><trkpt lat="60.38620" lon="32.61458"/><trkpt lat="60.38435" lon="32.60521"/><trkpt lat="60.38255" lon="32.58646"/><trkpt lat="60.37906" lon="32.56875"/><trkpt lat="60.37279" lon="32.55729"/><trkpt lat="60.36960" lon="32.55365"/><trkpt lat="60.36563" lon="32.55069"/><trkpt lat="60.35938" lon="32.54835"/><trkpt lat="60.35521" lon="32.54826"/><trkpt lat="60.35104" lon="32.54922"/><trkpt lat="60.32042" lon="32.56028"/><trkpt lat="60.31552" lon="32.56279"/><trkpt lat="60.30521" lon="32.56983"/><trkpt lat="60.30104" lon="32.57153"/><trkpt lat="60.29479" lon="32.57236"/><trkpt lat="60.27813" lon="32.57088"/><trkpt lat="60.26771" lon="32.57140"/><trkpt lat="60.26354" lon="32.57232"/><trkpt lat="60.25938" lon="32.57386"/><trkpt lat="60.24594" lon="32.58125"/><trkpt lat="60.24271" lon="32.58244"/><trkpt lat="60.23438" lon="32.58393"/><trkpt lat="60.22604" lon="32.58331"/><trkpt lat="60.22224" lon="32.58240"/><trkpt lat="60.21990" lon="32.58112"/><trkpt lat="60.20885" lon="32.56349"/><trkpt lat="60.20354" lon="32.55590"/><trkpt lat="60.19285" lon="32.53229"/><trkpt lat="60.18610" lon="32.52083"/><trkpt lat="60.17730" lon="32.48437"/><trkpt lat="60.17031" lon="32.46510"/><trkpt lat="60.16529" lon="32.44896"/><trkpt lat="60.15965" lon="32.41979"/><trkpt lat="60.15729" lon="32.39687"/><trkpt lat="60.15685" lon="32.38854"/><trkpt lat="60.15852" lon="32.36354"/><trkpt lat="60.15888" lon="32.35104"/><trkpt lat="60.15765" lon="32.32396"/><trkpt lat="60.15817" lon="32.31979"/><trkpt lat="60.15982" lon="32.31380"/><trkpt lat="60.16101" lon="32.31094"/><trkpt lat="60.16313" lon="32.30781"/><trkpt lat="60.17040" lon="32.30052"/><trkpt lat="60.17813" lon="32.29410"/><trkpt lat="60.18776" lon="32.28177"/><trkpt lat="60.19375" lon="32.27569"/><trkpt lat="60.19705" lon="32.27344"/><trkpt lat="60.20286" lon="32.27083"/><trkpt lat="60.20443" lon="32.26944"/><trkpt lat="60.20573" lon="32.26771"/><trkpt lat="60.21094" lon="32.25729"/><trkpt lat="60.21380" lon="32.25365"/><trkpt lat="60.21979" lon="32.24948"/><trkpt lat="60.22813" lon="32.24583"/><trkpt lat="60.23229" lon="32.24271"/><trkpt lat="60.23802" lon="32.23646"/><trkpt lat="60.24410" lon="32.22812"/><trkpt lat="60.25156" lon="32.22079"/><trkpt lat="60.25938" lon="32.21484"/><trkpt lat="60.26354" lon="32.21289"/><trkpt lat="60.26562" lon="32.21250"/><trkpt lat="60.27604" lon="32.21250"/><trkpt lat="60.27773" lon="32.21198"/><trkpt lat="60.27904" lon="32.21094"/><trkpt lat="60.27995" lon="32.20937"/><trkpt lat="60.28383" lon="32.19705"/><trkpt lat="60.28837" lon="32.18854"/><trkpt lat="60.30352" lon="32.17031"/><trkpt lat="60.31055" lon="32.16016"/><trkpt lat="60.31293" lon="32.15495"/><trkpt lat="60.31514" lon="32.14479"/><trkpt lat="60.32111" lon="32.09740"/><trkpt lat="60.32154" lon="32.08872"/><trkpt lat="60.32115" lon="32.08403"/><trkpt lat="60.32005" lon="32.07917"/><trkpt lat="60.31610" lon="32.07005"/><trkpt lat="60.31245" lon="32.06406"/><trkpt lat="60.30667" lon="32.05729"/><trkpt lat="60.30439" lon="32.05312"/><trkpt lat="60.30352" lon="32.04896"/><trkpt lat="60.30223" lon="32.03229"/><trkpt lat="60.29955" lon="32.01979"/><trkpt lat="60.29390" lon="32.00469"/><trkpt lat="60.28676" lon="31.98854"/><trkpt lat="60.27830" lon="31.96406"/><trkpt lat="60.27641" lon="31.95729"/><trkpt lat="60.27589" lon="31.95104"/><trkpt lat="60.27872" lon="31.93229"/><trkpt lat="60.27910" lon="31.92187"/><trkpt lat="60.27786" lon="31.91146"/><trkpt lat="60.27486" lon="31.89687"/><trkpt lat="60.27426" lon="31.88854"/><trkpt lat="60.27576" lon="31.86354"/><trkpt lat="60.27781" lon="31.85417"/><trkpt lat="60.28673" lon="31.83854"/><trkpt lat="60.28973" lon="31.83229"/><trkpt lat="60.29582" lon="31.81427"/><trkpt lat="60.30339" lon="31.79596"/><trkpt lat="60.30521" lon="31.78984"/><trkpt lat="60.30617" lon="31.78437"/><trkpt lat="60.30885" lon="31.75937"/><trkpt lat="60.31248" lon="31.73854"/><trkpt lat="60.31469" lon="31.73021"/><trkpt lat="60.31458" lon="31.72396"/><trkpt lat="60.31354" lon="31.71979"/><trkpt lat="60.31019" lon="31.71302"/><trkpt lat="60.30640" lon="31.70729"/><trkpt lat="60.30298" lon="31.70365"/><trkpt lat="60.29896" lon="31.70069"/><trkpt lat="60.29479" lon="31.69902"/><trkpt lat="60.28042" lon="31.69850"/><trkpt lat="60.27729" lon="31.69757"/><trkpt lat="60.27208" lon="31.69453"/><trkpt lat="60.26913" lon="31.69141"/><trkpt lat="60.26054" lon="31.67932"/><trkpt lat="60.25360" lon="31.67170"/><trkpt lat="60.24679" lon="31.66629"/><trkpt lat="60.23757" lon="31.66054"/><trkpt lat="60.23037" lon="31.65485"/><trkpt lat="60.22700" lon="31.65104"/><trkpt lat="60.22034" lon="31.64149"/><trkpt lat="60.21432" lon="31.63385"/><trkpt lat="60.21116" lon="31.63073"/><trkpt lat="60.20478" lon="31.62637"/><trkpt lat="60.20136" lon="31.62282"/><trkpt lat="60.19601" lon="31.61391"/><trkpt lat="60.19185" lon="31.60312"/><trkpt lat="60.18443" lon="31.58837"/><trkpt lat="60.18051" lon="31.57891"/><trkpt lat="60.17363" lon="31.55937"/><trkpt lat="60.16068" lon="31.53160"/><trkpt lat="60.15391" lon="31.51536"/><trkpt lat="60.14612" lon="31.50342"/><trkpt lat="60.13646" lon="31.49635"/><trkpt lat="60.13235" lon="31.48854"/><trkpt lat="60.13155" lon="31.48437"/><trkpt lat="60.13062" lon="31.46979"/><trkpt lat="60.13082" lon="31.46146"/><trkpt lat="60.13299" lon="31.45104"/><trkpt lat="60.13507" lon="31.44531"/><trkpt lat="60.13764" lon="31.44010"/><trkpt lat="60.14333" lon="31.43062"/><trkpt lat="60.14913" lon="31.42185"/><trkpt lat="60.15127" lon="31.41941"/><trkpt lat="60.16042" lon="31.41161"/><trkpt lat="60.17112" lon="31.40451"/><trkpt lat="60.18134" lon="31.39687"/><trkpt lat="60.18822" lon="31.38906"/><trkpt lat="60.18994" lon="31.38609"/><trkpt lat="60.19622" lon="31.37187"/><trkpt lat="60.20301" lon="31.36354"/><trkpt lat="60.20542" lon="31.35937"/><trkpt lat="60.20667" lon="31.35547"/><trkpt lat="60.20625" lon="31.35260"/><trkpt lat="60.20115" lon="31.34635"/><trkpt lat="60.19497" lon="31.34115"/><trkpt lat="60.18229" lon="31.33333"/><trkpt lat="60.17604" lon="31.33065"/><trkpt lat="60.15729" lon="31.32530"/><trkpt lat="60.14062" lon="31.31927"/><trkpt lat="60.11250" lon="31.31307"/><trkpt lat="60.10399" lon="31.31181"/><trkpt lat="60.09792" lon="31.31410"/><trkpt lat="60.09554" lon="31.31599"/><trkpt lat="60.09370" lon="31.31867"/><trkpt lat="60.09235" lon="31.32204"/><trkpt lat="60.09123" lon="31.32812"/><trkpt lat="60.09263" lon="31.36354"/><trkpt lat="60.09157" lon="31.38437"/><trkpt lat="60.09076" lon="31.38854"/><trkpt lat="60.08873" lon="31.39436"/><trkpt lat="60.08307" lon="31.40530"/><trkpt lat="60.07886" lon="31.41823"/><trkpt lat="60.07474" lon="31.42318"/><trkpt lat="60.07044" lon="31.42708"/><trkpt lat="60.06276" lon="31.43142"/><trkpt lat="60.05729" lon="31.43194"/><trkpt lat="60.05260" lon="31.43090"/><trkpt lat="60.04844" lon="31.42760"/><trkpt lat="60.04570" lon="31.42448"/><trkpt lat="60.04141" lon="31.41771"/><trkpt lat="60.02995" lon="31.40243"/><trkpt lat="60.02786" lon="31.39792"/><trkpt lat="60.02714" lon="31.39462"/><trkpt lat="60.02677" lon="31.38854"/><trkpt lat="60.02810" lon="31.36354"/><trkpt lat="60.02807" lon="31.35521"/><trkpt lat="60.02727" lon="31.34687"/><trkpt lat="60.02584" lon="31.34062"/><trkpt lat="60.02436" lon="31.33646"/><trkpt lat="60.02127" lon="31.33021"/><trkpt lat="60.01736" lon="31.32396"/><trkpt lat="60.01589" lon="31.31979"/><trkpt lat="60.01615" lon="31.31562"/><trkpt lat="60.01823" lon="31.31094"/><trkpt lat="60.02448" lon="31.30477"/><trkpt lat="60.02969" lon="31.30052"/><trkpt lat="60.03268" lon="31.29635"/><trkpt lat="60.03464" lon="31.29062"/><trkpt lat="60.03411" lon="31.28646"/><trkpt lat="60.03151" lon="31.28229"/><trkpt lat="60.02799" lon="31.27917"/><trkpt lat="60.02396" lon="31.27743"/><trkpt lat="60.01146" lon="31.27431"/><trkpt lat="60.00729" lon="31.27240"/><trkpt lat="60.00563" lon="31.27109"/><trkpt lat="60.00354" lon="31.26771"/><trkpt lat="60.00260" lon="31.25937"/><trkpt lat="60.00266" lon="31.24687"/><trkpt lat="60.00406" lon="31.23646"/><trkpt lat="60.00417" lon="31.22396"/><trkpt lat="60.00495" lon="31.21979"/><trkpt lat="60.00807" lon="31.21146"/><trkpt lat="60.00859" lon="31.19687"/><trkpt lat="60.01094" lon="31.19062"/><trkpt lat="60.01224" lon="31.18932"/><trkpt lat="60.01380" lon="31.18880"/><trkpt lat="60.01562" lon="31.18906"/><trkpt lat="60.01771" lon="31.19010"/><trkpt lat="60.02240" lon="31.19323"/><trkpt lat="60.02922" lon="31.20052"/><trkpt lat="60.03375" lon="31.21128"/><trkpt lat="60.03815" lon="31.21979"/><trkpt lat="60.04412" lon="31.24453"/><trkpt lat="60.04531" lon="31.24844"/><trkpt lat="60.04614" lon="31.24896"/><trkpt lat="60.04896" lon="31.24492"/><trkpt lat="60.05395" lon="31.23958"/><trkpt lat="60.06539" lon="31.22344"/><trkpt lat="60.07381" lon="31.20729"/><trkpt lat="60.08090" lon="31.19762"/><trkpt lat="60.08381" lon="31.19062"/><trkpt lat="60.08487" lon="31.18646"/><trkpt lat="60.08546" lon="31.18021"/><trkpt lat="60.08548" lon="31.15729"/><trkpt lat="60.08480" lon="31.14479"/><trkpt lat="60.08243" lon="31.13021"/><trkpt lat="60.08278" lon="31.12604"/><trkpt lat="60.08465" lon="31.12073"/><trkpt lat="60.08625" lon="31.11875"/><trkpt lat="60.08885" lon="31.11716"/><trkpt lat="60.10156" lon="31.11250"/><trkpt lat="60.10938" lon="31.11050"/><trkpt lat="60.11510" lon="31.10764"/><trkpt lat="60.12081" lon="31.10268"/><trkpt lat="60.12904" lon="31.08717"/><trkpt lat="60.13715" lon="31.08002"/><trkpt lat="60.14896" lon="31.07396"/><trkpt lat="60.16208" lon="31.06924"/><trkpt lat="60.17101" lon="31.06285"/><trkpt lat="60.17398" lon="31.05729"/><trkpt lat="60.17628" lon="31.05104"/><trkpt lat="60.17946" lon="31.03021"/><trkpt lat="60.18329" lon="31.01771"/><trkpt lat="60.18676" lon="31.01019"/><trkpt lat="60.19156" lon="31.00289"/><trkpt lat="60.19549" lon="30.99552"/><trkpt lat="60.20010" lon="30.98870"/><trkpt lat="60.20292" lon="30.98542"/><trkpt lat="60.21172" lon="30.97825"/><trkpt lat="60.23016" lon="30.96704"/><trkpt lat="60.23655" lon="30.96198"/><trkpt lat="60.24555" lon="30.95384"/><trkpt lat="60.25521" lon="30.95031"/><trkpt lat="60.27188" lon="30.94645"/><trkpt lat="60.28229" lon="30.94213"/><trkpt lat="60.29010" lon="30.93755"/><trkpt lat="60.29967" lon="30.92859"/><trkpt lat="60.30358" lon="30.92552"/><trkpt lat="60.32102" lon="30.91452"/><trkpt lat="60.32633" lon="30.91172"/><trkpt lat="60.33958" lon="30.90590"/><trkpt lat="60.35139" lon="30.90000"/></trkseg>
<trkseg><trkpt lat="60.60694" lon="30.90000"/><trkpt lat="60.60725" lon="30.90104"/><trkpt lat="60.60990" lon="30.90677"/><trkpt lat="60.61094" lon="30.90851"/><trkpt lat="60.61209" lon="30.90937"/><trkpt lat="60.61336" lon="30.90937"/><trkpt lat="60.61473" lon="30.90851"/><trkpt lat="60.61994" lon="30.90243"/><trkpt lat="60.62101" lon="30.90052"/><trkpt lat="60.62116" lon="30.90000"/></trkseg>
<trkseg><trkpt lat="60.38906" lon="32.13576"/><trkpt lat="60.39323" lon="32.13819"/><trkpt lat="60.39714" lon="32.13941"/><trkpt lat="60.40729" lon="32.14028"/><trkpt lat="60.41292" lon="32.13976"/><trkpt lat="60.42943" lon="32.13083"/><trkpt lat="60.43724" lon="32.12732"/><trkpt lat="60.44604" lon="32.12148"/><trkpt lat="60.44954" lon="32.11146"/><trkpt lat="60.45247" lon="32.10104"/><trkpt lat="60.45400" lon="32.09410"/><trkpt lat="60.45471" lon="32.08628"/><trkpt lat="60.45408" lon="32.07448"/><trkpt lat="60.45221" lon="32.06562"/><trkpt lat="60.44931" lon="32.05937"/><trkpt lat="60.44635" lon="32.05565"/><trkpt lat="60.44271" lon="32.05372"/><trkpt lat="60.43880" lon="32.05327"/><trkpt lat="60.43594" lon="32.05342"/><trkpt lat="60.43073" lon="32.05521"/><trkpt lat="60.41563" lon="32.06571"/><trkpt lat="60.39720" lon="32.07531"/><trkpt lat="60.39463" lon="32.07716"/><trkpt lat="60.39187" lon="32.08053"/><trkpt lat="60.38720" lon="32.08854"/><trkpt lat="60.38469" lon="32.09479"/><trkpt lat="60.38194" lon="32.10729"/><trkpt lat="60.38051" lon="32.11771"/><trkpt lat="60.38086" lon="32.12396"/><trkpt lat="60.38197" lon="32.12795"/><trkpt lat="60.38403" lon="32.13125"/><trkpt lat="60.38906" lon="32.13576"/></trkseg>
</trk>
<trk><name>Изобата 8 м (модель ~1 км)</name><type>isobath</type>
<trkseg><trkpt lat="60.80000" lon="32.79296"/><trkpt lat="60.79688" lon="32.79354"/><trkpt lat="60.79479" lon="32.79330"/><trkpt lat="60.79063" lon="32.79159"/><trkpt lat="60.77788" lon="32.78365"/><trkpt lat="60.76562" lon="32.78006"/><trkpt lat="60.75521" lon="32.77512"/><trkpt lat="60.74896" lon="32.77336"/><trkpt lat="60.74271" lon="32.77334"/><trkpt lat="60.73021" lon="32.77595"/><trkpt lat="60.72031" lon="32.77873"/><trkpt lat="60.71510" lon="32.78191"/><trkpt lat="60.71133" lon="32.78503"/><trkpt lat="60.70859" lon="32.78872"/><trkpt lat="60.70064" lon="32.80104"/><trkpt lat="60.69406" lon="32.81240"/><trkpt lat="60.69095" lon="32.81979"/><trkpt lat="60.68584" lon="32.83477"/><trkpt lat="60.68006" lon="32.84974"/><trkpt lat="60.67362" lon="32.86354"/><trkpt lat="60.66581" lon="32.88437"/><trkpt lat="60.66328" lon="32.88981"/><trkpt lat="60.66055" lon="32.89294"/><trkpt lat="60.65534" lon="32.89757"/><trkpt lat="60.64687" lon="32.90223"/><trkpt lat="60.64271" lon="32.90342"/><trkpt lat="60.63646" lon="32.90378"/><trkpt lat="60.63229" lon="32.90312"/><trkpt lat="60.62813" lon="32.90135"/><trkpt lat="60.62188" lon="32.89656"/><trkpt lat="60.61146" lon="32.88677"/><trkpt lat="60.60286" lon="32.87979"/><trkpt lat="60.59453" lon="32.87161"/><trkpt lat="60.58893" lon="32.86224"/><trkpt lat="60.58628" lon="32.85443"/><trkpt lat="60.58196" lon="32.84542"/><trkpt lat="60.57169" lon="32.83021"/><trkpt lat="60.56823" lon="32.82396"/><trkpt lat="60.56365" lon="32.81224"/><trkpt lat="60.56122" lon="32.80286"/><trkpt lat="60.55845" lon="32.78437"/><trkpt lat="60.55558" lon="32.75521"/><trkpt lat="60.55569" lon="32.75104"/><trkpt lat="60.55851" lon="32.72604"/><trkpt lat="60.55880" lon="32.71562"/><trkpt lat="60.55838" lon="32.69687"/><trkpt lat="60.55961" lon="32.68437"/><trkpt lat="60.56494" lon="32.65729"/><trkpt lat="60.56676" lon="32.65104"/><trkpt lat="60.56953" lon="32.64444"/><trkpt lat="60.58064" lon="32.62604"/><trkpt lat="60.58892" lon="32.60604"/><trkpt lat="60.59623" lon="32.59618"/><trkpt lat="60.59804" lon="32.58885"/><trkpt lat="60.59796" lon="32.58740"/><trkpt lat="60.59687" lon="32.58542"/><trkpt lat="60.59444" lon="32.58372"/><trkpt lat="60.59062" lon="32.58199"/><trkpt lat="60.58437" lon="32.58063"/><trkpt lat="60.57812" lon="32.58102"/><trkpt lat="60.56771" lon="32.58365"/><trkpt lat="60.55938" lon="32.58498"/><trkpt lat="60.55521" lon="32.58519"/><trkpt lat="60.54896" lon="32.58440"/><trkpt lat="60.54479" lon="32.58303"/><trkpt lat="60.53854" lon="32.57968"/><trkpt lat="60.53053" lon="32.57438"/><trkpt lat="60.52274" lon="32.56845"/><trkpt lat="60.51562" lon="32.56482"/><trkpt lat="60.51146" lon="32.56360"/><trkpt lat="60.50521" lon="32.56303"/><trkpt lat="60.48854" lon="32.56388"/><trkpt lat="60.48229" lon="32.56476"/><trkpt lat="60.47604" lon="32.56736"/><trkpt lat="60.47005" lon="32.57205"/><trkpt lat="60.46302" lon="32.58011"/><trkpt lat="60.45521" lon="32.58353"/><trkpt lat="60.44410" lon="32.58698"/><trkpt lat="60.42927" lon="32.59844"/><trkpt lat="60.42188" lon="32.60330"/><trkpt lat="60.41563" lon="32.60590"/><trkpt lat="60.41354" lon="32.60625"/><trkpt lat="60.40938" lon="32.60590"/><trkpt lat="60.40729" lon="32.60521"/><trkpt lat="60.40335" lon="32.60278"/><trkpt lat="60.39592" lon="32.59406"/><trkpt lat="60.39334" lon="32.58635"/><trkpt lat="60.38965" lon="32.57187"/><trkpt lat="60.38512" lon="32.54687"/><trkpt lat="60.38301" lon="32.53229"/><trkpt lat="60.38027" lon="32.52083"/><trkpt lat="60.37835" lon="32.51719"/><trkpt lat="60.37403" lon="32.51242"/><trkpt lat="60.37098" lon="32.51062"/><trkpt lat="60.36771" lon="32.51004"/><trkpt lat="60.36146" lon="32.51012"/><trkpt lat="60.35313" lon="32.51219"/><trkpt lat="60.33828" lon="32.52170"/><trkpt lat="60.33229" lon="32.52656"/><trkpt lat="60.32865" lon="32.53030"/><trkpt lat="60.32344" lon="32.53743"/><trkpt lat="60.32083" lon="32.53975"/><trkpt lat="60.31172" lon="32.54525"/><trkpt lat="60.29557" lon="32.55306"/><trkpt lat="60.28620" lon="32.55522"/><trkpt lat="60.27604" lon="32.55652"/><trkpt lat="60.24896" lon="32.55680"/><trkpt lat="60.24271" lon="32.55590"/><trkpt lat="60.23854" lon="32.55434"/><trkpt lat="60.23438" lon="32.55208"/><trkpt lat="60.22448" lon="32.54523"/><trkpt lat="60.22070" lon="32.54115"/><trkpt lat="60.21346" lon="32.53021"/><trkpt lat="60.21042" lon="32.52396"/><trkpt lat="60.20813" lon="32.51562"/><trkpt lat="60.20776" lon="32.51146"/><trkpt lat="60.20825" lon="32.49687"/><trkpt lat="60.20747" lon="32.49062"/><trkpt lat="60.20590" lon="32.48542"/><trkpt lat="60.20395" lon="32.48177"/><trkpt lat="60.20208" lon="32.47943"/><trkpt lat="60.18763" lon="32.46906"/><trkpt lat="60.18385" lon="32.46323"/><trkpt lat="60.17983" lon="32.45521"/><trkpt lat="60.17300" lon="32.43021"/><trkpt lat="60.17095" lon="32.41979"/><trkpt lat="60.17017" lon="32.40104"/><trkpt lat="60.17027" lon="32.38724"/><trkpt lat="60.17179" lon="32.37943"/><trkpt lat="60.17465" lon="32.37208"/><trkpt lat="60.17760" lon="32.36771"/><trkpt lat="60.18771" lon="32.35719"/><trkpt lat="60.19089" lon="32.35281"/><trkpt lat="60.19497" lon="32.34427"/><trkpt lat="60.20060" lon="32.32812"/><trkpt lat="60.20260" lon="32.32396"/><trkpt lat="60.20547" lon="32.31979"/><trkpt lat="60.21146" lon="32.31369"/><trkpt lat="60.22161" lon="32.30565"/><trkpt lat="60.22904" lon="32.29725"/><trkpt lat="60.24635" lon="32.28021"/><trkpt lat="60.25640" lon="32.26771"/><trkpt lat="60.26375" lon="32.25677"/><trkpt lat="60.26896" lon="32.25104"/><trkpt lat="60.27292" lon="32.24792"/><trkpt lat="60.28854" lon="32.23899"/><trkpt lat="60.29757" lon="32.23021"/><trkpt lat="60.29948" lon="32.22778"/><trkpt lat="60.30335" lon="32.22187"/><trkpt lat="60.30640" lon="32.21562"/><trkpt lat="60.31315" lon="32.18906"/><trkpt lat="60.32247" lon="32.16940"/><trkpt lat="60.32602" lon="32.15937"/><trkpt lat="60.32738" lon="32.15104"/><trkpt lat="60.32975" lon="32.12396"/><trkpt lat="60.33055" lon="32.10521"/><trkpt lat="60.33052" lon="32.08021"/><trkpt lat="60.32948" lon="32.05729"/><trkpt lat="60.32127" lon="32.02021"/><trkpt lat="60.31017" lon="31.99453"/><trkpt lat="60.30694" lon="31.98437"/><trkpt lat="60.30456" lon="31.96562"/><trkpt lat="60.30372" lon="31.95104"/><trkpt lat="60.30039" lon="31.92396"/><trkpt lat="60.29870" lon="31.91562"/><trkpt lat="60.29497" lon="31.90417"/><trkpt lat="60.29190" lon="31.89062"/><trkpt lat="60.29132" lon="31.88646"/><trkpt lat="60.29126" lon="31.88021"/><trkpt lat="60.29300" lon="31.86354"/><trkpt lat="60.29497" lon="31.85430"/><trkpt lat="60.30303" lon="31.83229"/><trkpt lat="60.31230" lon="31.80885"/><trkpt lat="60.32257" lon="31.77396"/><trkpt lat="60.33409" lon="31.74479"/><trkpt lat="60.33715" lon="31.73576"/><trkpt lat="60.33862" lon="31.72795"/><trkpt lat="60.33847" lon="31.72031"/><trkpt lat="60.33692" lon="31.71354"/><trkpt lat="60.32905" lon="31.69792"/><trkpt lat="60.31500" lon="31.68333"/><trkpt lat="60.31135" lon="31.68094"/><trkpt lat="60.30729" lon="31.67979"/><trkpt lat="60.29896" lon="31.67917"/><trkpt lat="60.28724" lon="31.67986"/><trkpt lat="60.28177" lon="31.67872"/><trkpt lat="60.27943" lon="31.67775"/><trkpt lat="60.27396" lon="31.67351"/><trkpt lat="60.26146" lon="31.66203"/><trkpt lat="60.24688" lon="31.65312"/><trkpt lat="60.24063" lon="31.64833"/><trkpt lat="60.23494" lon="31.64271"/><trkpt lat="60.22973" lon="31.63634"/><trkpt lat="60.21777" lon="31.61944"/><trkpt lat="60.21179" lon="31.60844"/><trkpt lat="60.19559" lon="31.58837"/><trkpt lat="60.18799" lon="31.57187"/><trkpt lat="60.17864" lon="31.54479"/><trkpt lat="60.17476" lon="31.53668"/><trkpt lat="60.17046" lon="31.52961"/><trkpt lat="60.16311" lon="31.51354"/><trkpt lat="60.15365" lon="31.48828"/><trkpt lat="60.15281" lon="31.48229"/><trkpt lat="60.15250" lon="31.47396"/><trkpt lat="60.15382" lon="31.45729"/><trkpt lat="60.15495" lon="31.45104"/><trkpt lat="60.15964" lon="31.43229"/><trkpt lat="60.16120" lon="31.42783"/><trkpt lat="60.16439" lon="31.42262"/><trkpt lat="60.16752" lon="31.41915"/><trkpt lat="60.18646" lon="31.40481"/><trkpt lat="60.19627" lon="31.39609"/><trkpt lat="60.20604" lon="31.38307"/><trkpt lat="60.21327" lon="31.37483"/><trkpt lat="60.21888" lon="31.36998"/><trkpt lat="60.22957" lon="31.36278"/><trkpt lat="60.23221" lon="31.35729"/><trkpt lat="60.23353" lon="31.35104"/><trkpt lat="60.23247" lon="31.34271"/><trkpt lat="60.22986" lon="31.33403"/><trkpt lat="60.22899" lon="31.33292"/><trkpt lat="60.22604" lon="31.33153"/><trkpt lat="60.21354" lon="31.32911"/><trkpt lat="60.20937" lon="31.32693"/><trkpt lat="60.20010" lon="31.32046"/><trkpt lat="60.19458" lon="31.31753"/><trkpt lat="60.18698" lon="31.31424"/><trkpt lat="60.17396" lon="31.30955"/><trkpt lat="60.16354" lon="31.30482"/><trkpt lat="60.15729" lon="31.30286"/><trkpt lat="60.15104" lon="31.30217"/><trkpt lat="60.13229" lon="31.30351"/><trkpt lat="60.11979" lon="31.30353"/><trkpt lat="60.10521" lon="31.30259"/><trkpt lat="60.10104" lon="31.30301"/><trkpt lat="60.09693" lon="31.30434"/><trkpt lat="60.09306" lon="31.30729"/><trkpt lat="60.08808" lon="31.31319"/><trkpt lat="60.08522" lon="31.31840"/><trkpt lat="60.08320" lon="31.32396"/><trkpt lat="60.08028" lon="31.34062"/><trkpt lat="60.07869" lon="31.34687"/><trkpt lat="60.07552" lon="31.35521"/><trkpt lat="60.07135" lon="31.36424"/><trkpt lat="60.06936" lon="31.36583"/><trkpt lat="60.06562" lon="31.36771"/><trkpt lat="60.06354" lon="31.36828"/><trkpt lat="60.05938" lon="31.36823"/><trkpt lat="60.05547" lon="31.36687"/><trkpt lat="60.05260" lon="31.36510"/><trkpt lat="60.05052" lon="31.36276"/><trkpt lat="60.04844" lon="31.35937"/><trkpt lat="60.04661" lon="31.35521"/><trkpt lat="60.04583" lon="31.35104"/><trkpt lat="60.04759" lon="31.32604"/><trkpt lat="60.05138" lon="31.30521"/><trkpt lat="60.05295" lon="31.29062"/><trkpt lat="60.05870" lon="31.26146"/><trkpt lat="60.06099" lon="31.25402"/><trkpt lat="60.06346" lon="31.24881"/><trkpt lat="60.07641" lon="31.22857"/><trkpt lat="60.08854" lon="31.20742"/><trkpt lat="60.09222" lon="31.19896"/><trkpt lat="60.09395" lon="31.19271"/><trkpt lat="60.09490" lon="31.18646"/><trkpt lat="60.09566" lon="31.16562"/><trkpt lat="60.09708" lon="31.15521"/><trkpt lat="60.09964" lon="31.14479"/><trkpt lat="60.10521" lon="31.13073"/><trkpt lat="60.10698" lon="31.12804"/><trkpt lat="60.11302" lon="31.12118"/><trkpt lat="60.12222" lon="31.11346"/><trkpt lat="60.13260" lon="31.09670"/><trkpt lat="60.13800" lon="31.09010"/><trkpt lat="60.14427" lon="31.08620"/><trkpt lat="60.16146" lon="31.07937"/><trkpt lat="60.16771" lon="31.07604"/><trkpt lat="60.17292" lon="31.07208"/><trkpt lat="60.18021" lon="31.06328"/><trkpt lat="60.18316" lon="31.05729"/><trkpt lat="60.18462" lon="31.05312"/><trkpt lat="60.18743" lon="31.03854"/><trkpt lat="60.18945" lon="31.03229"/><trkpt lat="60.19258" lon="31.02604"/><trkpt lat="60.20137" lon="31.01177"/><trkpt lat="60.20460" lon="31.00479"/><trkpt lat="60.20742" lon="30.99694"/><trkpt lat="60.21289" lon="30.98815"/><trkpt lat="60.21810" lon="30.98507"/><trkpt lat="60.22956" lon="30.97957"/><trkpt lat="60.23477" lon="30.97636"/><trkpt lat="60.24063" lon="30.97228"/><trkpt lat="60.24719" lon="30.96677"/><trkpt lat="60.25313" lon="30.96330"/><trkpt lat="60.25938" lon="30.96108"/><trkpt lat="60.27786" lon="30.95682"/><trkpt lat="60.28724" lon="30.95275"/><trkpt lat="60.29438" lon="30.94884"/><trkpt lat="60.29650" lon="30.94725"/><trkpt lat="60.30513" lon="30.93718"/><trkpt lat="60.31324" lon="30.92958"/><trkpt lat="60.32359" lon="30.92109"/><trkpt lat="60.33039" lon="30.91710"/><trkpt lat="60.36146" lon="30.90339"/><trkpt lat="60.36563" lon="30.90089"/><trkpt lat="60.36694" lon="30.90000"/></trkseg>
<trkseg><trkpt lat="60.59787" lon="30.90000"/><trkpt lat="60.59875" lon="30.91146"/><trkpt lat="60.60078" lon="30.92396"/><trkpt lat="60.60286" lon="30.93104"/><trkpt lat="60.60430" lon="30.93326"/><trkpt lat="60.60729" lon="30.93437"/><trkpt lat="60.61125" lon="30.93427"/><trkpt lat="60.61438" lon="30.93264"/><trkpt lat="60.61958" lon="30.92685"/><trkpt lat="60.62161" lon="30.92373"/><trkpt lat="60.62333" lon="30.91956"/><trkpt lat="60.62900" lon="30.90330"/><trkpt lat="60.62995" lon="30.90000"/></trkseg>
<trkseg><trkpt lat="60.40461" lon="31.26424"/><trkpt lat="60.40528" lon="31.26111"/><trkpt lat="60.40528" lon="31.25556"/><trkpt lat="60.40461" lon="31.25243"/><trkpt lat="60.40346" lon="31.25208"/><trkpt lat="60.40156" lon="31.25312"/><trkpt lat="60.39948" lon="31.25556"/><trkpt lat="60.39740" lon="31.25937"/><trkpt lat="60.39714" lon="31.26111"/><trkpt lat="60.39766" lon="31.26250"/><trkpt lat="60.39896" lon="31.26354"/><trkpt lat="60.40268" lon="31.26458"/><trkpt lat="60.40461" lon="31.26424"/></trkseg>
<trkseg><trkpt lat="60.35729" lon="32.19135"/><trkpt lat="60.36146" lon="32.19078"/><trkpt lat="60.36771" lon="32.18875"/><trkpt lat="60.37813" lon="32.18281"/><trkpt lat="60.38438" lon="32.18021"/><trkpt lat="60.38854" lon="32.17934"/><trkpt lat="60.40104" lon="32.17917"/><trkpt lat="60.40286" lon="32.17865"/><trkpt lat="60.40573" lon="32.17604"/><trkpt lat="60.40885" lon="32.17057"/><trkpt lat="60.41246" lon="32.16615"/><trkpt lat="60.41496" lon="32.16142"/><trkpt lat="60.42225" lon="32.15404"/><trkpt lat="60.42649" lon="32.15069"/><trkpt lat="60.43028" lon="32.14844"/><trkpt lat="60.44455" lon="32.14375"/><trkpt lat="60.44616" lon="32.14271"/><trkpt lat="60.44867" lon="32.13984"/><trkpt lat="60.45275" lon="32.13229"/><trkpt lat="60.45610" lon="32.12187"/><trkpt lat="60.45949" lon="32.10312"/><trkpt lat="60.46110" lon="32.08854"/><trkpt lat="60.46190" lon="32.06562"/><trkpt lat="60.46152" lon="32.05937"/><trkpt lat="60.45971" lon="32.05312"/><trkpt lat="60.45445" lon="32.04543"/><trkpt lat="60.44896" lon="32.04316"/><trkpt lat="60.44271" lon="32.04174"/><trkpt lat="60.43646" lon="32.04170"/><trkpt lat="60.42871" lon="32.04332"/><trkpt lat="60.42279" lon="32.04661"/><trkpt lat="60.40938" lon="32.05599"/><trkpt lat="60.39557" lon="32.06341"/><trkpt lat="60.37976" lon="32.07513"/><trkpt lat="60.37604" lon="32.07643"/><trkpt lat="60.36563" lon="32.07839"/><trkpt lat="60.36380" lon="32.07930"/><trkpt lat="60.36094" lon="32.08229"/><trkpt lat="60.35833" lon="32.08854"/><trkpt lat="60.35720" lon="32.09479"/><trkpt lat="60.35685" lon="32.12187"/><trkpt lat="60.35556" lon="32.14896"/><trkpt lat="60.35391" lon="32.16354"/><trkpt lat="60.35047" lon="32.17812"/><trkpt lat="60.35000" lon="32.18229"/><trkpt lat="60.35026" lon="32.18620"/><trkpt lat="60.35156" lon="32.18906"/><trkpt lat="60.35391" lon="32.19083"/><trkpt lat="60.35729" lon="32.19135"/></trkseg>
</trk>
<trk><name>Изобата 10 м (модель ~1 км)</name><type>isobath</type>
<trkseg><trkpt lat="60.80000" lon="32.78161"/><trkpt lat="60.79861" lon="32.78295"/><trkpt lat="60.79670" lon="32.78371"/><trkpt lat="60.79473" lon="32.78371"/><trkpt lat="60.79271" lon="32.78295"/><trkpt lat="60.78043" lon="32.77406"/><trkpt lat="60.77217" lon="32.76963"/><trkpt lat="60.76354" lon="32.76362"/><trkpt lat="60.75729" lon="32.76163"/><trkpt lat="60.75260" lon="32.76163"/><trkpt lat="60.74609" lon="32.76345"/><trkpt lat="60.73229" lon="32.76844"/><trkpt lat="60.72083" lon="32.77163"/><trkpt lat="60.71381" lon="32.77476"/><trkpt lat="60.71002" lon="32.77768"/><trkpt lat="60.70487" lon="32.78398"/><trkpt lat="60.69219" lon="32.80361"/><trkpt lat="60.68502" lon="32.81771"/><trkpt lat="60.67846" lon="32.83307"/><trkpt lat="60.65479" lon="32.86424"/><trkpt lat="60.65104" lon="32.86658"/><trkpt lat="60.64687" lon="32.86810"/><trkpt lat="60.64271" lon="32.86875"/><trkpt lat="60.63854" lon="32.86849"/><trkpt lat="60.63438" lon="32.86719"/><trkpt lat="60.62930" lon="32.86445"/><trkpt lat="60.61615" lon="32.85359"/><trkpt lat="60.60391" lon="32.84115"/><trkpt lat="60.59405" lon="32.82604"/><trkpt lat="60.58884" lon="32.81562"/><trkpt lat="60.58274" lon="32.79687"/><trkpt lat="60.57911" lon="32.77812"/><trkpt lat="60.57653" lon="32.75521"/><trkpt lat="60.57484" lon="32.72812"/><trkpt lat="60.57191" lon="32.70312"/><trkpt lat="60.57103" lon="32.69062"/><trkpt lat="60.57129" lon="32.68021"/><trkpt lat="60.57309" lon="32.66354"/><trkpt lat="60.57470" lon="32.65521"/><trkpt lat="60.57886" lon="32.64555"/><trkpt lat="60.58536" lon="32.63507"/><trkpt lat="60.59589" lon="32.61441"/><trkpt lat="60.60393" lon="32.60359"/><trkpt lat="60.60694" lon="32.59861"/><trkpt lat="60.60867" lon="32.59473"/><trkpt lat="60.60974" lon="32.59062"/><trkpt lat="60.60965" lon="32.58646"/><trkpt lat="60.60825" lon="32.58229"/><trkpt lat="60.60590" lon="32.57821"/><trkpt lat="60.60104" lon="32.57499"/><trkpt lat="60.59396" lon="32.57175"/><trkpt lat="60.58760" lon="32.56995"/><trkpt lat="60.58229" lon="32.56947"/><trkpt lat="60.57729" lon="32.56986"/><trkpt lat="60.56354" lon="32.57412"/><trkpt lat="60.55729" lon="32.57535"/><trkpt lat="60.55104" lon="32.57552"/><trkpt lat="60.54688" lon="32.57492"/><trkpt lat="60.54271" lon="32.57359"/><trkpt lat="60.53728" lon="32.57108"/><trkpt lat="60.52229" lon="32.56098"/><trkpt lat="60.51354" lon="32.55717"/><trkpt lat="60.50313" lon="32.55525"/><trkpt lat="60.48776" lon="32.55371"/><trkpt lat="60.48229" lon="32.55359"/><trkpt lat="60.47813" lon="32.55379"/><trkpt lat="60.47135" lon="32.55578"/><trkpt lat="60.46222" lon="32.56203"/><trkpt lat="60.45365" lon="32.57036"/><trkpt lat="60.44062" lon="32.57560"/><trkpt lat="60.43229" lon="32.57827"/><trkpt lat="60.42188" lon="32.58069"/><trkpt lat="60.41563" lon="32.58116"/><trkpt lat="60.41094" lon="32.58047"/><trkpt lat="60.40573" lon="32.57743"/><trkpt lat="60.40380" lon="32.57552"/><trkpt lat="60.40034" lon="32.56962"/><trkpt lat="60.39711" lon="32.56224"/><trkpt lat="60.39510" lon="32.55443"/><trkpt lat="60.39215" lon="32.52604"/><trkpt lat="60.38889" lon="32.50937"/><trkpt lat="60.38757" lon="32.50521"/><trkpt lat="60.38542" lon="32.50104"/><trkpt lat="60.38177" lon="32.49604"/><trkpt lat="60.38021" lon="32.49479"/><trkpt lat="60.37917" lon="32.49458"/><trkpt lat="60.36389" lon="32.49631"/><trkpt lat="60.35295" lon="32.49479"/><trkpt lat="60.34896" lon="32.49531"/><trkpt lat="60.34687" lon="32.49609"/><trkpt lat="60.34271" lon="32.49896"/><trkpt lat="60.33646" lon="32.50482"/><trkpt lat="60.32760" lon="32.51172"/><trkpt lat="60.31445" lon="32.52409"/><trkpt lat="60.31126" lon="32.52630"/><trkpt lat="60.30521" lon="32.52871"/><trkpt lat="60.28854" lon="32.53343"/><trkpt lat="60.28229" lon="32.53393"/><trkpt lat="60.27844" lon="32.53304"/><trkpt lat="60.27260" lon="32.52920"/><trkpt lat="60.26354" lon="32.52203"/><trkpt lat="60.25938" lon="32.52021"/><trkpt lat="60.25313" lon="32.51841"/><trkpt lat="60.24596" lon="32.51448"/><trkpt lat="60.23646" lon="32.50495"/><trkpt lat="60.23146" lon="32.49714"/><trkpt lat="60.22937" lon="32.49219"/><trkpt lat="60.22665" lon="32.48021"/><trkpt lat="60.22158" lon="32.45260"/><trkpt lat="60.21510" lon="32.43437"/><trkpt lat="60.21276" lon="32.43073"/><trkpt lat="60.21120" lon="32.42969"/><trkpt lat="60.20521" lon="32.42865"/><trkpt lat="60.20104" lon="32.42604"/><trkpt lat="60.19542" lon="32.41979"/><trkpt lat="60.19271" lon="32.41562"/><trkpt lat="60.19078" lon="32.41146"/><trkpt lat="60.18692" lon="32.39740"/><trkpt lat="60.18663" lon="32.39062"/><trkpt lat="60.18719" lon="32.38646"/><trkpt lat="60.19449" lon="32.37656"/><trkpt lat="60.20292" lon="32.36875"/><trkpt lat="60.20640" lon="32.36437"/><trkpt lat="60.21215" lon="32.35286"/><trkpt lat="60.22281" lon="32.33750"/><trkpt lat="60.23125" lon="32.32292"/><trkpt lat="60.23323" lon="32.32024"/><trkpt lat="60.24052" lon="32.31290"/><trkpt lat="60.25243" lon="32.30312"/><trkpt lat="60.25885" lon="32.29661"/><trkpt lat="60.26311" lon="32.29115"/><trkpt lat="60.26927" lon="32.28490"/><trkpt lat="60.28854" lon="32.26966"/><trkpt lat="60.30313" lon="32.25531"/><trkpt lat="60.31312" lon="32.24687"/><trkpt lat="60.32198" lon="32.23646"/><trkpt lat="60.32812" lon="32.23073"/><trkpt lat="60.33021" lon="32.22969"/><trkpt lat="60.33437" lon="32.22917"/><trkpt lat="60.33854" lon="32.22969"/><trkpt lat="60.34453" lon="32.23125"/><trkpt lat="60.34740" lon="32.23090"/><trkpt lat="60.36354" lon="32.22091"/><trkpt lat="60.37813" lon="32.21750"/><trkpt lat="60.39271" lon="32.20990"/><trkpt lat="60.40456" lon="32.20469"/><trkpt lat="60.41309" lon="32.19740"/><trkpt lat="60.41972" lon="32.18616"/><trkpt lat="60.42607" lon="32.17216"/><trkpt lat="60.42821" lon="32.16852"/><trkpt lat="60.43057" lon="32.16649"/><trkpt lat="60.43438" lon="32.16424"/><trkpt lat="60.44687" lon="32.15966"/><trkpt lat="60.45503" lon="32.15473"/><trkpt lat="60.45965" lon="32.14479"/><trkpt lat="60.46264" lon="32.13090"/><trkpt lat="60.46863" lon="32.08646"/><trkpt lat="60.47024" lon="32.06354"/><trkpt lat="60.46992" lon="32.05521"/><trkpt lat="60.46812" lon="32.04687"/><trkpt lat="60.46628" lon="32.04271"/><trkpt lat="60.46281" lon="32.03685"/><trkpt lat="60.45729" lon="32.03364"/><trkpt lat="60.45312" lon="32.03202"/><trkpt lat="60.44479" lon="32.03080"/><trkpt lat="60.43646" lon="32.03044"/><trkpt lat="60.43021" lon="32.03106"/><trkpt lat="60.42604" lon="32.03237"/><trkpt lat="60.41905" lon="32.03576"/><trkpt lat="60.40292" lon="32.04479"/><trkpt lat="60.38073" lon="32.05532"/><trkpt lat="60.37604" lon="32.05637"/><trkpt lat="60.35729" lon="32.05863"/><trkpt lat="60.35352" lon="32.05814"/><trkpt lat="60.34896" lon="32.05493"/><trkpt lat="60.34612" lon="32.05156"/><trkpt lat="60.33543" lon="32.01962"/><trkpt lat="60.33209" lon="32.01198"/><trkpt lat="60.32869" lon="32.00590"/><trkpt lat="60.32392" lon="31.99479"/><trkpt lat="60.32190" lon="31.98437"/><trkpt lat="60.32172" lon="31.97812"/><trkpt lat="60.32226" lon="31.97187"/><trkpt lat="60.32488" lon="31.95312"/><trkpt lat="60.32651" lon="31.94705"/><trkpt lat="60.32945" lon="31.93924"/><trkpt lat="60.33049" lon="31.93437"/><trkpt lat="60.33172" lon="31.92604"/><trkpt lat="60.33189" lon="31.91979"/><trkpt lat="60.33098" lon="31.91380"/><trkpt lat="60.32979" lon="31.90990"/><trkpt lat="60.32533" lon="31.90286"/><trkpt lat="60.31849" lon="31.88802"/><trkpt lat="60.31337" lon="31.86771"/><trkpt lat="60.31250" lon="31.85729"/><trkpt lat="60.31367" lon="31.85104"/><trkpt lat="60.31912" lon="31.83646"/><trkpt lat="60.32345" lon="31.81979"/><trkpt lat="60.33507" lon="31.78229"/><trkpt lat="60.33663" lon="31.77812"/><trkpt lat="60.34527" lon="31.76042"/><trkpt lat="60.34658" lon="31.75604"/><trkpt lat="60.34922" lon="31.73437"/><trkpt lat="60.34991" lon="31.72396"/><trkpt lat="60.34961" lon="31.71771"/><trkpt lat="60.34831" lon="31.70729"/><trkpt lat="60.34604" lon="31.69453"/><trkpt lat="60.34323" lon="31.68815"/><trkpt lat="60.33809" lon="31.68021"/><trkpt lat="60.32982" lon="31.67031"/><trkpt lat="60.32315" lon="31.66094"/><trkpt lat="60.31950" lon="31.65781"/><trkpt lat="60.31562" lon="31.65573"/><trkpt lat="60.31354" lon="31.65526"/><trkpt lat="60.30938" lon="31.65604"/><trkpt lat="60.30313" lon="31.65932"/><trkpt lat="60.29688" lon="31.66113"/><trkpt lat="60.29063" lon="31.66103"/><trkpt lat="60.28438" lon="31.65900"/><trkpt lat="60.24688" lon="31.63634"/><trkpt lat="60.22973" lon="31.62014"/><trkpt lat="60.22578" lon="31.61521"/><trkpt lat="60.22266" lon="31.61031"/><trkpt lat="60.21837" lon="31.60104"/><trkpt lat="60.21617" lon="31.59479"/><trkpt lat="60.21205" lon="31.57991"/><trkpt lat="60.20444" lon="31.57225"/><trkpt lat="60.20226" lon="31.56935"/><trkpt lat="60.19699" lon="31.56094"/><trkpt lat="60.19477" lon="31.55443"/><trkpt lat="60.19286" lon="31.53229"/><trkpt lat="60.19328" lon="31.52396"/><trkpt lat="60.19453" lon="31.51979"/><trkpt lat="60.20346" lon="31.50781"/><trkpt lat="60.20528" lon="31.50417"/><trkpt lat="60.20685" lon="31.49896"/><trkpt lat="60.20731" lon="31.49479"/><trkpt lat="60.20595" lon="31.48750"/><trkpt lat="60.20305" lon="31.48385"/><trkpt lat="60.19646" lon="31.47852"/><trkpt lat="60.19062" lon="31.47617"/><trkpt lat="60.17656" lon="31.47161"/><trkpt lat="60.17448" lon="31.46940"/><trkpt lat="60.17240" lon="31.46562"/><trkpt lat="60.17083" lon="31.45937"/><trkpt lat="60.17161" lon="31.45104"/><trkpt lat="60.17645" lon="31.43229"/><trkpt lat="60.17801" lon="31.42812"/><trkpt lat="60.18148" lon="31.42292"/><trkpt lat="60.18461" lon="31.41953"/><trkpt lat="60.19514" lon="31.41155"/><trkpt lat="60.20365" lon="31.40385"/><trkpt lat="60.21875" lon="31.38636"/><trkpt lat="60.22929" lon="31.37760"/><trkpt lat="60.23703" lon="31.37049"/><trkpt lat="60.24028" lon="31.36528"/><trkpt lat="60.24212" lon="31.36140"/><trkpt lat="60.24397" lon="31.35521"/><trkpt lat="60.24599" lon="31.34115"/><trkpt lat="60.24884" lon="31.33021"/><trkpt lat="60.24885" lon="31.32604"/><trkpt lat="60.24762" lon="31.32109"/><trkpt lat="60.24063" lon="31.31510"/><trkpt lat="60.23646" lon="31.31241"/><trkpt lat="60.23021" lon="31.31024"/><trkpt lat="60.21771" lon="31.30920"/><trkpt lat="60.21177" lon="31.30764"/><trkpt lat="60.20396" lon="31.30318"/><trkpt lat="60.18031" lon="31.29263"/><trkpt lat="60.16380" lon="31.28146"/><trkpt lat="60.15573" lon="31.27830"/><trkpt lat="60.15104" lon="31.27830"/><trkpt lat="60.14479" lon="31.28002"/><trkpt lat="60.13880" lon="31.28344"/><trkpt lat="60.13281" lon="31.28764"/><trkpt lat="60.12604" lon="31.29008"/><trkpt lat="60.11771" lon="31.29157"/><trkpt lat="60.10104" lon="31.29198"/><trkpt lat="60.09531" lon="31.29307"/><trkpt lat="60.08854" lon="31.29687"/><trkpt lat="60.08021" lon="31.30292"/><trkpt lat="60.07604" lon="31.30417"/><trkpt lat="60.07396" lon="31.30417"/><trkpt lat="60.07068" lon="31.30260"/><trkpt lat="60.06860" lon="31.29896"/><trkpt lat="60.06704" lon="31.29271"/><trkpt lat="60.06709" lon="31.28437"/><trkpt lat="60.07043" lon="31.26187"/><trkpt lat="60.07729" lon="31.24896"/><trkpt lat="60.09219" lon="31.22795"/><trkpt lat="60.10026" lon="31.21354"/><trkpt lat="60.10501" lon="31.20312"/><trkpt lat="60.10990" lon="31.19479"/><trkpt lat="60.11146" lon="31.19062"/><trkpt lat="60.11233" lon="31.18646"/><trkpt lat="60.11260" lon="31.18021"/><trkpt lat="60.11385" lon="31.17187"/><trkpt lat="60.11427" lon="31.16354"/><trkpt lat="60.11521" lon="31.15729"/><trkpt lat="60.11719" lon="31.15104"/><trkpt lat="60.12321" lon="31.13802"/><trkpt lat="60.12545" lon="31.13034"/><trkpt lat="60.12693" lon="31.12682"/><trkpt lat="60.13058" lon="31.12070"/><trkpt lat="60.14539" lon="31.10330"/><trkpt lat="60.15313" lon="31.09687"/><trkpt lat="60.16296" lon="31.09115"/><trkpt lat="60.17604" lon="31.08162"/><trkpt lat="60.18229" lon="31.07604"/><trkpt lat="60.18802" lon="31.06979"/><trkpt lat="60.19219" lon="31.06365"/><trkpt lat="60.19618" lon="31.05521"/><trkpt lat="60.20312" lon="31.04271"/><trkpt lat="60.21185" lon="31.02839"/><trkpt lat="60.22138" lon="31.00885"/><trkpt lat="60.22875" lon="30.99702"/><trkpt lat="60.23229" lon="30.99360"/><trkpt lat="60.24396" lon="30.98576"/><trkpt lat="60.24708" lon="30.98475"/><trkpt lat="60.25104" lon="30.98423"/><trkpt lat="60.25651" lon="30.98527"/><trkpt lat="60.25938" lon="30.98735"/><trkpt lat="60.26042" lon="30.98884"/><trkpt lat="60.26203" lon="30.99479"/><trkpt lat="60.26205" lon="30.99896"/><trkpt lat="60.26004" lon="31.01146"/><trkpt lat="60.25983" lon="31.01562"/><trkpt lat="60.26010" lon="31.01958"/><trkpt lat="60.26156" lon="31.02396"/><trkpt lat="60.26391" lon="31.02592"/><trkpt lat="60.26562" lon="31.02664"/><trkpt lat="60.26979" lon="31.02719"/><trkpt lat="60.27396" lon="31.02569"/><trkpt lat="60.27877" lon="31.02206"/><trkpt lat="60.28037" lon="31.01934"/><trkpt lat="60.28698" lon="31.00156"/><trkpt lat="60.29189" lon="30.97812"/><trkpt lat="60.29714" lon="30.96458"/><trkpt lat="60.30108" lon="30.95729"/><trkpt lat="60.30710" lon="30.94839"/><trkpt lat="60.31594" lon="30.93802"/><trkpt lat="60.32674" lon="30.92795"/><trkpt lat="60.33229" lon="30.92419"/><trkpt lat="60.33815" lon="30.92101"/><trkpt lat="60.35604" lon="30.91406"/><trkpt lat="60.36240" lon="30.91090"/><trkpt lat="60.37173" lon="30.90526"/><trkpt lat="60.37808" lon="30.90000"/></trkseg>
<trkseg><trkpt lat="60.59097" lon="30.90000"/><trkpt lat="60.59074" lon="30.92812"/><trkpt lat="60.59156" lon="30.94896"/><trkpt lat="60.59286" lon="30.95458"/><trkpt lat="60.59449" lon="30.95729"/><trkpt lat="60.59717" lon="30.95883"/><trkpt lat="60.60104" lon="30.95908"/><trkpt lat="60.60486" lon="30.95812"/><trkpt lat="60.60660" lon="30.95720"/><trkpt lat="60.61243" lon="30.95240"/><trkpt lat="60.62093" lon="30.94062"/><trkpt lat="60.62842" lon="30.92656"/><trkpt lat="60.63048" lon="30.92109"/><trkpt lat="60.63659" lon="30.90000"/></trkseg>
<trkseg><trkpt lat="60.20729" lon="31.12257"/><trkpt lat="60.20937" lon="31.12187"/><trkpt lat="60.21042" lon="31.12118"/><trkpt lat="60.21042" lon="31.12049"/><trkpt lat="60.20937" lon="31.11979"/><trkpt lat="60.20560" lon="31.11875"/><trkpt lat="60.20339" lon="31.11910"/><trkpt lat="60.20286" lon="31.11979"/><trkpt lat="60.20260" lon="31.12118"/><trkpt lat="60.20339" lon="31.12257"/><trkpt lat="60.20430" lon="31.12292"/><trkpt lat="60.20729" lon="31.12257"/></trkseg>
<trkseg><trkpt lat="60.22292" lon="31.12569"/><trkpt lat="60.22743" lon="31.12961"/><trkpt lat="60.22917" lon="31.13006"/><trkpt lat="60.23229" lon="31.12991"/><trkpt lat="60.23616" lon="31.12887"/><trkpt lat="60.23884" lon="31.12604"/><trkpt lat="60.23973" lon="31.12396"/><trkpt lat="60.24018" lon="31.11979"/><trkpt lat="60.23884" lon="31.11562"/><trkpt lat="60.23438" lon="31.10937"/><trkpt lat="60.23229" lon="31.10729"/><trkpt lat="60.23021" lon="31.10625"/><trkpt lat="60.22813" lon="31.10625"/><trkpt lat="60.22604" lon="31.10729"/><trkpt lat="60.21562" lon="31.11771"/><trkpt lat="60.21458" lon="31.11944"/><trkpt lat="60.21458" lon="31.12083"/><trkpt lat="60.21562" lon="31.12187"/><trkpt lat="60.21962" lon="31.12344"/><trkpt lat="60.22292" lon="31.12569"/></trkseg>
<trkseg><trkpt lat="60.33229" lon="31.30990"/><trkpt lat="60.33628" lon="31.31224"/><trkpt lat="60.33802" lon="31.31380"/><trkpt lat="60.34323" lon="31.32070"/><trkpt lat="60.34479" lon="31.32214"/><trkpt lat="60.34722" lon="31.32292"/><trkpt lat="60.35938" lon="31.32448"/><trkpt lat="60.36111" lon="31.32500"/><trkpt lat="60.36354" lon="31.32656"/><trkpt lat="60.37135" lon="31.33687"/><trkpt lat="60.37449" lon="31.34687"/><trkpt lat="60.37869" lon="31.36510"/><trkpt lat="60.38297" lon="31.37214"/><trkpt lat="60.38698" lon="31.38090"/><trkpt lat="60.39323" lon="31.38738"/><trkpt lat="60.39479" lon="31.38824"/><trkpt lat="60.39635" lon="31.38824"/><trkpt lat="60.39766" lon="31.38601"/><trkpt lat="60.39961" lon="31.38021"/><trkpt lat="60.40404" lon="31.36354"/><trkpt lat="60.40764" lon="31.35521"/><trkpt lat="60.40885" lon="31.35104"/><trkpt lat="60.40953" lon="31.34479"/><trkpt lat="60.40938" lon="31.32604"/><trkpt lat="60.41036" lon="31.31354"/><trkpt lat="60.41242" lon="31.29687"/><trkpt lat="60.41390" lon="31.28854"/><trkpt lat="60.41963" lon="31.26771"/><trkpt lat="60.42061" lon="31.26146"/><trkpt lat="60.42049" lon="31.25729"/><trkpt lat="60.41973" lon="31.25312"/><trkpt lat="60.41264" lon="31.23385"/><trkpt lat="60.41058" lon="31.22943"/><trkpt lat="60.40441" lon="31.22046"/><trkpt lat="60.39626" lon="31.22035"/><trkpt lat="60.39564" lon="31.22046"/><trkpt lat="60.39515" lon="31.22124"/><trkpt lat="60.39093" lon="31.23021"/><trkpt lat="60.38346" lon="31.25521"/><trkpt lat="60.37805" lon="31.26927"/><trkpt lat="60.37178" lon="31.27995"/><trkpt lat="60.36510" lon="31.28828"/><trkpt lat="60.36176" lon="31.29505"/><trkpt lat="60.35836" lon="31.30521"/><trkpt lat="60.35604" lon="31.30937"/><trkpt lat="60.35292" lon="31.31276"/><trkpt lat="60.34896" lon="31.31510"/><trkpt lat="60.34687" lon="31.31562"/><trkpt lat="60.34271" lon="31.31510"/><trkpt lat="60.34062" lon="31.31406"/><trkpt lat="60.33932" lon="31.31276"/><trkpt lat="60.33880" lon="31.31120"/><trkpt lat="60.33906" lon="31.30937"/><trkpt lat="60.34086" lon="31.30521"/><trkpt lat="60.34152" lon="31.30104"/><trkpt lat="60.34073" lon="31.29479"/><trkpt lat="60.33826" lon="31.28790"/><trkpt lat="60.33711" lon="31.28682"/><trkpt lat="60.33053" lon="31.28498"/><trkpt lat="60.32796" lon="31.28550"/><trkpt lat="60.32716" lon="31.28630"/><trkpt lat="60.32587" lon="31.28886"/><trkpt lat="60.32499" lon="31.29271"/><trkpt lat="60.32541" lon="31.29896"/><trkpt lat="60.32839" lon="31.30677"/><trkpt lat="60.33229" lon="31.30990"/></trkseg>
</trk>
<trk><name>Изобата 15 м (модель ~1 км)</name><type>isobath</type>
<trkseg><trkpt lat="60.80000" lon="32.71058"/><trkpt lat="60.79931" lon="32.70937"/><trkpt lat="60.79462" lon="32.70369"/><trkpt lat="60.78854" lon="32.69984"/><trkpt lat="60.78646" lon="32.69915"/><trkpt lat="60.78229" lon="32.69871"/><trkpt lat="60.77844" lon="32.69967"/><trkpt lat="60.77667" lon="32.70069"/><trkpt lat="60.77146" lon="32.70547"/><trkpt lat="60.76827" lon="32.71185"/><trkpt lat="60.76414" lon="32.72271"/><trkpt lat="60.76141" lon="32.72615"/><trkpt lat="60.75521" lon="32.72939"/><trkpt lat="60.74479" lon="32.73208"/><trkpt lat="60.73750" lon="32.73556"/><trkpt lat="60.73490" lon="32.73763"/><trkpt lat="60.72969" lon="32.74450"/><trkpt lat="60.72604" lon="32.74722"/><trkpt lat="60.71224" lon="32.75209"/><trkpt lat="60.69271" lon="32.76101"/><trkpt lat="60.69062" lon="32.76161"/><trkpt lat="60.68854" lon="32.76153"/><trkpt lat="60.68438" lon="32.75937"/><trkpt lat="60.67891" lon="32.75312"/><trkpt lat="60.67344" lon="32.74396"/><trkpt lat="60.66875" lon="32.73958"/><trkpt lat="60.66354" lon="32.73663"/><trkpt lat="60.65521" lon="32.73461"/><trkpt lat="60.64896" lon="32.73495"/><trkpt lat="60.64479" lon="32.73620"/><trkpt lat="60.64219" lon="32.73893"/><trkpt lat="60.63628" lon="32.74687"/><trkpt lat="60.63229" lon="32.75104"/><trkpt lat="60.63021" lon="32.75234"/><trkpt lat="60.62813" lon="32.75286"/><trkpt lat="60.62604" lon="32.75260"/><trkpt lat="60.62396" lon="32.75156"/><trkpt lat="60.61979" lon="32.74844"/><trkpt lat="60.61344" lon="32.73854"/><trkpt lat="60.61187" lon="32.73437"/><trkpt lat="60.60833" lon="32.71979"/><trkpt lat="60.60750" lon="32.70937"/><trkpt lat="60.60750" lon="32.66562"/><trkpt lat="60.60792" lon="32.66146"/><trkpt lat="60.61010" lon="32.65406"/><trkpt lat="60.61250" lon="32.65115"/><trkpt lat="60.61979" lon="32.64668"/><trkpt lat="60.63229" lon="32.64309"/><trkpt lat="60.64097" lon="32.63875"/><trkpt lat="60.64557" lon="32.63490"/><trkpt lat="60.64844" lon="32.63125"/><trkpt lat="60.65156" lon="32.62604"/><trkpt lat="60.65774" lon="32.61354"/><trkpt lat="60.66205" lon="32.60243"/><trkpt lat="60.66458" lon="32.59792"/><trkpt lat="60.66583" lon="32.59271"/><trkpt lat="60.66521" lon="32.58698"/><trkpt lat="60.66176" lon="32.58021"/><trkpt lat="60.65365" lon="32.57158"/><trkpt lat="60.63219" lon="32.55418"/><trkpt lat="60.62927" lon="32.55290"/><trkpt lat="60.62396" lon="32.55182"/><trkpt lat="60.61771" lon="32.55125"/><trkpt lat="60.59896" lon="32.55140"/><trkpt lat="60.58021" lon="32.54980"/><trkpt lat="60.57604" lon="32.55023"/><trkpt lat="60.55573" lon="32.55466"/><trkpt lat="60.54549" lon="32.55441"/><trkpt lat="60.53640" lon="32.55030"/><trkpt lat="60.51278" lon="32.53725"/><trkpt lat="60.50313" lon="32.53338"/><trkpt lat="60.48640" lon="32.52470"/><trkpt lat="60.48021" lon="32.52273"/><trkpt lat="60.47604" lon="32.52292"/><trkpt lat="60.47193" lon="32.52426"/><trkpt lat="60.46806" lon="32.52619"/><trkpt lat="60.46285" lon="32.52954"/><trkpt lat="60.45382" lon="32.53713"/><trkpt lat="60.44670" lon="32.54208"/><trkpt lat="60.44062" lon="32.54375"/><trkpt lat="60.43646" lon="32.54307"/><trkpt lat="60.43438" lon="32.54211"/><trkpt lat="60.42893" lon="32.53824"/><trkpt lat="60.42311" lon="32.52018"/><trkpt lat="60.42081" lon="32.51458"/><trkpt lat="60.41172" lon="32.49844"/><trkpt lat="60.40521" lon="32.48419"/><trkpt lat="60.40198" lon="32.47940"/><trkpt lat="60.39396" lon="32.47267"/><trkpt lat="60.38760" lon="32.46929"/><trkpt lat="60.38021" lon="32.46750"/><trkpt lat="60.37604" lon="32.46715"/><trkpt lat="60.36354" lon="32.46732"/><trkpt lat="60.34896" lon="32.46530"/><trkpt lat="60.34271" lon="32.46595"/><trkpt lat="60.33021" lon="32.47027"/><trkpt lat="60.32396" lon="32.47170"/><trkpt lat="60.31562" lon="32.47240"/><trkpt lat="60.30938" lon="32.47187"/><trkpt lat="60.30521" lon="32.47062"/><trkpt lat="60.30104" lon="32.46771"/><trkpt lat="60.29360" lon="32.45937"/><trkpt lat="60.28899" lon="32.45208"/><trkpt lat="60.28291" lon="32.43854"/><trkpt lat="60.28092" lon="32.43229"/><trkpt lat="60.28003" lon="32.42396"/><trkpt lat="60.28047" lon="32.41979"/><trkpt lat="60.28156" lon="32.41562"/><trkpt lat="60.28437" lon="32.40937"/><trkpt lat="60.29941" lon="32.38229"/><trkpt lat="60.31115" lon="32.36250"/><trkpt lat="60.32027" lon="32.34410"/><trkpt lat="60.32969" lon="32.32961"/><trkpt lat="60.33576" lon="32.31927"/><trkpt lat="60.34010" lon="32.31289"/><trkpt lat="60.34601" lon="32.30625"/><trkpt lat="60.36239" lon="32.29392"/><trkpt lat="60.36804" lon="32.28712"/><trkpt lat="60.37448" lon="32.27829"/><trkpt lat="60.38870" lon="32.26335"/><trkpt lat="60.40243" lon="32.24453"/><trkpt lat="60.41442" lon="32.23073"/><trkpt lat="60.42098" lon="32.22123"/><trkpt lat="60.42789" lon="32.20889"/><trkpt lat="60.43013" lon="32.20577"/><trkpt lat="60.43906" lon="32.19744"/><trkpt lat="60.45486" lon="32.18830"/><trkpt lat="60.46147" lon="32.18361"/><trkpt lat="60.46434" lon="32.18061"/><trkpt lat="60.47104" lon="32.17109"/><trkpt lat="60.47654" lon="32.15729"/><trkpt lat="60.47863" lon="32.14714"/><trkpt lat="60.48431" lon="32.09271"/><trkpt lat="60.48741" lon="32.05781"/><trkpt lat="60.49184" lon="32.02604"/><trkpt lat="60.49406" lon="32.00521"/><trkpt lat="60.49516" lon="31.99896"/><trkpt lat="60.49528" lon="31.99479"/><trkpt lat="60.49353" lon="31.98885"/><trkpt lat="60.49122" lon="31.98620"/><trkpt lat="60.48810" lon="31.98459"/><trkpt lat="60.48438" lon="31.98351"/><trkpt lat="60.48021" lon="31.98299"/><trkpt lat="60.46771" lon="31.98424"/><trkpt lat="60.46146" lon="31.98356"/><trkpt lat="60.44656" lon="31.97652"/><trkpt lat="60.43047" lon="31.97052"/><trkpt lat="60.42042" lon="31.96609"/><trkpt lat="60.41552" lon="31.96198"/><trkpt lat="60.40844" lon="31.95349"/><trkpt lat="60.39570" lon="31.94052"/><trkpt lat="60.39363" lon="31.93760"/><trkpt lat="60.38987" lon="31.93038"/><trkpt lat="60.38692" lon="31.92187"/><trkpt lat="60.38458" lon="31.91146"/><trkpt lat="60.37964" lon="31.87760"/><trkpt lat="60.37691" lon="31.86354"/><trkpt lat="60.37433" lon="31.85312"/><trkpt lat="60.37051" lon="31.82812"/><trkpt lat="60.36615" lon="31.80937"/><trkpt lat="60.36401" lon="31.79271"/><trkpt lat="60.36381" lon="31.76979"/><trkpt lat="60.36443" lon="31.75729"/><trkpt lat="60.36596" lon="31.74687"/><trkpt lat="60.36984" lon="31.72812"/><trkpt lat="60.37083" lon="31.71771"/><trkpt lat="60.37054" lon="31.70937"/><trkpt lat="60.36932" lon="31.69687"/><trkpt lat="60.36850" lon="31.69062"/><trkpt lat="60.36707" lon="31.68437"/><trkpt lat="60.36128" lon="31.66771"/><trkpt lat="60.35753" lon="31.65937"/><trkpt lat="60.35435" lon="31.65377"/><trkpt lat="60.34725" lon="31.64611"/><trkpt lat="60.32822" lon="31.62965"/><trkpt lat="60.31328" lon="31.61393"/><trkpt lat="60.30938" lon="31.61172"/><trkpt lat="60.29896" lon="31.60911"/><trkpt lat="60.29375" lon="31.60677"/><trkpt lat="60.28924" lon="31.60312"/><trkpt lat="60.28021" lon="31.59410"/><trkpt lat="60.27708" lon="31.58958"/><trkpt lat="60.27071" lon="31.57448"/><trkpt lat="60.26763" lon="31.56354"/><trkpt lat="60.26570" lon="31.55312"/><trkpt lat="60.26406" lon="31.54722"/><trkpt lat="60.25417" lon="31.51979"/><trkpt lat="60.24949" lon="31.48854"/><trkpt lat="60.24278" lon="31.45937"/><trkpt lat="60.24217" lon="31.45312"/><trkpt lat="60.24401" lon="31.44557"/><trkpt lat="60.25143" lon="31.43056"/><trkpt lat="60.25412" lon="31.42656"/><trkpt lat="60.26076" lon="31.42005"/><trkpt lat="60.26771" lon="31.41615"/><trkpt lat="60.27604" lon="31.41328"/><trkpt lat="60.28229" lon="31.41328"/><trkpt lat="60.28854" lon="31.41562"/><trkpt lat="60.29440" lon="31.42018"/><trkpt lat="60.29661" lon="31.42396"/><trkpt lat="60.30065" lon="31.43854"/><trkpt lat="60.30391" lon="31.44469"/><trkpt lat="60.30729" lon="31.44833"/><trkpt lat="60.32240" lon="31.45990"/><trkpt lat="60.32656" lon="31.46458"/><trkpt lat="60.33094" lon="31.47066"/><trkpt lat="60.33333" lon="31.47292"/><trkpt lat="60.33812" lon="31.47656"/><trkpt lat="60.34479" lon="31.47982"/><trkpt lat="60.34740" lon="31.47982"/><trkpt lat="60.35260" lon="31.47869"/><trkpt lat="60.35547" lon="31.47752"/><trkpt lat="60.36354" lon="31.47244"/><trkpt lat="60.37080" lon="31.46510"/><trkpt lat="60.38032" lon="31.44708"/><trkpt lat="60.38507" lon="31.44062"/><trkpt lat="60.39546" lon="31.42894"/><trkpt lat="60.40457" lon="31.42103"/><trkpt lat="60.40962" lon="31.41562"/><trkpt lat="60.43365" lon="31.38664"/><trkpt lat="60.43799" lon="31.38059"/><trkpt lat="60.44435" lon="31.36896"/><trkpt lat="60.44667" lon="31.36375"/><trkpt lat="60.44821" lon="31.35729"/><trkpt lat="60.44864" lon="31.35312"/><trkpt lat="60.44838" lon="31.34687"/><trkpt lat="60.44547" lon="31.32604"/><trkpt lat="60.44483" lon="31.31771"/><trkpt lat="60.44482" lon="31.29687"/><trkpt lat="60.44570" lon="31.26354"/><trkpt lat="60.44549" lon="31.25729"/><trkpt lat="60.44482" lon="31.25312"/><trkpt lat="60.44214" lon="31.24479"/><trkpt lat="60.43854" lon="31.23661"/><trkpt lat="60.43414" lon="31.23000"/><trkpt lat="60.42910" lon="31.22420"/><trkpt lat="60.42021" lon="31.20915"/><trkpt lat="60.41181" lon="31.19658"/><trkpt lat="60.40486" lon="31.19274"/><trkpt lat="60.40104" lon="31.19236"/><trkpt lat="60.39896" lon="31.19264"/><trkpt lat="60.39441" lon="31.19410"/><trkpt lat="60.38695" lon="31.20007"/><trkpt lat="60.38160" lon="31.20635"/><trkpt lat="60.37600" lon="31.21562"/><trkpt lat="60.36271" lon="31.24658"/><trkpt lat="60.35461" lon="31.25475"/><trkpt lat="60.34896" lon="31.25625"/><trkpt lat="60.34271" lon="31.25668"/><trkpt lat="60.32604" lon="31.25460"/><trkpt lat="60.31146" lon="31.25391"/><trkpt lat="60.30521" lon="31.25281"/><trkpt lat="60.29896" lon="31.25052"/><trkpt lat="60.29479" lon="31.24792"/><trkpt lat="60.28746" lon="31.23927"/><trkpt lat="60.27656" lon="31.22904"/><trkpt lat="60.27292" lon="31.22396"/><trkpt lat="60.27214" lon="31.22187"/><trkpt lat="60.27196" lon="31.21979"/><trkpt lat="60.27240" lon="31.21771"/><trkpt lat="60.27760" lon="31.20729"/><trkpt lat="60.28006" lon="31.20104"/><trkpt lat="60.28154" lon="31.19479"/><trkpt lat="60.28215" lon="31.18854"/><trkpt lat="60.28281" lon="31.16354"/><trkpt lat="60.27936" lon="31.13021"/><trkpt lat="60.27894" lon="31.11979"/><trkpt lat="60.27801" lon="31.11146"/><trkpt lat="60.27766" lon="31.09687"/><trkpt lat="60.27854" lon="31.09062"/><trkpt lat="60.28042" lon="31.08437"/><trkpt lat="60.28966" lon="31.06120"/><trkpt lat="60.29361" lon="31.05417"/><trkpt lat="60.30052" lon="31.04462"/><trkpt lat="60.30819" lon="31.03021"/><trkpt lat="60.30988" lon="31.02604"/><trkpt lat="60.31118" lon="31.01979"/><trkpt lat="60.31087" lon="30.99687"/><trkpt lat="60.31219" lon="30.98698"/><trkpt lat="60.31753" lon="30.97804"/><trkpt lat="60.32385" lon="30.96354"/><trkpt lat="60.32729" lon="30.95729"/><trkpt lat="60.33229" lon="30.95224"/><trkpt lat="60.33854" lon="30.94889"/><trkpt lat="60.35938" lon="30.94295"/><trkpt lat="60.36771" lon="30.93924"/><trkpt lat="60.37129" lon="30.93623"/><trkpt lat="60.37721" lon="30.92812"/><trkpt lat="60.38542" lon="30.92092"/><trkpt lat="60.39453" lon="30.91469"/><trkpt lat="60.40260" lon="30.91120"/><trkpt lat="60.40430" lon="30.91094"/><trkpt lat="60.40547" lon="30.91172"/><trkpt lat="60.41076" lon="30.92240"/><trkpt lat="60.41552" lon="30.92850"/><trkpt lat="60.41771" lon="30.92984"/><trkpt lat="60.42042" lon="30.93065"/><trkpt lat="60.42798" lon="30.93124"/><trkpt lat="60.43140" lon="30.93061"/><trkpt lat="60.43661" lon="30.92830"/><trkpt lat="60.45104" lon="30.91523"/><trkpt lat="60.45521" lon="30.91236"/><trkpt lat="60.46562" lon="30.90784"/><trkpt lat="60.47181" lon="30.90461"/><trkpt lat="60.47663" lon="30.90000"/></trkseg>
<trkseg><trkpt lat="60.57386" lon="30.90000"/><trkpt lat="60.57222" lon="30.92812"/><trkpt lat="60.56985" lon="30.95104"/><trkpt lat="60.56964" lon="30.95729"/><trkpt lat="60.57116" lon="30.97187"/><trkpt lat="60.57285" lon="30.97812"/><trkpt lat="60.57487" lon="30.98229"/><trkpt lat="60.57878" lon="30.98777"/><trkpt lat="60.58815" lon="30.98842"/><trkpt lat="60.59505" lon="30.98719"/><trkpt lat="60.60553" lon="30.98109"/><trkpt lat="60.61306" lon="30.97493"/><trkpt lat="60.62038" lon="30.96760"/><trkpt lat="60.62448" lon="30.96303"/><trkpt lat="60.62921" lon="30.95666"/><trkpt lat="60.63313" lon="30.94896"/><trkpt lat="60.63777" lon="30.93798"/><trkpt lat="60.64710" lon="30.90657"/><trkpt lat="60.65033" lon="30.90000"/></trkseg>
<trkseg><trkpt lat="60.22854" lon="31.58500"/><trkpt lat="60.22950" lon="31.58198"/><trkpt lat="60.23067" lon="31.58094"/><trkpt lat="60.23438" lon="31.57979"/><trkpt lat="60.23612" lon="31.58000"/><trkpt lat="60.23753" lon="31.58083"/><trkpt lat="60.23860" lon="31.58229"/><trkpt lat="60.23971" lon="31.58646"/><trkpt lat="60.23934" lon="31.59062"/><trkpt lat="60.23860" lon="31.59271"/><trkpt lat="60.23753" lon="31.59401"/><trkpt lat="60.23612" lon="31.59453"/><trkpt lat="60.23438" lon="31.59427"/><trkpt lat="60.22950" lon="31.59115"/><trkpt lat="60.22854" lon="31.58906"/><trkpt lat="60.22854" lon="31.58500"/></trkseg>
<trkseg><trkpt lat="60.66563" lon="32.69839"/><trkpt lat="60.67188" lon="32.69878"/><trkpt lat="60.67904" lon="32.69729"/><trkpt lat="60.68115" lon="32.69562"/><trkpt lat="60.68411" lon="32.69062"/><trkpt lat="60.68495" lon="32.68854"/><trkpt lat="60.68568" lon="32.68437"/><trkpt lat="60.68510" lon="32.68021"/><trkpt lat="60.68307" lon="32.67604"/><trkpt lat="60.68151" lon="32.67396"/><trkpt lat="60.67799" lon="32.67135"/><trkpt lat="60.67604" lon="32.67083"/><trkpt lat="60.67188" lon="32.67101"/><trkpt lat="60.66563" lon="32.67257"/><trkpt lat="60.66042" lon="32.67569"/><trkpt lat="60.65677" lon="32.68038"/><trkpt lat="60.65521" lon="32.68437"/><trkpt lat="60.65495" lon="32.68646"/><trkpt lat="60.65573" lon="32.69062"/><trkpt lat="60.65781" lon="32.69440"/><trkpt lat="60.65990" lon="32.69661"/><trkpt lat="60.66563" lon="32.69839"/></trkseg>
</trk>
<trk><name>Изобата 20 м (модель ~1 км)</name><type>isobath</type>
<trkseg><trkpt lat="60.80000" lon="32.61976"/><trkpt lat="60.79063" lon="32.62178"/><trkpt lat="60.78438" lon="32.62230"/><trkpt lat="60.77813" lon="32.62197"/><trkpt lat="60.76354" lon="32.61963"/><trkpt lat="60.75521" lon="32.61723"/><trkpt lat="60.74613" lon="32.61335"/><trkpt lat="60.73738" lon="32.60719"/><trkpt lat="60.73471" lon="32.60434"/><trkpt lat="60.72873" lon="32.59622"/><trkpt lat="60.70998" lon="32.56287"/><trkpt lat="60.70286" lon="32.54771"/><trkpt lat="60.69625" lon="32.52768"/><trkpt lat="60.69271" lon="32.52176"/><trkpt lat="60.68932" lon="32.51891"/><trkpt lat="60.68624" lon="32.51793"/><trkpt lat="60.68229" lon="32.51768"/><trkpt lat="60.67813" lon="32.51824"/><trkpt lat="60.67396" lon="32.51963"/><trkpt lat="60.66771" lon="32.52363"/><trkpt lat="60.65410" lon="32.53615"/><trkpt lat="60.65156" lon="32.53739"/><trkpt lat="60.64635" lon="32.53871"/><trkpt lat="60.62969" lon="32.53728"/><trkpt lat="60.60521" lon="32.53842"/><trkpt lat="60.58021" lon="32.53756"/><trkpt lat="60.56146" lon="32.53795"/><trkpt lat="60.55313" lon="32.53713"/><trkpt lat="60.54688" lon="32.53547"/><trkpt lat="60.53620" lon="32.53041"/><trkpt lat="60.51153" lon="32.51598"/><trkpt lat="60.48835" lon="32.50339"/><trkpt lat="60.46979" lon="32.49518"/><trkpt lat="60.45521" lon="32.48698"/><trkpt lat="60.44740" lon="32.47929"/><trkpt lat="60.44236" lon="32.47333"/><trkpt lat="60.44010" lon="32.46969"/><trkpt lat="60.43571" lon="32.45937"/><trkpt lat="60.43051" lon="32.45026"/><trkpt lat="60.42839" lon="32.44714"/><trkpt lat="60.42318" lon="32.44193"/><trkpt lat="60.41927" lon="32.43880"/><trkpt lat="60.41276" lon="32.43524"/><trkpt lat="60.40313" lon="32.43420"/><trkpt lat="60.39604" lon="32.43160"/><trkpt lat="60.39000" lon="32.42396"/><trkpt lat="60.38792" lon="32.41979"/><trkpt lat="60.38750" lon="32.41771"/><trkpt lat="60.38750" lon="32.39062"/><trkpt lat="60.38789" lon="32.38646"/><trkpt lat="60.39089" lon="32.37396"/><trkpt lat="60.39505" lon="32.36354"/><trkpt lat="60.39583" lon="32.35937"/><trkpt lat="60.39521" lon="32.35312"/><trkpt lat="60.39152" lon="32.34271"/><trkpt lat="60.38800" lon="32.33021"/><trkpt lat="60.38781" lon="32.32604"/><trkpt lat="60.38891" lon="32.31979"/><trkpt lat="60.39130" lon="32.31363"/><trkpt lat="60.39427" lon="32.30816"/><trkpt lat="60.40167" lon="32.29896"/><trkpt lat="60.40542" lon="32.29271"/><trkpt lat="60.41170" lon="32.27792"/><trkpt lat="60.41751" lon="32.26146"/><trkpt lat="60.42184" lon="32.25312"/><trkpt lat="60.42854" lon="32.24441"/><trkpt lat="60.43665" lon="32.23576"/><trkpt lat="60.44687" lon="32.22795"/><trkpt lat="60.47120" lon="32.20497"/><trkpt lat="60.47714" lon="32.19557"/><trkpt lat="60.47972" lon="32.19010"/><trkpt lat="60.48401" lon="32.17604"/><trkpt lat="60.48734" lon="32.16101"/><trkpt lat="60.49026" lon="32.14271"/><trkpt lat="60.49466" lon="32.11979"/><trkpt lat="60.49696" lon="32.09687"/><trkpt lat="60.49947" lon="32.08229"/><trkpt lat="60.50382" lon="32.06935"/><trkpt lat="60.51287" lon="32.05469"/><trkpt lat="60.51213" lon="32.04740"/><trkpt lat="60.50946" lon="32.03229"/><trkpt lat="60.50936" lon="32.02187"/><trkpt lat="60.51167" lon="32.01111"/><trkpt lat="60.51793" lon="31.99479"/><trkpt lat="60.51927" lon="31.98854"/><trkpt lat="60.51946" lon="31.98437"/><trkpt lat="60.51858" lon="31.97604"/><trkpt lat="60.51649" lon="31.96562"/><trkpt lat="60.51274" lon="31.95243"/><trkpt lat="60.51210" lon="31.95167"/><trkpt lat="60.50938" lon="31.94993"/><trkpt lat="60.50521" lon="31.94839"/><trkpt lat="60.50104" lon="31.94844"/><trkpt lat="60.49688" lon="31.94953"/><trkpt lat="60.49271" lon="31.95000"/><trkpt lat="60.48854" lon="31.94974"/><trkpt lat="60.48438" lon="31.94844"/><trkpt lat="60.46771" lon="31.93945"/><trkpt lat="60.45312" lon="31.93513"/><trkpt lat="60.44717" lon="31.93273"/><trkpt lat="60.44360" lon="31.93034"/><trkpt lat="60.43929" lon="31.92396"/><trkpt lat="60.43832" lon="31.91979"/><trkpt lat="60.43924" lon="31.91562"/><trkpt lat="60.44236" lon="31.91000"/><trkpt lat="60.45298" lon="31.89687"/><trkpt lat="60.45532" lon="31.89062"/><trkpt lat="60.45532" lon="31.88594"/><trkpt lat="60.45425" lon="31.88385"/><trkpt lat="60.45156" lon="31.88073"/><trkpt lat="60.44844" lon="31.87827"/><trkpt lat="60.44609" lon="31.87716"/><trkpt lat="60.43854" lon="31.87583"/><trkpt lat="60.42396" lon="31.87618"/><trkpt lat="60.42073" lon="31.87531"/><trkpt lat="60.41958" lon="31.87431"/><trkpt lat="60.41789" lon="31.87135"/><trkpt lat="60.41433" lon="31.86354"/><trkpt lat="60.41295" lon="31.85729"/><trkpt lat="60.41292" lon="31.85312"/><trkpt lat="60.41856" lon="31.82812"/><trkpt lat="60.41895" lon="31.82187"/><trkpt lat="60.41813" lon="31.81562"/><trkpt lat="60.41632" lon="31.80937"/><trkpt lat="60.41319" lon="31.80156"/><trkpt lat="60.41105" lon="31.79979"/><trkpt lat="60.40313" lon="31.79687"/><trkpt lat="60.39670" lon="31.79281"/><trkpt lat="60.39479" lon="31.79062"/><trkpt lat="60.39337" lon="31.78792"/><trkpt lat="60.38955" lon="31.77812"/><trkpt lat="60.38620" lon="31.76562"/><trkpt lat="60.38528" lon="31.75937"/><trkpt lat="60.38531" lon="31.75104"/><trkpt lat="60.38737" lon="31.73021"/><trkpt lat="60.38773" lon="31.71771"/><trkpt lat="60.38640" lon="31.69479"/><trkpt lat="60.38346" lon="31.67604"/><trkpt lat="60.37985" lon="31.66133"/><trkpt lat="60.37730" lon="31.65462"/><trkpt lat="60.37376" lon="31.64716"/><trkpt lat="60.36888" lon="31.63920"/><trkpt lat="60.35963" lon="31.62772"/><trkpt lat="60.35509" lon="31.62057"/><trkpt lat="60.35369" lon="31.61406"/><trkpt lat="60.35294" lon="31.60729"/><trkpt lat="60.35236" lon="31.58646"/><trkpt lat="60.35259" lon="31.56562"/><trkpt lat="60.35336" lon="31.55556"/><trkpt lat="60.35549" lon="31.54635"/><trkpt lat="60.36222" lon="31.52812"/><trkpt lat="60.36771" lon="31.52437"/><trkpt lat="60.37188" lon="31.52250"/><trkpt lat="60.37604" lon="31.52146"/><trkpt lat="60.37764" lon="31.52062"/><trkpt lat="60.37877" lon="31.51937"/><trkpt lat="60.37941" lon="31.51771"/><trkpt lat="60.38076" lon="31.49896"/><trkpt lat="60.38185" lon="31.49271"/><trkpt lat="60.38387" lon="31.48646"/><trkpt lat="60.39635" lon="31.45486"/><trkpt lat="60.40384" lon="31.44529"/><trkpt lat="60.42319" lon="31.42918"/><trkpt lat="60.44461" lon="31.40445"/><trkpt lat="60.44979" lon="31.39673"/><trkpt lat="60.45407" lon="31.38916"/><trkpt lat="60.45841" lon="31.37812"/><trkpt lat="60.46286" lon="31.36328"/><trkpt lat="60.46479" lon="31.34896"/><trkpt lat="60.46728" lon="31.28854"/><trkpt lat="60.46730" lon="31.26562"/><trkpt lat="60.46639" lon="31.25729"/><trkpt lat="60.46312" lon="31.24396"/><trkpt lat="60.46046" lon="31.23021"/><trkpt lat="60.45720" lon="31.22028"/><trkpt lat="60.45464" lon="31.21602"/><trkpt lat="60.45231" lon="31.21348"/><trkpt lat="60.44632" lon="31.20920"/><trkpt lat="60.43730" lon="31.20446"/><trkpt lat="60.42905" lon="31.19616"/><trkpt lat="60.42650" lon="31.18854"/><trkpt lat="60.42388" lon="31.17396"/><trkpt lat="60.42288" lon="31.17083"/><trkpt lat="60.42173" lon="31.16910"/><trkpt lat="60.41771" lon="31.16675"/><trkpt lat="60.41146" lon="31.16441"/><trkpt lat="60.40521" lon="31.16283"/><trkpt lat="60.39896" lon="31.16192"/><trkpt lat="60.39271" lon="31.16192"/><trkpt lat="60.38646" lon="31.16267"/><trkpt lat="60.36563" lon="31.16635"/><trkpt lat="60.36146" lon="31.16583"/><trkpt lat="60.35729" lon="31.16406"/><trkpt lat="60.35391" lon="31.16120"/><trkpt lat="60.35260" lon="31.15937"/><trkpt lat="60.34906" lon="31.15104"/><trkpt lat="60.34571" lon="31.13646"/><trkpt lat="60.34494" lon="31.13021"/><trkpt lat="60.34509" lon="31.12604"/><trkpt lat="60.34849" lon="31.10521"/><trkpt lat="60.35330" lon="31.08646"/><trkpt lat="60.36198" lon="31.06910"/><trkpt lat="60.36935" lon="31.05260"/><trkpt lat="60.38148" lon="31.03167"/><trkpt lat="60.38461" lon="31.02693"/><trkpt lat="60.38958" lon="31.02106"/><trkpt lat="60.41276" lon="31.00763"/><trkpt lat="60.42023" lon="31.00052"/><trkpt lat="60.42325" lon="30.99609"/><trkpt lat="60.42521" lon="30.99062"/><trkpt lat="60.42630" lon="30.98437"/><trkpt lat="60.42625" lon="30.96367"/><trkpt lat="60.42721" lon="30.96016"/><trkpt lat="60.42997" lon="30.95495"/><trkpt lat="60.43309" lon="30.95236"/><trkpt lat="60.44583" lon="30.94400"/><trkpt lat="60.46344" lon="30.93009"/><trkpt lat="60.47026" lon="30.92634"/><trkpt lat="60.48281" lon="30.92104"/><trkpt lat="60.49006" lon="30.91611"/><trkpt lat="60.49489" lon="30.91181"/><trkpt lat="60.49915" lon="30.90660"/><trkpt lat="60.50341" lon="30.90000"/></trkseg>
<trkseg><trkpt lat="60.54419" lon="30.90000"/><trkpt lat="60.54510" lon="30.90135"/><trkpt lat="60.54949" lon="30.91146"/><trkpt lat="60.55143" lon="30.91979"/><trkpt lat="60.55154" lon="30.92604"/><trkpt lat="60.55096" lon="30.93021"/><trkpt lat="60.54720" lon="30.94462"/><trkpt lat="60.54554" lon="30.95312"/><trkpt lat="60.54446" lon="30.96562"/><trkpt lat="60.54435" lon="30.97812"/><trkpt lat="60.54538" lon="30.98795"/><trkpt lat="60.55208" lon="30.99563"/><trkpt lat="60.55430" lon="30.99710"/><trkpt lat="60.56146" lon="31.00026"/><trkpt lat="60.57208" lon="31.00378"/><trkpt lat="60.58042" lon="31.00500"/><trkpt lat="60.59271" lon="31.00450"/><trkpt lat="60.60104" lon="31.00243"/><trkpt lat="60.60729" lon="30.99931"/><trkpt lat="60.61334" lon="30.99462"/><trkpt lat="60.62043" lon="30.98676"/><trkpt lat="60.63845" lon="30.96328"/><trkpt lat="60.64389" lon="30.95355"/><trkpt lat="60.64640" lon="30.94574"/><trkpt lat="60.65093" lon="30.91979"/><trkpt lat="60.65367" lon="30.91185"/><trkpt lat="60.65733" lon="30.90502"/><trkpt lat="60.66103" lon="30.90000"/></trkseg>
<trkseg><trkpt lat="60.44062" lon="31.16449"/><trkpt lat="60.44687" lon="31.16468"/><trkpt lat="60.45104" lon="31.16354"/><trkpt lat="60.45438" lon="31.16111"/><trkpt lat="60.45563" lon="31.15937"/><trkpt lat="60.45708" lon="31.15521"/><trkpt lat="60.45660" lon="31.15104"/><trkpt lat="60.45438" lon="31.14719"/><trkpt lat="60.45104" lon="31.14458"/><trkpt lat="60.44705" lon="31.14333"/><trkpt lat="60.44375" lon="31.14375"/><trkpt lat="60.43854" lon="31.14732"/><trkpt lat="60.43424" lon="31.15193"/><trkpt lat="60.43333" lon="31.15357"/><trkpt lat="60.43268" lon="31.15729"/><trkpt lat="60.43340" lon="31.16103"/><trkpt lat="60.43405" lon="31.16226"/><trkpt lat="60.43594" lon="31.16345"/><trkpt lat="60.44062" lon="31.16449"/></trkseg>
</trk>
<trk><name>Изобата 30 м (модель ~1 км)</name><type>isobath</type>
<trkseg><trkpt lat="60.80000" lon="32.55626"/><trkpt lat="60.79531" lon="32.55464"/><trkpt lat="60.78704" lon="32.54913"/><trkpt lat="60.77783" lon="32.54193"/><trkpt lat="60.75433" lon="32.52740"/><trkpt lat="60.73730" lon="32.51287"/><trkpt lat="60.73029" lon="32.50521"/><trkpt lat="60.72116" lon="32.49237"/><trkpt lat="60.71671" lon="32.48710"/><trkpt lat="60.71290" lon="32.48442"/><trkpt lat="60.70729" lon="32.48238"/><trkpt lat="60.70104" lon="32.48188"/><trkpt lat="60.69687" lon="32.48258"/><trkpt lat="60.69271" lon="32.48400"/><trkpt lat="60.68642" lon="32.48710"/><trkpt lat="60.67211" lon="32.49727"/><trkpt lat="60.66563" lon="32.50105"/><trkpt lat="60.66121" lon="32.50332"/><trkpt lat="60.65104" lon="32.50728"/><trkpt lat="60.64479" lon="32.50901"/><trkpt lat="60.63038" lon="32.51102"/><trkpt lat="60.61944" lon="32.51344"/><trkpt lat="60.61146" lon="32.51446"/><trkpt lat="60.58594" lon="32.51284"/><trkpt lat="60.57943" lon="32.51178"/><trkpt lat="60.57396" lon="32.50989"/><trkpt lat="60.56290" lon="32.50402"/><trkpt lat="60.55413" lon="32.49797"/><trkpt lat="60.55037" lon="32.49497"/><trkpt lat="60.54397" lon="32.48862"/><trkpt lat="60.53822" lon="32.48021"/><trkpt lat="60.52869" lon="32.46295"/><trkpt lat="60.52670" lon="32.45521"/><trkpt lat="60.52696" lon="32.45104"/><trkpt lat="60.52865" lon="32.44531"/><trkpt lat="60.53676" lon="32.43021"/><trkpt lat="60.53924" lon="32.42396"/><trkpt lat="60.54028" lon="32.41771"/><trkpt lat="60.54010" lon="32.41367"/><trkpt lat="60.53924" lon="32.41016"/><trkpt lat="60.53646" lon="32.40495"/><trkpt lat="60.52990" lon="32.39954"/><trkpt lat="60.52604" lon="32.39796"/><trkpt lat="60.50729" lon="32.39479"/><trkpt lat="60.50104" lon="32.39167"/><trkpt lat="60.49727" lon="32.38823"/><trkpt lat="60.49505" lon="32.38437"/><trkpt lat="60.49284" lon="32.37187"/><trkpt lat="60.48785" lon="32.36146"/><trkpt lat="60.48750" lon="32.34896"/><trkpt lat="60.48828" lon="32.34479"/><trkpt lat="60.49156" lon="32.33646"/><trkpt lat="60.49312" lon="32.32604"/><trkpt lat="60.50122" lon="32.28646"/><trkpt lat="60.51266" lon="32.24479"/><trkpt lat="60.51645" lon="32.22812"/><trkpt lat="60.51740" lon="32.21979"/><trkpt lat="60.51769" lon="32.21146"/><trkpt lat="60.51760" lon="32.16146"/><trkpt lat="60.51825" lon="32.15312"/><trkpt lat="60.52083" lon="32.13490"/><trkpt lat="60.52418" lon="32.12187"/><trkpt lat="60.52819" lon="32.11062"/><trkpt lat="60.53420" lon="32.09062"/><trkpt lat="60.54168" lon="32.07396"/><trkpt lat="60.54400" lon="32.06771"/><trkpt lat="60.54752" lon="32.05304"/><trkpt lat="60.54934" lon="32.02396"/><trkpt lat="60.55284" lon="31.99896"/><trkpt lat="60.55346" lon="31.99062"/><trkpt lat="60.55354" lon="31.98021"/><trkpt lat="60.55237" lon="31.96354"/><trkpt lat="60.55230" lon="31.95521"/><trkpt lat="60.55503" lon="31.93229"/><trkpt lat="60.55595" lon="31.91771"/><trkpt lat="60.55489" lon="31.89062"/><trkpt lat="60.55598" lon="31.85729"/><trkpt lat="60.55488" lon="31.84271"/><trkpt lat="60.55213" lon="31.82604"/><trkpt lat="60.54992" lon="31.81771"/><trkpt lat="60.54511" lon="31.80640"/><trkpt lat="60.53802" lon="31.79544"/><trkpt lat="60.52907" lon="31.78542"/><trkpt lat="60.49696" lon="31.75521"/><trkpt lat="60.48837" lon="31.74505"/><trkpt lat="60.47839" lon="31.73047"/><trkpt lat="60.47070" lon="31.72292"/><trkpt lat="60.46233" lon="31.71615"/><trkpt lat="60.45477" lon="31.70521"/><trkpt lat="60.44670" lon="31.69479"/><trkpt lat="60.44435" lon="31.68958"/><trkpt lat="60.44301" lon="31.68437"/><trkpt lat="60.44226" lon="31.67604"/><trkpt lat="60.44254" lon="31.65729"/><trkpt lat="60.44798" lon="31.62812"/><trkpt lat="60.44896" lon="31.61771"/><trkpt lat="60.44861" lon="31.54896"/><trkpt lat="60.44672" lon="31.52604"/><trkpt lat="60.44667" lon="31.49896"/><trkpt lat="60.44729" lon="31.49271"/><trkpt lat="60.44967" lon="31.48437"/><trkpt lat="60.45923" lon="31.46146"/><trkpt lat="60.46322" lon="31.45312"/><trkpt lat="60.47158" lon="31.43839"/><trkpt lat="60.47856" lon="31.42118"/><trkpt lat="60.48411" lon="31.40937"/><trkpt lat="60.48795" lon="31.39844"/><trkpt lat="60.49043" lon="31.38854"/><trkpt lat="60.49153" lon="31.38021"/><trkpt lat="60.49298" lon="31.35521"/><trkpt lat="60.49330" lon="31.32396"/><trkpt lat="60.49547" lon="31.30937"/><trkpt lat="60.50029" lon="31.29271"/><trkpt lat="60.50301" lon="31.28611"/><trkpt lat="60.51413" lon="31.26445"/><trkpt lat="60.51571" lon="31.25729"/><trkpt lat="60.51473" lon="31.25104"/><trkpt lat="60.51384" lon="31.24896"/><trkpt lat="60.51116" lon="31.24521"/><trkpt lat="60.50365" lon="31.23969"/><trkpt lat="60.49444" lon="31.23588"/><trkpt lat="60.48646" lon="31.23106"/><trkpt lat="60.48326" lon="31.22604"/><trkpt lat="60.48102" lon="31.21979"/><trkpt lat="60.48085" lon="31.20937"/><trkpt lat="60.48214" lon="31.19687"/><trkpt lat="60.48328" lon="31.19062"/><trkpt lat="60.48740" lon="31.17597"/><trkpt lat="60.49358" lon="31.16146"/><trkpt lat="60.49579" lon="31.15312"/><trkpt lat="60.49628" lon="31.14687"/><trkpt lat="60.49594" lon="31.12812"/><trkpt lat="60.49699" lon="31.11354"/><trkpt lat="60.49900" lon="31.09687"/><trkpt lat="60.49932" lon="31.08646"/><trkpt lat="60.49863" lon="31.07187"/><trkpt lat="60.49696" lon="31.05547"/><trkpt lat="60.49371" lon="31.04062"/><trkpt lat="60.49160" lon="31.03437"/><trkpt lat="60.48406" lon="31.01962"/><trkpt lat="60.48198" lon="31.01146"/><trkpt lat="60.47743" lon="30.99896"/><trkpt lat="60.47708" lon="30.99705"/><trkpt lat="60.47743" lon="30.99375"/><trkpt lat="60.48090" lon="30.98854"/><trkpt lat="60.48542" lon="30.98601"/><trkpt lat="60.49271" lon="30.98437"/><trkpt lat="60.49458" lon="30.98437"/><trkpt lat="60.49771" lon="30.98527"/><trkpt lat="60.50115" lon="30.98806"/><trkpt lat="60.50431" lon="30.99219"/><trkpt lat="60.50897" lon="31.00482"/><trkpt lat="60.51315" lon="31.01172"/><trkpt lat="60.52069" lon="31.01953"/><trkpt lat="60.52844" lon="31.02443"/><trkpt lat="60.54062" lon="31.02990"/><trkpt lat="60.54492" lon="31.03281"/><trkpt lat="60.55391" lon="31.04023"/><trkpt lat="60.55938" lon="31.04258"/><trkpt lat="60.56354" lon="31.04361"/><trkpt lat="60.57396" lon="31.04388"/><trkpt lat="60.59271" lon="31.04194"/><trkpt lat="60.59896" lon="31.04186"/><trkpt lat="60.61146" lon="31.04298"/><trkpt lat="60.62813" lon="31.04557"/><trkpt lat="60.63438" lon="31.04583"/><trkpt lat="60.63854" lon="31.04451"/><trkpt lat="60.64062" lon="31.04319"/><trkpt lat="60.64544" lon="31.03898"/><trkpt lat="60.65485" lon="31.02954"/><trkpt lat="60.65874" lon="31.02396"/><trkpt lat="60.65944" lon="31.02187"/><trkpt lat="60.65946" lon="31.01979"/><trkpt lat="60.65878" lon="31.01771"/><trkpt lat="60.65631" lon="31.01399"/><trkpt lat="60.64833" lon="31.00345"/><trkpt lat="60.64589" lon="30.99792"/><trkpt lat="60.64539" lon="30.99544"/><trkpt lat="60.64653" lon="30.98958"/><trkpt lat="60.64905" lon="30.98437"/><trkpt lat="60.65356" lon="30.97786"/><trkpt lat="60.66641" lon="30.96497"/><trkpt lat="60.66833" lon="30.96135"/><trkpt lat="60.66866" lon="30.95729"/><trkpt lat="60.66817" lon="30.95312"/><trkpt lat="60.66242" lon="30.92951"/><trkpt lat="60.66410" lon="30.92172"/><trkpt lat="60.66607" lon="30.91771"/><trkpt lat="60.67030" lon="30.91134"/><trkpt lat="60.67907" lon="30.90143"/><trkpt lat="60.68049" lon="30.90000"/></trkseg>
<trkseg><trkpt lat="60.67970" lon="30.99034"/><trkpt lat="60.68024" lon="30.98685"/><trkpt lat="60.67970" lon="30.98437"/><trkpt lat="60.67881" lon="30.98375"/><trkpt lat="60.67768" lon="30.98562"/><trkpt lat="60.67738" lon="30.98804"/><trkpt lat="60.67881" lon="30.99091"/><trkpt lat="60.67970" lon="30.99034"/></trkseg>
<trkseg><trkpt lat="60.62396" lon="31.16927"/><trkpt lat="60.62813" lon="31.17030"/><trkpt lat="60.63229" lon="31.17047"/><trkpt lat="60.63646" lon="31.16980"/><trkpt lat="60.64271" lon="31.16753"/><trkpt lat="60.64603" lon="31.16568"/><trkpt lat="60.64823" lon="31.16386"/><trkpt lat="60.65135" lon="31.15966"/><trkpt lat="60.65428" lon="31.15464"/><trkpt lat="60.65474" lon="31.14479"/><trkpt lat="60.65429" lon="31.12885"/><trkpt lat="60.64990" lon="31.12208"/><trkpt lat="60.64708" lon="31.11927"/><trkpt lat="60.64635" lon="31.11896"/><trkpt lat="60.64516" lon="31.11927"/><trkpt lat="60.63854" lon="31.13003"/><trkpt lat="60.63207" lon="31.13764"/><trkpt lat="60.62924" lon="31.13999"/><trkpt lat="60.62010" lon="31.14474"/><trkpt lat="60.61560" lon="31.15104"/><trkpt lat="60.61422" lon="31.15521"/><trkpt lat="60.61415" lon="31.15729"/><trkpt lat="60.61511" lon="31.16130"/><trkpt lat="60.61719" lon="31.16469"/><trkpt lat="60.61865" lon="31.16615"/><trkpt lat="60.62396" lon="31.16927"/></trkseg>
</trk>
<trk><name>Изобата 50 м (модель ~1 км)</name><type>isobath</type>
<trkseg><trkpt lat="60.80000" lon="31.98303"/><trkpt lat="60.79688" lon="31.98344"/><trkpt lat="60.78759" lon="31.98653"/><trkpt lat="60.76935" lon="31.99531"/><trkpt lat="60.73385" lon="32.02058"/><trkpt lat="60.72752" lon="32.02792"/><trkpt lat="60.72018" lon="32.04077"/><trkpt lat="60.71321" lon="32.05147"/><trkpt lat="60.71134" lon="32.05360"/><trkpt lat="60.70660" lon="32.05677"/><trkpt lat="60.70104" lon="32.05942"/><trkpt lat="60.69375" lon="32.06170"/><trkpt lat="60.68750" lon="32.06302"/><trkpt lat="60.68229" lon="32.06276"/><trkpt lat="60.67604" lon="32.06133"/><trkpt lat="60.67005" lon="32.05859"/><trkpt lat="60.66406" lon="32.05423"/><trkpt lat="60.64635" lon="32.03646"/><trkpt lat="60.64174" lon="32.02990"/><trkpt lat="60.63884" lon="32.02396"/><trkpt lat="60.63693" lon="32.01771"/><trkpt lat="60.63393" lon="32.00104"/><trkpt lat="60.63229" lon="31.98437"/><trkpt lat="60.63095" lon="31.95729"/><trkpt lat="60.62931" lon="31.94687"/><trkpt lat="60.62539" lon="31.93021"/><trkpt lat="60.62514" lon="31.92187"/><trkpt lat="60.62744" lon="31.91198"/><trkpt lat="60.63312" lon="31.89687"/><trkpt lat="60.63549" lon="31.88854"/><trkpt lat="60.63677" lon="31.88021"/><trkpt lat="60.63732" lon="31.86562"/><trkpt lat="60.63865" lon="31.85312"/><trkpt lat="60.64745" lon="31.81562"/><trkpt lat="60.65072" lon="31.79687"/><trkpt lat="60.65200" lon="31.78229"/><trkpt lat="60.65139" lon="31.74896"/><trkpt lat="60.65223" lon="31.72187"/><trkpt lat="60.65391" lon="31.70990"/><trkpt lat="60.65647" lon="31.69687"/><trkpt lat="60.65857" lon="31.68854"/><trkpt lat="60.66345" lon="31.67292"/><trkpt lat="60.66604" lon="31.66146"/><trkpt lat="60.66686" lon="31.65312"/><trkpt lat="60.66624" lon="31.64271"/><trkpt lat="60.66163" lon="31.61562"/><trkpt lat="60.65990" lon="31.61146"/><trkpt lat="60.65677" lon="31.60729"/><trkpt lat="60.65495" lon="31.60573"/><trkpt lat="60.65104" lon="31.60417"/><trkpt lat="60.64896" lon="31.60417"/><trkpt lat="60.64479" lon="31.60323"/><trkpt lat="60.64062" lon="31.60104"/><trkpt lat="60.63672" lon="31.59792"/><trkpt lat="60.63411" lon="31.59271"/><trkpt lat="60.62865" lon="31.57812"/><trkpt lat="60.62141" lon="31.56198"/><trkpt lat="60.60719" lon="31.54510"/><trkpt lat="60.60382" lon="31.53924"/><trkpt lat="60.59910" lon="31.52205"/><trkpt lat="60.58715" lon="31.49635"/><trkpt lat="60.57485" lon="31.45937"/><trkpt lat="60.57340" lon="31.45104"/><trkpt lat="60.57230" lon="31.42187"/><trkpt lat="60.56859" lon="31.40104"/><trkpt lat="60.56744" lon="31.38854"/><trkpt lat="60.56823" lon="31.37604"/><trkpt lat="60.57036" lon="31.35729"/><trkpt lat="60.57548" lon="31.33021"/><trkpt lat="60.57770" lon="31.32024"/><trkpt lat="60.58040" lon="31.31109"/><trkpt lat="60.58530" lon="31.29896"/><trkpt lat="60.59070" lon="31.28833"/><trkpt lat="60.60342" lon="31.26921"/><trkpt lat="60.61066" lon="31.26146"/><trkpt lat="60.61538" lon="31.25764"/><trkpt lat="60.62059" lon="31.25392"/><trkpt lat="60.63021" lon="31.24919"/><trkpt lat="60.63854" lon="31.24606"/><trkpt lat="60.65313" lon="31.24149"/><trkpt lat="60.66259" lon="31.23763"/><trkpt lat="60.67041" lon="31.23021"/><trkpt lat="60.67111" lon="31.22943"/><trkpt lat="60.67328" lon="31.22396"/><trkpt lat="60.67689" lon="31.21173"/><trkpt lat="60.67953" lon="31.20472"/><trkpt lat="60.68610" lon="31.19468"/><trkpt lat="60.69022" lon="31.18947"/><trkpt lat="60.69185" lon="31.18627"/><trkpt lat="60.69319" lon="31.17812"/><trkpt lat="60.69284" lon="31.16562"/><trkpt lat="60.69332" lon="31.16146"/><trkpt lat="60.69634" lon="31.15312"/><trkpt lat="60.70415" lon="31.13542"/><trkpt lat="60.70590" lon="31.12982"/><trkpt lat="60.70663" lon="31.12396"/><trkpt lat="60.70585" lon="31.11819"/><trkpt lat="60.70383" lon="31.11298"/><trkpt lat="60.69633" lon="31.10036"/><trkpt lat="60.69497" lon="31.09731"/><trkpt lat="60.68993" lon="31.07396"/><trkpt lat="60.68810" lon="31.06860"/><trkpt lat="60.68486" lon="31.06287"/><trkpt lat="60.68371" lon="31.05729"/><trkpt lat="60.68418" lon="31.05327"/><trkpt lat="60.69017" lon="31.04062"/><trkpt lat="60.69497" lon="31.02559"/><trkpt lat="60.69740" lon="31.02246"/><trkpt lat="60.70156" lon="31.02015"/><trkpt lat="60.70371" lon="31.01947"/><trkpt lat="60.70612" lon="31.01970"/><trkpt lat="60.71387" lon="31.02329"/><trkpt lat="60.71979" lon="31.02499"/><trkpt lat="60.72396" lon="31.02498"/><trkpt lat="60.73125" lon="31.02279"/><trkpt lat="60.73646" lon="31.01963"/><trkpt lat="60.74056" lon="31.01490"/><trkpt lat="60.74369" lon="31.00977"/><trkpt lat="60.74837" lon="30.99896"/><trkpt lat="60.74876" lon="30.99696"/><trkpt lat="60.74820" lon="30.99323"/><trkpt lat="60.74487" lon="30.98740"/><trkpt lat="60.73606" lon="30.98081"/><trkpt lat="60.72949" lon="30.97663"/><trkpt lat="60.71771" lon="30.97337"/><trkpt lat="60.71221" lon="30.97134"/><trkpt lat="60.70755" lon="30.96562"/><trkpt lat="60.70471" lon="30.96071"/><trkpt lat="60.70387" lon="30.95358"/><trkpt lat="60.70670" lon="30.94658"/><trkpt lat="60.71209" lon="30.93626"/><trkpt lat="60.71562" lon="30.93368"/><trkpt lat="60.71979" lon="30.93148"/><trkpt lat="60.72396" lon="30.93030"/><trkpt lat="60.73003" lon="30.92939"/><trkpt lat="60.73776" lon="30.92095"/><trkpt lat="60.73229" lon="30.91821"/><trkpt lat="60.72041" lon="30.91362"/><trkpt lat="60.71602" lon="30.90521"/><trkpt lat="60.71419" lon="30.90000"/></trkseg>
<trkseg><trkpt lat="60.80000" lon="30.92867"/><trkpt lat="60.79646" lon="30.92946"/><trkpt lat="60.79063" lon="30.93223"/><trkpt lat="60.78625" lon="30.93519"/><trkpt lat="60.77903" lon="30.94263"/><trkpt lat="60.77056" lon="30.95391"/><trkpt lat="60.76956" lon="30.95937"/><trkpt lat="60.76948" lon="30.96307"/><trkpt lat="60.77150" lon="30.96927"/><trkpt lat="60.77671" lon="30.97493"/><trkpt lat="60.78034" lon="30.97805"/><trkpt lat="60.78704" lon="30.98149"/><trkpt lat="60.79661" lon="30.98530"/><trkpt lat="60.80000" lon="30.98653"/></trkseg>
<trkseg><trkpt lat="60.80000" lon="31.04242"/><trkpt lat="60.79594" lon="31.03883"/><trkpt lat="60.79132" lon="31.03672"/><trkpt lat="60.78813" lon="31.03582"/><trkpt lat="60.78438" lon="31.03547"/><trkpt lat="60.77784" lon="31.03628"/><trkpt lat="60.77384" lon="31.03924"/><trkpt lat="60.77018" lon="31.04352"/><trkpt lat="60.76885" lon="31.04716"/><trkpt lat="60.76767" lon="31.05312"/><trkpt lat="60.76754" lon="31.05729"/><trkpt lat="60.76845" lon="31.06354"/><trkpt lat="60.76975" lon="31.06771"/><trkpt lat="60.77259" lon="31.07396"/><trkpt lat="60.77780" lon="31.08258"/><trkpt lat="60.77984" lon="31.08483"/><trkpt lat="60.78435" lon="31.08836"/><trkpt lat="60.78939" lon="31.09479"/><trkpt lat="60.79040" lon="31.09722"/><trkpt lat="60.79144" lon="31.13437"/><trkpt lat="60.79085" lon="31.13854"/><trkpt lat="60.78906" lon="31.14271"/><trkpt lat="60.78880" lon="31.14427"/><trkpt lat="60.78932" lon="31.14531"/><trkpt lat="60.79063" lon="31.14583"/><trkpt lat="60.80000" lon="31.14569"/></trkseg>
<trkseg><trkpt lat="60.80000" lon="32.42549"/><trkpt lat="60.78672" lon="32.42894"/><trkpt lat="60.77396" lon="32.43078"/><trkpt lat="60.75313" lon="32.43203"/><trkpt lat="60.74688" lon="32.43321"/><trkpt lat="60.72396" lon="32.44109"/><trkpt lat="60.70312" lon="32.44625"/><trkpt lat="60.69687" lon="32.44850"/><trkpt lat="60.69271" lon="32.45061"/><trkpt lat="60.67102" lon="32.46447"/><trkpt lat="60.66146" lon="32.46826"/><trkpt lat="60.65313" lon="32.46980"/><trkpt lat="60.64271" lon="32.47000"/><trkpt lat="60.63229" lon="32.46894"/><trkpt lat="60.62396" lon="32.46663"/><trkpt lat="60.61799" lon="32.46364"/><trkpt lat="60.61487" lon="32.45966"/><trkpt lat="60.61229" lon="32.45427"/><trkpt lat="60.61441" lon="32.44870"/><trkpt lat="60.61635" lon="32.44512"/><trkpt lat="60.62155" lon="32.43875"/><trkpt lat="60.64744" lon="32.41243"/><trkpt lat="60.65557" lon="32.40584"/><trkpt lat="60.67057" lon="32.39571"/><trkpt lat="60.67973" lon="32.38830"/><trkpt lat="60.69749" lon="32.37178"/><trkpt lat="60.71101" lon="32.36011"/><trkpt lat="60.71745" lon="32.35322"/><trkpt lat="60.72854" lon="32.33638"/><trkpt lat="60.73785" lon="32.32943"/><trkpt lat="60.75781" lon="32.32085"/><trkpt lat="60.76094" lon="32.31786"/><trkpt lat="60.76380" lon="32.31384"/><trkpt lat="60.76476" lon="32.30937"/><trkpt lat="60.76543" lon="32.29479"/><trkpt lat="60.76645" lon="32.28646"/><trkpt lat="60.76846" lon="32.27812"/><trkpt lat="60.77267" lon="32.26562"/><trkpt lat="60.77842" lon="32.25360"/><trkpt lat="60.79556" lon="32.22882"/><trkpt lat="60.79781" lon="32.22170"/><trkpt lat="60.79868" lon="32.21354"/><trkpt lat="60.79810" lon="32.20312"/><trkpt lat="60.79681" lon="32.19271"/><trkpt lat="60.79192" lon="32.16771"/><trkpt lat="60.79126" lon="32.15937"/><trkpt lat="60.79159" lon="32.15312"/><trkpt lat="60.79331" lon="32.14479"/><trkpt lat="60.80000" lon="32.12258"/></trkseg>
<trkseg><trkpt lat="60.75729" lon="31.16409"/><trkpt lat="60.76823" lon="31.16225"/><trkpt lat="60.78177" lon="31.15479"/><trkpt lat="60.78385" lon="31.15271"/><trkpt lat="60.78620" lon="31.14774"/><trkpt lat="60.78568" lon="31.14740"/><trkpt lat="60.78021" lon="31.15022"/><trkpt lat="60.77813" lon="31.15067"/><trkpt lat="60.76771" lon="31.14975"/><trkpt lat="60.75729" lon="31.15074"/><trkpt lat="60.75270" lon="31.15218"/><trkpt lat="60.75172" lon="31.15298"/><trkpt lat="60.75067" lon="31.15553"/><trkpt lat="60.75084" lon="31.15937"/><trkpt lat="60.75169" lon="31.16235"/><trkpt lat="60.75305" lon="31.16374"/><trkpt lat="60.75729" lon="31.16409"/></trkseg>
</trk>
<trk><name>Изобата 70 м (модель ~1 км)</name><type>isobath</type>
<trkseg><trkpt lat="60.80000" lon="31.46746"/><trkpt lat="60.79896" lon="31.46741"/><trkpt lat="60.78021" lon="31.46885"/><trkpt lat="60.77604" lon="31.46854"/><trkpt lat="60.76979" lon="31.46667"/><trkpt lat="60.76562" lon="31.46437"/><trkpt lat="60.76031" lon="31.45937"/><trkpt lat="60.75177" lon="31.44616"/><trkpt lat="60.74525" lon="31.43789"/><trkpt lat="60.72878" lon="31.42448"/><trkpt lat="60.72014" lon="31.41380"/><trkpt lat="60.71345" lon="31.40651"/><trkpt lat="60.71094" lon="31.40482"/><trkpt lat="60.69896" lon="31.40281"/><trkpt lat="60.69479" lon="31.40169"/><trkpt lat="60.68893" lon="31.39865"/><trkpt lat="60.68620" lon="31.39661"/><trkpt lat="60.67869" lon="31.38646"/><trkpt lat="60.66597" lon="31.36380"/><trkpt lat="60.65445" lon="31.34509"/><trkpt lat="60.65001" lon="31.33437"/><trkpt lat="60.64852" lon="31.32812"/><trkpt lat="60.64881" lon="31.32187"/><trkpt lat="60.65020" lon="31.31771"/><trkpt lat="60.65421" lon="31.31042"/><trkpt lat="60.66424" lon="31.29697"/><trkpt lat="60.67254" lon="31.28973"/><trkpt lat="60.68726" lon="31.27879"/><trkpt lat="60.69514" lon="31.27014"/><trkpt lat="60.69962" lon="31.26319"/><trkpt lat="60.70118" lon="31.25937"/><trkpt lat="60.70243" lon="31.25312"/><trkpt lat="60.70180" lon="31.23229"/><trkpt lat="60.70265" lon="31.22780"/><trkpt lat="60.70326" lon="31.22689"/><trkpt lat="60.70558" lon="31.22570"/><trkpt lat="60.70937" lon="31.22535"/><trkpt lat="60.71354" lon="31.22600"/><trkpt lat="60.71771" lon="31.22770"/><trkpt lat="60.72109" lon="31.23048"/><trkpt lat="60.72656" lon="31.23924"/><trkpt lat="60.73906" lon="31.25312"/><trkpt lat="60.74526" lon="31.26146"/><trkpt lat="60.74896" lon="31.26562"/><trkpt lat="60.75521" lon="31.27148"/><trkpt lat="60.77493" lon="31.28707"/><trkpt lat="60.78010" lon="31.29323"/><trkpt lat="60.78130" lon="31.29557"/><trkpt lat="60.78328" lon="31.30312"/><trkpt lat="60.78490" lon="31.30729"/><trkpt lat="60.79516" lon="31.32812"/><trkpt lat="60.79646" lon="31.33229"/><trkpt lat="60.80000" lon="31.34896"/></trkseg>
<trkseg><trkpt lat="60.80000" lon="31.89661"/><trkpt lat="60.79643" lon="31.89893"/><trkpt lat="60.78822" lon="31.90528"/><trkpt lat="60.78014" lon="31.91467"/><trkpt lat="60.77098" lon="31.92951"/><trkpt lat="60.76319" lon="31.93899"/><trkpt lat="60.75990" lon="31.94211"/><trkpt lat="60.75391" lon="31.94691"/><trkpt lat="60.74063" lon="31.95239"/><trkpt lat="60.73438" lon="31.95288"/><trkpt lat="60.73035" lon="31.95181"/><trkpt lat="60.72689" lon="31.94962"/><trkpt lat="60.72114" lon="31.94297"/><trkpt lat="60.71783" lon="31.93437"/><trkpt lat="60.71422" lon="31.92187"/><trkpt lat="60.71241" lon="31.91146"/><trkpt lat="60.71130" lon="31.90104"/><trkpt lat="60.70955" lon="31.88646"/><trkpt lat="60.70474" lon="31.86354"/><trkpt lat="60.70478" lon="31.85521"/><trkpt lat="60.70673" lon="31.84896"/><trkpt lat="60.71533" lon="31.83005"/><trkpt lat="60.72094" lon="31.80696"/><trkpt lat="60.72399" lon="31.79896"/><trkpt lat="60.72911" lon="31.78885"/><trkpt lat="60.73713" lon="31.77837"/><trkpt lat="60.74622" lon="31.76994"/><trkpt lat="60.75432" lon="31.76432"/><trkpt lat="60.76071" lon="31.76076"/><trkpt lat="60.76771" lon="31.75842"/><trkpt lat="60.77813" lon="31.75690"/><trkpt lat="60.78646" lon="31.75748"/><trkpt lat="60.79625" lon="31.76010"/><trkpt lat="60.80000" lon="31.76214"/></trkseg>
</trk>
</gpx>