{"type":"FeatureCollection","name":"Глубины ВВП 2023: устье Волхова и Волховский бар (по схеме Волго-Балта 2025)","description":"300 отметок глубин, прочитанных вручную со схемы ФБУ «Администрация «Волго-Балт» «Район установки орудий лова ладожской корюшки в устье р. Волхов» (путина 2025; фон — государственная ЭНК ВВП «Река Волхов, Волховский бар», изд. 2023). Глубины от проектного уровня ВВП (ПУ ≈ 4,0 м БС), то есть на ~1,1 м меньше, чем при среднем многолетнем уровне, от которого считает модель сайта: depth_mean_level_m = depth_m + 1,1. В конце сентября 2026 г. уровень на 0,3–0,4 м ниже ПУ (консультация Волго-Балта): фактическая глубина ≈ depth_m − 0,35. Проверка: привязка по вершинам (ГСК-2011) и по сетке ЭНК — ошибка ≤ 2 м; выборочная перепроверка 98 чисел — 0 ошибок. Не для судовождения.","level_offsets":{"to_mean_level_m":1.1,"to_2026_09_late_m":-0.35,"note":"ПУ 4,00 м БС; средний многолетний уровень 5,1 м БС (карты ГУНиО); ожидаемо 21–30.09.2026: Сясьские Рядки 3,70 м БС, участок Ст. Ладога – устье: глубина 310 см при гарантированной 350 см"},"attribution":"Отметки глубин прочитаны со схемы ФБУ «Администрация «Волго-Балт» (volgo-balt.ru, «Районы установки орудий лова», 2025); источник — ЭНК ВВП «Река Волхов, Волховский бар», изд. 2023. Не для навигации.","sources":{"ЭНК ВВП / Волго-Балт 2025: устье Волхова":{"scheme_pdf":"https://www.volgo-balt.ru/upload/medialibrary/c28/xgd5pc2uh0blgzow4bap1e1laurtwfjj.pdf","enc_cells":"8R520900 (1:25 000) и 8R6209xx (1:10 000), набор «Река Волхов, Волховский бар», изд. 2023-09-21","scheme_scale":"1:25 000","survey_year":2023,"survey_year_note":"год издания ячеек ЭНК (2023-09-21); год промера на схеме не указан","datum":"ПУ — проектный уровень ВВП (южная Ладога: 4,00 м БС, пост Сясьские Рядки; Приказ Минтранса от 16.02.2026 № 66, п. 7). На схеме не подписан; подтверждён сравнением: на склонах бара вдали от фарватера отметки ЭНК на 1,1–1,2 м меньше карты ГУНиО 28081 (1984; нуль — средний многолетний уровень +5,1 м БС), то есть ровно на разницу уровней 5,1 − 4,0.","vs_model":"после приведения к среднему уровню (+1,1 м): склоны бара совпадают с моделью (медиана −0,1 м); фарватер и полоса 250 м вдоль него глубже модели на 1,4–1,5 м, устье реки — на 1,4–1,8 м (дноуглубление или размыв после 1984 г.); озёрная часть севернее 60,145° вдали от фарватера мельче модели на ~0,4 м (не подтверждено)","to_model_datum_m":1.1}},"stats":{"n":300,"min":0.2,"max":5.4,"by_kind":{"sounding":285,"fairway":14,"obstruction":1},"by_zone":{"lake":91,"channel":103,"bar_flank":54,"mouth":52}},"review":"research/fresh_depth.md","features":[{"type":"Feature","geometry":{"type":"Point","coordinates":[32.322641,60.159332]},"properties":{"depth_m":4.6,"kind":"sounding","source":"ЭНК ВВП / Волго-Балт 2025: устье Волхова","survey_year":2023,"model_depth_m":6.31,"model_minus_enc_m":1.71,"datum":"ПУ","to_model_datum_m":1.1,"depth_mean_level_m":5.7,"change_vs_model_m":-0.6,"zone":"lake"}},{"type":"Feature","geometry":{"type":"Point","coordinates":[32.323187,60.160345]},"properties":{"depth_m":4.6,"kind":"sounding","source":"ЭНК ВВП / Волго-Балт 2025: устье Волхова","survey_year":2023,"model_depth_m":6.22,"model_minus_enc_m":1.62,"datum":"ПУ","to_model_datum_m":1.1,"depth_mean_level_m":5.7,"change_vs_model_m":-0.5,"zone":"lake"}},{"type":"Feature","geometry":{"type":"Point","coordinates":[32.335769,60.159373]},"properties":{"depth_m":4.6,"kind":"sounding","source":"ЭНК ВВП / Волго-Балт 2025: устье Волхова","survey_year":2023,"model_depth_m":6.44,"model_minus_enc_m":1.84,"datum":"ПУ","to_model_datum_m":1.1,"depth_mean_level_m":5.7,"change_vs_model_m":-0.7,"zone":"lake"}},{"type":"Feature","geometry":{"type":"Point","coordinates":[32.336354,60.16038]},"properties":{"depth_m":4.8,"kind":"sounding","source":"ЭНК ВВП / Волго-Балт 2025: устье Волхова","survey_year":2023,"model_depth_m":6.7,"model_minus_enc_m":1.9,"datum":"ПУ","to_model_datum_m":1.1,"depth_mean_level_m":5.9,"change_vs_model_m":-0.8,"zone":"lake"}},{"type":"Feature","geometry":{"type":"Point","coordinates":[32.339782,60.159842]},"properties":{"depth_m":4.8,"kind":"sounding","source":"ЭНК ВВП / Волго-Балт 2025: устье Волхова","survey_year":2023,"model_depth_m":6.43,"model_minus_enc_m":1.63,"datum":"ПУ","to_model_datum_m":1.1,"depth_mean_level_m":5.9,"change_vs_model_m":-0.5,"zone":"lake"}},{"type":"Feature","geometry":{"type":"Point","coordinates":[32.34222,60.160539]},"properties":{"depth_m":4.6,"kind":"sounding","source":"ЭНК ВВП / Волго-Балт 2025: устье Волхова","survey_year":2023,"model_depth_m":6.0,"model_minus_enc_m":1.4,"datum":"ПУ","to_model_datum_m":1.1,"depth_mean_level_m":5.7,"change_vs_model_m":-0.3,"zone":"channel"}},{"type":"Feature","geometry":{"type":"Point","coordinates":[32.343502,60.1594]},"properties":{"depth_m":4.6,"kind":"sounding","source":"ЭНК ВВП / Волго-Балт 2025: устье Волхова","survey_year":2023,"model_depth_m":5.52,"model_minus_enc_m":0.92,"datum":"ПУ","to_model_datum_m":1.1,"depth_mean_level_m":5.7,"change_vs_model_m":0.2,"zone":"channel"}},{"type":"Feature","geometry":{"type":"Point","coordinates":[32.349888,60.159964]},"properties":{"depth_m":4.6,"kind":"sounding","source":"ЭНК ВВП / Волго-Балт 2025: устье Волхова","survey_year":2023,"model_depth_m":6.51,"model_minus_enc_m":1.91,"datum":"ПУ","to_model_datum_m":1.1,"depth_mean_level_m":5.7,"change_vs_model_m":-0.8,"zone":"channel"}},{"type":"Feature","geometry":{"type":"Point","coordinates":[32.351933,60.159351]},"properties":{"depth_m":4.8,"kind":"sounding","source":"ЭНК ВВП / Волго-Балт 2025: устье Волхова","survey_year":2023,"model_depth_m":6.6,"model_minus_enc_m":1.8,"datum":"ПУ","to_model_datum_m":1.1,"depth_mean_level_m":5.9,"change_vs_model_m":-0.7,"zone":"lake"}},{"type":"Feature","geometry":{"type":"Point","coordinates":[32.352872,60.160402]},"properties":{"depth_m":4.8,"kind":"sounding","source":"ЭНК ВВП / Волго-Балт 2025: устье Волхова","survey_year":2023,"model_depth_m":6.61,"model_minus_enc_m":1.81,"datum":"ПУ","to_model_datum_m":1.1,"depth_mean_level_m":5.9,"change_vs_model_m":-0.7,"zone":"lake"}},{"type":"Feature","geometry":{"type":"Point","coordinates":[32.353926,60.159617]},"properties":{"depth_m":4.4,"kind":"sounding","source":"ЭНК ВВП / Волго-Балт 2025: устье Волхова","survey_year":2023,"model_depth_m":6.6,"model_minus_enc_m":2.2,"datum":"ПУ","to_model_datum_m":1.1,"depth_mean_level_m":5.5,"change_vs_model_m":-1.1,"zone":"lake"}},{"type":"Feature","geometry":{"type":"Point","coordinates":[32.357761,60.160232]},"properties":{"depth_m":5.4,"kind":"sounding","source":"ЭНК ВВП / Волго-Балт 2025: устье Волхова","survey_year":2023,"model_depth_m":6.93,"model_minus_enc_m":1.53,"datum":"ПУ","to_model_datum_m":1.1,"depth_mean_level_m":6.5,"change_vs_model_m":-0.4,"zone":"lake"}},{"type":"Feature","geometry":{"type":"Point","coordinates":[32.321828,60.157426]},"properties":{"depth_m":4.4,"kind":"sounding","source":"ЭНК ВВП / Волго-Балт 2025: устье Волхова","survey_year":2023,"model_depth_m":6.2,"model_minus_enc_m":1.8,"datum":"ПУ","to_model_datum_m":1.1,"depth_mean_level_m":5.5,"change_vs_model_m":-0.7,"zone":"lake"}},{"type":"Feature","geometry":{"type":"Point","coordinates":[32.32683,60.15818]},"properties":{"depth_m":4.4,"kind":"sounding","source":"ЭНК ВВП / Волго-Балт 2025: устье Волхова","survey_year":2023,"model_depth_m":6.13,"model_minus_enc_m":1.73,"datum":"ПУ","to_model_datum_m":1.1,"depth_mean_level_m":5.5,"change_vs_model_m":-0.6,"zone":"lake"}},{"type":"Feature","geometry":{"type":"Point","coordinates":[32.327326,60.159092]},"properties":{"depth_m":4.4,"kind":"sounding","source":"ЭНК ВВП / Волго-Балт 2025: устье Волхова","survey_year":2023,"model_depth_m":6.42,"model_minus_enc_m":2.02,"datum":"ПУ","to_model_datum_m":1.1,"depth_mean_level_m":5.5,"change_vs_model_m":-0.9,"zone":"lake"}},{"type":"Feature","geometry":{"type":"Point","coordinates":[32.329801,60.157389]},"properties":{"depth_m":4.0,"kind":"sounding","source":"ЭНК ВВП / Волго-Балт 2025: устье Волхова","survey_year":2023,"model_depth_m":5.7,"model_minus_enc_m":1.7,"datum":"ПУ","to_model_datum_m":1.1,"depth_mean_level_m":5.1,"change_vs_model_m":-0.6,"zone":"lake"}},{"type":"Feature","geometry":{"type":"Point","coordinates":[32.330297,60.158434]},"properties":{"depth_m":4.2,"kind":"sounding","source":"ЭНК ВВП / Волго-Балт 2025: устье Волхова","survey_year":2023,"model_depth_m":5.92,"model_minus_enc_m":1.72,"datum":"ПУ","to_model_datum_m":1.1,"depth_mean_level_m":5.3,"change_vs_model_m":-0.6,"zone":"lake"}},{"type":"Feature","geometry":{"type":"Point","coordinates":[32.334855,60.157321]},"properties":{"depth_m":4.4,"kind":"sounding","source":"ЭНК ВВП / Волго-Балт 2025: устье Волхова","survey_year":2023,"model_depth_m":5.58,"model_minus_enc_m":1.18,"datum":"ПУ","to_model_datum_m":1.1,"depth_mean_level_m":5.5,"change_vs_model_m":-0.1,"zone":"lake"}},{"type":"Feature","geometry":{"type":"Point","coordinates":[32.33549,60.158429]},"properties":{"depth_m":4.4,"kind":"sounding","source":"ЭНК ВВП / Волго-Балт 2025: устье Волхова","survey_year":2023,"model_depth_m":6.14,"model_minus_enc_m":1.74,"datum":"ПУ","to_model_datum_m":1.1,"depth_mean_level_m":5.5,"change_vs_model_m":-0.6,"zone":"lake"}},{"type":"Feature","geometry":{"type":"Point","coordinates":[32.339413,60.157556]},"properties":{"depth_m":4.6,"kind":"sounding","source":"ЭНК ВВП / Волго-Балт 2025: устье Волхова","survey_year":2023,"model_depth_m":6.06,"model_minus_enc_m":1.46,"datum":"ПУ","to_model_datum_m":1.1,"depth_mean_level_m":5.7,"change_vs_model_m":-0.4,"zone":"lake"}},{"type":"Feature","geometry":{"type":"Point","coordinates":[32.339693,60.158842]},"properties":{"depth_m":4.1,"kind":"sounding","source":"ЭНК ВВП / Волго-Балт 2025: устье Волхова","survey_year":2023,"model_depth_m":6.36,"model_minus_enc_m":2.26,"datum":"ПУ","to_model_datum_m":1.1,"depth_mean_level_m":5.2,"change_vs_model_m":-1.2,"zone":"lake"}},{"type":"Feature","geometry":{"type":"Point","coordinates":[32.34161,60.158734]},"properties":{"depth_m":4.6,"kind":"sounding","source":"ЭНК ВВП / Волго-Балт 2025: устье Волхова","survey_year":2023,"model_depth_m":5.34,"model_minus_enc_m":0.74,"datum":"ПУ","to_model_datum_m":1.1,"depth_mean_level_m":5.7,"change_vs_model_m":0.4,"zone":"channel"}},{"type":"Feature","geometry":{"type":"Point","coordinates":[32.343425,60.15712]},"properties":{"depth_m":4.8,"kind":"sounding","source":"ЭНК ВВП / Волго-Балт 2025: устье Волхова","survey_year":2023,"model_depth_m":4.57,"model_minus_enc_m":-0.23,"datum":"ПУ","to_model_datum_m":1.1,"depth_mean_level_m":5.9,"change_vs_model_m":1.3,"zone":"channel"}},{"type":"Feature","geometry":{"type":"Point","coordinates":[32.343514,60.158437]},"properties":{"depth_m":4.0,"kind":"sounding","source":"ЭНК ВВП / Волго-Балт 2025: устье Волхова","survey_year":2023,"model_depth_m":4.83,"model_minus_enc_m":0.83,"datum":"ПУ","to_model_datum_m":1.1,"depth_mean_level_m":5.1,"change_vs_model_m":0.3,"zone":"channel"}},{"type":"Feature","geometry":{"type":"Point","coordinates":[32.345431,60.157779]},"properties":{"depth_m":4.7,"kind":"fairway","source":"ЭНК ВВП / Волго-Балт 2025: устье Волхова","survey_year":2023,"model_depth_m":4.96,"model_minus_enc_m":0.26,"datum":"ПУ","to_model_datum_m":1.1,"depth_mean_level_m":5.8,"change_vs_model_m":0.8,"zone":"channel"}},{"type":"Feature","geometry":{"type":"Point","coordinates":[32.345749,60.158874]},"properties":{"depth_m":5.2,"kind":"fairway","source":"ЭНК ВВП / Волго-Балт 2025: устье Волхова","survey_year":2023,"model_depth_m":5.72,"model_minus_enc_m":0.52,"datum":"ПУ","to_model_datum_m":1.1,"depth_mean_level_m":6.3,"change_vs_model_m":0.6,"zone":"channel"}},{"type":"Feature","geometry":{"type":"Point","coordinates":[32.346612,60.15733]},"properties":{"depth_m":4.8,"kind":"sounding","source":"ЭНК ВВП / Волго-Балт 2025: устье Волхова","survey_year":2023,"model_depth_m":5.03,"model_minus_enc_m":0.23,"datum":"ПУ","to_model_datum_m":1.1,"depth_mean_level_m":5.9,"change_vs_model_m":0.9,"zone":"channel"}},{"type":"Feature","geometry":{"type":"Point","coordinates":[32.347577,60.159191]},"properties":{"depth_m":5.4,"kind":"sounding","source":"ЭНК ВВП / Волго-Балт 2025: устье Волхова","survey_year":2023,"model_depth_m":6.2,"model_minus_enc_m":0.8,"datum":"ПУ","to_model_datum_m":1.1,"depth_mean_level_m":6.5,"change_vs_model_m":0.3,"zone":"channel"}},{"type":"Feature","geometry":{"type":"Point","coordinates":[32.34839,60.157887]},"properties":{"depth_m":4.8,"kind":"sounding","source":"ЭНК ВВП / Волго-Балт 2025: устье Волхова","survey_year":2023,"model_depth_m":6.15,"model_minus_enc_m":1.35,"datum":"ПУ","to_model_datum_m":1.1,"depth_mean_level_m":5.9,"change_vs_model_m":-0.2,"zone":"channel"}},{"type":"Feature","geometry":{"type":"Point","coordinates":[32.351488,60.157476]},"properties":{"depth_m":4.6,"kind":"sounding","source":"ЭНК ВВП / Волго-Балт 2025: устье Волхова","survey_year":2023,"model_depth_m":6.4,"model_minus_enc_m":1.8,"datum":"ПУ","to_model_datum_m":1.1,"depth_mean_level_m":5.7,"change_vs_model_m":-0.7,"zone":"lake"}},{"type":"Feature","geometry":{"type":"Point","coordinates":[32.354408,60.157091]},"properties":{"depth_m":4.6,"kind":"sounding","source":"ЭНК ВВП / Волго-Балт 2025: устье Волхова","survey_year":2023,"model_depth_m":6.31,"model_minus_enc_m":1.71,"datum":"ПУ","to_model_datum_m":1.1,"depth_mean_level_m":5.7,"change_vs_model_m":-0.6,"zone":"lake"}},{"type":"Feature","geometry":{"type":"Point","coordinates":[32.355424,60.158895]},"properties":{"depth_m":4.0,"kind":"sounding","source":"ЭНК ВВП / Волго-Балт 2025: устье Волхова","survey_year":2023,"model_depth_m":6.72,"model_minus_enc_m":2.72,"datum":"ПУ","to_model_datum_m":1.1,"depth_mean_level_m":5.1,"change_vs_model_m":-1.6,"zone":"lake"}},{"type":"Feature","geometry":{"type":"Point","coordinates":[32.357303,60.156863]},"properties":{"depth_m":4.0,"kind":"sounding","source":"ЭНК ВВП / Волго-Балт 2025: устье Волхова","survey_year":2023,"model_depth_m":6.33,"model_minus_enc_m":2.33,"datum":"ПУ","to_model_datum_m":1.1,"depth_mean_level_m":5.1,"change_vs_model_m":-1.2,"zone":"lake"}},{"type":"Feature","geometry":{"type":"Point","coordinates":[32.358065,60.158985]},"properties":{"depth_m":4.2,"kind":"sounding","source":"ЭНК ВВП / Волго-Балт 2025: устье Волхова","survey_year":2023,"model_depth_m":6.7,"model_minus_enc_m":2.5,"datum":"ПУ","to_model_datum_m":1.1,"depth_mean_level_m":5.3,"change_vs_model_m":-1.4,"zone":"lake"}},{"type":"Feature","geometry":{"type":"Point","coordinates":[32.320342,60.154582]},"properties":{"depth_m":4.2,"kind":"sounding","source":"ЭНК ВВП / Волго-Балт 2025: устье Волхова","survey_year":2023,"model_depth_m":5.8,"model_minus_enc_m":1.6,"datum":"ПУ","to_model_datum_m":1.1,"depth_mean_level_m":5.3,"change_vs_model_m":-0.5,"zone":"lake"}},{"type":"Feature","geometry":{"type":"Point","coordinates":[32.320786,60.155532]},"properties":{"depth_m":4.4,"kind":"sounding","source":"ЭНК ВВП / Волго-Балт 2025: устье Волхова","survey_year":2023,"model_depth_m":5.92,"model_minus_enc_m":1.52,"datum":"ПУ","to_model_datum_m":1.1,"depth_mean_level_m":5.5,"change_vs_model_m":-0.4,"zone":"lake"}},{"type":"Feature","geometry":{"type":"Point","coordinates":[32.321282,60.156457]},"properties":{"depth_m":4.4,"kind":"sounding","source":"ЭНК ВВП / Волго-Балт 2025: устье Волхова","survey_year":2023,"model_depth_m":6.13,"model_minus_enc_m":1.73,"datum":"ПУ","to_model_datum_m":1.1,"depth_mean_level_m":5.5,"change_vs_model_m":-0.6,"zone":"lake"}},{"type":"Feature","geometry":{"type":"Point","coordinates":[32.324773,60.154419]},"properties":{"depth_m":4.9,"kind":"sounding","source":"ЭНК ВВП / Волго-Балт 2025: устье Волхова","survey_year":2023,"model_depth_m":5.58,"model_minus_enc_m":0.68,"datum":"ПУ","to_model_datum_m":1.1,"depth_mean_level_m":6.0,"change_vs_model_m":0.4,"zone":"lake"}},{"type":"Feature","geometry":{"type":"Point","coordinates":[32.325802,60.15628]},"properties":{"depth_m":4.2,"kind":"sounding","source":"ЭНК ВВП / Волго-Балт 2025: устье Волхова","survey_year":2023,"model_depth_m":5.94,"model_minus_enc_m":1.74,"datum":"ПУ","to_model_datum_m":1.1,"depth_mean_level_m":5.3,"change_vs_model_m":-0.6,"zone":"lake"}},{"type":"Feature","geometry":{"type":"Point","coordinates":[32.328633,60.155445]},"properties":{"depth_m":3.6,"kind":"sounding","source":"ЭНК ВВП / Волго-Балт 2025: устье Волхова","survey_year":2023,"model_depth_m":5.41,"model_minus_enc_m":1.81,"datum":"ПУ","to_model_datum_m":1.1,"depth_mean_level_m":4.7,"change_vs_model_m":-0.7,"zone":"lake"}},{"type":"Feature","geometry":{"type":"Point","coordinates":[32.329192,60.15642]},"properties":{"depth_m":3.8,"kind":"sounding","source":"ЭНК ВВП / Волго-Балт 2025: устье Волхова","survey_year":2023,"model_depth_m":5.6,"model_minus_enc_m":1.8,"datum":"ПУ","to_model_datum_m":1.1,"depth_mean_level_m":4.9,"change_vs_model_m":-0.7,"zone":"lake"}},{"type":"Feature","geometry":{"type":"Point","coordinates":[32.333813,60.155142]},"properties":{"depth_m":3.8,"kind":"sounding","source":"ЭНК ВВП / Волго-Балт 2025: устье Волхова","survey_year":2023,"model_depth_m":5.5,"model_minus_enc_m":1.7,"datum":"ПУ","to_model_datum_m":1.1,"depth_mean_level_m":4.9,"change_vs_model_m":-0.6,"zone":"lake"}},{"type":"Feature","geometry":{"type":"Point","coordinates":[32.334321,60.156257]},"properties":{"depth_m":2.4,"kind":"sounding","source":"ЭНК ВВП / Волго-Балт 2025: устье Волхова","survey_year":2023,"model_depth_m":5.42,"model_minus_enc_m":3.02,"datum":"ПУ","to_model_datum_m":1.1,"depth_mean_level_m":3.5,"change_vs_model_m":-1.9,"zone":"lake"}},{"type":"Feature","geometry":{"type":"Point","coordinates":[32.337737,60.154561]},"properties":{"depth_m":3.4,"kind":"sounding","source":"ЭНК ВВП / Волго-Балт 2025: устье Волхова","survey_year":2023,"model_depth_m":5.2,"model_minus_enc_m":1.8,"datum":"ПУ","to_model_datum_m":1.1,"depth_mean_level_m":4.5,"change_vs_model_m":-0.7,"zone":"lake"}},{"type":"Feature","geometry":{"type":"Point","coordinates":[32.33808,60.155624]},"properties":{"depth_m":3.8,"kind":"sounding","source":"ЭНК ВВП / Волго-Балт 2025: устье Волхова","survey_year":2023,"model_depth_m":5.18,"model_minus_enc_m":1.38,"datum":"ПУ","to_model_datum_m":1.1,"depth_mean_level_m":4.9,"change_vs_model_m":-0.3,"zone":"lake"}},{"type":"Feature","geometry":{"type":"Point","coordinates":[32.339451,60.156644]},"properties":{"depth_m":4.0,"kind":"sounding","source":"ЭНК ВВП / Волго-Балт 2025: устье Волхова","survey_year":2023,"model_depth_m":5.64,"model_minus_enc_m":1.64,"datum":"ПУ","to_model_datum_m":1.1,"depth_mean_level_m":5.1,"change_vs_model_m":-0.5,"zone":"lake"}},{"type":"Feature","geometry":{"type":"Point","coordinates":[32.340606,60.154453]},"properties":{"depth_m":4.5,"kind":"sounding","source":"ЭНК ВВП / Волго-Балт 2025: устье Волхова","survey_year":2023,"model_depth_m":4.63,"model_minus_enc_m":0.13,"datum":"ПУ","to_model_datum_m":1.1,"depth_mean_level_m":5.6,"change_vs_model_m":1.0,"zone":"channel"}},{"type":"Feature","geometry":{"type":"Point","coordinates":[32.342473,60.155087]},"properties":{"depth_m":4.3,"kind":"sounding","source":"ЭНК ВВП / Волго-Балт 2025: устье Волхова","survey_year":2023,"model_depth_m":4.51,"model_minus_enc_m":0.21,"datum":"ПУ","to_model_datum_m":1.1,"depth_mean_level_m":5.4,"change_vs_model_m":0.9,"zone":"channel"}},{"type":"Feature","geometry":{"type":"Point","coordinates":[32.342587,60.156202]},"properties":{"depth_m":4.4,"kind":"sounding","source":"ЭНК ВВП / Волго-Балт 2025: устье Волхова","survey_year":2023,"model_depth_m":4.84,"model_minus_enc_m":0.44,"datum":"ПУ","to_model_datum_m":1.1,"depth_mean_level_m":5.5,"change_vs_model_m":0.7,"zone":"channel"}},{"type":"Feature","geometry":{"type":"Point","coordinates":[32.343831,60.154562]},"properties":{"depth_m":4.1,"kind":"fairway","source":"ЭНК ВВП / Волго-Балт 2025: устье Волхова","survey_year":2023,"model_depth_m":4.21,"model_minus_enc_m":0.11,"datum":"ПУ","to_model_datum_m":1.1,"depth_mean_level_m":5.2,"change_vs_model_m":1.0,"zone":"channel"}},{"type":"Feature","geometry":{"type":"Point","coordinates":[32.344365,60.155676]},"properties":{"depth_m":4.5,"kind":"fairway","source":"ЭНК ВВП / Волго-Балт 2025: устье Волхова","survey_year":2023,"model_depth_m":4.61,"model_minus_enc_m":0.11,"datum":"ПУ","to_model_datum_m":1.1,"depth_mean_level_m":5.6,"change_vs_model_m":1.0,"zone":"channel"}},{"type":"Feature","geometry":{"type":"Point","coordinates":[32.344936,60.156747]},"properties":{"depth_m":4.5,"kind":"fairway","source":"ЭНК ВВП / Волго-Балт 2025: устье Волхова","survey_year":2023,"model_depth_m":4.63,"model_minus_enc_m":0.13,"datum":"ПУ","to_model_datum_m":1.1,"depth_mean_level_m":5.6,"change_vs_model_m":1.0,"zone":"channel"}},{"type":"Feature","geometry":{"type":"Point","coordinates":[32.345875,60.154638]},"properties":{"depth_m":4.0,"kind":"sounding","source":"ЭНК ВВП / Волго-Балт 2025: устье Волхова","survey_year":2023,"model_depth_m":4.46,"model_minus_enc_m":0.46,"datum":"ПУ","to_model_datum_m":1.1,"depth_mean_level_m":5.1,"change_vs_model_m":0.6,"zone":"channel"}},{"type":"Feature","geometry":{"type":"Point","coordinates":[32.346841,60.155753]},"properties":{"depth_m":3.6,"kind":"sounding","source":"ЭНК ВВП / Волго-Балт 2025: устье Волхова","survey_year":2023,"model_depth_m":4.94,"model_minus_enc_m":1.34,"datum":"ПУ","to_model_datum_m":1.1,"depth_mean_level_m":4.7,"change_vs_model_m":-0.2,"zone":"channel"}},{"type":"Feature","geometry":{"type":"Point","coordinates":[32.34938,60.156349]},"properties":{"depth_m":4.2,"kind":"sounding","source":"ЭНК ВВП / Волго-Балт 2025: устье Волхова","survey_year":2023,"model_depth_m":5.91,"model_minus_enc_m":1.71,"datum":"ПУ","to_model_datum_m":1.1,"depth_mean_level_m":5.3,"change_vs_model_m":-0.6,"zone":"lake"}},{"type":"Feature","geometry":{"type":"Point","coordinates":[32.349532,60.155386]},"properties":{"depth_m":3.8,"kind":"sounding","source":"ЭНК ВВП / Волго-Балт 2025: устье Волхова","survey_year":2023,"model_depth_m":5.69,"model_minus_enc_m":1.89,"datum":"ПУ","to_model_datum_m":1.1,"depth_mean_level_m":4.9,"change_vs_model_m":-0.8,"zone":"lake"}},{"type":"Feature","geometry":{"type":"Point","coordinates":[32.354662,60.155811]},"properties":{"depth_m":4.0,"kind":"sounding","source":"ЭНК ВВП / Волго-Балт 2025: устье Волхова","survey_year":2023,"model_depth_m":5.89,"model_minus_enc_m":1.89,"datum":"ПУ","to_model_datum_m":1.1,"depth_mean_level_m":5.1,"change_vs_model_m":-0.8,"zone":"lake"}},{"type":"Feature","geometry":{"type":"Point","coordinates":[32.358319,60.156173]},"properties":{"depth_m":3.8,"kind":"sounding","source":"ЭНК ВВП / Волго-Балт 2025: устье Волхова","survey_year":2023,"model_depth_m":6.13,"model_minus_enc_m":2.33,"datum":"ПУ","to_model_datum_m":1.1,"depth_mean_level_m":4.9,"change_vs_model_m":-1.2,"zone":"lake"}},{"type":"Feature","geometry":{"type":"Point","coordinates":[32.323694,60.152639]},"properties":{"depth_m":3.6,"kind":"sounding","source":"ЭНК ВВП / Волго-Балт 2025: устье Волхова","survey_year":2023,"model_depth_m":5.1,"model_minus_enc_m":1.5,"datum":"ПУ","to_model_datum_m":1.1,"depth_mean_level_m":4.7,"change_vs_model_m":-0.4,"zone":"lake"}},{"type":"Feature","geometry":{"type":"Point","coordinates":[32.327198,60.152532]},"properties":{"depth_m":3.8,"kind":"sounding","source":"ЭНК ВВП / Волго-Балт 2025: устье Волхова","survey_year":2023,"model_depth_m":5.2,"model_minus_enc_m":1.4,"datum":"ПУ","to_model_datum_m":1.1,"depth_mean_level_m":4.9,"change_vs_model_m":-0.3,"zone":"lake"}},{"type":"Feature","geometry":{"type":"Point","coordinates":[32.336416,60.153832]},"properties":{"depth_m":3.4,"kind":"sounding","source":"ЭНК ВВП / Волго-Балт 2025: устье Волхова","survey_year":2023,"model_depth_m":5.3,"model_minus_enc_m":1.9,"datum":"ПУ","to_model_datum_m":1.1,"depth_mean_level_m":4.5,"change_vs_model_m":-0.8,"zone":"lake"}},{"type":"Feature","geometry":{"type":"Point","coordinates":[32.337546,60.153307]},"properties":{"depth_m":4.2,"kind":"sounding","source":"ЭНК ВВП / Волго-Балт 2025: устье Волхова","survey_year":2023,"model_depth_m":5.25,"model_minus_enc_m":1.05,"datum":"ПУ","to_model_datum_m":1.1,"depth_mean_level_m":5.3,"change_vs_model_m":0.1,"zone":"lake"}},{"type":"Feature","geometry":{"type":"Point","coordinates":[32.339654,60.152826]},"properties":{"depth_m":4.5,"kind":"sounding","source":"ЭНК ВВП / Волго-Балт 2025: устье Волхова","survey_year":2023,"model_depth_m":4.9,"model_minus_enc_m":0.4,"datum":"ПУ","to_model_datum_m":1.1,"depth_mean_level_m":5.6,"change_vs_model_m":0.7,"zone":"channel"}},{"type":"Feature","geometry":{"type":"Point","coordinates":[32.340174,60.152275]},"properties":{"depth_m":3.6,"kind":"sounding","source":"ЭНК ВВП / Волго-Балт 2025: устье Волхова","survey_year":2023,"model_depth_m":4.57,"model_minus_enc_m":0.97,"datum":"ПУ","to_model_datum_m":1.1,"depth_mean_level_m":4.7,"change_vs_model_m":0.1,"zone":"channel"}},{"type":"Feature","geometry":{"type":"Point","coordinates":[32.34138,60.153168]},"properties":{"depth_m":3.8,"kind":"sounding","source":"ЭНК ВВП / Волго-Балт 2025: устье Волхова","survey_year":2023,"model_depth_m":4.08,"model_minus_enc_m":0.28,"datum":"ПУ","to_model_datum_m":1.1,"depth_mean_level_m":4.9,"change_vs_model_m":0.8,"zone":"channel"}},{"type":"Feature","geometry":{"type":"Point","coordinates":[32.342396,60.151775]},"properties":{"depth_m":4.4,"kind":"fairway","source":"ЭНК ВВП / Волго-Балт 2025: устье Волхова","survey_year":2023,"model_depth_m":3.57,"model_minus_enc_m":-0.83,"datum":"ПУ","to_model_datum_m":1.1,"depth_mean_level_m":5.5,"change_vs_model_m":1.9,"zone":"channel"}},{"type":"Feature","geometry":{"type":"Point","coordinates":[32.342777,60.152687]},"properties":{"depth_m":4.5,"kind":"fairway","source":"ЭНК ВВП / Волго-Балт 2025: устье Волхова","survey_year":2023,"model_depth_m":3.8,"model_minus_enc_m":-0.7,"datum":"ПУ","to_model_datum_m":1.1,"depth_mean_level_m":5.6,"change_vs_model_m":1.8,"zone":"channel"}},{"type":"Feature","geometry":{"type":"Point","coordinates":[32.344301,60.152536]},"properties":{"depth_m":3.6,"kind":"sounding","source":"ЭНК ВВП / Волго-Балт 2025: устье Волхова","survey_year":2023,"model_depth_m":3.88,"model_minus_enc_m":0.28,"datum":"ПУ","to_model_datum_m":1.1,"depth_mean_level_m":4.7,"change_vs_model_m":0.8,"zone":"channel"}},{"type":"Feature","geometry":{"type":"Point","coordinates":[32.344809,60.154093]},"properties":{"depth_m":3.9,"kind":"sounding","source":"ЭНК ВВП / Волго-Балт 2025: устье Волхова","survey_year":2023,"model_depth_m":4.19,"model_minus_enc_m":0.29,"datum":"ПУ","to_model_datum_m":1.1,"depth_mean_level_m":5.0,"change_vs_model_m":0.8,"zone":"channel"}},{"type":"Feature","geometry":{"type":"Point","coordinates":[32.346231,60.151953]},"properties":{"depth_m":4.3,"kind":"sounding","source":"ЭНК ВВП / Волго-Балт 2025: устье Волхова","survey_year":2023,"model_depth_m":4.4,"model_minus_enc_m":0.1,"datum":"ПУ","to_model_datum_m":1.1,"depth_mean_level_m":5.4,"change_vs_model_m":1.0,"zone":"channel"}},{"type":"Feature","geometry":{"type":"Point","coordinates":[32.348161,60.152714]},"properties":{"depth_m":4.0,"kind":"sounding","source":"ЭНК ВВП / Волго-Балт 2025: устье Волхова","survey_year":2023,"model_depth_m":4.92,"model_minus_enc_m":0.92,"datum":"ПУ","to_model_datum_m":1.1,"depth_mean_level_m":5.1,"change_vs_model_m":0.2,"zone":"lake"}},{"type":"Feature","geometry":{"type":"Point","coordinates":[32.348808,60.154265]},"properties":{"depth_m":4.0,"kind":"sounding","source":"ЭНК ВВП / Волго-Балт 2025: устье Волхова","survey_year":2023,"model_depth_m":5.27,"model_minus_enc_m":1.27,"datum":"ПУ","to_model_datum_m":1.1,"depth_mean_level_m":5.1,"change_vs_model_m":-0.2,"zone":"lake"}},{"type":"Feature","geometry":{"type":"Point","coordinates":[32.349634,60.153322]},"properties":{"depth_m":4.3,"kind":"sounding","source":"ЭНК ВВП / Волго-Балт 2025: устье Волхова","survey_year":2023,"model_depth_m":5.23,"model_minus_enc_m":0.93,"datum":"ПУ","to_model_datum_m":1.1,"depth_mean_level_m":5.4,"change_vs_model_m":0.2,"zone":"lake"}},{"type":"Feature","geometry":{"type":"Point","coordinates":[32.350751,60.152398]},"properties":{"depth_m":3.8,"kind":"sounding","source":"ЭНК ВВП / Волго-Балт 2025: устье Волхова","survey_year":2023,"model_depth_m":4.95,"model_minus_enc_m":1.15,"datum":"ПУ","to_model_datum_m":1.1,"depth_mean_level_m":4.9,"change_vs_model_m":-0.0,"zone":"lake"}},{"type":"Feature","geometry":{"type":"Point","coordinates":[32.351792,60.15393]},"properties":{"depth_m":4.0,"kind":"sounding","source":"ЭНК ВВП / Волго-Балт 2025: устье Волхова","survey_year":2023,"model_depth_m":5.33,"model_minus_enc_m":1.33,"datum":"ПУ","to_model_datum_m":1.1,"depth_mean_level_m":5.1,"change_vs_model_m":-0.2,"zone":"lake"}},{"type":"Feature","geometry":{"type":"Point","coordinates":[32.354052,60.153804]},"properties":{"depth_m":3.8,"kind":"sounding","source":"ЭНК ВВП / Волго-Балт 2025: устье Волхова","survey_year":2023,"model_depth_m":5.3,"model_minus_enc_m":1.5,"datum":"ПУ","to_model_datum_m":1.1,"depth_mean_level_m":4.9,"change_vs_model_m":-0.4,"zone":"lake"}},{"type":"Feature","geometry":{"type":"Point","coordinates":[32.317332,60.14925]},"properties":{"depth_m":3.8,"kind":"sounding","source":"ЭНК ВВП / Волго-Балт 2025: устье Волхова","survey_year":2023,"model_depth_m":5.15,"model_minus_enc_m":1.35,"datum":"ПУ","to_model_datum_m":1.1,"depth_mean_level_m":4.9,"change_vs_model_m":-0.2,"zone":"lake"}},{"type":"Feature","geometry":{"type":"Point","coordinates":[32.318094,60.150516]},"properties":{"depth_m":3.6,"kind":"sounding","source":"ЭНК ВВП / Волго-Балт 2025: устье Волхова","survey_year":2023,"model_depth_m":4.8,"model_minus_enc_m":1.2,"datum":"ПУ","to_model_datum_m":1.1,"depth_mean_level_m":4.7,"change_vs_model_m":-0.1,"zone":"lake"}},{"type":"Feature","geometry":{"type":"Point","coordinates":[32.318704,60.151694]},"properties":{"depth_m":3.6,"kind":"sounding","source":"ЭНК ВВП / Волго-Балт 2025: устье Волхова","survey_year":2023,"model_depth_m":4.99,"model_minus_enc_m":1.39,"datum":"ПУ","to_model_datum_m":1.1,"depth_mean_level_m":4.7,"change_vs_model_m":-0.3,"zone":"lake"}},{"type":"Feature","geometry":{"type":"Point","coordinates":[32.322258,60.149859]},"properties":{"depth_m":3.6,"kind":"sounding","source":"ЭНК ВВП / Волго-Балт 2025: устье Волхова","survey_year":2023,"model_depth_m":4.92,"model_minus_enc_m":1.32,"datum":"ПУ","to_model_datum_m":1.1,"depth_mean_level_m":4.7,"change_vs_model_m":-0.2,"zone":"lake"}},{"type":"Feature","geometry":{"type":"Point","coordinates":[32.323071,60.151645]},"properties":{"depth_m":3.8,"kind":"sounding","source":"ЭНК ВВП / Волго-Балт 2025: устье Волхова","survey_year":2023,"model_depth_m":5.0,"model_minus_enc_m":1.2,"datum":"ПУ","to_model_datum_m":1.1,"depth_mean_level_m":4.9,"change_vs_model_m":-0.1,"zone":"lake"}},{"type":"Feature","geometry":{"type":"Point","coordinates":[32.326106,60.150024]},"properties":{"depth_m":3.6,"kind":"sounding","source":"ЭНК ВВП / Волго-Балт 2025: устье Волхова","survey_year":2023,"model_depth_m":4.69,"model_minus_enc_m":1.09,"datum":"ПУ","to_model_datum_m":1.1,"depth_mean_level_m":4.7,"change_vs_model_m":0.0,"zone":"lake"}},{"type":"Feature","geometry":{"type":"Point","coordinates":[32.326779,60.151506]},"properties":{"depth_m":3.6,"kind":"sounding","source":"ЭНК ВВП / Волго-Балт 2025: устье Волхова","survey_year":2023,"model_depth_m":5.0,"model_minus_enc_m":1.4,"datum":"ПУ","to_model_datum_m":1.1,"depth_mean_level_m":4.7,"change_vs_model_m":-0.3,"zone":"lake"}},{"type":"Feature","geometry":{"type":"Point","coordinates":[32.33168,60.150931]},"properties":{"depth_m":3.6,"kind":"sounding","source":"ЭНК ВВП / Волго-Балт 2025: устье Волхова","survey_year":2023,"model_depth_m":4.7,"model_minus_enc_m":1.1,"datum":"ПУ","to_model_datum_m":1.1,"depth_mean_level_m":4.7,"change_vs_model_m":0.0,"zone":"lake"}},{"type":"Feature","geometry":{"type":"Point","coordinates":[32.334041,60.149659]},"properties":{"depth_m":3.6,"kind":"sounding","source":"ЭНК ВВП / Волго-Балт 2025: устье Волхова","survey_year":2023,"model_depth_m":4.0,"model_minus_enc_m":0.4,"datum":"ПУ","to_model_datum_m":1.1,"depth_mean_level_m":4.7,"change_vs_model_m":0.7,"zone":"lake"}},{"type":"Feature","geometry":{"type":"Point","coordinates":[32.33686,60.151192]},"properties":{"depth_m":3.3,"kind":"sounding","source":"ЭНК ВВП / Волго-Балт 2025: устье Волхова","survey_year":2023,"model_depth_m":4.5,"model_minus_enc_m":1.2,"datum":"ПУ","to_model_datum_m":1.1,"depth_mean_level_m":4.4,"change_vs_model_m":-0.1,"zone":"lake"}},{"type":"Feature","geometry":{"type":"Point","coordinates":[32.338168,60.151515]},"properties":{"depth_m":4.1,"kind":"sounding","source":"ЭНК ВВП / Волго-Балт 2025: устье Волхова","survey_year":2023,"model_depth_m":4.61,"model_minus_enc_m":0.51,"datum":"ПУ","to_model_datum_m":1.1,"depth_mean_level_m":5.2,"change_vs_model_m":0.6,"zone":"channel"}},{"type":"Feature","geometry":{"type":"Point","coordinates":[32.338422,60.150267]},"properties":{"depth_m":3.5,"kind":"sounding","source":"ЭНК ВВП / Волго-Балт 2025: устье Волхова","survey_year":2023,"model_depth_m":3.8,"model_minus_enc_m":0.3,"datum":"ПУ","to_model_datum_m":1.1,"depth_mean_level_m":4.6,"change_vs_model_m":0.8,"zone":"channel"}},{"type":"Feature","geometry":{"type":"Point","coordinates":[32.339691,60.149799]},"properties":{"depth_m":2.5,"kind":"obstruction","source":"ЭНК ВВП / Волго-Балт 2025: устье Волхова","survey_year":2023,"model_depth_m":3.45,"model_minus_enc_m":0.95,"datum":"ПУ","to_model_datum_m":1.1,"depth_mean_level_m":3.6,"change_vs_model_m":0.1,"zone":"channel"}},{"type":"Feature","geometry":{"type":"Point","coordinates":[32.340644,60.151376]},"properties":{"depth_m":3.3,"kind":"sounding","source":"ЭНК ВВП / Волго-Балт 2025: устье Волхова","survey_year":2023,"model_depth_m":3.68,"model_minus_enc_m":0.38,"datum":"ПУ","to_model_datum_m":1.1,"depth_mean_level_m":4.4,"change_vs_model_m":0.7,"zone":"channel"}},{"type":"Feature","geometry":{"type":"Point","coordinates":[32.343348,60.15037]},"properties":{"depth_m":3.3,"kind":"sounding","source":"ЭНК ВВП / Волго-Балт 2025: устье Волхова","survey_year":2023,"model_depth_m":3.1,"model_minus_enc_m":-0.2,"datum":"ПУ","to_model_datum_m":1.1,"depth_mean_level_m":4.4,"change_vs_model_m":1.3,"zone":"channel"}},{"type":"Feature","geometry":{"type":"Point","coordinates":[32.345011,60.149237]},"properties":{"depth_m":3.3,"kind":"sounding","source":"ЭНК ВВП / Волго-Балт 2025: устье Волхова","survey_year":2023,"model_depth_m":3.4,"model_minus_enc_m":0.1,"datum":"ПУ","to_model_datum_m":1.1,"depth_mean_level_m":4.4,"change_vs_model_m":1.0,"zone":"channel"}},{"type":"Feature","geometry":{"type":"Point","coordinates":[32.345951,60.150579]},"properties":{"depth_m":3.5,"kind":"sounding","source":"ЭНК ВВП / Волго-Балт 2025: устье Волхова","survey_year":2023,"model_depth_m":3.88,"model_minus_enc_m":0.38,"datum":"ПУ","to_model_datum_m":1.1,"depth_mean_level_m":4.6,"change_vs_model_m":0.7,"zone":"channel"}},{"type":"Feature","geometry":{"type":"Point","coordinates":[32.346687,60.149617]},"properties":{"depth_m":2.8,"kind":"sounding","source":"ЭНК ВВП / Волго-Балт 2025: устье Волхова","survey_year":2023,"model_depth_m":3.61,"model_minus_enc_m":0.81,"datum":"ПУ","to_model_datum_m":1.1,"depth_mean_level_m":3.9,"change_vs_model_m":0.3,"zone":"lake"}},{"type":"Feature","geometry":{"type":"Point","coordinates":[32.348262,60.151365]},"properties":{"depth_m":4.1,"kind":"sounding","source":"ЭНК ВВП / Волго-Балт 2025: устье Волхова","survey_year":2023,"model_depth_m":4.49,"model_minus_enc_m":0.39,"datum":"ПУ","to_model_datum_m":1.1,"depth_mean_level_m":5.2,"change_vs_model_m":0.7,"zone":"lake"}},{"type":"Feature","geometry":{"type":"Point","coordinates":[32.348973,60.149687]},"properties":{"depth_m":2.4,"kind":"sounding","source":"ЭНК ВВП / Волго-Балт 2025: устье Волхова","survey_year":2023,"model_depth_m":3.69,"model_minus_enc_m":1.29,"datum":"ПУ","to_model_datum_m":1.1,"depth_mean_level_m":3.5,"change_vs_model_m":-0.2,"zone":"lake"}},{"type":"Feature","geometry":{"type":"Point","coordinates":[32.350293,60.150909]},"properties":{"depth_m":3.6,"kind":"sounding","source":"ЭНК ВВП / Волго-Балт 2025: устье Волхова","survey_year":2023,"model_depth_m":4.29,"model_minus_enc_m":0.69,"datum":"ПУ","to_model_datum_m":1.1,"depth_mean_level_m":4.7,"change_vs_model_m":0.4,"zone":"lake"}},{"type":"Feature","geometry":{"type":"Point","coordinates":[32.352947,60.149973]},"properties":{"depth_m":2.8,"kind":"sounding","source":"ЭНК ВВП / Волго-Балт 2025: устье Волхова","survey_year":2023,"model_depth_m":4.07,"model_minus_enc_m":1.27,"datum":"ПУ","to_model_datum_m":1.1,"depth_mean_level_m":3.9,"change_vs_model_m":-0.2,"zone":"lake"}},{"type":"Feature","geometry":{"type":"Point","coordinates":[32.353087,60.151499]},"properties":{"depth_m":2.8,"kind":"sounding","source":"ЭНК ВВП / Волго-Балт 2025: устье Волхова","survey_year":2023,"model_depth_m":4.75,"model_minus_enc_m":1.95,"datum":"ПУ","to_model_datum_m":1.1,"depth_mean_level_m":3.9,"change_vs_model_m":-0.9,"zone":"lake"}},{"type":"Feature","geometry":{"type":"Point","coordinates":[32.358826,60.151291]},"properties":{"depth_m":2.8,"kind":"sounding","source":"ЭНК ВВП / Волго-Балт 2025: устье Волхова","survey_year":2023,"model_depth_m":4.86,"model_minus_enc_m":2.06,"datum":"ПУ","to_model_datum_m":1.1,"depth_mean_level_m":3.9,"change_vs_model_m":-1.0,"zone":"lake"}},{"type":"Feature","geometry":{"type":"Point","coordinates":[32.316684,60.148091]},"properties":{"depth_m":3.6,"kind":"sounding","source":"ЭНК ВВП / Волго-Балт 2025: устье Волхова","survey_year":2023,"model_depth_m":5.3,"model_minus_enc_m":1.7,"datum":"ПУ","to_model_datum_m":1.1,"depth_mean_level_m":4.7,"change_vs_model_m":-0.6,"zone":"lake"}},{"type":"Feature","geometry":{"type":"Point","coordinates":[32.321344,60.147782]},"properties":{"depth_m":3.6,"kind":"sounding","source":"ЭНК ВВП / Волго-Балт 2025: устье Волхова","survey_year":2023,"model_depth_m":5.0,"model_minus_enc_m":1.4,"datum":"ПУ","to_model_datum_m":1.1,"depth_mean_level_m":4.7,"change_vs_model_m":-0.3,"zone":"lake"}},{"type":"Feature","geometry":{"type":"Point","coordinates":[32.321827,60.148782]},"properties":{"depth_m":3.8,"kind":"sounding","source":"ЭНК ВВП / Волго-Балт 2025: устье Волхова","survey_year":2023,"model_depth_m":5.12,"model_minus_enc_m":1.32,"datum":"ПУ","to_model_datum_m":1.1,"depth_mean_level_m":4.9,"change_vs_model_m":-0.2,"zone":"lake"}},{"type":"Feature","geometry":{"type":"Point","coordinates":[32.325763,60.148998]},"properties":{"depth_m":3.2,"kind":"sounding","source":"ЭНК ВВП / Волго-Балт 2025: устье Волхова","survey_year":2023,"model_depth_m":4.47,"model_minus_enc_m":1.27,"datum":"ПУ","to_model_datum_m":1.1,"depth_mean_level_m":4.3,"change_vs_model_m":-0.2,"zone":"lake"}},{"type":"Feature","geometry":{"type":"Point","coordinates":[32.330333,60.148081]},"properties":{"depth_m":2.6,"kind":"sounding","source":"ЭНК ВВП / Волго-Балт 2025: устье Волхова","survey_year":2023,"model_depth_m":3.55,"model_minus_enc_m":0.95,"datum":"ПУ","to_model_datum_m":1.1,"depth_mean_level_m":3.7,"change_vs_model_m":0.2,"zone":"lake"}},{"type":"Feature","geometry":{"type":"Point","coordinates":[32.334397,60.148747]},"properties":{"depth_m":2.3,"kind":"sounding","source":"ЭНК ВВП / Волго-Балт 2025: устье Волхова","survey_year":2023,"model_depth_m":3.63,"model_minus_enc_m":1.33,"datum":"ПУ","to_model_datum_m":1.1,"depth_mean_level_m":3.4,"change_vs_model_m":-0.2,"zone":"lake"}},{"type":"Feature","geometry":{"type":"Point","coordinates":[32.335095,60.146987]},"properties":{"depth_m":1.7,"kind":"sounding","source":"ЭНК ВВП / Волго-Балт 2025: устье Волхова","survey_year":2023,"model_depth_m":2.82,"model_minus_enc_m":1.12,"datum":"ПУ","to_model_datum_m":1.1,"depth_mean_level_m":2.8,"change_vs_model_m":-0.0,"zone":"lake"}},{"type":"Feature","geometry":{"type":"Point","coordinates":[32.336047,60.14862]},"properties":{"depth_m":2.1,"kind":"sounding","source":"ЭНК ВВП / Волго-Балт 2025: устье Волхова","survey_year":2023,"model_depth_m":3.47,"model_minus_enc_m":1.37,"datum":"ПУ","to_model_datum_m":1.1,"depth_mean_level_m":3.2,"change_vs_model_m":-0.3,"zone":"lake"}},{"type":"Feature","geometry":{"type":"Point","coordinates":[32.33686,60.14762]},"properties":{"depth_m":1.9,"kind":"sounding","source":"ЭНК ВВП / Волго-Балт 2025: устье Волхова","survey_year":2023,"model_depth_m":3.03,"model_minus_enc_m":1.13,"datum":"ПУ","to_model_datum_m":1.1,"depth_mean_level_m":3.0,"change_vs_model_m":-0.0,"zone":"channel"}},{"type":"Feature","geometry":{"type":"Point","coordinates":[32.338129,60.147272]},"properties":{"depth_m":2.0,"kind":"sounding","source":"ЭНК ВВП / Волго-Балт 2025: устье Волхова","survey_year":2023,"model_depth_m":2.87,"model_minus_enc_m":0.87,"datum":"ПУ","to_model_datum_m":1.1,"depth_mean_level_m":3.1,"change_vs_model_m":0.2,"zone":"channel"}},{"type":"Feature","geometry":{"type":"Point","coordinates":[32.338256,60.148798]},"properties":{"depth_m":2.4,"kind":"sounding","source":"ЭНК ВВП / Волго-Балт 2025: устье Волхова","survey_year":2023,"model_depth_m":3.4,"model_minus_enc_m":1.0,"datum":"ПУ","to_model_datum_m":1.1,"depth_mean_level_m":3.5,"change_vs_model_m":0.1,"zone":"channel"}},{"type":"Feature","geometry":{"type":"Point","coordinates":[32.33959,60.148969]},"properties":{"depth_m":2.3,"kind":"sounding","source":"ЭНК ВВП / Волго-Балт 2025: устье Волхова","survey_year":2023,"model_depth_m":3.4,"model_minus_enc_m":1.1,"datum":"ПУ","to_model_datum_m":1.1,"depth_mean_level_m":3.4,"change_vs_model_m":0.0,"zone":"channel"}},{"type":"Feature","geometry":{"type":"Point","coordinates":[32.340593,60.148115]},"properties":{"depth_m":4.5,"kind":"fairway","source":"ЭНК ВВП / Волго-Балт 2025: устье Волхова","survey_year":2023,"model_depth_m":3.4,"model_minus_enc_m":-1.1,"datum":"ПУ","to_model_datum_m":1.1,"depth_mean_level_m":5.6,"change_vs_model_m":2.2,"zone":"channel"}},{"type":"Feature","geometry":{"type":"Point","coordinates":[32.341608,60.14676]},"properties":{"depth_m":3.6,"kind":"sounding","source":"ЭНК ВВП / Волго-Балт 2025: устье Волхова","survey_year":2023,"model_depth_m":3.29,"model_minus_enc_m":-0.31,"datum":"ПУ","to_model_datum_m":1.1,"depth_mean_level_m":4.7,"change_vs_model_m":1.4,"zone":"channel"}},{"type":"Feature","geometry":{"type":"Point","coordinates":[32.341761,60.147646]},"properties":{"depth_m":3.4,"kind":"sounding","source":"ЭНК ВВП / Волго-Балт 2025: устье Волхова","survey_year":2023,"model_depth_m":3.5,"model_minus_enc_m":0.1,"datum":"ПУ","to_model_datum_m":1.1,"depth_mean_level_m":4.5,"change_vs_model_m":1.0,"zone":"channel"}},{"type":"Feature","geometry":{"type":"Point","coordinates":[32.342865,60.148806]},"properties":{"depth_m":3.1,"kind":"sounding","source":"ЭНК ВВП / Волго-Балт 2025: устье Волхова","survey_year":2023,"model_depth_m":3.35,"model_minus_enc_m":0.25,"datum":"ПУ","to_model_datum_m":1.1,"depth_mean_level_m":4.2,"change_vs_model_m":0.9,"zone":"channel"}},{"type":"Feature","geometry":{"type":"Point","coordinates":[32.343894,60.148268]},"properties":{"depth_m":3.6,"kind":"sounding","source":"ЭНК ВВП / Волго-Балт 2025: устье Волхова","survey_year":2023,"model_depth_m":3.68,"model_minus_enc_m":0.08,"datum":"ПУ","to_model_datum_m":1.1,"depth_mean_level_m":4.7,"change_vs_model_m":1.0,"zone":"channel"}},{"type":"Feature","geometry":{"type":"Point","coordinates":[32.344325,60.14728]},"properties":{"depth_m":3.6,"kind":"sounding","source":"ЭНК ВВП / Волго-Балт 2025: устье Волхова","survey_year":2023,"model_depth_m":3.72,"model_minus_enc_m":0.12,"datum":"ПУ","to_model_datum_m":1.1,"depth_mean_level_m":4.7,"change_vs_model_m":1.0,"zone":"channel"}},{"type":"Feature","geometry":{"type":"Point","coordinates":[32.345811,60.14842]},"properties":{"depth_m":3.1,"kind":"sounding","source":"ЭНК ВВП / Волго-Балт 2025: устье Волхова","survey_year":2023,"model_depth_m":3.49,"model_minus_enc_m":0.39,"datum":"ПУ","to_model_datum_m":1.1,"depth_mean_level_m":4.2,"change_vs_model_m":0.7,"zone":"lake"}},{"type":"Feature","geometry":{"type":"Point","coordinates":[32.346332,60.147502]},"properties":{"depth_m":2.2,"kind":"sounding","source":"ЭНК ВВП / Волго-Балт 2025: устье Волхова","survey_year":2023,"model_depth_m":3.48,"model_minus_enc_m":1.28,"datum":"ПУ","to_model_datum_m":1.1,"depth_mean_level_m":3.3,"change_vs_model_m":-0.2,"zone":"lake"}},{"type":"Feature","geometry":{"type":"Point","coordinates":[32.348109,60.147344]},"properties":{"depth_m":2.1,"kind":"sounding","source":"ЭНК ВВП / Волго-Балт 2025: устье Волхова","survey_year":2023,"model_depth_m":3.3,"model_minus_enc_m":1.2,"datum":"ПУ","to_model_datum_m":1.1,"depth_mean_level_m":3.2,"change_vs_model_m":-0.1,"zone":"lake"}},{"type":"Feature","geometry":{"type":"Point","coordinates":[32.350318,60.148212]},"properties":{"depth_m":1.6,"kind":"sounding","source":"ЭНК ВВП / Волго-Балт 2025: устье Волхова","survey_year":2023,"model_depth_m":3.4,"model_minus_enc_m":1.8,"datum":"ПУ","to_model_datum_m":1.1,"depth_mean_level_m":2.7,"change_vs_model_m":-0.7,"zone":"lake"}},{"type":"Feature","geometry":{"type":"Point","coordinates":[32.352642,60.148092]},"properties":{"depth_m":2.4,"kind":"sounding","source":"ЭНК ВВП / Волго-Балт 2025: устье Волхова","survey_year":2023,"model_depth_m":3.5,"model_minus_enc_m":1.1,"datum":"ПУ","to_model_datum_m":1.1,"depth_mean_level_m":3.5,"change_vs_model_m":0.0,"zone":"lake"}},{"type":"Feature","geometry":{"type":"Point","coordinates":[32.352578,60.147022]},"properties":{"depth_m":2.0,"kind":"sounding","source":"ЭНК ВВП / Волго-Балт 2025: устье Волхова","survey_year":2023,"model_depth_m":3.4,"model_minus_enc_m":1.4,"datum":"ПУ","to_model_datum_m":1.1,"depth_mean_level_m":3.1,"change_vs_model_m":-0.3,"zone":"lake"}},{"type":"Feature","geometry":{"type":"Point","coordinates":[32.357099,60.148207]},"properties":{"depth_m":2.4,"kind":"sounding","source":"ЭНК ВВП / Волго-Балт 2025: устье Волхова","survey_year":2023,"model_depth_m":3.91,"model_minus_enc_m":1.51,"datum":"ПУ","to_model_datum_m":1.1,"depth_mean_level_m":3.5,"change_vs_model_m":-0.4,"zone":"lake"}},{"type":"Feature","geometry":{"type":"Point","coordinates":[32.357645,60.149157]},"properties":{"depth_m":2.4,"kind":"sounding","source":"ЭНК ВВП / Волго-Балт 2025: устье Волхова","survey_year":2023,"model_depth_m":4.3,"model_minus_enc_m":1.9,"datum":"ПУ","to_model_datum_m":1.1,"depth_mean_level_m":3.5,"change_vs_model_m":-0.8,"zone":"lake"}},{"type":"Feature","geometry":{"type":"Point","coordinates":[32.319858,60.144868]},"properties":{"depth_m":2.8,"kind":"sounding","source":"ЭНК ВВП / Волго-Балт 2025: устье Волхова","survey_year":2023,"model_depth_m":4.2,"model_minus_enc_m":1.4,"datum":"ПУ","to_model_datum_m":1.1,"depth_mean_level_m":3.9,"change_vs_model_m":-0.3,"zone":"bar_flank"}},{"type":"Feature","geometry":{"type":"Point","coordinates":[32.324645,60.146516]},"properties":{"depth_m":2.8,"kind":"sounding","source":"ЭНК ВВП / Волго-Балт 2025: устье Волхова","survey_year":2023,"model_depth_m":4.03,"model_minus_enc_m":1.23,"datum":"ПУ","to_model_datum_m":1.1,"depth_mean_level_m":3.9,"change_vs_model_m":-0.1,"zone":"lake"}},{"type":"Feature","geometry":{"type":"Point","coordinates":[32.328962,60.145301]},"properties":{"depth_m":1.2,"kind":"sounding","source":"ЭНК ВВП / Волго-Балт 2025: устье Волхова","survey_year":2023,"model_depth_m":2.59,"model_minus_enc_m":1.39,"datum":"ПУ","to_model_datum_m":1.1,"depth_mean_level_m":2.3,"change_vs_model_m":-0.3,"zone":"lake"}},{"type":"Feature","geometry":{"type":"Point","coordinates":[32.329444,60.146276]},"properties":{"depth_m":1.4,"kind":"sounding","source":"ЭНК ВВП / Волго-Балт 2025: устье Волхова","survey_year":2023,"model_depth_m":3.03,"model_minus_enc_m":1.63,"datum":"ПУ","to_model_datum_m":1.1,"depth_mean_level_m":2.5,"change_vs_model_m":-0.5,"zone":"lake"}},{"type":"Feature","geometry":{"type":"Point","coordinates":[32.333698,60.144194]},"properties":{"depth_m":1.9,"kind":"sounding","source":"ЭНК ВВП / Волго-Балт 2025: устье Волхова","survey_year":2023,"model_depth_m":2.78,"model_minus_enc_m":0.88,"datum":"ПУ","to_model_datum_m":1.1,"depth_mean_level_m":3.0,"change_vs_model_m":0.2,"zone":"bar_flank"}},{"type":"Feature","geometry":{"type":"Point","coordinates":[32.335171,60.145834]},"properties":{"depth_m":1.8,"kind":"sounding","source":"ЭНК ВВП / Волго-Балт 2025: устье Волхова","survey_year":2023,"model_depth_m":2.53,"model_minus_enc_m":0.73,"datum":"ПУ","to_model_datum_m":1.1,"depth_mean_level_m":2.9,"change_vs_model_m":0.4,"zone":"channel"}},{"type":"Feature","geometry":{"type":"Point","coordinates":[32.337697,60.146158]},"properties":{"depth_m":2.6,"kind":"sounding","source":"ЭНК ВВП / Волго-Балт 2025: устье Волхова","survey_year":2023,"model_depth_m":1.88,"model_minus_enc_m":-0.72,"datum":"ПУ","to_model_datum_m":1.1,"depth_mean_level_m":3.7,"change_vs_model_m":1.8,"zone":"channel"}},{"type":"Feature","geometry":{"type":"Point","coordinates":[32.338675,60.144195]},"properties":{"depth_m":4.3,"kind":"fairway","source":"ЭНК ВВП / Волго-Балт 2025: устье Волхова","survey_year":2023,"model_depth_m":2.65,"model_minus_enc_m":-1.65,"datum":"ПУ","to_model_datum_m":1.1,"depth_mean_level_m":5.4,"change_vs_model_m":2.8,"zone":"channel"}},{"type":"Feature","geometry":{"type":"Point","coordinates":[32.339322,60.145493]},"properties":{"depth_m":4.4,"kind":"fairway","source":"ЭНК ВВП / Волго-Балт 2025: устье Волхова","survey_year":2023,"model_depth_m":2.75,"model_minus_enc_m":-1.65,"datum":"ПУ","to_model_datum_m":1.1,"depth_mean_level_m":5.5,"change_vs_model_m":2.8,"zone":"channel"}},{"type":"Feature","geometry":{"type":"Point","coordinates":[32.340732,60.144847]},"properties":{"depth_m":3.4,"kind":"sounding","source":"ЭНК ВВП / Волго-Балт 2025: устье Волхова","survey_year":2023,"model_depth_m":3.28,"model_minus_enc_m":-0.12,"datum":"ПУ","to_model_datum_m":1.1,"depth_mean_level_m":4.5,"change_vs_model_m":1.2,"zone":"channel"}},{"type":"Feature","geometry":{"type":"Point","coordinates":[32.341735,60.145626]},"properties":{"depth_m":3.5,"kind":"sounding","source":"ЭНК ВВП / Волго-Балт 2025: устье Волхова","survey_year":2023,"model_depth_m":3.3,"model_minus_enc_m":-0.2,"datum":"ПУ","to_model_datum_m":1.1,"depth_mean_level_m":4.6,"change_vs_model_m":1.3,"zone":"channel"}},{"type":"Feature","geometry":{"type":"Point","coordinates":[32.342789,60.146374]},"properties":{"depth_m":3.5,"kind":"sounding","source":"ЭНК ВВП / Волго-Балт 2025: устье Волхова","survey_year":2023,"model_depth_m":3.4,"model_minus_enc_m":-0.1,"datum":"ПУ","to_model_datum_m":1.1,"depth_mean_level_m":4.6,"change_vs_model_m":1.2,"zone":"channel"}},{"type":"Feature","geometry":{"type":"Point","coordinates":[32.343005,60.145063]},"properties":{"depth_m":3.1,"kind":"sounding","source":"ЭНК ВВП / Волго-Балт 2025: устье Волхова","survey_year":2023,"model_depth_m":3.3,"model_minus_enc_m":0.2,"datum":"ПУ","to_model_datum_m":1.1,"depth_mean_level_m":4.2,"change_vs_model_m":0.9,"zone":"channel"}},{"type":"Feature","geometry":{"type":"Point","coordinates":[32.343576,60.144164]},"properties":{"depth_m":2.5,"kind":"sounding","source":"ЭНК ВВП / Волго-Балт 2025: устье Волхова","survey_year":2023,"model_depth_m":3.41,"model_minus_enc_m":0.91,"datum":"ПУ","to_model_datum_m":1.1,"depth_mean_level_m":3.6,"change_vs_model_m":0.2,"zone":"bar_flank"}},{"type":"Feature","geometry":{"type":"Point","coordinates":[32.345823,60.145406]},"properties":{"depth_m":1.8,"kind":"sounding","source":"ЭНК ВВП / Волго-Балт 2025: устье Волхова","survey_year":2023,"model_depth_m":3.5,"model_minus_enc_m":1.7,"datum":"ПУ","to_model_datum_m":1.1,"depth_mean_level_m":2.9,"change_vs_model_m":-0.6,"zone":"lake"}},{"type":"Feature","geometry":{"type":"Point","coordinates":[32.34788,60.145172]},"properties":{"depth_m":2.2,"kind":"sounding","source":"ЭНК ВВП / Волго-Балт 2025: устье Волхова","survey_year":2023,"model_depth_m":3.6,"model_minus_enc_m":1.4,"datum":"ПУ","to_model_datum_m":1.1,"depth_mean_level_m":3.3,"change_vs_model_m":-0.3,"zone":"lake"}},{"type":"Feature","geometry":{"type":"Point","coordinates":[32.348439,60.146381]},"properties":{"depth_m":1.4,"kind":"sounding","source":"ЭНК ВВП / Волго-Балт 2025: устье Волхова","survey_year":2023,"model_depth_m":3.4,"model_minus_enc_m":2.0,"datum":"ПУ","to_model_datum_m":1.1,"depth_mean_level_m":2.5,"change_vs_model_m":-0.9,"zone":"lake"}},{"type":"Feature","geometry":{"type":"Point","coordinates":[32.349835,60.144685]},"properties":{"depth_m":2.6,"kind":"sounding","source":"ЭНК ВВП / Волго-Балт 2025: устье Волхова","survey_year":2023,"model_depth_m":3.5,"model_minus_enc_m":0.9,"datum":"ПУ","to_model_datum_m":1.1,"depth_mean_level_m":3.7,"change_vs_model_m":0.2,"zone":"bar_flank"}},{"type":"Feature","geometry":{"type":"Point","coordinates":[32.35009,60.14566]},"properties":{"depth_m":2.8,"kind":"sounding","source":"ЭНК ВВП / Волго-Балт 2025: устье Волхова","survey_year":2023,"model_depth_m":3.45,"model_minus_enc_m":0.65,"datum":"ПУ","to_model_datum_m":1.1,"depth_mean_level_m":3.9,"change_vs_model_m":0.4,"zone":"lake"}},{"type":"Feature","geometry":{"type":"Point","coordinates":[32.353162,60.145357]},"properties":{"depth_m":2.6,"kind":"sounding","source":"ЭНК ВВП / Волго-Балт 2025: устье Волхова","survey_year":2023,"model_depth_m":3.4,"model_minus_enc_m":0.8,"datum":"ПУ","to_model_datum_m":1.1,"depth_mean_level_m":3.7,"change_vs_model_m":0.3,"zone":"lake"}},{"type":"Feature","geometry":{"type":"Point","coordinates":[32.35734,60.14644]},"properties":{"depth_m":1.6,"kind":"sounding","source":"ЭНК ВВП / Волго-Балт 2025: устье Волхова","survey_year":2023,"model_depth_m":3.7,"model_minus_enc_m":2.1,"datum":"ПУ","to_model_datum_m":1.1,"depth_mean_level_m":2.7,"change_vs_model_m":-1.0,"zone":"lake"}},{"type":"Feature","geometry":{"type":"Point","coordinates":[32.357492,60.144598]},"properties":{"depth_m":0.6,"kind":"sounding","source":"ЭНК ВВП / Волго-Балт 2025: устье Волхова","survey_year":2023,"model_depth_m":3.2,"model_minus_enc_m":2.6,"datum":"ПУ","to_model_datum_m":1.1,"depth_mean_level_m":1.7,"change_vs_model_m":-1.5,"zone":"bar_flank"}},{"type":"Feature","geometry":{"type":"Point","coordinates":[32.322511,60.141899]},"properties":{"depth_m":1.2,"kind":"sounding","source":"ЭНК ВВП / Волго-Балт 2025: устье Волхова","survey_year":2023,"model_depth_m":2.75,"model_minus_enc_m":1.55,"datum":"ПУ","to_model_datum_m":1.1,"depth_mean_level_m":2.3,"change_vs_model_m":-0.5,"zone":"bar_flank"}},{"type":"Feature","geometry":{"type":"Point","coordinates":[32.323311,60.143704]},"properties":{"depth_m":1.6,"kind":"sounding","source":"ЭНК ВВП / Волго-Балт 2025: устье Волхова","survey_year":2023,"model_depth_m":3.19,"model_minus_enc_m":1.59,"datum":"ПУ","to_model_datum_m":1.1,"depth_mean_level_m":2.7,"change_vs_model_m":-0.5,"zone":"bar_flank"}},{"type":"Feature","geometry":{"type":"Point","coordinates":[32.327527,60.142514]},"properties":{"depth_m":0.6,"kind":"sounding","source":"ЭНК ВВП / Волго-Балт 2025: устье Волхова","survey_year":2023,"model_depth_m":2.1,"model_minus_enc_m":1.5,"datum":"ПУ","to_model_datum_m":1.1,"depth_mean_level_m":1.7,"change_vs_model_m":-0.4,"zone":"bar_flank"}},{"type":"Feature","geometry":{"type":"Point","coordinates":[32.330574,60.142312]},"properties":{"depth_m":1.2,"kind":"sounding","source":"ЭНК ВВП / Волго-Балт 2025: устье Волхова","survey_year":2023,"model_depth_m":2.53,"model_minus_enc_m":1.33,"datum":"ПУ","to_model_datum_m":1.1,"depth_mean_level_m":2.3,"change_vs_model_m":-0.2,"zone":"bar_flank"}},{"type":"Feature","geometry":{"type":"Point","coordinates":[32.331564,60.141629]},"properties":{"depth_m":1.5,"kind":"sounding","source":"ЭНК ВВП / Волго-Балт 2025: устье Волхова","survey_year":2023,"model_depth_m":2.94,"model_minus_enc_m":1.44,"datum":"ПУ","to_model_datum_m":1.1,"depth_mean_level_m":2.6,"change_vs_model_m":-0.3,"zone":"bar_flank"}},{"type":"Feature","geometry":{"type":"Point","coordinates":[32.333113,60.143351]},"properties":{"depth_m":1.7,"kind":"sounding","source":"ЭНК ВВП / Волго-Балт 2025: устье Волхова","survey_year":2023,"model_depth_m":2.9,"model_minus_enc_m":1.2,"datum":"ПУ","to_model_datum_m":1.1,"depth_mean_level_m":2.8,"change_vs_model_m":-0.1,"zone":"bar_flank"}},{"type":"Feature","geometry":{"type":"Point","coordinates":[32.33385,60.142313]},"properties":{"depth_m":2.7,"kind":"sounding","source":"ЭНК ВВП / Волго-Балт 2025: устье Волхова","survey_year":2023,"model_depth_m":2.77,"model_minus_enc_m":0.07,"datum":"ПУ","to_model_datum_m":1.1,"depth_mean_level_m":3.8,"change_vs_model_m":1.0,"zone":"channel"}},{"type":"Feature","geometry":{"type":"Point","coordinates":[32.33437,60.143219]},"properties":{"depth_m":2.8,"kind":"sounding","source":"ЭНК ВВП / Волго-Балт 2025: устье Волхова","survey_year":2023,"model_depth_m":2.63,"model_minus_enc_m":-0.17,"datum":"ПУ","to_model_datum_m":1.1,"depth_mean_level_m":3.9,"change_vs_model_m":1.3,"zone":"channel"}},{"type":"Feature","geometry":{"type":"Point","coordinates":[32.335995,60.141604]},"properties":{"depth_m":3.4,"kind":"sounding","source":"ЭНК ВВП / Волго-Балт 2025: устье Волхова","survey_year":2023,"model_depth_m":2.86,"model_minus_enc_m":-0.54,"datum":"ПУ","to_model_datum_m":1.1,"depth_mean_level_m":4.5,"change_vs_model_m":1.6,"zone":"channel"}},{"type":"Feature","geometry":{"type":"Point","coordinates":[32.336554,60.142586]},"properties":{"depth_m":3.1,"kind":"sounding","source":"ЭНК ВВП / Волго-Балт 2025: устье Волхова","survey_year":2023,"model_depth_m":2.51,"model_minus_enc_m":-0.59,"datum":"ПУ","to_model_datum_m":1.1,"depth_mean_level_m":4.2,"change_vs_model_m":1.7,"zone":"channel"}},{"type":"Feature","geometry":{"type":"Point","coordinates":[32.337164,60.143758]},"properties":{"depth_m":3.1,"kind":"sounding","source":"ЭНК ВВП / Волго-Балт 2025: устье Волхова","survey_year":2023,"model_depth_m":2.19,"model_minus_enc_m":-0.91,"datum":"ПУ","to_model_datum_m":1.1,"depth_mean_level_m":4.2,"change_vs_model_m":2.0,"zone":"channel"}},{"type":"Feature","geometry":{"type":"Point","coordinates":[32.339322,60.142941]},"properties":{"depth_m":3.9,"kind":"sounding","source":"ЭНК ВВП / Волго-Балт 2025: устье Волхова","survey_year":2023,"model_depth_m":3.19,"model_minus_enc_m":-0.71,"datum":"ПУ","to_model_datum_m":1.1,"depth_mean_level_m":5.0,"change_vs_model_m":1.8,"zone":"channel"}},{"type":"Feature","geometry":{"type":"Point","coordinates":[32.340211,60.144106]},"properties":{"depth_m":4.1,"kind":"sounding","source":"ЭНК ВВП / Волго-Балт 2025: устье Волхова","survey_year":2023,"model_depth_m":3.06,"model_minus_enc_m":-1.04,"datum":"ПУ","to_model_datum_m":1.1,"depth_mean_level_m":5.2,"change_vs_model_m":2.1,"zone":"channel"}},{"type":"Feature","geometry":{"type":"Point","coordinates":[32.34162,60.143771]},"properties":{"depth_m":3.5,"kind":"sounding","source":"ЭНК ВВП / Волго-Балт 2025: устье Волхова","survey_year":2023,"model_depth_m":3.46,"model_minus_enc_m":-0.04,"datum":"ПУ","to_model_datum_m":1.1,"depth_mean_level_m":4.6,"change_vs_model_m":1.1,"zone":"channel"}},{"type":"Feature","geometry":{"type":"Point","coordinates":[32.342103,60.141916]},"properties":{"depth_m":2.9,"kind":"sounding","source":"ЭНК ВВП / Волго-Балт 2025: устье Волхова","survey_year":2023,"model_depth_m":3.49,"model_minus_enc_m":0.59,"datum":"ПУ","to_model_datum_m":1.1,"depth_mean_level_m":4.0,"change_vs_model_m":0.5,"zone":"channel"}},{"type":"Feature","geometry":{"type":"Point","coordinates":[32.343322,60.14267]},"properties":{"depth_m":2.9,"kind":"sounding","source":"ЭНК ВВП / Волго-Балт 2025: устье Волхова","survey_year":2023,"model_depth_m":3.57,"model_minus_enc_m":0.67,"datum":"ПУ","to_model_datum_m":1.1,"depth_mean_level_m":4.0,"change_vs_model_m":0.4,"zone":"bar_flank"}},{"type":"Feature","geometry":{"type":"Point","coordinates":[32.344401,60.14172]},"properties":{"depth_m":2.3,"kind":"sounding","source":"ЭНК ВВП / Волго-Балт 2025: устье Волхова","survey_year":2023,"model_depth_m":2.81,"model_minus_enc_m":0.51,"datum":"ПУ","to_model_datum_m":1.1,"depth_mean_level_m":3.4,"change_vs_model_m":0.6,"zone":"bar_flank"}},{"type":"Feature","geometry":{"type":"Point","coordinates":[32.344858,60.142854]},"properties":{"depth_m":1.2,"kind":"sounding","source":"ЭНК ВВП / Волго-Балт 2025: устье Волхова","survey_year":2023,"model_depth_m":3.41,"model_minus_enc_m":2.21,"datum":"ПУ","to_model_datum_m":1.1,"depth_mean_level_m":2.3,"change_vs_model_m":-1.1,"zone":"bar_flank"}},{"type":"Feature","geometry":{"type":"Point","coordinates":[32.345823,60.143652]},"properties":{"depth_m":1.8,"kind":"sounding","source":"ЭНК ВВП / Волго-Балт 2025: устье Волхова","survey_year":2023,"model_depth_m":3.4,"model_minus_enc_m":1.6,"datum":"ПУ","to_model_datum_m":1.1,"depth_mean_level_m":2.9,"change_vs_model_m":-0.5,"zone":"bar_flank"}},{"type":"Feature","geometry":{"type":"Point","coordinates":[32.346635,60.141701]},"properties":{"depth_m":0.8,"kind":"sounding","source":"ЭНК ВВП / Волго-Балт 2025: устье Волхова","survey_year":2023,"model_depth_m":2.4,"model_minus_enc_m":1.6,"datum":"ПУ","to_model_datum_m":1.1,"depth_mean_level_m":1.9,"change_vs_model_m":-0.5,"zone":"bar_flank"}},{"type":"Feature","geometry":{"type":"Point","coordinates":[32.348464,60.143361]},"properties":{"depth_m":1.8,"kind":"sounding","source":"ЭНК ВВП / Волго-Балт 2025: устье Волхова","survey_year":2023,"model_depth_m":3.14,"model_minus_enc_m":1.34,"datum":"ПУ","to_model_datum_m":1.1,"depth_mean_level_m":2.9,"change_vs_model_m":-0.2,"zone":"bar_flank"}},{"type":"Feature","geometry":{"type":"Point","coordinates":[32.352324,60.142317]},"properties":{"depth_m":0.8,"kind":"sounding","source":"ЭНК ВВП / Волго-Балт 2025: устье Волхова","survey_year":2023,"model_depth_m":2.14,"model_minus_enc_m":1.34,"datum":"ПУ","to_model_datum_m":1.1,"depth_mean_level_m":1.9,"change_vs_model_m":-0.2,"zone":"bar_flank"}},{"type":"Feature","geometry":{"type":"Point","coordinates":[32.353784,60.143527]},"properties":{"depth_m":1.6,"kind":"sounding","source":"ЭНК ВВП / Волго-Балт 2025: устье Волхова","survey_year":2023,"model_depth_m":2.71,"model_minus_enc_m":1.11,"datum":"ПУ","to_model_datum_m":1.1,"depth_mean_level_m":2.7,"change_vs_model_m":-0.0,"zone":"bar_flank"}},{"type":"Feature","geometry":{"type":"Point","coordinates":[32.354457,60.142444]},"properties":{"depth_m":1.4,"kind":"sounding","source":"ЭНК ВВП / Волго-Балт 2025: устье Волхова","survey_year":2023,"model_depth_m":2.05,"model_minus_enc_m":0.65,"datum":"ПУ","to_model_datum_m":1.1,"depth_mean_level_m":2.5,"change_vs_model_m":0.5,"zone":"bar_flank"}},{"type":"Feature","geometry":{"type":"Point","coordinates":[32.358126,60.143559]},"properties":{"depth_m":1.2,"kind":"sounding","source":"ЭНК ВВП / Волго-Балт 2025: устье Волхова","survey_year":2023,"model_depth_m":3.31,"model_minus_enc_m":2.11,"datum":"ПУ","to_model_datum_m":1.1,"depth_mean_level_m":2.3,"change_vs_model_m":-1.0,"zone":"bar_flank"}},{"type":"Feature","geometry":{"type":"Point","coordinates":[32.358456,60.142635]},"properties":{"depth_m":1.2,"kind":"sounding","source":"ЭНК ВВП / Волго-Балт 2025: устье Волхова","survey_year":2023,"model_depth_m":2.84,"model_minus_enc_m":1.64,"datum":"ПУ","to_model_datum_m":1.1,"depth_mean_level_m":2.3,"change_vs_model_m":-0.5,"zone":"bar_flank"}},{"type":"Feature","geometry":{"type":"Point","coordinates":[32.317318,60.140049]},"properties":{"depth_m":2.4,"kind":"sounding","source":"ЭНК ВВП / Волго-Балт 2025: устье Волхова","survey_year":2023,"model_depth_m":3.18,"model_minus_enc_m":0.78,"datum":"ПУ","to_model_datum_m":1.1,"depth_mean_level_m":3.5,"change_vs_model_m":0.3,"zone":"bar_flank"}},{"type":"Feature","geometry":{"type":"Point","coordinates":[32.318029,60.1411]},"properties":{"depth_m":2.6,"kind":"sounding","source":"ЭНК ВВП / Волго-Балт 2025: устье Волхова","survey_year":2023,"model_depth_m":3.4,"model_minus_enc_m":0.8,"datum":"ПУ","to_model_datum_m":1.1,"depth_mean_level_m":3.7,"change_vs_model_m":0.3,"zone":"bar_flank"}},{"type":"Feature","geometry":{"type":"Point","coordinates":[32.321724,60.140322]},"properties":{"depth_m":0.8,"kind":"sounding","source":"ЭНК ВВП / Волго-Балт 2025: устье Волхова","survey_year":2023,"model_depth_m":2.33,"model_minus_enc_m":1.53,"datum":"ПУ","to_model_datum_m":1.1,"depth_mean_level_m":1.9,"change_vs_model_m":-0.4,"zone":"bar_flank"}},{"type":"Feature","geometry":{"type":"Point","coordinates":[32.325634,60.139152]},"properties":{"depth_m":0.2,"kind":"sounding","source":"ЭНК ВВП / Волго-Балт 2025: устье Волхова","survey_year":2023,"model_depth_m":1.67,"model_minus_enc_m":1.47,"datum":"ПУ","to_model_datum_m":1.1,"depth_mean_level_m":1.3,"change_vs_model_m":-0.4,"zone":"bar_flank"}},{"type":"Feature","geometry":{"type":"Point","coordinates":[32.326726,60.140849]},"properties":{"depth_m":0.2,"kind":"sounding","source":"ЭНК ВВП / Волго-Балт 2025: устье Волхова","survey_year":2023,"model_depth_m":2.0,"model_minus_enc_m":1.8,"datum":"ПУ","to_model_datum_m":1.1,"depth_mean_level_m":1.3,"change_vs_model_m":-0.7,"zone":"bar_flank"}},{"type":"Feature","geometry":{"type":"Point","coordinates":[32.330256,60.13926]},"properties":{"depth_m":0.8,"kind":"sounding","source":"ЭНК ВВП / Волго-Балт 2025: устье Волхова","survey_year":2023,"model_depth_m":2.41,"model_minus_enc_m":1.61,"datum":"ПУ","to_model_datum_m":1.1,"depth_mean_level_m":1.9,"change_vs_model_m":-0.5,"zone":"bar_flank"}},{"type":"Feature","geometry":{"type":"Point","coordinates":[32.331577,60.140274]},"properties":{"depth_m":1.7,"kind":"sounding","source":"ЭНК ВВП / Волго-Балт 2025: устье Волхова","survey_year":2023,"model_depth_m":3.14,"model_minus_enc_m":1.44,"datum":"ПУ","to_model_datum_m":1.1,"depth_mean_level_m":2.8,"change_vs_model_m":-0.3,"zone":"bar_flank"}},{"type":"Feature","geometry":{"type":"Point","coordinates":[32.333075,60.140597]},"properties":{"depth_m":2.5,"kind":"sounding","source":"ЭНК ВВП / Волго-Балт 2025: устье Волхова","survey_year":2023,"model_depth_m":3.3,"model_minus_enc_m":0.8,"datum":"ПУ","to_model_datum_m":1.1,"depth_mean_level_m":3.6,"change_vs_model_m":0.3,"zone":"channel"}},{"type":"Feature","geometry":{"type":"Point","coordinates":[32.333621,60.139426]},"properties":{"depth_m":3.5,"kind":"sounding","source":"ЭНК ВВП / Волго-Балт 2025: устье Волхова","survey_year":2023,"model_depth_m":3.1,"model_minus_enc_m":-0.4,"datum":"ПУ","to_model_datum_m":1.1,"depth_mean_level_m":4.6,"change_vs_model_m":1.5,"zone":"channel"}},{"type":"Feature","geometry":{"type":"Point","coordinates":[32.336503,60.139945]},"properties":{"depth_m":4.5,"kind":"fairway","source":"ЭНК ВВП / Волго-Балт 2025: устье Волхова","survey_year":2023,"model_depth_m":3.14,"model_minus_enc_m":-1.36,"datum":"ПУ","to_model_datum_m":1.1,"depth_mean_level_m":5.6,"change_vs_model_m":2.5,"zone":"channel"}},{"type":"Feature","geometry":{"type":"Point","coordinates":[32.338573,60.141516]},"properties":{"depth_m":3.9,"kind":"sounding","source":"ЭНК ВВП / Волго-Балт 2025: устье Волхова","survey_year":2023,"model_depth_m":3.29,"model_minus_enc_m":-0.61,"datum":"ПУ","to_model_datum_m":1.1,"depth_mean_level_m":5.0,"change_vs_model_m":1.7,"zone":"channel"}},{"type":"Feature","geometry":{"type":"Point","coordinates":[32.338623,60.139173]},"properties":{"depth_m":3.2,"kind":"sounding","source":"ЭНК ВВП / Волго-Балт 2025: устье Волхова","survey_year":2023,"model_depth_m":3.27,"model_minus_enc_m":0.07,"datum":"ПУ","to_model_datum_m":1.1,"depth_mean_level_m":4.3,"change_vs_model_m":1.0,"zone":"channel"}},{"type":"Feature","geometry":{"type":"Point","coordinates":[32.338992,60.140414]},"properties":{"depth_m":3.3,"kind":"sounding","source":"ЭНК ВВП / Волго-Балт 2025: устье Волхова","survey_year":2023,"model_depth_m":3.3,"model_minus_enc_m":0.0,"datum":"ПУ","to_model_datum_m":1.1,"depth_mean_level_m":4.4,"change_vs_model_m":1.1,"zone":"channel"}},{"type":"Feature","geometry":{"type":"Point","coordinates":[32.340249,60.141143]},"properties":{"depth_m":3.1,"kind":"sounding","source":"ЭНК ВВП / Волго-Балт 2025: устье Волхова","survey_year":2023,"model_depth_m":3.35,"model_minus_enc_m":0.25,"datum":"ПУ","to_model_datum_m":1.1,"depth_mean_level_m":4.2,"change_vs_model_m":0.9,"zone":"channel"}},{"type":"Feature","geometry":{"type":"Point","coordinates":[32.341531,60.139231]},"properties":{"depth_m":2.5,"kind":"sounding","source":"ЭНК ВВП / Волго-Балт 2025: устье Волхова","survey_year":2023,"model_depth_m":2.43,"model_minus_enc_m":-0.07,"datum":"ПУ","to_model_datum_m":1.1,"depth_mean_level_m":3.6,"change_vs_model_m":1.2,"zone":"bar_flank"}},{"type":"Feature","geometry":{"type":"Point","coordinates":[32.342445,60.140953]},"properties":{"depth_m":2.7,"kind":"sounding","source":"ЭНК ВВП / Волго-Балт 2025: устье Волхова","survey_year":2023,"model_depth_m":2.8,"model_minus_enc_m":0.1,"datum":"ПУ","to_model_datum_m":1.1,"depth_mean_level_m":3.8,"change_vs_model_m":1.0,"zone":"bar_flank"}},{"type":"Feature","geometry":{"type":"Point","coordinates":[32.342648,60.139655]},"properties":{"depth_m":1.8,"kind":"sounding","source":"ЭНК ВВП / Волго-Балт 2025: устье Волхова","survey_year":2023,"model_depth_m":1.98,"model_minus_enc_m":0.18,"datum":"ПУ","to_model_datum_m":1.1,"depth_mean_level_m":2.9,"change_vs_model_m":0.9,"zone":"bar_flank"}},{"type":"Feature","geometry":{"type":"Point","coordinates":[32.349721,60.141556]},"properties":{"depth_m":0.2,"kind":"sounding","source":"ЭНК ВВП / Волго-Балт 2025: устье Волхова","survey_year":2023,"model_depth_m":2.13,"model_minus_enc_m":1.93,"datum":"ПУ","to_model_datum_m":1.1,"depth_mean_level_m":1.3,"change_vs_model_m":-0.8,"zone":"bar_flank"}},{"type":"Feature","geometry":{"type":"Point","coordinates":[32.354825,60.140861]},"properties":{"depth_m":0.8,"kind":"sounding","source":"ЭНК ВВП / Волго-Балт 2025: устье Волхова","survey_year":2023,"model_depth_m":1.62,"model_minus_enc_m":0.82,"datum":"ПУ","to_model_datum_m":1.1,"depth_mean_level_m":1.9,"change_vs_model_m":0.3,"zone":"bar_flank"}},{"type":"Feature","geometry":{"type":"Point","coordinates":[32.359243,60.140653]},"properties":{"depth_m":0.8,"kind":"sounding","source":"ЭНК ВВП / Волго-Балт 2025: устье Волхова","survey_year":2023,"model_depth_m":1.93,"model_minus_enc_m":1.13,"datum":"ПУ","to_model_datum_m":1.1,"depth_mean_level_m":1.9,"change_vs_model_m":-0.0,"zone":"bar_flank"}},{"type":"Feature","geometry":{"type":"Point","coordinates":[32.359637,60.13964]},"properties":{"depth_m":0.2,"kind":"sounding","source":"ЭНК ВВП / Волго-Балт 2025: устье Волхова","survey_year":2023,"model_depth_m":1.66,"model_minus_enc_m":1.46,"datum":"ПУ","to_model_datum_m":1.1,"depth_mean_level_m":1.3,"change_vs_model_m":-0.4,"zone":"bar_flank"}},{"type":"Feature","geometry":{"type":"Point","coordinates":[32.316429,60.138871]},"properties":{"depth_m":2.2,"kind":"sounding","source":"ЭНК ВВП / Волго-Балт 2025: устье Волхова","survey_year":2023,"model_depth_m":2.86,"model_minus_enc_m":0.66,"datum":"ПУ","to_model_datum_m":1.1,"depth_mean_level_m":3.3,"change_vs_model_m":0.4,"zone":"bar_flank"}},{"type":"Feature","geometry":{"type":"Point","coordinates":[32.32067,60.138448]},"properties":{"depth_m":0.6,"kind":"sounding","source":"ЭНК ВВП / Волго-Балт 2025: устье Волхова","survey_year":2023,"model_depth_m":1.83,"model_minus_enc_m":1.23,"datum":"ПУ","to_model_datum_m":1.1,"depth_mean_level_m":1.7,"change_vs_model_m":-0.1,"zone":"bar_flank"}},{"type":"Feature","geometry":{"type":"Point","coordinates":[32.324847,60.13748]},"properties":{"depth_m":0.2,"kind":"sounding","source":"ЭНК ВВП / Волго-Балт 2025: устье Волхова","survey_year":2023,"model_depth_m":1.4,"model_minus_enc_m":1.2,"datum":"ПУ","to_model_datum_m":1.1,"depth_mean_level_m":1.3,"change_vs_model_m":-0.1,"zone":"bar_flank"}},{"type":"Feature","geometry":{"type":"Point","coordinates":[32.329037,60.138367]},"properties":{"depth_m":0.4,"kind":"sounding","source":"ЭНК ВВП / Волго-Балт 2025: устье Волхова","survey_year":2023,"model_depth_m":1.88,"model_minus_enc_m":1.48,"datum":"ПУ","to_model_datum_m":1.1,"depth_mean_level_m":1.5,"change_vs_model_m":-0.4,"zone":"bar_flank"}},{"type":"Feature","geometry":{"type":"Point","coordinates":[32.331678,60.137196]},"properties":{"depth_m":2.9,"kind":"sounding","source":"ЭНК ВВП / Волго-Балт 2025: устье Волхова","survey_year":2023,"model_depth_m":2.74,"model_minus_enc_m":-0.16,"datum":"ПУ","to_model_datum_m":1.1,"depth_mean_level_m":4.0,"change_vs_model_m":1.3,"zone":"channel"}},{"type":"Feature","geometry":{"type":"Point","coordinates":[32.333062,60.137589]},"properties":{"depth_m":3.5,"kind":"sounding","source":"ЭНК ВВП / Волго-Балт 2025: устье Волхова","survey_year":2023,"model_depth_m":2.97,"model_minus_enc_m":-0.53,"datum":"ПУ","to_model_datum_m":1.1,"depth_mean_level_m":4.6,"change_vs_model_m":1.6,"zone":"channel"}},{"type":"Feature","geometry":{"type":"Point","coordinates":[32.334725,60.138755]},"properties":{"depth_m":4.4,"kind":"sounding","source":"ЭНК ВВП / Волго-Балт 2025: устье Волхова","survey_year":2023,"model_depth_m":3.1,"model_minus_enc_m":-1.3,"datum":"ПУ","to_model_datum_m":1.1,"depth_mean_level_m":5.5,"change_vs_model_m":2.4,"zone":"channel"}},{"type":"Feature","geometry":{"type":"Point","coordinates":[32.336591,60.137109]},"properties":{"depth_m":4.1,"kind":"sounding","source":"ЭНК ВВП / Волго-Балт 2025: устье Волхова","survey_year":2023,"model_depth_m":3.12,"model_minus_enc_m":-0.98,"datum":"ПУ","to_model_datum_m":1.1,"depth_mean_level_m":5.2,"change_vs_model_m":2.1,"zone":"channel"}},{"type":"Feature","geometry":{"type":"Point","coordinates":[32.337379,60.138274]},"properties":{"depth_m":3.9,"kind":"sounding","source":"ЭНК ВВП / Волго-Балт 2025: устье Волхова","survey_year":2023,"model_depth_m":3.15,"model_minus_enc_m":-0.75,"datum":"ПУ","to_model_datum_m":1.1,"depth_mean_level_m":5.0,"change_vs_model_m":1.9,"zone":"channel"}},{"type":"Feature","geometry":{"type":"Point","coordinates":[32.338217,60.136704]},"properties":{"depth_m":3.5,"kind":"sounding","source":"ЭНК ВВП / Волго-Балт 2025: устье Волхова","survey_year":2023,"model_depth_m":2.84,"model_minus_enc_m":-0.66,"datum":"ПУ","to_model_datum_m":1.1,"depth_mean_level_m":4.6,"change_vs_model_m":1.8,"zone":"channel"}},{"type":"Feature","geometry":{"type":"Point","coordinates":[32.338852,60.137679]},"properties":{"depth_m":3.3,"kind":"sounding","source":"ЭНК ВВП / Волго-Балт 2025: устье Волхова","survey_year":2023,"model_depth_m":2.75,"model_minus_enc_m":-0.55,"datum":"ПУ","to_model_datum_m":1.1,"depth_mean_level_m":4.4,"change_vs_model_m":1.7,"zone":"channel"}},{"type":"Feature","geometry":{"type":"Point","coordinates":[32.340007,60.136723]},"properties":{"depth_m":1.5,"kind":"sounding","source":"ЭНК ВВП / Волго-Балт 2025: устье Волхова","survey_year":2023,"model_depth_m":1.95,"model_minus_enc_m":0.45,"datum":"ПУ","to_model_datum_m":1.1,"depth_mean_level_m":2.6,"change_vs_model_m":0.7,"zone":"bar_flank"}},{"type":"Feature","geometry":{"type":"Point","coordinates":[32.340452,60.138407]},"properties":{"depth_m":2.7,"kind":"sounding","source":"ЭНК ВВП / Волго-Балт 2025: устье Волхова","survey_year":2023,"model_depth_m":2.7,"model_minus_enc_m":0.0,"datum":"ПУ","to_model_datum_m":1.1,"depth_mean_level_m":3.8,"change_vs_model_m":1.1,"zone":"bar_flank"}},{"type":"Feature","geometry":{"type":"Point","coordinates":[32.341911,60.137053]},"properties":{"depth_m":0.2,"kind":"sounding","source":"ЭНК ВВП / Волго-Балт 2025: устье Волхова","survey_year":2023,"model_depth_m":1.28,"model_minus_enc_m":1.08,"datum":"ПУ","to_model_datum_m":1.1,"depth_mean_level_m":1.3,"change_vs_model_m":0.0,"zone":"bar_flank"}},{"type":"Feature","geometry":{"type":"Point","coordinates":[32.343791,60.138402]},"properties":{"depth_m":0.2,"kind":"sounding","source":"ЭНК ВВП / Волго-Балт 2025: устье Волхова","survey_year":2023,"model_depth_m":1.21,"model_minus_enc_m":1.01,"datum":"ПУ","to_model_datum_m":1.1,"depth_mean_level_m":1.3,"change_vs_model_m":0.1,"zone":"bar_flank"}},{"type":"Feature","geometry":{"type":"Point","coordinates":[32.359624,60.138709]},"properties":{"depth_m":0.2,"kind":"sounding","source":"ЭНК ВВП / Волго-Балт 2025: устье Волхова","survey_year":2023,"model_depth_m":1.17,"model_minus_enc_m":0.97,"datum":"ПУ","to_model_datum_m":1.1,"depth_mean_level_m":1.3,"change_vs_model_m":0.1,"zone":"bar_flank"}},{"type":"Feature","geometry":{"type":"Point","coordinates":[32.329798,60.135492]},"properties":{"depth_m":0.7,"kind":"sounding","source":"ЭНК ВВП / Волго-Балт 2025: устье Волхова","survey_year":2023,"model_depth_m":2.76,"model_minus_enc_m":2.06,"datum":"ПУ","to_model_datum_m":1.1,"depth_mean_level_m":1.8,"change_vs_model_m":-1.0,"zone":"channel"}},{"type":"Feature","geometry":{"type":"Point","coordinates":[32.331995,60.134106]},"properties":{"depth_m":4.1,"kind":"sounding","source":"ЭНК ВВП / Волго-Балт 2025: устье Волхова","survey_year":2023,"model_depth_m":3.94,"model_minus_enc_m":-0.16,"datum":"ПУ","to_model_datum_m":1.1,"depth_mean_level_m":5.2,"change_vs_model_m":1.3,"zone":"channel"}},{"type":"Feature","geometry":{"type":"Point","coordinates":[32.332782,60.135233]},"properties":{"depth_m":4.5,"kind":"sounding","source":"ЭНК ВВП / Волго-Балт 2025: устье Волхова","survey_year":2023,"model_depth_m":4.08,"model_minus_enc_m":-0.42,"datum":"ПУ","to_model_datum_m":1.1,"depth_mean_level_m":5.6,"change_vs_model_m":1.5,"zone":"channel"}},{"type":"Feature","geometry":{"type":"Point","coordinates":[32.33315,60.136399]},"properties":{"depth_m":4.2,"kind":"sounding","source":"ЭНК ВВП / Волго-Балт 2025: устье Волхова","survey_year":2023,"model_depth_m":3.46,"model_minus_enc_m":-0.74,"datum":"ПУ","to_model_datum_m":1.1,"depth_mean_level_m":5.3,"change_vs_model_m":1.8,"zone":"channel"}},{"type":"Feature","geometry":{"type":"Point","coordinates":[32.334293,60.135348]},"properties":{"depth_m":4.8,"kind":"fairway","source":"ЭНК ВВП / Волго-Балт 2025: устье Волхова","survey_year":2023,"model_depth_m":4.05,"model_minus_enc_m":-0.75,"datum":"ПУ","to_model_datum_m":1.1,"depth_mean_level_m":5.9,"change_vs_model_m":1.9,"zone":"channel"}},{"type":"Feature","geometry":{"type":"Point","coordinates":[32.335372,60.134905]},"properties":{"depth_m":4.9,"kind":"sounding","source":"ЭНК ВВП / Волго-Балт 2025: устье Волхова","survey_year":2023,"model_depth_m":3.81,"model_minus_enc_m":-1.09,"datum":"ПУ","to_model_datum_m":1.1,"depth_mean_level_m":6.0,"change_vs_model_m":2.2,"zone":"channel"}},{"type":"Feature","geometry":{"type":"Point","coordinates":[32.336579,60.135975]},"properties":{"depth_m":4.1,"kind":"sounding","source":"ЭНК ВВП / Волго-Балт 2025: устье Волхова","survey_year":2023,"model_depth_m":3.14,"model_minus_enc_m":-0.96,"datum":"ПУ","to_model_datum_m":1.1,"depth_mean_level_m":5.2,"change_vs_model_m":2.1,"zone":"channel"}},{"type":"Feature","geometry":{"type":"Point","coordinates":[32.336591,60.134101]},"properties":{"depth_m":3.6,"kind":"sounding","source":"ЭНК ВВП / Волго-Балт 2025: устье Волхова","survey_year":2023,"model_depth_m":3.57,"model_minus_enc_m":-0.03,"datum":"ПУ","to_model_datum_m":1.1,"depth_mean_level_m":4.7,"change_vs_model_m":1.1,"zone":"channel"}},{"type":"Feature","geometry":{"type":"Point","coordinates":[32.337201,60.135158]},"properties":{"depth_m":3.6,"kind":"sounding","source":"ЭНК ВВП / Волго-Балт 2025: устье Волхова","survey_year":2023,"model_depth_m":3.01,"model_minus_enc_m":-0.59,"datum":"ПУ","to_model_datum_m":1.1,"depth_mean_level_m":4.7,"change_vs_model_m":1.7,"zone":"channel"}},{"type":"Feature","geometry":{"type":"Point","coordinates":[32.338991,60.135121]},"properties":{"depth_m":1.8,"kind":"sounding","source":"ЭНК ВВП / Волго-Балт 2025: устье Волхова","survey_year":2023,"model_depth_m":1.95,"model_minus_enc_m":0.15,"datum":"ПУ","to_model_datum_m":1.1,"depth_mean_level_m":2.9,"change_vs_model_m":1.0,"zone":"bar_flank"}},{"type":"Feature","geometry":{"type":"Point","coordinates":[32.340642,60.136273]},"properties":{"depth_m":0.2,"kind":"sounding","source":"ЭНК ВВП / Волго-Балт 2025: устье Волхова","survey_year":2023,"model_depth_m":1.74,"model_minus_enc_m":1.54,"datum":"ПУ","to_model_datum_m":1.1,"depth_mean_level_m":1.3,"change_vs_model_m":-0.4,"zone":"bar_flank"}},{"type":"Feature","geometry":{"type":"Point","coordinates":[32.328363,60.133276]},"properties":{"depth_m":0.8,"kind":"sounding","source":"ЭНК ВВП / Волго-Балт 2025: устье Волхова","survey_year":2023,"model_depth_m":2.71,"model_minus_enc_m":1.91,"datum":"ПУ","to_model_datum_m":1.1,"depth_mean_level_m":1.9,"change_vs_model_m":-0.8,"zone":"bar_flank"}},{"type":"Feature","geometry":{"type":"Point","coordinates":[32.329074,60.132497]},"properties":{"depth_m":2.1,"kind":"sounding","source":"ЭНК ВВП / Волго-Балт 2025: устье Волхова","survey_year":2023,"model_depth_m":3.46,"model_minus_enc_m":1.36,"datum":"ПУ","to_model_datum_m":1.1,"depth_mean_level_m":3.2,"change_vs_model_m":-0.3,"zone":"channel"}},{"type":"Feature","geometry":{"type":"Point","coordinates":[32.330255,60.133916]},"properties":{"depth_m":2.4,"kind":"sounding","source":"ЭНК ВВП / Волго-Балт 2025: устье Волхова","survey_year":2023,"model_depth_m":3.37,"model_minus_enc_m":0.97,"datum":"ПУ","to_model_datum_m":1.1,"depth_mean_level_m":3.5,"change_vs_model_m":0.1,"zone":"channel"}},{"type":"Feature","geometry":{"type":"Point","coordinates":[32.331271,60.132244]},"properties":{"depth_m":4.8,"kind":"sounding","source":"ЭНК ВВП / Волго-Балт 2025: устье Волхова","survey_year":2023,"model_depth_m":3.9,"model_minus_enc_m":-0.9,"datum":"ПУ","to_model_datum_m":1.1,"depth_mean_level_m":5.9,"change_vs_model_m":2.0,"zone":"channel"}},{"type":"Feature","geometry":{"type":"Point","coordinates":[32.331575,60.131991]},"properties":{"depth_m":5.1,"kind":"sounding","source":"ЭНК ВВП / Волго-Балт 2025: устье Волхова","survey_year":2023,"model_depth_m":3.85,"model_minus_enc_m":-1.25,"datum":"ПУ","to_model_datum_m":1.1,"depth_mean_level_m":6.2,"change_vs_model_m":2.3,"zone":"channel"}},{"type":"Feature","geometry":{"type":"Point","coordinates":[32.331969,60.13334]},"properties":{"depth_m":4.9,"kind":"sounding","source":"ЭНК ВВП / Волго-Балт 2025: устье Волхова","survey_year":2023,"model_depth_m":3.9,"model_minus_enc_m":-1.0,"datum":"ПУ","to_model_datum_m":1.1,"depth_mean_level_m":6.0,"change_vs_model_m":2.1,"zone":"channel"}},{"type":"Feature","geometry":{"type":"Point","coordinates":[32.334191,60.131567]},"properties":{"depth_m":2.0,"kind":"sounding","source":"ЭНК ВВП / Волго-Балт 2025: устье Волхова","survey_year":2023,"model_depth_m":2.67,"model_minus_enc_m":0.67,"datum":"ПУ","to_model_datum_m":1.1,"depth_mean_level_m":3.1,"change_vs_model_m":0.4,"zone":"channel"}},{"type":"Feature","geometry":{"type":"Point","coordinates":[32.334407,60.132315]},"properties":{"depth_m":2.2,"kind":"sounding","source":"ЭНК ВВП / Волго-Балт 2025: устье Волхова","survey_year":2023,"model_depth_m":3.27,"model_minus_enc_m":1.07,"datum":"ПУ","to_model_datum_m":1.1,"depth_mean_level_m":3.3,"change_vs_model_m":0.0,"zone":"channel"}},{"type":"Feature","geometry":{"type":"Point","coordinates":[32.335029,60.13165]},"properties":{"depth_m":2.0,"kind":"sounding","source":"ЭНК ВВП / Волго-Балт 2025: устье Волхова","survey_year":2023,"model_depth_m":2.54,"model_minus_enc_m":0.54,"datum":"ПУ","to_model_datum_m":1.1,"depth_mean_level_m":3.1,"change_vs_model_m":0.6,"zone":"channel"}},{"type":"Feature","geometry":{"type":"Point","coordinates":[32.335702,60.132517]},"properties":{"depth_m":2.9,"kind":"sounding","source":"ЭНК ВВП / Волго-Балт 2025: устье Волхова","survey_year":2023,"model_depth_m":3.16,"model_minus_enc_m":0.26,"datum":"ПУ","to_model_datum_m":1.1,"depth_mean_level_m":4.0,"change_vs_model_m":0.8,"zone":"channel"}},{"type":"Feature","geometry":{"type":"Point","coordinates":[32.336553,60.131701]},"properties":{"depth_m":2.8,"kind":"sounding","source":"ЭНК ВВП / Волго-Балт 2025: устье Волхова","survey_year":2023,"model_depth_m":2.1,"model_minus_enc_m":-0.7,"datum":"ПУ","to_model_datum_m":1.1,"depth_mean_level_m":3.9,"change_vs_model_m":1.8,"zone":"channel"}},{"type":"Feature","geometry":{"type":"Point","coordinates":[32.337226,60.132961]},"properties":{"depth_m":3.3,"kind":"sounding","source":"ЭНК ВВП / Волго-Балт 2025: устье Волхова","survey_year":2023,"model_depth_m":3.13,"model_minus_enc_m":-0.17,"datum":"ПУ","to_model_datum_m":1.1,"depth_mean_level_m":4.4,"change_vs_model_m":1.3,"zone":"channel"}},{"type":"Feature","geometry":{"type":"Point","coordinates":[32.338368,60.132277]},"properties":{"depth_m":2.2,"kind":"sounding","source":"ЭНК ВВП / Волго-Балт 2025: устье Волхова","survey_year":2023,"model_depth_m":1.75,"model_minus_enc_m":-0.45,"datum":"ПУ","to_model_datum_m":1.1,"depth_mean_level_m":3.3,"change_vs_model_m":1.6,"zone":"bar_flank"}},{"type":"Feature","geometry":{"type":"Point","coordinates":[32.339105,60.133791]},"properties":{"depth_m":0.8,"kind":"sounding","source":"ЭНК ВВП / Волго-Балт 2025: устье Волхова","survey_year":2023,"model_depth_m":2.33,"model_minus_enc_m":1.53,"datum":"ПУ","to_model_datum_m":1.1,"depth_mean_level_m":1.9,"change_vs_model_m":-0.4,"zone":"bar_flank"}},{"type":"Feature","geometry":{"type":"Point","coordinates":[32.326408,60.130483]},"properties":{"depth_m":0.6,"kind":"sounding","source":"ЭНК ВВП / Волго-Балт 2025: устье Волхова","survey_year":2023,"model_depth_m":1.89,"model_minus_enc_m":1.29,"datum":"ПУ","to_model_datum_m":1.1,"depth_mean_level_m":1.7,"change_vs_model_m":-0.2,"zone":"bar_flank"}},{"type":"Feature","geometry":{"type":"Point","coordinates":[32.327347,60.129786]},"properties":{"depth_m":1.7,"kind":"sounding","source":"ЭНК ВВП / Волго-Балт 2025: устье Волхова","survey_year":2023,"model_depth_m":2.42,"model_minus_enc_m":0.72,"datum":"ПУ","to_model_datum_m":1.1,"depth_mean_level_m":2.8,"change_vs_model_m":0.4,"zone":"mouth"}},{"type":"Feature","geometry":{"type":"Point","coordinates":[32.327487,60.131325]},"properties":{"depth_m":1.6,"kind":"sounding","source":"ЭНК ВВП / Волго-Балт 2025: устье Волхова","survey_year":2023,"model_depth_m":2.71,"model_minus_enc_m":1.11,"datum":"ПУ","to_model_datum_m":1.1,"depth_mean_level_m":2.7,"change_vs_model_m":-0.0,"zone":"bar_flank"}},{"type":"Feature","geometry":{"type":"Point","coordinates":[32.32835,60.13054]},"properties":{"depth_m":2.1,"kind":"sounding","source":"ЭНК ВВП / Волго-Балт 2025: устье Волхова","survey_year":2023,"model_depth_m":3.33,"model_minus_enc_m":1.23,"datum":"ПУ","to_model_datum_m":1.1,"depth_mean_level_m":3.2,"change_vs_model_m":-0.1,"zone":"channel"}},{"type":"Feature","geometry":{"type":"Point","coordinates":[32.328972,60.131275]},"properties":{"depth_m":2.5,"kind":"sounding","source":"ЭНК ВВП / Волго-Балт 2025: устье Волхова","survey_year":2023,"model_depth_m":3.7,"model_minus_enc_m":1.2,"datum":"ПУ","to_model_datum_m":1.1,"depth_mean_level_m":3.6,"change_vs_model_m":-0.1,"zone":"channel"}},{"type":"Feature","geometry":{"type":"Point","coordinates":[32.330306,60.130408]},"properties":{"depth_m":4.1,"kind":"sounding","source":"ЭНК ВВП / Волго-Балт 2025: устье Волхова","survey_year":2023,"model_depth_m":4.11,"model_minus_enc_m":0.01,"datum":"ПУ","to_model_datum_m":1.1,"depth_mean_level_m":5.2,"change_vs_model_m":1.1,"zone":"channel"}},{"type":"Feature","geometry":{"type":"Point","coordinates":[32.330763,60.131168]},"properties":{"depth_m":4.8,"kind":"sounding","source":"ЭНК ВВП / Волго-Балт 2025: устье Волхова","survey_year":2023,"model_depth_m":4.04,"model_minus_enc_m":-0.76,"datum":"ПУ","to_model_datum_m":1.1,"depth_mean_level_m":5.9,"change_vs_model_m":1.9,"zone":"channel"}},{"type":"Feature","geometry":{"type":"Point","coordinates":[32.333454,60.130947]},"properties":{"depth_m":2.9,"kind":"sounding","source":"ЭНК ВВП / Волго-Балт 2025: устье Волхова","survey_year":2023,"model_depth_m":2.69,"model_minus_enc_m":-0.21,"datum":"ПУ","to_model_datum_m":1.1,"depth_mean_level_m":4.0,"change_vs_model_m":1.3,"zone":"channel"}},{"type":"Feature","geometry":{"type":"Point","coordinates":[32.334204,60.130909]},"properties":{"depth_m":2.2,"kind":"sounding","source":"ЭНК ВВП / Волго-Балт 2025: устье Волхова","survey_year":2023,"model_depth_m":2.34,"model_minus_enc_m":0.14,"datum":"ПУ","to_model_datum_m":1.1,"depth_mean_level_m":3.3,"change_vs_model_m":1.0,"zone":"channel"}},{"type":"Feature","geometry":{"type":"Point","coordinates":[32.334724,60.129408]},"properties":{"depth_m":1.2,"kind":"sounding","source":"ЭНК ВВП / Волго-Балт 2025: устье Волхова","survey_year":2023,"model_depth_m":1.22,"model_minus_enc_m":0.02,"datum":"ПУ","to_model_datum_m":1.1,"depth_mean_level_m":2.3,"change_vs_model_m":1.1,"zone":"mouth"}},{"type":"Feature","geometry":{"type":"Point","coordinates":[32.335105,60.130535]},"properties":{"depth_m":1.4,"kind":"sounding","source":"ЭНК ВВП / Волго-Балт 2025: устье Волхова","survey_year":2023,"model_depth_m":1.8,"model_minus_enc_m":0.4,"datum":"ПУ","to_model_datum_m":1.1,"depth_mean_level_m":2.5,"change_vs_model_m":0.7,"zone":"channel"}},{"type":"Feature","geometry":{"type":"Point","coordinates":[32.33626,60.130896]},"properties":{"depth_m":2.5,"kind":"sounding","source":"ЭНК ВВП / Волго-Балт 2025: устье Волхова","survey_year":2023,"model_depth_m":1.62,"model_minus_enc_m":-0.88,"datum":"ПУ","to_model_datum_m":1.1,"depth_mean_level_m":3.6,"change_vs_model_m":2.0,"zone":"channel"}},{"type":"Feature","geometry":{"type":"Point","coordinates":[32.336844,60.129731]},"properties":{"depth_m":2.5,"kind":"sounding","source":"ЭНК ВВП / Волго-Балт 2025: устье Волхова","survey_year":2023,"model_depth_m":0.88,"model_minus_enc_m":-1.62,"datum":"ПУ","to_model_datum_m":1.1,"depth_mean_level_m":3.6,"change_vs_model_m":2.7,"zone":"mouth"}},{"type":"Feature","geometry":{"type":"Point","coordinates":[32.337352,60.130612]},"properties":{"depth_m":3.8,"kind":"sounding","source":"ЭНК ВВП / Волго-Балт 2025: устье Волхова","survey_year":2023,"model_depth_m":1.01,"model_minus_enc_m":-2.79,"datum":"ПУ","to_model_datum_m":1.1,"depth_mean_level_m":4.9,"change_vs_model_m":3.9,"zone":"bar_flank"}},{"type":"Feature","geometry":{"type":"Point","coordinates":[32.338482,60.1311]},"properties":{"depth_m":0.6,"kind":"sounding","source":"ЭНК ВВП / Волго-Балт 2025: устье Волхова","survey_year":2023,"model_depth_m":0.72,"model_minus_enc_m":0.12,"datum":"ПУ","to_model_datum_m":1.1,"depth_mean_level_m":1.7,"change_vs_model_m":1.0,"zone":"bar_flank"}},{"type":"Feature","geometry":{"type":"Point","coordinates":[32.338838,60.12977]},"properties":{"depth_m":2.4,"kind":"sounding","source":"ЭНК ВВП / Волго-Балт 2025: устье Волхова","survey_year":2023,"model_depth_m":0.34,"model_minus_enc_m":-2.06,"datum":"ПУ","to_model_datum_m":1.1,"depth_mean_level_m":3.5,"change_vs_model_m":3.2,"zone":"mouth"}},{"type":"Feature","geometry":{"type":"Point","coordinates":[32.339193,60.129016]},"properties":{"depth_m":0.9,"kind":"sounding","source":"ЭНК ВВП / Волго-Балт 2025: устье Волхова","survey_year":2023,"model_depth_m":0.26,"model_minus_enc_m":-0.64,"datum":"ПУ","to_model_datum_m":1.1,"depth_mean_level_m":2.0,"change_vs_model_m":1.7,"zone":"mouth"}},{"type":"Feature","geometry":{"type":"Point","coordinates":[32.327169,60.127728]},"properties":{"depth_m":1.5,"kind":"sounding","source":"ЭНК ВВП / Волго-Балт 2025: устье Волхова","survey_year":2023,"model_depth_m":2.19,"model_minus_enc_m":0.69,"datum":"ПУ","to_model_datum_m":1.1,"depth_mean_level_m":2.6,"change_vs_model_m":0.4,"zone":"mouth"}},{"type":"Feature","geometry":{"type":"Point","coordinates":[32.327321,60.126874]},"properties":{"depth_m":1.7,"kind":"sounding","source":"ЭНК ВВП / Волго-Балт 2025: устье Волхова","survey_year":2023,"model_depth_m":2.1,"model_minus_enc_m":0.4,"datum":"ПУ","to_model_datum_m":1.1,"depth_mean_level_m":2.8,"change_vs_model_m":0.7,"zone":"mouth"}},{"type":"Feature","geometry":{"type":"Point","coordinates":[32.327804,60.128685]},"properties":{"depth_m":1.9,"kind":"sounding","source":"ЭНК ВВП / Волго-Балт 2025: устье Волхова","survey_year":2023,"model_depth_m":2.63,"model_minus_enc_m":0.73,"datum":"ПУ","to_model_datum_m":1.1,"depth_mean_level_m":3.0,"change_vs_model_m":0.4,"zone":"mouth"}},{"type":"Feature","geometry":{"type":"Point","coordinates":[32.335613,60.128591]},"properties":{"depth_m":1.2,"kind":"sounding","source":"ЭНК ВВП / Волго-Балт 2025: устье Волхова","survey_year":2023,"model_depth_m":0.99,"model_minus_enc_m":-0.21,"datum":"ПУ","to_model_datum_m":1.1,"depth_mean_level_m":2.3,"change_vs_model_m":1.3,"zone":"mouth"}},{"type":"Feature","geometry":{"type":"Point","coordinates":[32.335638,60.127268]},"properties":{"depth_m":1.7,"kind":"sounding","source":"ЭНК ВВП / Волго-Балт 2025: устье Волхова","survey_year":2023,"model_depth_m":1.56,"model_minus_enc_m":-0.14,"datum":"ПУ","to_model_datum_m":1.1,"depth_mean_level_m":2.8,"change_vs_model_m":1.2,"zone":"mouth"}},{"type":"Feature","geometry":{"type":"Point","coordinates":[32.337263,60.128763]},"properties":{"depth_m":2.7,"kind":"sounding","source":"ЭНК ВВП / Волго-Балт 2025: устье Волхова","survey_year":2023,"model_depth_m":0.7,"model_minus_enc_m":-2.0,"datum":"ПУ","to_model_datum_m":1.1,"depth_mean_level_m":3.8,"change_vs_model_m":3.1,"zone":"mouth"}},{"type":"Feature","geometry":{"type":"Point","coordinates":[32.337365,60.127895]},"properties":{"depth_m":2.4,"kind":"sounding","source":"ЭНК ВВП / Волго-Балт 2025: устье Волхова","survey_year":2023,"model_depth_m":0.96,"model_minus_enc_m":-1.44,"datum":"ПУ","to_model_datum_m":1.1,"depth_mean_level_m":3.5,"change_vs_model_m":2.5,"zone":"mouth"}},{"type":"Feature","geometry":{"type":"Point","coordinates":[32.338101,60.12699]},"properties":{"depth_m":2.8,"kind":"sounding","source":"ЭНК ВВП / Волго-Балт 2025: устье Волхова","survey_year":2023,"model_depth_m":1.15,"model_minus_enc_m":-1.65,"datum":"ПУ","to_model_datum_m":1.1,"depth_mean_level_m":3.9,"change_vs_model_m":2.8,"zone":"mouth"}},{"type":"Feature","geometry":{"type":"Point","coordinates":[32.339396,60.127668]},"properties":{"depth_m":1.6,"kind":"sounding","source":"ЭНК ВВП / Волго-Балт 2025: устье Волхова","survey_year":2023,"model_depth_m":0.47,"model_minus_enc_m":-1.13,"datum":"ПУ","to_model_datum_m":1.1,"depth_mean_level_m":2.7,"change_vs_model_m":2.2,"zone":"mouth"}},{"type":"Feature","geometry":{"type":"Point","coordinates":[32.327587,60.123929]},"properties":{"depth_m":2.2,"kind":"sounding","source":"ЭНК ВВП / Волго-Балт 2025: устье Волхова","survey_year":2023,"model_depth_m":1.55,"model_minus_enc_m":-0.65,"datum":"ПУ","to_model_datum_m":1.1,"depth_mean_level_m":3.3,"change_vs_model_m":1.8,"zone":"mouth"}},{"type":"Feature","geometry":{"type":"Point","coordinates":[32.328692,60.125266]},"properties":{"depth_m":3.3,"kind":"sounding","source":"ЭНК ВВП / Волго-Балт 2025: устье Волхова","survey_year":2023,"model_depth_m":2.71,"model_minus_enc_m":-0.59,"datum":"ПУ","to_model_datum_m":1.1,"depth_mean_level_m":4.4,"change_vs_model_m":1.7,"zone":"mouth"}},{"type":"Feature","geometry":{"type":"Point","coordinates":[32.331143,60.125545]},"properties":{"depth_m":4.2,"kind":"sounding","source":"ЭНК ВВП / Волго-Балт 2025: устье Волхова","survey_year":2023,"model_depth_m":2.75,"model_minus_enc_m":-1.45,"datum":"ПУ","to_model_datum_m":1.1,"depth_mean_level_m":5.3,"change_vs_model_m":2.6,"zone":"mouth"}},{"type":"Feature","geometry":{"type":"Point","coordinates":[32.33179,60.125133]},"properties":{"depth_m":3.3,"kind":"sounding","source":"ЭНК ВВП / Волго-Балт 2025: устье Волхова","survey_year":2023,"model_depth_m":2.61,"model_minus_enc_m":-0.69,"datum":"ПУ","to_model_datum_m":1.1,"depth_mean_level_m":4.4,"change_vs_model_m":1.8,"zone":"mouth"}},{"type":"Feature","geometry":{"type":"Point","coordinates":[32.331981,60.123892]},"properties":{"depth_m":2.8,"kind":"sounding","source":"ЭНК ВВП / Волго-Балт 2025: устье Волхова","survey_year":2023,"model_depth_m":2.69,"model_minus_enc_m":-0.11,"datum":"ПУ","to_model_datum_m":1.1,"depth_mean_level_m":3.9,"change_vs_model_m":1.2,"zone":"mouth"}},{"type":"Feature","geometry":{"type":"Point","coordinates":[32.335244,60.12583]},"properties":{"depth_m":2.2,"kind":"sounding","source":"ЭНК ВВП / Волго-Балт 2025: устье Волхова","survey_year":2023,"model_depth_m":1.8,"model_minus_enc_m":-0.4,"datum":"ПУ","to_model_datum_m":1.1,"depth_mean_level_m":3.3,"change_vs_model_m":1.5,"zone":"mouth"}},{"type":"Feature","geometry":{"type":"Point","coordinates":[32.339383,60.126306]},"properties":{"depth_m":1.5,"kind":"sounding","source":"ЭНК ВВП / Волго-Балт 2025: устье Волхова","survey_year":2023,"model_depth_m":0.74,"model_minus_enc_m":-0.76,"datum":"ПУ","to_model_datum_m":1.1,"depth_mean_level_m":2.6,"change_vs_model_m":1.9,"zone":"mouth"}},{"type":"Feature","geometry":{"type":"Point","coordinates":[32.329301,60.122834]},"properties":{"depth_m":4.5,"kind":"sounding","source":"ЭНК ВВП / Волго-Балт 2025: устье Волхова","survey_year":2023,"model_depth_m":3.07,"model_minus_enc_m":-1.43,"datum":"ПУ","to_model_datum_m":1.1,"depth_mean_level_m":5.6,"change_vs_model_m":2.5,"zone":"mouth"}},{"type":"Feature","geometry":{"type":"Point","coordinates":[32.329644,60.123771]},"properties":{"depth_m":4.3,"kind":"fairway","source":"ЭНК ВВП / Волго-Балт 2025: устье Волхова","survey_year":2023,"model_depth_m":3.02,"model_minus_enc_m":-1.28,"datum":"ПУ","to_model_datum_m":1.1,"depth_mean_level_m":5.4,"change_vs_model_m":2.4,"zone":"mouth"}},{"type":"Feature","geometry":{"type":"Point","coordinates":[32.331269,60.12324]},"properties":{"depth_m":3.5,"kind":"sounding","source":"ЭНК ВВП / Волго-Балт 2025: устье Волхова","survey_year":2023,"model_depth_m":3.03,"model_minus_enc_m":-0.47,"datum":"ПУ","to_model_datum_m":1.1,"depth_mean_level_m":4.6,"change_vs_model_m":1.6,"zone":"mouth"}},{"type":"Feature","geometry":{"type":"Point","coordinates":[32.331549,60.122334]},"properties":{"depth_m":3.1,"kind":"sounding","source":"ЭНК ВВП / Волго-Балт 2025: устье Волхова","survey_year":2023,"model_depth_m":3.27,"model_minus_enc_m":0.17,"datum":"ПУ","to_model_datum_m":1.1,"depth_mean_level_m":4.2,"change_vs_model_m":0.9,"zone":"mouth"}},{"type":"Feature","geometry":{"type":"Point","coordinates":[32.333161,60.122626]},"properties":{"depth_m":2.6,"kind":"sounding","source":"ЭНК ВВП / Волго-Балт 2025: устье Волхова","survey_year":2023,"model_depth_m":2.8,"model_minus_enc_m":0.2,"datum":"ПУ","to_model_datum_m":1.1,"depth_mean_level_m":3.7,"change_vs_model_m":0.9,"zone":"mouth"}},{"type":"Feature","geometry":{"type":"Point","coordinates":[32.333733,60.123481]},"properties":{"depth_m":2.6,"kind":"sounding","source":"ЭНК ВВП / Волго-Балт 2025: устье Волхова","survey_year":2023,"model_depth_m":2.48,"model_minus_enc_m":-0.12,"datum":"ПУ","to_model_datum_m":1.1,"depth_mean_level_m":3.7,"change_vs_model_m":1.2,"zone":"mouth"}},{"type":"Feature","geometry":{"type":"Point","coordinates":[32.33419,60.121778]},"properties":{"depth_m":2.8,"kind":"sounding","source":"ЭНК ВВП / Волго-Балт 2025: устье Волхова","survey_year":2023,"model_depth_m":2.67,"model_minus_enc_m":-0.13,"datum":"ПУ","to_model_datum_m":1.1,"depth_mean_level_m":3.9,"change_vs_model_m":1.2,"zone":"mouth"}},{"type":"Feature","geometry":{"type":"Point","coordinates":[32.335409,60.123614]},"properties":{"depth_m":2.8,"kind":"sounding","source":"ЭНК ВВП / Волго-Балт 2025: устье Волхова","survey_year":2023,"model_depth_m":2.14,"model_minus_enc_m":-0.66,"datum":"ПУ","to_model_datum_m":1.1,"depth_mean_level_m":3.9,"change_vs_model_m":1.8,"zone":"mouth"}},{"type":"Feature","geometry":{"type":"Point","coordinates":[32.335891,60.122285]},"properties":{"depth_m":2.6,"kind":"sounding","source":"ЭНК ВВП / Волго-Балт 2025: устье Волхова","survey_year":2023,"model_depth_m":2.13,"model_minus_enc_m":-0.47,"datum":"ПУ","to_model_datum_m":1.1,"depth_mean_level_m":3.7,"change_vs_model_m":1.6,"zone":"mouth"}},{"type":"Feature","geometry":{"type":"Point","coordinates":[32.336247,60.122886]},"properties":{"depth_m":2.6,"kind":"sounding","source":"ЭНК ВВП / Волго-Балт 2025: устье Волхова","survey_year":2023,"model_depth_m":1.93,"model_minus_enc_m":-0.67,"datum":"ПУ","to_model_datum_m":1.1,"depth_mean_level_m":3.7,"change_vs_model_m":1.8,"zone":"mouth"}},{"type":"Feature","geometry":{"type":"Point","coordinates":[32.336907,60.123811]},"properties":{"depth_m":2.2,"kind":"sounding","source":"ЭНК ВВП / Волго-Балт 2025: устье Волхова","survey_year":2023,"model_depth_m":1.71,"model_minus_enc_m":-0.49,"datum":"ПУ","to_model_datum_m":1.1,"depth_mean_level_m":3.3,"change_vs_model_m":1.6,"zone":"mouth"}},{"type":"Feature","geometry":{"type":"Point","coordinates":[32.337516,60.121747]},"properties":{"depth_m":1.5,"kind":"sounding","source":"ЭНК ВВП / Волго-Балт 2025: устье Волхова","survey_year":2023,"model_depth_m":1.47,"model_minus_enc_m":-0.03,"datum":"ПУ","to_model_datum_m":1.1,"depth_mean_level_m":2.6,"change_vs_model_m":1.1,"zone":"mouth"}},{"type":"Feature","geometry":{"type":"Point","coordinates":[32.327549,60.120459]},"properties":{"depth_m":1.5,"kind":"sounding","source":"ЭНК ВВП / Волго-Балт 2025: устье Волхова","survey_year":2023,"model_depth_m":1.15,"model_minus_enc_m":-0.35,"datum":"ПУ","to_model_datum_m":1.1,"depth_mean_level_m":2.6,"change_vs_model_m":1.5,"zone":"mouth"}},{"type":"Feature","geometry":{"type":"Point","coordinates":[32.327854,60.11963]},"properties":{"depth_m":2.6,"kind":"sounding","source":"ЭНК ВВП / Волго-Балт 2025: устье Волхова","survey_year":2023,"model_depth_m":1.29,"model_minus_enc_m":-1.31,"datum":"ПУ","to_model_datum_m":1.1,"depth_mean_level_m":3.7,"change_vs_model_m":2.4,"zone":"mouth"}},{"type":"Feature","geometry":{"type":"Point","coordinates":[32.331396,60.11963]},"properties":{"depth_m":3.0,"kind":"sounding","source":"ЭНК ВВП / Волго-Балт 2025: устье Волхова","survey_year":2023,"model_depth_m":3.18,"model_minus_enc_m":0.18,"datum":"ПУ","to_model_datum_m":1.1,"depth_mean_level_m":4.1,"change_vs_model_m":0.9,"zone":"mouth"}},{"type":"Feature","geometry":{"type":"Point","coordinates":[32.331548,60.120593]},"properties":{"depth_m":3.3,"kind":"sounding","source":"ЭНК ВВП / Волго-Балт 2025: устье Волхова","survey_year":2023,"model_depth_m":3.22,"model_minus_enc_m":-0.08,"datum":"ПУ","to_model_datum_m":1.1,"depth_mean_level_m":4.4,"change_vs_model_m":1.2,"zone":"mouth"}},{"type":"Feature","geometry":{"type":"Point","coordinates":[32.331904,60.121321]},"properties":{"depth_m":3.2,"kind":"sounding","source":"ЭНК ВВП / Волго-Балт 2025: устье Волхова","survey_year":2023,"model_depth_m":3.2,"model_minus_enc_m":0.0,"datum":"ПУ","to_model_datum_m":1.1,"depth_mean_level_m":4.3,"change_vs_model_m":1.1,"zone":"mouth"}},{"type":"Feature","geometry":{"type":"Point","coordinates":[32.332691,60.120131]},"properties":{"depth_m":2.8,"kind":"sounding","source":"ЭНК ВВП / Волго-Балт 2025: устье Волхова","survey_year":2023,"model_depth_m":2.72,"model_minus_enc_m":-0.08,"datum":"ПУ","to_model_datum_m":1.1,"depth_mean_level_m":3.9,"change_vs_model_m":1.2,"zone":"mouth"}},{"type":"Feature","geometry":{"type":"Point","coordinates":[32.333605,60.12072]},"properties":{"depth_m":2.8,"kind":"sounding","source":"ЭНК ВВП / Волго-Балт 2025: устье Волхова","survey_year":2023,"model_depth_m":2.57,"model_minus_enc_m":-0.23,"datum":"ПУ","to_model_datum_m":1.1,"depth_mean_level_m":3.9,"change_vs_model_m":1.3,"zone":"mouth"}},{"type":"Feature","geometry":{"type":"Point","coordinates":[32.333631,60.119441]},"properties":{"depth_m":3.4,"kind":"sounding","source":"ЭНК ВВП / Волго-Балт 2025: устье Волхова","survey_year":2023,"model_depth_m":2.7,"model_minus_enc_m":-0.7,"datum":"ПУ","to_model_datum_m":1.1,"depth_mean_level_m":4.5,"change_vs_model_m":1.8,"zone":"mouth"}},{"type":"Feature","geometry":{"type":"Point","coordinates":[32.334672,60.118928]},"properties":{"depth_m":3.1,"kind":"sounding","source":"ЭНК ВВП / Волго-Балт 2025: устье Волхова","survey_year":2023,"model_depth_m":2.46,"model_minus_enc_m":-0.64,"datum":"ПУ","to_model_datum_m":1.1,"depth_mean_level_m":4.2,"change_vs_model_m":1.7,"zone":"mouth"}},{"type":"Feature","geometry":{"type":"Point","coordinates":[32.334773,60.120315]},"properties":{"depth_m":2.7,"kind":"sounding","source":"ЭНК ВВП / Волго-Балт 2025: устье Волхова","survey_year":2023,"model_depth_m":2.34,"model_minus_enc_m":-0.36,"datum":"ПУ","to_model_datum_m":1.1,"depth_mean_level_m":3.8,"change_vs_model_m":1.5,"zone":"mouth"}},{"type":"Feature","geometry":{"type":"Point","coordinates":[32.335154,60.119479]},"properties":{"depth_m":2.8,"kind":"sounding","source":"ЭНК ВВП / Волго-Балт 2025: устье Волхова","survey_year":2023,"model_depth_m":2.32,"model_minus_enc_m":-0.48,"datum":"ПУ","to_model_datum_m":1.1,"depth_mean_level_m":3.9,"change_vs_model_m":1.6,"zone":"mouth"}},{"type":"Feature","geometry":{"type":"Point","coordinates":[32.335281,60.120974]},"properties":{"depth_m":3.0,"kind":"sounding","source":"ЭНК ВВП / Волго-Балт 2025: устье Волхова","survey_year":2023,"model_depth_m":2.31,"model_minus_enc_m":-0.69,"datum":"ПУ","to_model_datum_m":1.1,"depth_mean_level_m":4.1,"change_vs_model_m":1.8,"zone":"mouth"}},{"type":"Feature","geometry":{"type":"Point","coordinates":[32.329085,60.118465]},"properties":{"depth_m":4.4,"kind":"fairway","source":"ЭНК ВВП / Волго-Балт 2025: устье Волхова","survey_year":2023,"model_depth_m":2.61,"model_minus_enc_m":-1.79,"datum":"ПУ","to_model_datum_m":1.1,"depth_mean_level_m":5.5,"change_vs_model_m":2.9,"zone":"mouth"}},{"type":"Feature","geometry":{"type":"Point","coordinates":[32.329694,60.117483]},"properties":{"depth_m":5.0,"kind":"sounding","source":"ЭНК ВВП / Волго-Балт 2025: устье Волхова","survey_year":2023,"model_depth_m":2.83,"model_minus_enc_m":-2.17,"datum":"ПУ","to_model_datum_m":1.1,"depth_mean_level_m":6.1,"change_vs_model_m":3.3,"zone":"mouth"}},{"type":"Feature","geometry":{"type":"Point","coordinates":[32.330469,60.116939]},"properties":{"depth_m":4.6,"kind":"sounding","source":"ЭНК ВВП / Волго-Балт 2025: устье Волхова","survey_year":2023,"model_depth_m":3.11,"model_minus_enc_m":-1.49,"datum":"ПУ","to_model_datum_m":1.1,"depth_mean_level_m":5.7,"change_vs_model_m":2.6,"zone":"mouth"}},{"type":"Feature","geometry":{"type":"Point","coordinates":[32.33137,60.118313]},"properties":{"depth_m":3.8,"kind":"sounding","source":"ЭНК ВВП / Волго-Балт 2025: устье Волхова","survey_year":2023,"model_depth_m":2.9,"model_minus_enc_m":-0.9,"datum":"ПУ","to_model_datum_m":1.1,"depth_mean_level_m":4.9,"change_vs_model_m":2.0,"zone":"mouth"}},{"type":"Feature","geometry":{"type":"Point","coordinates":[32.331472,60.117553]},"properties":{"depth_m":4.3,"kind":"sounding","source":"ЭНК ВВП / Волго-Балт 2025: устье Волхова","survey_year":2023,"model_depth_m":3.03,"model_minus_enc_m":-1.27,"datum":"ПУ","to_model_datum_m":1.1,"depth_mean_level_m":5.4,"change_vs_model_m":2.4,"zone":"mouth"}},{"type":"Feature","geometry":{"type":"Point","coordinates":[32.331865,60.116521]},"properties":{"depth_m":4.5,"kind":"sounding","source":"ЭНК ВВП / Волго-Балт 2025: устье Волхова","survey_year":2023,"model_depth_m":3.39,"model_minus_enc_m":-1.11,"datum":"ПУ","to_model_datum_m":1.1,"depth_mean_level_m":5.6,"change_vs_model_m":2.2,"zone":"mouth"}},{"type":"Feature","geometry":{"type":"Point","coordinates":[32.334253,60.118428]},"properties":{"depth_m":3.2,"kind":"sounding","source":"ЭНК ВВП / Волго-Балт 2025: устье Волхова","survey_year":2023,"model_depth_m":2.49,"model_minus_enc_m":-0.71,"datum":"ПУ","to_model_datum_m":1.1,"depth_mean_level_m":4.3,"change_vs_model_m":1.8,"zone":"mouth"}}]}