{"type":"FeatureCollection","name":"depth_chart_isobaths","description":"Изобаты южной Ладоги, оцифрованные со сканов навигационных карт ГУНиО МО 1:50 000 (№ 25069 Волховская губа, 25068 Кареджи–Сухо, 25070 Свирская губа; изд. 1997–1998). Глубины от среднего многолетнего уровня озера (+5,1 м БС). Координаты WGS84. Не для навигации.","features":[{"type":"Feature","properties":{"depth_m":2,"source":"ГУНиО МО, навигационная карта № 25068 «От маяка Кареджи до маяка Сухо», 1:50 000; скан ladoga-lake.ru (https://ladoga-lake.ru/maps/navi_su/navi-su-18.html)","chart":"25068","chart_sheet":"18","n_lines":22,"method":"полуавтоматическая векторизация чёрных изобат со скана (порог+скелетизация+сшивка), глубина подписана вручную по надписям на изобатах; привязка по картографической сетке","datum":"WGS84 (перевод СК-42 карты сдвигом по долготе, указанным на карте)","depth_datum":"от среднего многолетнего уровня Ладожского озера (+5,1 м БС)"},"geometry":{"type":"MultiLineString","coordinates":[[[31.363631,60.116723],[31.359985,60.117634],[31.359379,60.117344],[31.353598,60.115648],[31.352336,60.115123],[31.351439,60.114503],[31.35141,60.114148],[31.351689,60.113961]],[[31.3763,60.143619],[31.375205,60.143376],[31.374013,60.142839],[31.373615,60.14257],[31.372989,60.141854],[31.371977,60.141435],[31.371638,60.1412],[31.371681,60.140889],[31.372665,60.140248],[31.372722,60.139128],[31.373008,60.139033],[31.374462,60.138957],[31.376058,60.138357],[31.376476,60.138316],[31.377079,60.138378],[31.37768,60.138753],[31.378418,60.139857],[31.379252,60.140266]],[[31.386138,60.160537],[31.385375,60.160371],[31.384747,60.160069],[31.384284,60.159719],[31.384146,60.159403],[31.384281,60.15839],[31.385453,60.156983],[31.385424,60.156317],[31.385071,60.155939],[31.384391,60.155752],[31.383655,60.155755],[31.382863,60.155849],[31.381662,60.156139],[31.380637,60.156163],[31.379245,60.155898],[31.378677,60.155607],[31.378699,60.154647],[31.378303,60.153786],[31.378595,60.153531],[31.380131,60.153132]],[[31.386915,60.159524],[31.387882,60.159094],[31.38966,60.158645],[31.390231,60.158309],[31.390455,60.158005],[31.390483,60.157102],[31.390101,60.155647],[31.389411,60.153913],[31.389109,60.151886]],[[31.391044,60.131533],[31.391755,60.130677],[31.392092,60.129855],[31.392465,60.129593],[31.394515,60.128644],[31.394905,60.128142],[31.394881,60.12773],[31.394464,60.12743],[31.393769,60.127239],[31.392918,60.127164],[31.391062,60.127164],[31.389918,60.126984],[31.389425,60.126828],[31.388965,60.126483],[31.388746,60.126082],[31.388769,60.125638],[31.388956,60.125317],[31.390022,60.124289],[31.392398,60.122933],[31.392727,60.122554],[31.392762,60.122045],[31.392423,60.121706],[31.391536,60.121425],[31.390326,60.121358],[31.388235,60.121381],[31.387104,60.121185],[31.38668,60.120998],[31.386511,60.120686],[31.38678,60.120451],[31.387275,60.12026],[31.390599,60.11961],[31.391675,60.119516],[31.39295,60.119538],[31.3955,60.119923],[31.398904,60.120194],[31.399961,60.120117],[31.401544,60.119841],[31.403298,60.119863],[31.403932,60.12004],[31.404526,60.12032],[31.405825,60.12137],[31.406975,60.122119],[31.407758,60.1228],[31.408209,60.123511],[31.408362,60.124272],[31.407929,60.126147],[31.407898,60.127169],[31.407018,60.129614],[31.405485,60.131172],[31.40385,60.132466],[31.401536,60.13386],[31.400211,60.134499],[31.399115,60.135303],[31.398685,60.13659],[31.398257,60.136901],[31.397978,60.136964],[31.397541,60.136834],[31.397024,60.136146],[31.396508,60.135691],[31.395917,60.135388],[31.395133,60.135213],[31.393822,60.135231],[31.393081,60.135439],[31.392476,60.135839],[31.392117,60.13665],[31.39175,60.136869],[31.391193,60.136811],[31.390251,60.136309],[31.389527,60.135502],[31.389287,60.134421],[31.388275,60.133148],[31.3881,60.132702],[31.388132,60.132362],[31.388412,60.13211],[31.389084,60.131908],[31.390269,60.131767]],[[31.39549,60.14183],[31.39549,60.141713],[31.396333,60.140904],[31.396656,60.139859],[31.397443,60.138867],[31.397576,60.138403],[31.397455,60.13818],[31.396914,60.138087],[31.393785,60.138086],[31.392069,60.13821],[31.391181,60.13848],[31.390395,60.139177]],[[31.405485,60.118662],[31.408106,60.118566],[31.409397,60.118369],[31.411358,60.1178],[31.411922,60.117247],[31.413336,60.116931],[31.413755,60.116495],[31.413924,60.115087],[31.414785,60.114371]],[[31.529427,60.141302],[31.530152,60.140363],[31.530143,60.139281],[31.528226,60.137399],[31.527413,60.1362],[31.527013,60.135042],[31.526004,60.134055],[31.523842,60.132982],[31.522624,60.132578],[31.521309,60.132266],[31.518638,60.132012],[31.515621,60.131908],[31.514017,60.131658],[31.513187,60.131398]],[[31.533923,60.140133],[31.5338,60.139717],[31.533496,60.139421],[31.530934,60.137586],[31.530337,60.136959],[31.529998,60.136329],[31.529752,60.135392],[31.529914,60.132792],[31.5293,60.130867],[31.529302,60.129983],[31.529805,60.128597],[31.530665,60.127405],[31.531273,60.126833],[31.533366,60.125552],[31.534863,60.124911],[31.535598,60.124686],[31.53698,60.124388],[31.538547,60.124163],[31.542186,60.124147],[31.54441,60.12435],[31.546322,60.124717],[31.547396,60.125251],[31.54885,60.126474],[31.55126,60.128929],[31.55235,60.130642],[31.55302,60.131232],[31.55396,60.131788],[31.555618,60.132418],[31.557821,60.132866],[31.559499,60.133029],[31.562454,60.132961],[31.562608,60.133039]],[[31.552476,60.158291],[31.552602,60.157418],[31.552437,60.156661],[31.551766,60.155595],[31.550298,60.154482],[31.549246,60.154072],[31.548875,60.153718],[31.54772,60.153052],[31.54613,60.151843],[31.545487,60.151068],[31.544977,60.15013],[31.544718,60.148946],[31.544327,60.14835],[31.543534,60.14806],[31.541579,60.147922],[31.541047,60.147768],[31.540723,60.147499],[31.540318,60.146656],[31.539614,60.145839],[31.538683,60.145286],[31.536614,60.144495],[31.536485,60.144155],[31.536702,60.144069],[31.536857,60.144108]],[[31.592455,60.16639],[31.591851,60.166296],[31.588337,60.165111],[31.584659,60.163381],[31.5835,60.163135],[31.58285,60.162777],[31.576625,60.161339],[31.573495,60.160518],[31.571071,60.160073],[31.569418,60.159671],[31.563838,60.158839],[31.559611,60.157648],[31.558019,60.15759],[31.557127,60.157693],[31.555653,60.158369],[31.554489,60.159381],[31.553791,60.159615],[31.553558,60.159615]],[[31.575158,60.134521],[31.578461,60.13522],[31.581819,60.136205],[31.583096,60.136918],[31.584141,60.137876],[31.585711,60.138798],[31.586816,60.139588],[31.588033,60.139967],[31.590037,60.14082],[31.591706,60.141182],[31.592751,60.141521],[31.595377,60.142072],[31.596998,60.142083],[31.59852,60.141977],[31.599898,60.141666],[31.600581,60.141153],[31.600721,60.140742],[31.600598,60.140337],[31.600239,60.140004],[31.599271,60.139534],[31.597808,60.139039],[31.596661,60.138341],[31.596563,60.137962],[31.596655,60.136637],[31.596216,60.136083],[31.595279,60.135633],[31.593447,60.135082],[31.592533,60.134895],[31.591796,60.134508],[31.591356,60.133917],[31.591106,60.132826],[31.590929,60.132572],[31.590321,60.132195],[31.588686,60.131628],[31.588259,60.131301],[31.587892,60.130586],[31.587632,60.128968],[31.58735,60.12855],[31.586594,60.127989],[31.584033,60.127024],[31.582529,60.126077],[31.58196,60.125491],[31.581582,60.124766],[31.581308,60.123746],[31.5809,60.123294],[31.580276,60.122991],[31.579511,60.122761],[31.576278,60.122268],[31.574008,60.12177],[31.572117,60.120951],[31.571613,60.120596],[31.571023,60.119901],[31.570855,60.119494],[31.570949,60.118977],[31.571571,60.118174],[31.572921,60.117463],[31.574751,60.116907],[31.576547,60.116483],[31.576969,60.11627],[31.577146,60.116012],[31.576862,60.115661],[31.575519,60.115091],[31.573503,60.114007]],[[31.663908,60.200776],[31.662959,60.199279],[31.660646,60.19681],[31.658467,60.195101],[31.656806,60.194007],[31.65212,60.189894],[31.650263,60.188648],[31.648542,60.187645],[31.64779,60.187075],[31.644844,60.185469],[31.644054,60.184903],[31.64145,60.183596],[31.640504,60.183277],[31.639706,60.182655],[31.635696,60.18064],[31.631848,60.178843],[31.628008,60.17742],[31.626439,60.177022],[31.623422,60.176571],[31.622357,60.176306],[31.621421,60.176208],[31.620706,60.175997],[31.61883,60.175186],[31.617872,60.174672],[31.616787,60.174319],[31.614246,60.173261],[31.6122,60.172519],[31.61116,60.172264],[31.6092,60.171593],[31.60481,60.169528],[31.60217,60.168849],[31.599739,60.168414]],[[31.720191,60.258774],[31.719803,60.258634],[31.71927,60.258674],[31.717226,60.259682],[31.716621,60.259783],[31.716195,60.259736],[31.713845,60.258694],[31.712093,60.257482],[31.710973,60.256868],[31.706879,60.252572],[31.70466,60.248977],[31.703784,60.247029],[31.702719,60.24554],[31.701903,60.244802],[31.700766,60.244132],[31.699133,60.243572],[31.697847,60.243363],[31.696744,60.243339],[31.695887,60.243409],[31.693578,60.243782],[31.691951,60.244332],[31.691039,60.244536],[31.689937,60.244582],[31.689084,60.244492],[31.685882,60.243647],[31.684494,60.243127],[31.680177,60.24186],[31.677877,60.240994],[31.675352,60.23962],[31.674331,60.238795],[31.67358,60.237858],[31.673184,60.23683],[31.673184,60.23604],[31.673496,60.235138],[31.674443,60.233878],[31.67555,60.232805],[31.675768,60.232114],[31.675236,60.230881],[31.672993,60.227908],[31.672354,60.22676],[31.671797,60.224638],[31.6718,60.221908],[31.672222,60.220404],[31.673261,60.218433],[31.673604,60.217236],[31.673491,60.216649],[31.673098,60.216138],[31.672571,60.215786],[31.671495,60.215465],[31.670515,60.214937],[31.668734,60.214445],[31.667472,60.213896],[31.666037,60.212614],[31.665431,60.210506],[31.665314,60.20908],[31.665141,60.208555],[31.665142,60.207073]],[[31.826205,60.250457],[31.824489,60.253901],[31.823875,60.255965],[31.823874,60.256663],[31.824012,60.257111],[31.824977,60.258619],[31.827549,60.261095],[31.827708,60.261637],[31.827597,60.262312],[31.827421,60.26251],[31.82601,60.263223],[31.824889,60.263514],[31.823791,60.263636],[31.821944,60.263603],[31.820235,60.263289],[31.817229,60.26238],[31.813783,60.260775],[31.812203,60.259795],[31.81102,60.258679],[31.809812,60.256347],[31.809306,60.255815],[31.808446,60.255378],[31.806341,60.254815],[31.804716,60.25407],[31.803068,60.253745],[31.801533,60.25374],[31.799015,60.254081],[31.797054,60.25448],[31.794881,60.254729],[31.793825,60.25462],[31.793049,60.254294],[31.792832,60.253992],[31.792941,60.253723],[31.796094,60.251794],[31.79718,60.250875],[31.797927,60.249756],[31.798077,60.248979],[31.797682,60.247799],[31.797018,60.247366],[31.796087,60.247149],[31.794239,60.247223],[31.792906,60.247407],[31.788042,60.248617],[31.78621,60.249478],[31.784067,60.251758],[31.782112,60.252785],[31.773024,60.254919],[31.769575,60.255971],[31.767846,60.256337],[31.765841,60.2565],[31.762758,60.256285],[31.760999,60.256254],[31.759088,60.256323],[31.757142,60.256611],[31.754169,60.257293],[31.751721,60.258237],[31.750617,60.258772],[31.747496,60.261011],[31.745152,60.262313],[31.744106,60.262659],[31.740158,60.263552],[31.738642,60.26378],[31.737416,60.26374],[31.735878,60.262963],[31.735106,60.262158],[31.734661,60.261161],[31.734624,60.259547],[31.735402,60.256212],[31.735404,60.253885],[31.734924,60.253029],[31.733824,60.252348],[31.733127,60.252086],[31.731641,60.252024],[31.730852,60.252102],[31.730143,60.25228],[31.729533,60.252581],[31.727985,60.254119],[31.727488,60.254352]],[[31.73553,60.31322],[31.734909,60.313055],[31.734195,60.312663],[31.733693,60.312204],[31.733395,60.311672],[31.733358,60.310577],[31.733531,60.309936],[31.734175,60.309133],[31.734818,60.308903],[31.735775,60.308898],[31.736396,60.308996],[31.737135,60.309352],[31.737667,60.309984],[31.737859,60.310729],[31.737859,60.311595]],[[31.831794,60.247973],[31.833423,60.248199],[31.835686,60.248205],[31.83779,60.247925],[31.846752,60.245762],[31.849508,60.24495],[31.851965,60.244003],[31.859256,60.240295],[31.859787,60.239923],[31.86026,60.239396],[31.860627,60.238731],[31.860667,60.236938],[31.86123,60.235457],[31.862078,60.23461],[31.862996,60.234091],[31.863695,60.23384],[31.864509,60.233763],[31.866183,60.233837],[31.869747,60.234907],[31.871994,60.235287],[31.872999,60.235329],[31.874008,60.235469],[31.877902,60.235468],[31.882103,60.235312],[31.88466,60.235158],[31.887151,60.234848],[31.889217,60.234362],[31.890721,60.233508],[31.891643,60.232668],[31.892352,60.231084],[31.893137,60.230413],[31.893571,60.229879],[31.894502,60.229594],[31.89586,60.229408],[31.897137,60.229431],[31.899034,60.229698],[31.903932,60.230752],[31.906784,60.231178],[31.909315,60.231494],[31.910794,60.231452],[31.912876,60.231066],[31.913538,60.230799],[31.914002,60.23046],[31.915594,60.227638],[31.916168,60.226793],[31.916718,60.226308],[31.917688,60.225892],[31.920338,60.225457],[31.920976,60.225451],[31.922047,60.225597],[31.923474,60.225931],[31.924923,60.226453],[31.927697,60.22777],[31.928953,60.228101],[31.929707,60.228158],[31.930799,60.228123],[31.932367,60.227691]],[[31.949745,60.238715],[31.948795,60.238649],[31.947917,60.238376],[31.946289,60.237257],[31.944819,60.236513],[31.942962,60.235222],[31.942191,60.23394],[31.941475,60.233452],[31.940901,60.233359],[31.939998,60.233397],[31.937712,60.233973],[31.936933,60.234037],[31.935789,60.233891],[31.934746,60.233345],[31.934115,60.232423],[31.934074,60.231412],[31.934353,60.23058],[31.935123,60.229173],[31.935316,60.228467],[31.935316,60.228001],[31.93516,60.227924]],[[31.950831,60.237939],[31.950987,60.237861],[31.950521,60.236405],[31.950646,60.235662],[31.951615,60.235081],[31.952923,60.234944],[31.954183,60.235081],[31.95559,60.23541],[31.956864,60.235843],[31.958383,60.236224],[31.959417,60.236374],[31.961063,60.236452],[31.964029,60.236392],[31.965094,60.236305],[31.970083,60.236304],[31.974726,60.236692],[31.975858,60.236676],[31.976712,60.236474],[31.978109,60.23631],[31.979577,60.235997],[31.981093,60.235548],[31.983331,60.235214],[31.984672,60.235154],[31.987645,60.235277],[31.989163,60.235427],[31.992865,60.235619],[31.995538,60.235887],[31.997035,60.236252],[31.997221,60.236532],[31.99691,60.236998]],[[32.021108,60.249726],[32.02177,60.249355],[32.023559,60.248701],[32.025034,60.247731],[32.026661,60.245989],[32.029728,60.243791],[32.02995,60.243374],[32.029748,60.242893],[32.029267,60.242706],[32.028453,60.242551],[32.024095,60.242117],[32.021627,60.241548],[32.019878,60.240717],[32.018038,60.239214],[32.016912,60.238478],[32.015362,60.237699],[32.010891,60.236294],[32.009631,60.236094],[32.008803,60.236063],[32.007432,60.236197],[32.006534,60.236458],[32.005784,60.236841],[32.004911,60.237746],[32.004512,60.23884],[32.004512,60.239268],[32.004977,60.241589],[32.00446,60.242846],[32.00388,60.243272],[32.002944,60.24367],[32.001771,60.243804],[32.000737,60.243693],[32.000051,60.243442],[31.999004,60.242782],[31.998508,60.241959],[31.998462,60.240636],[31.998927,60.238796],[31.998927,60.237916],[31.998462,60.236842]],[[32.003731,60.262764],[32.002675,60.262597],[32.001986,60.262221],[32.001653,60.26185],[32.00156,60.260971],[32.001832,60.259913],[32.001561,60.258969],[32.001561,60.257949],[32.001778,60.25752],[32.002515,60.257124],[32.003341,60.256972],[32.004153,60.257135],[32.004752,60.257544],[32.005013,60.257948],[32.0054,60.26021],[32.005749,60.261212]],[[32.033203,60.261907],[32.032831,60.26169],[32.031373,60.261397],[32.030412,60.261032],[32.029378,60.260235],[32.028706,60.259114],[32.028847,60.256359],[32.02862,60.255598],[32.027946,60.25491],[32.024985,60.253218]]]}},{"type":"Feature","properties":{"depth_m":2,"source":"ГУНиО МО, навигационная карта № 25069 «Волховская губа», 1:50 000; скан ladoga-lake.ru (https://ladoga-lake.ru/maps/navi_su/navi-su-16.html)","chart":"25069","chart_sheet":"16","n_lines":29,"method":"полуавтоматическая векторизация чёрных изобат со скана (порог+скелетизация+сшивка), глубина подписана вручную по надписям на изобатах; привязка по картографической сетке","datum":"WGS84 (перевод СК-42 карты сдвигом по долготе, указанным на карте)","depth_datum":"от среднего многолетнего уровня Ладожского озера (+5,1 м БС)"},"geometry":{"type":"MultiLineString","coordinates":[[[32.096472,60.249336],[32.096616,60.247305],[32.096917,60.246131],[32.097621,60.244755],[32.099184,60.243429],[32.102333,60.241648],[32.102605,60.241356],[32.10261,60.241136],[32.102383,60.240856],[32.101668,60.240312],[32.100695,60.239763],[32.100585,60.239494],[32.10068,60.239312],[32.100901,60.239144],[32.101456,60.238991],[32.103922,60.238856],[32.104668,60.238719],[32.104952,60.23847],[32.105374,60.23764],[32.105164,60.236655],[32.105436,60.236051],[32.106772,60.235351],[32.108796,60.234865]],[[32.177463,60.189864],[32.177148,60.189318],[32.177196,60.188863],[32.177685,60.188168],[32.178317,60.18681],[32.178592,60.186514],[32.180791,60.18536],[32.182419,60.185002],[32.184064,60.184484],[32.185036,60.183939],[32.185354,60.183475]],[[32.202079,60.173657],[32.201921,60.173209],[32.202001,60.172576],[32.203468,60.171467],[32.203872,60.170854],[32.203294,60.170163],[32.201658,60.16937],[32.201136,60.168903]],[[32.213915,60.16103],[32.213558,60.160729],[32.210772,60.159466],[32.210042,60.158891],[32.209817,60.158483],[32.209874,60.158073],[32.210102,60.157787],[32.210493,60.157571],[32.211216,60.157418],[32.212428,60.157506],[32.21376,60.158068]],[[32.230792,60.153703],[32.230634,60.15317],[32.230635,60.152286],[32.230861,60.151865],[32.231564,60.15129],[32.232384,60.150818],[32.23379,60.150334],[32.234736,60.14982],[32.236476,60.148569],[32.238317,60.146673],[32.238522,60.146295]],[[32.241047,60.143488],[32.241954,60.142708],[32.242956,60.142168],[32.245413,60.14107],[32.249406,60.138598],[32.250162,60.138497],[32.251218,60.138575],[32.253089,60.13917],[32.254344,60.139423],[32.255364,60.139387],[32.256026,60.139122],[32.257161,60.138116],[32.25812,60.137824],[32.258763,60.136894],[32.258629,60.136657],[32.257478,60.136439],[32.256848,60.136152],[32.256659,60.135861],[32.256848,60.135253],[32.257237,60.134884],[32.258079,60.134386],[32.258886,60.134073],[32.259813,60.133896]],[[32.321424,60.13952],[32.320794,60.139239],[32.319786,60.13899],[32.318485,60.138497],[32.31278,60.135702],[32.311974,60.135151],[32.310361,60.134389],[32.308824,60.134012],[32.307676,60.13349],[32.306172,60.133135],[32.30417,60.132836],[32.302499,60.132415],[32.299125,60.130981],[32.298308,60.130769],[32.2963,60.130466],[32.293884,60.130312],[32.29145,60.130255],[32.289813,60.129886],[32.288325,60.129392],[32.287287,60.129188],[32.285916,60.129152],[32.284718,60.129375]],[[32.348989,60.141085],[32.348832,60.141007],[32.34817,60.141007],[32.345629,60.141162],[32.344406,60.141022],[32.343035,60.140678],[32.340829,60.138419],[32.339572,60.137412],[32.338605,60.136346],[32.337487,60.134745],[32.337339,60.134141]],[[32.355603,60.142646],[32.356303,60.142403],[32.359703,60.141616],[32.362384,60.140719],[32.364223,60.140423],[32.367124,60.140386],[32.370394,60.14055],[32.374975,60.140622]],[[32.395023,60.141848],[32.393331,60.141456],[32.391979,60.141327],[32.390109,60.141345],[32.388031,60.14162],[32.386696,60.14163],[32.383056,60.140985],[32.381903,60.140935]],[[32.450682,60.150932],[32.449172,60.15076],[32.443362,60.149568],[32.439834,60.148539],[32.43882,60.148071],[32.436956,60.147575],[32.435452,60.147029],[32.43191,60.146145],[32.430075,60.145877],[32.425695,60.14567],[32.422195,60.145019],[32.419503,60.144932],[32.417124,60.144726],[32.415707,60.144474],[32.413113,60.143806],[32.410743,60.143374],[32.408666,60.143202],[32.407721,60.143202],[32.407564,60.143124]],[[32.516422,60.169734],[32.515611,60.169345],[32.512069,60.168321],[32.509126,60.167676],[32.504786,60.167003]],[[32.549119,60.179404],[32.547445,60.178995],[32.54625,60.178792],[32.544892,60.178382],[32.542524,60.177373],[32.540783,60.176378],[32.539469,60.175847],[32.535769,60.175172],[32.534685,60.174875],[32.534229,60.174866],[32.534186,60.175115]],[[32.571904,60.188835],[32.570673,60.18844],[32.567845,60.187043],[32.567316,60.186684],[32.566098,60.186408],[32.563302,60.185464],[32.560737,60.184469],[32.559815,60.184226],[32.559131,60.183699],[32.556078,60.182437],[32.555248,60.181899]],[[32.586671,60.19686],[32.58576,60.196377],[32.583674,60.194838],[32.582482,60.194342],[32.58069,60.193046],[32.578796,60.191895],[32.578495,60.191624],[32.578346,60.191251]],[[32.594596,60.360964],[32.594722,60.36039],[32.595833,60.359067],[32.595834,60.358292],[32.595541,60.357747],[32.595721,60.356719],[32.595923,60.356423],[32.59665,60.355852],[32.597907,60.355231],[32.600209,60.354506],[32.600885,60.354219],[32.601206,60.353949],[32.601295,60.353636],[32.600983,60.353301],[32.600005,60.353159],[32.596481,60.353655],[32.594675,60.353665],[32.593867,60.353496],[32.593028,60.352979]],[[32.597586,60.351041],[32.597586,60.350401],[32.597325,60.349787],[32.595073,60.347048],[32.595416,60.346713],[32.596764,60.346142],[32.597117,60.345768]],[[32.598394,60.300526],[32.598506,60.300027],[32.598421,60.299733],[32.596765,60.298066],[32.596858,60.297207],[32.597154,60.296985],[32.59761,60.296949],[32.598238,60.297342],[32.599024,60.297668],[32.600124,60.297653]],[[32.605518,60.209555],[32.604943,60.20873],[32.6024,60.206512],[32.600638,60.205198],[32.600179,60.204977],[32.599708,60.204883]],[[32.620273,60.229948],[32.620007,60.228763],[32.619078,60.226424],[32.618043,60.225216],[32.615846,60.223904],[32.615564,60.223186],[32.615517,60.222409],[32.615094,60.221816],[32.613405,60.220754],[32.612097,60.219462],[32.611482,60.219208],[32.610712,60.219021],[32.61021,60.218741],[32.609355,60.218482],[32.609157,60.21832],[32.609008,60.217826],[32.609284,60.216873],[32.609284,60.215939],[32.608814,60.213993]],[[32.616474,60.278777],[32.616506,60.278419],[32.616016,60.277507],[32.616003,60.277197],[32.616192,60.276935],[32.616825,60.276716],[32.618506,60.276655],[32.619279,60.2765],[32.620032,60.276125],[32.620365,60.275657],[32.620383,60.274772],[32.619765,60.273964],[32.619286,60.273676],[32.618362,60.273493]],[[32.621524,60.238972],[32.622561,60.238189],[32.622781,60.237503],[32.622782,60.236941],[32.622325,60.235578],[32.621445,60.234018],[32.62137,60.233527]],[[32.622078,60.460991],[32.622109,60.460266],[32.621864,60.459997],[32.621255,60.459735],[32.619894,60.459564],[32.619145,60.459345],[32.618778,60.459],[32.618872,60.458582],[32.619438,60.458097],[32.619792,60.457529],[32.620376,60.457235],[32.621566,60.457013],[32.623526,60.456854],[32.62475,60.456589]],[[32.63357,60.344445],[32.633319,60.343914],[32.632911,60.343515],[32.631795,60.342688],[32.630377,60.341964],[32.629267,60.341166],[32.627503,60.338513],[32.627131,60.338164]],[[32.645975,60.362428],[32.645459,60.362153],[32.645226,60.361624],[32.645382,60.36088],[32.645944,60.359931],[32.647782,60.358028],[32.650382,60.356686],[32.65072,60.356289],[32.650707,60.356],[32.648822,60.354144],[32.64835,60.354005],[32.646804,60.353793],[32.646071,60.353421],[32.645977,60.353024],[32.646094,60.352659],[32.647163,60.35176],[32.647368,60.351464],[32.647278,60.350944],[32.646751,60.350486],[32.644847,60.3495],[32.644114,60.349251],[32.643528,60.349158],[32.642931,60.349174],[32.642625,60.349278],[32.641852,60.35012],[32.641328,60.35017],[32.640794,60.350066],[32.640135,60.349713],[32.639444,60.348965],[32.639053,60.348719],[32.636894,60.348376],[32.635831,60.348004],[32.635646,60.347742],[32.635769,60.346771]],[[32.640149,60.449167],[32.640589,60.448989],[32.641417,60.448389],[32.64282,60.447634],[32.645439,60.44668],[32.646041,60.446345],[32.646716,60.445453],[32.64696,60.444299],[32.647534,60.443833],[32.649143,60.443399],[32.651507,60.443243],[32.653952,60.442728],[32.656931,60.441357],[32.657594,60.440965],[32.657902,60.440584]],[[32.663408,60.368158],[32.662902,60.367788],[32.65997,60.366601],[32.657951,60.365428],[32.657008,60.364662],[32.656233,60.363337],[32.654771,60.361884]],[[32.686017,60.397267],[32.687053,60.395756],[32.687919,60.395065],[32.688512,60.394282],[32.688442,60.393367],[32.687577,60.392065],[32.687431,60.391632],[32.687443,60.390873],[32.687767,60.390002],[32.687845,60.388676],[32.686679,60.387051],[32.686295,60.385892],[32.685648,60.385213],[32.684589,60.384823],[32.682934,60.384524],[32.680836,60.384],[32.680208,60.383722],[32.679769,60.383381],[32.67958,60.382777],[32.679878,60.382052],[32.681492,60.380487],[32.681653,60.379827],[32.681146,60.379036],[32.680789,60.377688],[32.680303,60.377176],[32.679738,60.376907]],[[32.68633,60.413747],[32.686487,60.413746],[32.686928,60.413424],[32.687347,60.412837],[32.687318,60.410577],[32.688372,60.408989],[32.688265,60.408822],[32.687775,60.408718],[32.686933,60.408774],[32.686173,60.408951]]]}},{"type":"Feature","properties":{"depth_m":2,"source":"ГУНиО МО, навигационная карта № 25070 «Свирская губа», 1:50 000; скан ladoga-lake.ru (https://ladoga-lake.ru/maps/navi_su/navi-su-13.html)","chart":"25070","chart_sheet":"13","n_lines":25,"method":"полуавтоматическая векторизация чёрных изобат со скана (порог+скелетизация+сшивка), глубина подписана вручную по надписям на изобатах; привязка по картографической сетке","datum":"WGS84 (перевод СК-42 карты сдвигом по долготе, указанным на карте)","depth_datum":"от среднего многолетнего уровня Ладожского озера (+5,1 м БС)"},"geometry":{"type":"MultiLineString","coordinates":[[[32.647278,60.538404],[32.649104,60.538099],[32.650617,60.538107],[32.652026,60.538276],[32.653067,60.538275],[32.655422,60.53784],[32.65666,60.537717],[32.657805,60.537412]],[[32.697706,60.525583],[32.699139,60.524856],[32.704081,60.523151],[32.705645,60.522481]],[[32.711064,60.520119],[32.714371,60.51925],[32.719419,60.51858],[32.720805,60.518281],[32.722026,60.517875],[32.723047,60.517404],[32.725254,60.516661],[32.726117,60.51618],[32.728121,60.515572],[32.729778,60.515407],[32.733405,60.515547],[32.735686,60.51537],[32.738364,60.514866],[32.741387,60.513938],[32.74235,60.513794]],[[32.743128,60.521259],[32.744134,60.521467],[32.74579,60.521173],[32.74935,60.51975],[32.751183,60.519203],[32.751758,60.518727],[32.754767,60.518212],[32.758468,60.516845],[32.761569,60.515873],[32.766884,60.514653],[32.769307,60.51419],[32.770794,60.513956],[32.772126,60.513926],[32.772792,60.513527],[32.773753,60.513253],[32.779741,60.512141],[32.783663,60.511255],[32.789594,60.510207],[32.792227,60.509596],[32.794259,60.508922],[32.796498,60.507928],[32.79721,60.507131],[32.797443,60.506195],[32.797659,60.506069],[32.797969,60.506023]],[[32.802317,60.530018],[32.801506,60.53016],[32.800738,60.530133],[32.797461,60.529434],[32.79619,60.529241],[32.792664,60.528386],[32.789294,60.527157],[32.788742,60.527078],[32.787642,60.527098],[32.786907,60.52654],[32.78638,60.526353],[32.780746,60.525395],[32.777368,60.525067],[32.775177,60.525198],[32.769917,60.524929],[32.767724,60.524719],[32.766391,60.524435],[32.765603,60.524072],[32.765176,60.523692],[32.764817,60.522638],[32.764817,60.522088],[32.76516,60.521039],[32.765678,60.520365],[32.766384,60.519816],[32.767739,60.519059],[32.768069,60.518745]],[[32.774111,60.516612],[32.778529,60.515211],[32.779862,60.514866],[32.78165,60.514276],[32.782688,60.51405],[32.791599,60.511279],[32.792919,60.511006],[32.796415,60.50983],[32.796638,60.509669],[32.796839,60.509197],[32.797713,60.508184],[32.7983,60.507278],[32.798744,60.505947],[32.798899,60.505871]],[[32.777209,60.516613],[32.778604,60.516708],[32.781195,60.517248],[32.783222,60.517451],[32.7852,60.517443],[32.786406,60.517296],[32.788436,60.517184],[32.789698,60.517286],[32.791608,60.517767],[32.793487,60.51851],[32.795473,60.519144],[32.798078,60.519759],[32.800622,60.520104],[32.801715,60.520172],[32.802592,60.520133],[32.803175,60.520006],[32.803831,60.519457],[32.803761,60.519034],[32.802901,60.518068],[32.800753,60.516697],[32.800241,60.516248],[32.799844,60.515585],[32.799878,60.514712],[32.801065,60.513243],[32.803529,60.51112],[32.804634,60.509662],[32.805918,60.507499],[32.805749,60.507212],[32.804801,60.506575],[32.804764,60.506408],[32.806141,60.505711],[32.806865,60.505081],[32.807398,60.50427],[32.808171,60.502319],[32.808956,60.501055],[32.80942,60.500492],[32.809746,60.500309]],[[32.79608,60.847592],[32.796916,60.846839],[32.798102,60.846242],[32.799245,60.845945],[32.800852,60.845686],[32.801771,60.845314],[32.802554,60.844491],[32.803183,60.842777],[32.804788,60.841418],[32.806582,60.840581],[32.807556,60.839732],[32.808129,60.838666],[32.808313,60.837649],[32.808362,60.83551],[32.808815,60.832071],[32.80988,60.83094],[32.812717,60.828965],[32.812737,60.82823],[32.811784,60.827165],[32.811926,60.826579],[32.812677,60.826129],[32.814335,60.825654],[32.814704,60.8253],[32.81459,60.82492],[32.814149,60.824715],[32.813194,60.824468],[32.813101,60.824126],[32.813369,60.823754],[32.814953,60.822723],[32.815113,60.822417],[32.815,60.821901],[32.812631,60.820909],[32.811617,60.820025],[32.811216,60.819815],[32.810676,60.819733],[32.810081,60.819742],[32.808219,60.820061],[32.807891,60.819887],[32.807695,60.819415],[32.807978,60.8191],[32.810295,60.818116],[32.810922,60.817561],[32.811037,60.817045],[32.810902,60.816427],[32.81051,60.815851],[32.810143,60.81465],[32.810297,60.814248],[32.810916,60.813632],[32.811071,60.813217],[32.810642,60.812009],[32.810604,60.811471],[32.81099,60.810765],[32.81336,60.809433],[32.814043,60.808732],[32.814474,60.807796],[32.814473,60.806718],[32.814068,60.805507],[32.813556,60.804673],[32.812531,60.803522],[32.811156,60.802744],[32.809093,60.80206],[32.807416,60.801818],[32.804935,60.801677],[32.803926,60.801449]],[[32.850051,60.524082],[32.849472,60.524131],[32.849182,60.524254],[32.84818,60.525076],[32.845892,60.526239],[32.844755,60.52695],[32.843665,60.527886],[32.842471,60.52841],[32.841743,60.528543],[32.841061,60.528475],[32.839798,60.5279],[32.838658,60.527546],[32.837263,60.527355],[32.836143,60.527488],[32.834706,60.528223],[32.833962,60.528345],[32.833317,60.528314],[32.829104,60.527713],[32.828196,60.527659],[32.826022,60.527756],[32.823666,60.528121],[32.822772,60.528191],[32.822126,60.528141],[32.820592,60.527836],[32.819001,60.527734],[32.816387,60.527932],[32.815631,60.52829],[32.813822,60.528419],[32.808445,60.528255],[32.807817,60.528152],[32.806345,60.527657],[32.804967,60.526963],[32.802625,60.525372],[32.801679,60.524931],[32.800588,60.524623],[32.799739,60.524495],[32.798425,60.524428],[32.797255,60.524576],[32.796969,60.524725],[32.796759,60.525028],[32.796737,60.525905]],[[32.80686,60.792316],[32.808595,60.792074],[32.809172,60.791929],[32.809866,60.791538],[32.81033,60.790975],[32.81091,60.789388],[32.811016,60.788447],[32.811349,60.787876],[32.811347,60.785973],[32.810741,60.783339],[32.810882,60.781706],[32.811242,60.780841],[32.811728,60.780227],[32.813227,60.779061],[32.813937,60.777402],[32.814887,60.775868],[32.815463,60.775324],[32.81563,60.774959],[32.815089,60.773185],[32.814565,60.772832],[32.812594,60.771922],[32.811756,60.771185],[32.811391,60.770558],[32.811173,60.769821],[32.811171,60.768526],[32.811326,60.76845]],[[32.817801,60.73685],[32.817879,60.736135],[32.818356,60.735015],[32.818846,60.734251],[32.818497,60.732903],[32.818134,60.732442],[32.816537,60.731243],[32.813907,60.729974],[32.812068,60.729207],[32.810354,60.72865],[32.808803,60.727863],[32.807377,60.726652],[32.807097,60.725813],[32.807095,60.724283],[32.807437,60.723305],[32.807874,60.722601],[32.808023,60.721794]],[[32.816537,60.713467],[32.817222,60.713209],[32.817729,60.712625],[32.818063,60.709376],[32.818438,60.70847],[32.819785,60.706956]],[[32.820869,60.706123],[32.821295,60.705725],[32.827085,60.7019],[32.830206,60.700086],[32.830471,60.699761]],[[32.83171,60.699003],[32.832209,60.698489],[32.834345,60.697188],[32.836047,60.69639],[32.836977,60.696201]],[[32.838061,60.695898],[32.838541,60.695675],[32.840168,60.695307],[32.841788,60.695076],[32.84414,60.694936],[32.846045,60.694692],[32.849715,60.693826],[32.851078,60.6937]],[[32.855572,60.69317],[32.85961,60.692844],[32.86471,60.692173],[32.868423,60.691265],[32.871971,60.68999],[32.874437,60.689495],[32.877089,60.689306],[32.878846,60.689306],[32.884567,60.689523],[32.886874,60.689368],[32.888649,60.689064],[32.889517,60.688776],[32.89085,60.688064],[32.891977,60.686959],[32.892952,60.685676],[32.894342,60.684616],[32.896117,60.683821],[32.898349,60.683396]],[[32.899589,60.683245],[32.900613,60.683174],[32.902618,60.682818],[32.903767,60.682473],[32.904953,60.68181],[32.905755,60.681186],[32.906289,60.68053],[32.906893,60.680145],[32.90799,60.679692],[32.910646,60.679027],[32.911369,60.678774],[32.913522,60.677703],[32.91651,60.675595],[32.917895,60.675004],[32.919274,60.674682]],[[32.919894,60.674758],[32.92005,60.674833],[32.923149,60.67496],[32.92423,60.674821],[32.925454,60.674515],[32.927456,60.673604],[32.930001,60.671818],[32.931057,60.671196]],[[32.932142,60.670817],[32.933045,60.670789],[32.935396,60.670417],[32.937097,60.669893],[32.938538,60.669036],[32.939186,60.66836],[32.940049,60.667103]],[[32.943886,60.608748],[32.943808,60.608824],[32.943327,60.608884],[32.938671,60.607957],[32.93662,60.607071],[32.935731,60.606309],[32.935664,60.605548],[32.935788,60.605146],[32.936498,60.604431],[32.937862,60.603595],[32.938268,60.603202],[32.938744,60.602401],[32.939046,60.601054],[32.938615,60.599658],[32.936842,60.597922],[32.93628,60.596667],[32.936559,60.595056],[32.937042,60.593752],[32.936961,60.592934],[32.936552,60.592491],[32.93521,60.591643],[32.934443,60.590968],[32.933203,60.589057],[32.932933,60.588443],[32.932399,60.587775]],[[32.940669,60.66642],[32.940935,60.666059],[32.94206,60.665203],[32.943464,60.664378],[32.944388,60.663688],[32.946563,60.662482],[32.947558,60.661813],[32.948171,60.661166],[32.948264,60.660734]],[[32.956467,60.637447],[32.957737,60.634898],[32.958016,60.633892],[32.958015,60.632807],[32.95757,60.631644],[32.957213,60.631186],[32.95685,60.630225],[32.956453,60.629597],[32.956001,60.627767],[32.955522,60.62721],[32.954576,60.626604],[32.952184,60.625528],[32.951216,60.62483],[32.950719,60.624221],[32.950248,60.623292],[32.950132,60.622637],[32.950872,60.620001],[32.950809,60.618929],[32.95024,60.618328],[32.949309,60.617644],[32.948754,60.616937],[32.948697,60.6149],[32.948511,60.614353],[32.946299,60.612363],[32.945727,60.611521],[32.945226,60.609894],[32.944041,60.609052]],[[32.948574,60.660355],[32.948729,60.660279],[32.948861,60.659532],[32.948728,60.65834],[32.946938,60.655079],[32.946862,60.653671],[32.947201,60.652399],[32.947503,60.651904],[32.948488,60.650746],[32.949496,60.649965]],[[32.949961,60.649586],[32.953778,60.647065],[32.954492,60.646416],[32.954767,60.645642],[32.954922,60.645566]],[[32.954922,60.64549],[32.955077,60.645414],[32.954928,60.641993],[32.956188,60.638016],[32.956467,60.637827]]]}},{"type":"Feature","properties":{"depth_m":5,"source":"ГУНиО МО, навигационная карта № 25068 «От маяка Кареджи до маяка Сухо», 1:50 000; скан ladoga-lake.ru (https://ladoga-lake.ru/maps/navi_su/navi-su-18.html)","chart":"25068","chart_sheet":"18","n_lines":21,"method":"граница голубой заливки 0–5 м (автоматически по цвету) + чёрные участки изобаты 5 м там, где заливки нет; привязка по картографической сетке","datum":"WGS84 (перевод СК-42 карты сдвигом по долготе, указанным на карте)","depth_datum":"от среднего многолетнего уровня Ладожского озера (+5,1 м БС)"},"geometry":{"type":"MultiLineString","coordinates":[[[31.323026,60.127845],[31.321059,60.128882],[31.319758,60.129945],[31.318434,60.130823],[31.317909,60.131433]],[[31.323028,60.127495],[31.323901,60.127389],[31.325507,60.126988],[31.328339,60.126848],[31.32937,60.126971],[31.330429,60.127303],[31.331369,60.127422],[31.332176,60.127796],[31.333009,60.128026],[31.333585,60.128536],[31.334551,60.129072],[31.335826,60.130222],[31.335885,60.130971],[31.336603,60.131523],[31.336381,60.132235],[31.33662,60.133003],[31.336368,60.133452],[31.335801,60.133995],[31.334819,60.13449],[31.334432,60.135028],[31.333136,60.135787],[31.33198,60.136144],[31.331081,60.136309],[31.329478,60.137019],[31.326244,60.13798],[31.325469,60.138384],[31.324994,60.138918],[31.325033,60.139378],[31.325366,60.13977],[31.329062,60.141345],[31.329849,60.141866],[31.330779,60.142145],[31.331539,60.142683],[31.331889,60.143338],[31.331784,60.143842],[31.331879,60.144343],[31.331683,60.144666],[31.327893,60.147605],[31.3272,60.148974],[31.327588,60.149289],[31.328765,60.149401],[31.330473,60.149037],[31.332517,60.148812],[31.333331,60.149022],[31.334119,60.14952],[31.334214,60.149701],[31.334034,60.150174],[31.333972,60.152044],[31.33412,60.153198],[31.335019,60.154032],[31.335998,60.154397],[31.33645,60.154684],[31.336652,60.155165],[31.337667,60.156107],[31.337687,60.15935],[31.338416,60.16009],[31.339323,60.161327],[31.339556,60.162067],[31.342414,60.163402],[31.344154,60.164021],[31.345304,60.164226],[31.34613,60.165171],[31.346429,60.166415],[31.346248,60.167045],[31.34556,60.167928],[31.345603,60.168792],[31.346721,60.169554],[31.347202,60.169764],[31.350938,60.17058],[31.351454,60.170899],[31.351768,60.171366],[31.351674,60.171959],[31.351441,60.172211],[31.346775,60.173945],[31.345586,60.174624],[31.344065,60.175931],[31.343078,60.176402],[31.342551,60.176523],[31.341102,60.176498],[31.339579,60.176034],[31.338053,60.175317],[31.336669,60.174356],[31.335883,60.174062],[31.335303,60.173663],[31.333584,60.173111],[31.333327,60.17316],[31.333192,60.173334]],[[31.331873,60.17354],[31.331529,60.173501],[31.331344,60.173576],[31.331431,60.174483],[31.331699,60.174722],[31.332382,60.175021],[31.332648,60.17529],[31.333352,60.176561],[31.333131,60.177161],[31.333189,60.177579],[31.333504,60.177825],[31.333794,60.177926],[31.333984,60.177903]],[[31.334695,60.17837],[31.335051,60.178524],[31.335581,60.178562],[31.339745,60.178359],[31.340986,60.178464],[31.342032,60.178384],[31.343214,60.178532],[31.343886,60.178765],[31.344633,60.179228],[31.344828,60.17989],[31.345447,60.180583],[31.345251,60.18107],[31.344491,60.181745],[31.343331,60.182368],[31.341661,60.182934],[31.340474,60.183442],[31.339253,60.184383],[31.338933,60.184746],[31.338642,60.185687],[31.33864,60.187521],[31.338936,60.189039],[31.338793,60.191065],[31.337857,60.192302],[31.337767,60.19279]],[[31.337301,60.193477],[31.337017,60.193676],[31.33718,60.193946],[31.33802,60.194254],[31.338623,60.194352],[31.342309,60.194354],[31.344933,60.193968],[31.345224,60.193844],[31.346489,60.192672],[31.347745,60.191834],[31.348598,60.191054],[31.349452,60.190057],[31.352009,60.188796],[31.35338,60.18835],[31.354363,60.187901],[31.355932,60.187652],[31.357158,60.187353],[31.361071,60.187297],[31.361868,60.187378],[31.363856,60.187902],[31.364386,60.188305],[31.365102,60.188581],[31.365389,60.189035],[31.366336,60.189489],[31.366791,60.190201],[31.367757,60.190574],[31.368436,60.190987],[31.369148,60.191977],[31.369295,60.192479],[31.370197,60.19318],[31.370503,60.193863],[31.371167,60.194528],[31.371415,60.195184],[31.372726,60.19555],[31.373123,60.195583],[31.373681,60.195509],[31.374401,60.195168],[31.374914,60.194647],[31.374785,60.194462],[31.374117,60.194485]],[[31.34789,60.201014],[31.347468,60.20103],[31.347165,60.201132],[31.34636,60.201807],[31.345481,60.202284],[31.345192,60.202878],[31.343944,60.203267],[31.343545,60.203631],[31.343627,60.204283],[31.344423,60.205456],[31.344152,60.206515],[31.34414,60.207451],[31.344787,60.207954],[31.34544,60.208275],[31.345965,60.208421],[31.347535,60.208509],[31.348813,60.208425],[31.349207,60.208303],[31.349349,60.208043],[31.349273,60.206274],[31.349555,60.204492],[31.349652,60.20211],[31.349198,60.20157],[31.348549,60.201197],[31.348013,60.20103]],[[31.37406,60.193867],[31.373896,60.193323],[31.372764,60.192551],[31.372562,60.192292],[31.372578,60.191915],[31.37295,60.191565],[31.373584,60.191395],[31.377172,60.191208],[31.378901,60.190469],[31.380039,60.1898],[31.381198,60.189474],[31.381807,60.189416],[31.383044,60.189636],[31.384189,60.189678],[31.385242,60.189657],[31.385559,60.189587],[31.386495,60.188897],[31.38733,60.187913],[31.387721,60.187055],[31.388403,60.186367],[31.388867,60.185545],[31.388956,60.185072]],[[31.389931,60.184406],[31.390824,60.184058],[31.391436,60.183661],[31.392468,60.18241],[31.392675,60.181289],[31.393307,60.180775],[31.394319,60.179571],[31.395808,60.178541],[31.396269,60.177734],[31.39629,60.177425],[31.396109,60.177138],[31.394838,60.176178],[31.394016,60.175768],[31.393404,60.175195],[31.393327,60.174935],[31.393523,60.174016],[31.393256,60.173392]],[[31.393341,60.173237],[31.394739,60.17183],[31.395126,60.170759],[31.396459,60.169795],[31.396775,60.168835],[31.397437,60.16829],[31.398057,60.167134],[31.398095,60.166394],[31.398578,60.165336],[31.398903,60.163923],[31.399625,60.162866],[31.399921,60.162572],[31.400695,60.162164],[31.401482,60.161498],[31.402164,60.16108],[31.402678,60.160522],[31.403612,60.159827],[31.403982,60.158851],[31.404722,60.158495],[31.404839,60.158351],[31.405261,60.157298],[31.405115,60.156955]],[[31.40503,60.156594],[31.40569,60.155823],[31.405661,60.154109],[31.405925,60.152617],[31.406183,60.152097],[31.40633,60.151267],[31.407208,60.150357],[31.407218,60.150168],[31.407065,60.150084]],[[31.407489,60.149707],[31.408223,60.149531],[31.408872,60.149026],[31.409582,60.148686],[31.410046,60.148079],[31.410906,60.14727],[31.411038,60.146397],[31.410788,60.145501],[31.410817,60.144792],[31.410978,60.144492],[31.412459,60.143489],[31.413552,60.142995],[31.414642,60.142363],[31.415817,60.141379],[31.415862,60.140872],[31.415386,60.139429],[31.415455,60.137549],[31.41652,60.136193],[31.417303,60.135586],[31.418073,60.134731],[31.418214,60.133994],[31.418623,60.13338],[31.418684,60.132745],[31.41903,60.132117],[31.419169,60.131158],[31.419373,60.130763],[31.420181,60.130047],[31.422917,60.128932],[31.423403,60.128842],[31.425235,60.128932],[31.427971,60.129403],[31.430763,60.129379],[31.431706,60.12927],[31.433256,60.128562],[31.433861,60.128171],[31.434613,60.127357],[31.43483,60.126563],[31.435004,60.126397],[31.436387,60.12582],[31.437424,60.125641],[31.439469,60.125777],[31.440507,60.126068],[31.441587,60.126217],[31.442093,60.126411],[31.442746,60.126927],[31.443836,60.127146],[31.446574,60.126968],[31.448754,60.126232],[31.450062,60.125908],[31.450815,60.125829],[31.454329,60.125852],[31.455205,60.126123],[31.456222,60.126135],[31.457447,60.126429],[31.458444,60.126424],[31.460297,60.126589],[31.462186,60.126585],[31.462731,60.126454],[31.463468,60.126069],[31.463604,60.125881],[31.463623,60.125203],[31.464471,60.124338],[31.464872,60.124109],[31.46537,60.124015],[31.466291,60.124045],[31.467208,60.123883],[31.468467,60.123964],[31.469473,60.123801],[31.4704,60.123493],[31.471529,60.122676],[31.472298,60.122335],[31.473388,60.122127],[31.475016,60.121999],[31.479139,60.122087],[31.484767,60.122334],[31.486204,60.122458],[31.488432,60.122874],[31.489663,60.123022],[31.491765,60.123591],[31.492543,60.124368],[31.49246,60.124533],[31.492015,60.124771],[31.491446,60.124933],[31.490349,60.125019],[31.485188,60.125083],[31.48422,60.125353],[31.483425,60.125434],[31.483355,60.125549],[31.483498,60.125675],[31.485808,60.126024],[31.4879,60.126068],[31.488938,60.126194],[31.49042,60.126009],[31.491395,60.126144],[31.492557,60.126141],[31.494019,60.126489],[31.494917,60.126611],[31.495729,60.126944],[31.497239,60.127366],[31.498062,60.127419]],[[31.498329,60.127452],[31.499753,60.127925],[31.500945,60.127973],[31.502052,60.128251],[31.503283,60.128389],[31.50415,60.128404],[31.505009,60.128608],[31.506068,60.128709],[31.507872,60.12944],[31.509475,60.129919],[31.510463,60.130528],[31.512088,60.130993],[31.513491,60.131571],[31.516748,60.132008],[31.519856,60.132168],[31.521085,60.132166],[31.522749,60.132785],[31.523848,60.132974],[31.525357,60.133461],[31.526705,60.135191],[31.52738,60.135836],[31.527409,60.136452],[31.527642,60.136858],[31.52863,60.137579],[31.529114,60.138403],[31.529767,60.138832],[31.53035,60.139667],[31.530317,60.140043],[31.529538,60.140881],[31.529434,60.141458],[31.529581,60.141547]],[[31.529115,60.141889],[31.528019,60.142253],[31.526937,60.142503],[31.525302,60.143271],[31.524045,60.144791],[31.523494,60.145215],[31.523121,60.145895],[31.522425,60.146321],[31.521902,60.147802],[31.522224,60.148982],[31.522181,60.149504],[31.522953,60.150229],[31.523551,60.15159],[31.524588,60.152825],[31.524825,60.153268],[31.524874,60.153974],[31.525428,60.154671],[31.526136,60.155052],[31.526547,60.155953],[31.52706,60.156632],[31.527918,60.157156],[31.52843,60.157633],[31.528727,60.15811],[31.529474,60.158527],[31.529774,60.159033],[31.530522,60.159449],[31.531285,60.160117],[31.531542,60.160753],[31.531343,60.16217],[31.531637,60.162653],[31.531837,60.163431],[31.532565,60.164204],[31.533404,60.164681],[31.533729,60.164728],[31.534012,60.164648],[31.53447,60.164081],[31.53453,60.163816],[31.534286,60.163319],[31.534269,60.162765],[31.534748,60.161715],[31.535303,60.16148],[31.536815,60.161517],[31.537546,60.16174],[31.538012,60.162123],[31.538773,60.162491],[31.539433,60.16302],[31.539796,60.163472],[31.540277,60.163701],[31.540686,60.164088],[31.541335,60.16437],[31.543224,60.16481],[31.54424,60.164871],[31.548584,60.164867],[31.551652,60.164666],[31.555245,60.164562],[31.559362,60.164566],[31.560664,60.164674],[31.562181,60.165001],[31.562734,60.165282],[31.56377,60.165586],[31.56517,60.16627],[31.566012,60.166557],[31.567822,60.167818],[31.570462,60.168615],[31.571775,60.168852],[31.572732,60.168862],[31.574448,60.168548],[31.576949,60.16752],[31.577694,60.167394],[31.578308,60.167439],[31.579429,60.167917],[31.580451,60.168482],[31.582421,60.170277],[31.583478,60.170765],[31.585625,60.17213],[31.589838,60.173403],[31.590396,60.1735],[31.592865,60.173606],[31.593899,60.173731],[31.598014,60.173846],[31.600201,60.174017],[31.601745,60.174264],[31.603234,60.174378],[31.604418,60.17474],[31.605879,60.174968],[31.608442,60.175657],[31.609858,60.175744],[31.610923,60.175982],[31.611915,60.176084],[31.614993,60.176854],[31.615894,60.177213],[31.616764,60.177389],[31.617426,60.177648],[31.618666,60.177915],[31.619828,60.17801],[31.624619,60.178845],[31.62637,60.179297],[31.627361,60.179703],[31.627894,60.179831],[31.628299,60.18009],[31.630269,60.180901],[31.630799,60.181874],[31.631631,60.182372],[31.631863,60.182671],[31.631945,60.183292],[31.632382,60.183862],[31.632427,60.184367],[31.632688,60.184905],[31.633058,60.187042],[31.633669,60.188228],[31.633834,60.188868],[31.634746,60.18972],[31.634841,60.19056],[31.635409,60.191244],[31.635337,60.191862],[31.634686,60.192717],[31.634455,60.193664],[31.633617,60.194337],[31.633436,60.195388],[31.633483,60.196118],[31.63394,60.197049],[31.634677,60.197771],[31.635089,60.198524],[31.634707,60.199308],[31.634654,60.200007],[31.63393,60.200787],[31.633161,60.201178],[31.633019,60.201736],[31.632393,60.202542],[31.632231,60.202957],[31.632225,60.203738],[31.632379,60.204006],[31.63412,60.205445],[31.634756,60.206109],[31.636454,60.208583],[31.636548,60.209362],[31.637134,60.210028],[31.637,60.211469],[31.636464,60.212863],[31.636438,60.213507],[31.637181,60.21452],[31.639277,60.215254],[31.641045,60.215614],[31.642265,60.215715],[31.643506,60.215927],[31.644735,60.216011],[31.645814,60.216333],[31.647423,60.21651],[31.648085,60.216709],[31.648997,60.216814],[31.649736,60.217027],[31.650359,60.217315],[31.650868,60.217737],[31.651192,60.218256],[31.651245,60.218731]],[[31.651245,60.218887],[31.651212,60.219824],[31.650943,60.221041],[31.650974,60.221782],[31.651167,60.222193],[31.651682,60.222668],[31.652643,60.223086],[31.653236,60.22366],[31.655,60.224137],[31.655712,60.224498],[31.656405,60.224642],[31.657582,60.225415],[31.659056,60.227411],[31.659317,60.227939],[31.659359,60.228489],[31.660079,60.229169],[31.660865,60.230326],[31.661021,60.231095],[31.662385,60.232234],[31.662877,60.233047],[31.663517,60.233576],[31.66384,60.234232],[31.664597,60.234825],[31.664881,60.235455],[31.666246,60.237321],[31.666243,60.237998],[31.666945,60.238661],[31.66729,60.239591],[31.667142,60.24007],[31.667283,60.240539],[31.667055,60.241932],[31.66732,60.242742],[31.666766,60.244136],[31.666072,60.244765],[31.666004,60.245331],[31.665512,60.246076],[31.665358,60.246566],[31.665402,60.248155],[31.666424,60.248904],[31.66658,60.249554],[31.667446,60.250165],[31.668012,60.25074],[31.669678,60.251815],[31.671473,60.252549],[31.674269,60.253038],[31.676234,60.252965],[31.677672,60.252543],[31.67827,60.252185],[31.678707,60.25157],[31.679489,60.251104],[31.680322,60.250737],[31.680885,60.25077],[31.681139,60.251385],[31.681593,60.251997],[31.681595,60.252451],[31.681203,60.253045],[31.681378,60.25351],[31.681329,60.254685],[31.681524,60.255109],[31.681937,60.255491],[31.683156,60.256038],[31.686256,60.256495],[31.688083,60.257152],[31.689143,60.258042],[31.690372,60.259818],[31.691366,60.260809],[31.692633,60.261338],[31.694151,60.262182],[31.695016,60.26246],[31.695662,60.262943],[31.696746,60.263255],[31.701147,60.265229],[31.703435,60.266466],[31.704601,60.267595],[31.705308,60.268929],[31.706121,60.269574],[31.706369,60.270158],[31.706961,60.270766],[31.706772,60.271413],[31.707192,60.272074],[31.707288,60.273844],[31.707607,60.274587],[31.708063,60.275189],[31.708202,60.275698],[31.709036,60.276493],[31.709779,60.27687],[31.710446,60.277749],[31.710695,60.278446],[31.710596,60.278937],[31.71107,60.279573],[31.710977,60.280723],[31.71067,60.281172],[31.710723,60.281563],[31.710451,60.282266],[31.710482,60.282644],[31.710098,60.28314],[31.710025,60.283686],[31.709648,60.284404],[31.708029,60.286751],[31.707856,60.287377],[31.707839,60.28847],[31.708154,60.289352],[31.708943,60.290285],[31.709147,60.290705],[31.710405,60.291212],[31.712159,60.292091],[31.712745,60.292524],[31.713431,60.292813],[31.714109,60.293806],[31.71413,60.294005],[31.713734,60.294496],[31.713712,60.294963],[31.712877,60.295581],[31.712388,60.296671],[31.712362,60.297558],[31.712715,60.298076],[31.713696,60.29866],[31.715275,60.299088],[31.717464,60.299393],[31.720859,60.299399],[31.722594,60.299543],[31.724482,60.300368],[31.72619,60.301876],[31.727332,60.302304],[31.730544,60.303098],[31.732221,60.303731],[31.732626,60.304184],[31.732904,60.304803],[31.732951,60.305404],[31.732779,60.306003],[31.732426,60.306478],[31.732265,60.307275],[31.731569,60.308095],[31.731663,60.308679],[31.7313,60.310441],[31.731418,60.31118],[31.731944,60.312125],[31.732987,60.312899],[31.734071,60.313347],[31.735193,60.313531],[31.737004,60.31349],[31.738305,60.31318],[31.739386,60.312678],[31.739868,60.31214],[31.740615,60.311672],[31.740646,60.311517],[31.740367,60.311104],[31.740278,60.310125],[31.740554,60.309511],[31.740679,60.307711],[31.741353,60.30671],[31.742705,60.306197],[31.74439,60.305853],[31.7449,60.305354],[31.74551,60.305068],[31.747143,60.303727],[31.748015,60.303294],[31.748642,60.302765],[31.750973,60.301603],[31.751974,60.301316],[31.753101,60.300788],[31.755624,60.300029],[31.756889,60.299804],[31.758105,60.299908]],[[31.758718,60.300759],[31.757548,60.301305],[31.756783,60.30195],[31.756019,60.302252],[31.7552,60.302774],[31.754744,60.30321],[31.754584,60.30359],[31.754632,60.304281],[31.754936,60.304654],[31.755756,60.305262],[31.756862,60.305569],[31.759426,60.305696],[31.760827,60.305936],[31.762733,60.306495],[31.765285,60.307487],[31.767583,60.308023],[31.768799,60.308063],[31.771282,60.307919],[31.7727,60.307688],[31.773793,60.307617],[31.774274,60.307483],[31.776597,60.306246],[31.776988,60.305576],[31.77704,60.30496],[31.776868,60.304426],[31.776526,60.304016],[31.775076,60.302868],[31.774468,60.302591],[31.772928,60.301194],[31.772407,60.299944],[31.772567,60.299544],[31.773031,60.299067],[31.773881,60.298644],[31.774526,60.298436],[31.775298,60.298336],[31.776055,60.298367],[31.777235,60.298613],[31.778841,60.299149],[31.779344,60.299468],[31.77995,60.299626],[31.782276,60.300661],[31.783036,60.300897],[31.784648,60.301097],[31.786383,60.30109],[31.787252,60.300993],[31.788081,60.300803],[31.790389,60.300055],[31.791456,60.299512],[31.793025,60.298455],[31.793495,60.297986],[31.794112,60.296847],[31.794052,60.295737],[31.793871,60.295603],[31.793433,60.295566]],[[31.793278,60.295215],[31.79344,60.294795],[31.793432,60.294071],[31.793186,60.29323],[31.793379,60.292707],[31.793354,60.292099],[31.793839,60.2916],[31.794397,60.291252],[31.794903,60.291099],[31.800581,60.291096],[31.801432,60.291021],[31.802508,60.290808],[31.804809,60.290614],[31.806008,60.290584],[31.808794,60.29066],[31.812073,60.291161],[31.813544,60.291229],[31.814774,60.291525],[31.816019,60.291359],[31.816461,60.291156],[31.816592,60.290979],[31.816629,60.289438],[31.816529,60.289119],[31.815657,60.287945],[31.815635,60.286902],[31.815817,60.286723],[31.81641,60.286453],[31.81765,60.286252],[31.818573,60.285936],[31.819939,60.285926],[31.821207,60.286076],[31.82449,60.287123],[31.826812,60.287771],[31.827912,60.287958],[31.82916,60.288339],[31.831068,60.288413],[31.831953,60.288345],[31.832512,60.288198],[31.833736,60.287419],[31.834245,60.286725],[31.83599,60.285242],[31.836527,60.284371],[31.837129,60.283768],[31.83752,60.283175],[31.838301,60.282305],[31.839116,60.281653],[31.840808,60.280602],[31.842692,60.280072],[31.843552,60.279507],[31.844884,60.278948],[31.846199,60.277662],[31.846488,60.277012],[31.847152,60.276266],[31.847586,60.275302],[31.848943,60.273728],[31.84993,60.273143],[31.850428,60.27247],[31.851646,60.27134],[31.852655,60.27081],[31.853885,60.269536],[31.856866,60.267525],[31.857427,60.267242],[31.859129,60.266659],[31.861081,60.266274],[31.862302,60.266332],[31.863855,60.266819],[31.864947,60.267701],[31.865723,60.268959],[31.866189,60.269453],[31.866402,60.270259],[31.867142,60.271789],[31.868071,60.272365],[31.868802,60.272536],[31.869502,60.272538],[31.871071,60.271913],[31.871673,60.271196],[31.87209,60.27034],[31.872854,60.269624],[31.872962,60.269334],[31.872854,60.26739],[31.873016,60.266217],[31.873176,60.265826],[31.873631,60.265343],[31.873674,60.264783],[31.873872,60.264407],[31.875162,60.263272],[31.876686,60.262878],[31.878437,60.262758],[31.879987,60.262753],[31.880602,60.2628],[31.882022,60.263122],[31.883311,60.263489],[31.884912,60.264178],[31.885952,60.264414],[31.888131,60.265201],[31.890033,60.26603],[31.892291,60.266759],[31.894323,60.267276],[31.896207,60.267904],[31.897998,60.268381],[31.898855,60.268748],[31.900887,60.269193],[31.902349,60.26962],[31.906295,60.271041],[31.908388,60.271667],[31.908985,60.271797],[31.910256,60.271865],[31.910853,60.271809],[31.911704,60.271573],[31.911858,60.271398],[31.912025,60.270537],[31.910617,60.268929],[31.909929,60.26851],[31.909386,60.267802],[31.909141,60.267076],[31.908545,60.266385],[31.908416,60.265744],[31.908718,60.265243],[31.908761,60.264646],[31.909239,60.264093],[31.909882,60.26363],[31.911316,60.263027],[31.91256,60.26273],[31.913799,60.262552],[31.914772,60.262514],[31.915775,60.262574],[31.918168,60.263168],[31.919933,60.264617],[31.920242,60.265249],[31.920023,60.265946],[31.920023,60.267514],[31.920421,60.26891],[31.921843,60.27042],[31.922771,60.270855],[31.924867,60.271147],[31.926386,60.271093],[31.927938,60.270791],[31.928811,60.270308],[31.929289,60.269744],[31.92961,60.268464],[31.929679,60.26736],[31.930107,60.266592],[31.930167,60.266114],[31.930984,60.265352],[31.93191,60.264836],[31.933092,60.263704],[31.933185,60.263456],[31.933074,60.262961],[31.932495,60.26257],[31.930998,60.262014],[31.930421,60.261887],[31.928906,60.26173],[31.927919,60.261512],[31.92701,60.261173],[31.924963,60.260592],[31.923494,60.259901],[31.922831,60.259161],[31.921878,60.258592],[31.921188,60.257958],[31.920562,60.257036],[31.920362,60.256343],[31.920865,60.255647],[31.923059,60.254553],[31.923406,60.254289],[31.923951,60.253306],[31.923765,60.252489],[31.924203,60.251535],[31.92558,60.250727],[31.926518,60.250602],[31.92776,60.250618],[31.928536,60.250724],[31.929918,60.251093],[31.93107,60.251304],[31.932386,60.251761],[31.933131,60.251918],[31.933814,60.252219],[31.937505,60.253039],[31.942061,60.253098],[31.943945,60.252805],[31.945069,60.252829],[31.94612,60.252673],[31.948672,60.253059],[31.950373,60.253712],[31.950683,60.253974],[31.951152,60.254715],[31.951156,60.255092],[31.950711,60.255544],[31.949282,60.256194],[31.948482,60.256969],[31.94828,60.257781],[31.948331,60.258401],[31.948514,60.2587],[31.948966,60.259074],[31.950145,60.259731],[31.951921,60.260427],[31.952777,60.2606],[31.9534,60.260896],[31.953838,60.261452],[31.954584,60.261952],[31.954864,60.262937],[31.955999,60.26444],[31.956708,60.264709],[31.957267,60.265206],[31.958324,60.265431],[31.959551,60.265969],[31.960398,60.266216],[31.961127,60.266811],[31.962248,60.267362],[31.962753,60.268168],[31.962726,60.268946],[31.963799,60.270162],[31.963943,60.270603],[31.964102,60.270738],[31.965143,60.271119],[31.965849,60.271328],[31.966587,60.271432],[31.967373,60.271409],[31.968368,60.27123],[31.969725,60.270659],[31.972101,60.269035],[31.973485,60.268484],[31.973942,60.268499],[31.975146,60.268738],[31.975759,60.269078],[31.976247,60.269665],[31.97644,60.270336],[31.977972,60.271844],[31.978464,60.272673],[31.979333,60.273075],[31.980031,60.273699],[31.981724,60.27415],[31.983067,60.274189],[31.983559,60.274119],[31.984485,60.273828],[31.984829,60.273614],[31.985502,60.271644],[31.986464,60.270562],[31.987911,60.270018],[31.988375,60.269976],[31.988712,60.270037],[31.990346,60.270516],[31.991647,60.271932],[31.991655,60.272633],[31.992108,60.273162],[31.992614,60.274434],[31.992606,60.275212],[31.992326,60.275934],[31.992341,60.276921],[31.992612,60.277728],[31.993248,60.278293],[31.993688,60.278869],[31.994514,60.279482],[31.994969,60.280029],[31.996037,60.28038],[31.996635,60.280865],[31.997842,60.281108],[31.999237,60.281584],[32.001881,60.282094],[32.004714,60.282259],[32.007605,60.282223],[32.008815,60.282338],[32.012046,60.282271],[32.013989,60.282792],[32.016236,60.283915],[32.019277,60.284999],[32.021891,60.285049],[32.023389,60.284961],[32.025108,60.284991],[32.026038,60.285109],[32.027421,60.285508],[32.027745,60.285727],[32.028335,60.286423],[32.028571,60.287012],[32.029363,60.287569],[32.029382,60.288112],[32.030165,60.288922],[32.0308,60.290314],[32.031391,60.292582],[32.032101,60.294374],[32.03258,60.294705],[32.033067,60.294841],[32.035027,60.294831],[32.036521,60.294991],[32.037178,60.295541],[32.03699,60.296447],[32.037263,60.297224],[32.036912,60.297784],[32.036851,60.298507],[32.036181,60.299304],[32.036322,60.29998],[32.035762,60.30114],[32.035885,60.301713],[32.035686,60.302382],[32.035855,60.302661],[32.036786,60.303431],[32.037849,60.303932],[32.038612,60.303999],[32.039693,60.303946],[32.039932,60.303868],[32.041021,60.302794],[32.041798,60.301625],[32.042445,60.301186],[32.042875,60.300727],[32.0455,60.299349],[32.047474,60.298481],[32.050042,60.297916],[32.051629,60.297701],[32.052378,60.297482],[32.053538,60.297002],[32.056125,60.295332],[32.058773,60.29414],[32.059699,60.293911],[32.06064,60.29349],[32.062657,60.292902],[32.064168,60.292716],[32.064938,60.29251],[32.065906,60.291928],[32.067612,60.290448],[32.071002,60.288653],[32.07262,60.288249],[32.073224,60.288169],[32.074169,60.288237],[32.074859,60.288455],[32.075427,60.288858],[32.075545,60.289156],[32.075456,60.289338],[32.074623,60.290242],[32.073785,60.290764],[32.072814,60.291149],[32.072655,60.291291],[32.072801,60.291563],[32.073516,60.292147],[32.074637,60.292724],[32.075869,60.292789],[32.076703,60.292723],[32.078143,60.292248],[32.079087,60.292075],[32.079599,60.292081],[32.081094,60.292434],[32.081439,60.292678]],[[31.982472,60.276491],[31.982891,60.276661],[31.983046,60.276824],[31.983092,60.277964],[31.982495,60.27924],[31.98216,60.279475],[31.9817,60.279564],[31.981281,60.279436],[31.980795,60.279109],[31.980183,60.278273],[31.980027,60.276897],[31.980113,60.276731],[31.980455,60.276569]],[[32.081439,60.40793],[32.080671,60.407971],[32.079155,60.407839],[32.07861,60.407737],[32.077922,60.407481],[32.077167,60.407365],[32.075959,60.406951],[32.0735,60.405879],[32.072814,60.405475],[32.07184,60.405158],[32.070454,60.40442],[32.068123,60.403873],[32.067074,60.403883],[32.066004,60.403995],[32.065734,60.404087],[32.065352,60.405054],[32.065836,60.405758],[32.067566,60.406467],[32.069679,60.406917],[32.070519,60.407202],[32.07167,60.407353],[32.072367,60.407596],[32.073143,60.408175],[32.073195,60.408714],[32.073489,60.409184],[32.073434,60.409577],[32.073104,60.409973],[32.071839,60.410757],[32.071216,60.410986],[32.06966,60.411354],[32.068215,60.411906],[32.067377,60.412341],[32.066789,60.412938],[32.066668,60.413578],[32.06737,60.414828],[32.069009,60.415938]],[[32.081439,60.299368],[32.080661,60.299636],[32.079418,60.30038],[32.079042,60.300979],[32.07885,60.302406],[32.078179,60.303046],[32.077064,60.3035],[32.076093,60.303694],[32.074347,60.304207],[32.07273,60.304485],[32.072035,60.304887],[32.071792,60.305148],[32.071923,60.305401],[32.072289,60.305671],[32.074012,60.306537],[32.07458,60.307456],[32.07491,60.308703],[32.07649,60.30992],[32.07667,60.310211],[32.076571,60.31062],[32.076669,60.311119],[32.076381,60.311765],[32.076359,60.312207],[32.076922,60.314367],[32.076395,60.315136],[32.074173,60.316559],[32.074172,60.316714],[32.074479,60.316916]],[[32.074885,60.317381],[32.074974,60.317628],[32.075588,60.318183],[32.075857,60.318604],[32.077678,60.31926],[32.078572,60.319459],[32.081439,60.319665]],[[32.081439,60.293601],[32.081344,60.293766],[32.080975,60.293943],[32.079473,60.294107],[32.078161,60.294552],[32.076622,60.294812],[32.076324,60.295145],[32.076472,60.295548],[32.076949,60.295743],[32.077708,60.295867],[32.081185,60.295833],[32.081439,60.295868]]]}},{"type":"Feature","properties":{"depth_m":5,"source":"ГУНиО МО, навигационная карта № 25069 «Волховская губа», 1:50 000; скан ladoga-lake.ru (https://ladoga-lake.ru/maps/navi_su/navi-su-16.html)","chart":"25069","chart_sheet":"16","n_lines":105,"method":"граница голубой заливки 0–5 м (автоматически по цвету) + чёрные участки изобаты 5 м там, где заливки нет; привязка по картографической сетке","datum":"WGS84 (перевод СК-42 карты сдвигом по долготе, указанным на карте)","depth_datum":"от среднего многолетнего уровня Ладожского озера (+5,1 м БС)"},"geometry":{"type":"MultiLineString","coordinates":[[[32.082666,60.319685],[32.084516,60.319475],[32.088621,60.318535],[32.090342,60.318219],[32.091831,60.318084],[32.094948,60.318029],[32.096824,60.317703],[32.098244,60.317166],[32.099917,60.315941],[32.102016,60.314698],[32.10404,60.313972],[32.105672,60.31353],[32.107697,60.313296],[32.109864,60.313265],[32.111273,60.313426],[32.112202,60.313349],[32.115289,60.313563],[32.116596,60.313372],[32.116816,60.313238],[32.116765,60.313018]],[[32.082812,60.44883],[32.085015,60.44918],[32.08669,60.449324],[32.087184,60.449483],[32.087564,60.449719],[32.087745,60.449958],[32.087554,60.451187],[32.088521,60.452971],[32.089672,60.454265],[32.090185,60.454678],[32.090515,60.455246],[32.091354,60.456196],[32.092115,60.456697]],[[32.093787,60.390243],[32.092555,60.390477],[32.091951,60.390768],[32.091397,60.391399],[32.090529,60.392029],[32.089873,60.392835],[32.089582,60.39374],[32.088225,60.395076],[32.085458,60.396682],[32.084531,60.397431],[32.083237,60.39819],[32.083017,60.398433],[32.082807,60.399201],[32.082871,60.401217],[32.083775,60.402239],[32.085025,60.402977],[32.086034,60.403932],[32.08625,60.404436],[32.086202,60.405902],[32.086335,60.406177],[32.086504,60.406201]],[[32.092812,60.457526],[32.092664,60.457854],[32.092971,60.458327],[32.093891,60.45935],[32.095219,60.460463],[32.0957,60.460667],[32.097318,60.4611],[32.097845,60.460981],[32.097973,60.460535],[32.097763,60.460249],[32.095953,60.458977],[32.094888,60.458686]],[[32.094325,60.456678],[32.094771,60.456655],[32.09496,60.456562],[32.095385,60.455699],[32.095738,60.455435],[32.096244,60.455229],[32.096617,60.455148],[32.097209,60.455147],[32.100337,60.455542],[32.101055,60.455382],[32.10136,60.455143],[32.101322,60.454971],[32.101103,60.454838],[32.100801,60.454754],[32.100643,60.454836]],[[32.098991,60.394195],[32.099144,60.393299],[32.09985,60.391678],[32.099874,60.389105],[32.100311,60.387447],[32.100069,60.386935],[32.09948,60.386674],[32.099158,60.386664],[32.09888,60.38676],[32.098168,60.387413],[32.097536,60.387776],[32.097209,60.388338],[32.096635,60.388828],[32.095589,60.389438],[32.09469,60.389792],[32.094419,60.390018]],[[32.129942,60.381139],[32.129487,60.381182],[32.128976,60.381496],[32.128358,60.382106],[32.127237,60.383628],[32.126297,60.384366],[32.125025,60.385124],[32.124386,60.385842],[32.124222,60.386285],[32.124222,60.39011],[32.12401,60.39083],[32.123612,60.39131],[32.123359,60.391954],[32.122095,60.39294],[32.120308,60.393753],[32.119441,60.393979],[32.117765,60.394904],[32.116027,60.395601],[32.115804,60.396611],[32.116405,60.398778],[32.116249,60.399959],[32.115903,60.400544],[32.114724,60.401328],[32.113976,60.401578],[32.112961,60.401741],[32.111849,60.401801],[32.108858,60.40177],[32.107734,60.401893],[32.105859,60.402243],[32.10388,60.402133],[32.103112,60.401945],[32.101986,60.401295],[32.101285,60.400415],[32.101177,60.399302],[32.101867,60.398354],[32.101638,60.39674],[32.100323,60.395394],[32.099882,60.395162],[32.099275,60.395032]],[[32.09957,60.454747],[32.098993,60.454549],[32.098396,60.454486],[32.095848,60.454625],[32.09376,60.454565],[32.092903,60.454371],[32.09159,60.453743],[32.090516,60.453051],[32.089522,60.451848],[32.089288,60.449979],[32.089581,60.44928],[32.091554,60.44779],[32.092593,60.447511],[32.094179,60.446805],[32.095754,60.446474],[32.096693,60.446515],[32.097265,60.44681],[32.097982,60.4483],[32.098161,60.448426],[32.098663,60.448411],[32.099532,60.44815],[32.09996,60.447939],[32.100033,60.447796],[32.098759,60.446859],[32.098285,60.446078],[32.098722,60.44542],[32.099268,60.445143],[32.099818,60.445009],[32.100477,60.445013],[32.10158,60.445174],[32.103182,60.445711],[32.103884,60.446426],[32.104527,60.447835],[32.104918,60.448092],[32.105293,60.448165],[32.105627,60.448117],[32.105966,60.447795],[32.105854,60.44734],[32.104709,60.445959],[32.103402,60.445083],[32.103269,60.444611],[32.103343,60.444238],[32.103695,60.444007],[32.104585,60.443744],[32.105515,60.443618],[32.106024,60.443649],[32.106477,60.443807],[32.107193,60.444176],[32.107768,60.444617],[32.10801,60.444975],[32.108433,60.446262],[32.108921,60.446804],[32.111364,60.447927],[32.112389,60.448763],[32.112877,60.448895],[32.11356,60.44883],[32.113801,60.448628],[32.113865,60.447987],[32.114377,60.446488],[32.115229,60.44603],[32.118348,60.445228],[32.118773,60.444936],[32.118877,60.444494],[32.118609,60.444088],[32.117827,60.443834],[32.116845,60.443756],[32.112854,60.443808],[32.111867,60.443695],[32.111232,60.443704],[32.110556,60.443526],[32.109758,60.443076],[32.109006,60.442154],[32.108962,60.441321],[32.10915,60.441149],[32.109947,60.440794],[32.111038,60.440564],[32.112117,60.440115],[32.112671,60.439681]],[[32.119347,60.431332],[32.119795,60.431484],[32.120522,60.431446],[32.121965,60.430784],[32.122323,60.430344],[32.122371,60.429529],[32.1222,60.429142],[32.121099,60.428065],[32.120784,60.427953],[32.120179,60.42791],[32.119241,60.428052],[32.118378,60.428373],[32.116604,60.429351],[32.114337,60.430338],[32.112673,60.43197],[32.110797,60.432921],[32.110234,60.433085],[32.108941,60.433261],[32.10569,60.433386],[32.104633,60.433668],[32.103899,60.434089],[32.103626,60.434372],[32.103298,60.435054],[32.102949,60.436386],[32.102691,60.436663],[32.102195,60.436832],[32.101063,60.437033],[32.099728,60.437065],[32.097972,60.436836],[32.096913,60.436449],[32.096393,60.436115],[32.095457,60.435182],[32.09542,60.433677],[32.095528,60.433465],[32.095919,60.433208],[32.098975,60.431709],[32.099962,60.431391],[32.101289,60.430746],[32.101626,60.430487],[32.101707,60.430244]],[[32.101766,60.430089],[32.102709,60.429678],[32.104048,60.428606],[32.105108,60.428052],[32.109173,60.426846],[32.109699,60.426442],[32.110636,60.425306],[32.111233,60.42485],[32.112656,60.424286],[32.113802,60.424087],[32.114204,60.423797],[32.114207,60.423329],[32.114021,60.423068],[32.113001,60.422793],[32.112054,60.422875],[32.111605,60.422746],[32.110834,60.422199],[32.110473,60.42152],[32.110182,60.421274],[32.109712,60.421055],[32.108754,60.420822],[32.10659,60.419715],[32.106163,60.418948],[32.106665,60.418024]],[[32.107272,60.417714],[32.108114,60.417542],[32.109718,60.416768],[32.110993,60.416424],[32.112694,60.41639],[32.114376,60.416638],[32.116153,60.417629],[32.117174,60.418366],[32.118443,60.420126],[32.119067,60.420661],[32.120368,60.421493],[32.121094,60.421708],[32.123034,60.421626],[32.123304,60.421402],[32.123262,60.420907],[32.122029,60.420089],[32.121248,60.41939],[32.121013,60.418972],[32.121134,60.418492],[32.122206,60.417882],[32.125573,60.417219],[32.127795,60.416449],[32.12957,60.415114],[32.13049,60.414721],[32.131455,60.414069],[32.131416,60.413887],[32.131055,60.413659],[32.129017,60.413315],[32.128061,60.413018],[32.12744,60.412707],[32.126431,60.411849],[32.126273,60.41188]],[[32.108942,60.450702],[32.109682,60.450894],[32.11015,60.452248],[32.110655,60.452665],[32.111302,60.452897],[32.11232,60.452951],[32.115666,60.452479],[32.116496,60.452497],[32.117143,60.452667],[32.117474,60.452992],[32.117331,60.453594],[32.116893,60.453957],[32.116051,60.454215],[32.112953,60.454461],[32.110979,60.454744],[32.11032,60.454728],[32.109827,60.454589],[32.109281,60.454287],[32.109021,60.454022],[32.108824,60.452975],[32.108107,60.451737],[32.108147,60.451134],[32.108811,60.450717]],[[32.112585,60.438599],[32.112536,60.438131],[32.11219,60.437439],[32.112276,60.436844],[32.112871,60.43567],[32.11417,60.434354],[32.114726,60.433527],[32.115722,60.432606],[32.117132,60.43196],[32.118356,60.431635],[32.118815,60.431409]],[[32.116698,60.312527],[32.11689,60.312459],[32.117096,60.312189],[32.116858,60.311271],[32.117008,60.310694],[32.117725,60.310207],[32.118793,60.309983],[32.123393,60.310043],[32.128022,60.308916],[32.129866,60.308642],[32.131284,60.308544],[32.132184,60.308625],[32.132691,60.308932],[32.133166,60.309052],[32.134001,60.309043],[32.135295,60.308871],[32.135813,60.308902],[32.137247,60.309484],[32.138585,60.309758],[32.139401,60.309732],[32.142332,60.309405]],[[32.124022,60.406885],[32.124268,60.406611],[32.124456,60.40563],[32.125758,60.404385],[32.126103,60.40332],[32.126521,60.402731],[32.127576,60.402064],[32.128792,60.401644],[32.129534,60.401243],[32.130204,60.400563],[32.130284,60.399717],[32.130014,60.399113],[32.129967,60.397941],[32.129651,60.397518],[32.129677,60.397357],[32.131294,60.396208],[32.132556,60.395828],[32.134084,60.395617],[32.134609,60.395428],[32.135489,60.394819],[32.135875,60.394357],[32.135984,60.393606],[32.135814,60.392192],[32.135217,60.391517],[32.1345,60.391125],[32.133589,60.390892],[32.132027,60.390765],[32.131639,60.390936]],[[32.126432,60.411548],[32.126807,60.410773],[32.126652,60.409378],[32.125456,60.407946],[32.124796,60.407452],[32.124543,60.40733],[32.124357,60.407349]],[[32.130799,60.390936],[32.130193,60.390689],[32.128548,60.390461],[32.127754,60.390089],[32.127447,60.389798],[32.127465,60.389314],[32.126888,60.388729],[32.12671,60.388188],[32.126751,60.387066],[32.127172,60.386319],[32.12852,60.385104],[32.129576,60.384412],[32.129926,60.383887]],[[32.144383,60.30923],[32.145519,60.309135],[32.146509,60.309222],[32.149116,60.309248],[32.15013,60.30945],[32.151225,60.30954],[32.152728,60.309576],[32.153696,60.309491],[32.154245,60.309331],[32.154448,60.309165],[32.154341,60.30878],[32.153491,60.308092],[32.152364,60.307873]],[[32.152023,60.307485],[32.151001,60.307003],[32.150325,60.306481],[32.150046,60.306083],[32.150086,60.305558],[32.150902,60.304889],[32.151051,60.304406],[32.151231,60.304265],[32.152419,60.30388],[32.153861,60.303574],[32.155725,60.303565],[32.156697,60.303754],[32.157144,60.303916],[32.157655,60.304497],[32.15831,60.304676],[32.16127,60.304687],[32.163314,60.305011],[32.164423,60.304972]],[[32.166869,60.303992],[32.166694,60.303681],[32.165623,60.30306],[32.165149,60.302434],[32.165217,60.30216],[32.166486,60.301364],[32.166946,60.30121],[32.169456,60.301277],[32.17023,60.301167],[32.170852,60.300952],[32.170624,60.300649],[32.170636,60.300217],[32.17022,60.299382],[32.170286,60.298756],[32.171423,60.29724],[32.17258,60.296425],[32.173171,60.295586],[32.173077,60.295106],[32.172692,60.294765],[32.171496,60.294191],[32.170625,60.294052],[32.170206,60.293893]],[[32.170349,60.293583],[32.170783,60.293132],[32.170975,60.292559],[32.171856,60.29208],[32.173204,60.291584],[32.173696,60.291074],[32.17363,60.290475],[32.171814,60.289617],[32.171224,60.289167],[32.17105,60.288869],[32.171231,60.288476],[32.171889,60.288122],[32.172814,60.287836],[32.173643,60.287671],[32.174663,60.28758],[32.17768,60.286921],[32.178883,60.286371],[32.179485,60.285766],[32.1796,60.28496],[32.178989,60.284059],[32.178726,60.283359],[32.178795,60.282747],[32.179388,60.281338],[32.179502,60.280284],[32.179351,60.280002],[32.178889,60.279828]],[[32.179086,60.279362],[32.179294,60.279117],[32.179749,60.277886],[32.180584,60.276826],[32.18122,60.276128],[32.181785,60.275763],[32.182034,60.275203],[32.182502,60.274619],[32.185385,60.271884],[32.185468,60.271692],[32.185309,60.271278]],[[32.185215,60.271044],[32.18528,60.270621],[32.18474,60.269071],[32.184756,60.267888],[32.185685,60.266337],[32.186311,60.26559],[32.186295,60.264449],[32.185829,60.263533],[32.185793,60.263113],[32.184926,60.262524],[32.183634,60.260941],[32.183136,60.260509],[32.182435,60.259538],[32.182038,60.258809],[32.182042,60.258187],[32.181407,60.257461],[32.18133,60.256631],[32.181472,60.256222],[32.182303,60.255256],[32.182921,60.254942],[32.184063,60.25467],[32.18465,60.254669],[32.186331,60.255139],[32.187239,60.255992],[32.187505,60.255989],[32.187386,60.255725]],[[32.188447,60.255605],[32.188862,60.254989],[32.188687,60.254097],[32.188802,60.252633],[32.189217,60.251758],[32.19048,60.250672],[32.190572,60.250358],[32.190333,60.249822],[32.190764,60.248835],[32.191272,60.248169],[32.191921,60.24781],[32.192667,60.247649],[32.193343,60.247645],[32.193948,60.247832],[32.194595,60.248193],[32.194942,60.248649],[32.19493,60.249373],[32.195298,60.249869],[32.195426,60.250558],[32.195833,60.251245],[32.196189,60.2516],[32.196612,60.251828],[32.197182,60.25198],[32.197597,60.251998],[32.198562,60.251805],[32.199531,60.251226],[32.199877,60.248062],[32.200125,60.247798],[32.200451,60.247683],[32.201039,60.247628],[32.20136,60.247704],[32.201829,60.248155],[32.202054,60.249007],[32.202112,60.251262],[32.2023,60.252453],[32.203018,60.253544],[32.203759,60.253916],[32.204061,60.253939],[32.204484,60.253801],[32.205051,60.253276],[32.205099,60.25206],[32.2054,60.25146],[32.205146,60.250921],[32.205484,60.249946]],[[32.195574,60.224911],[32.196058,60.223903],[32.19687,60.223495],[32.197633,60.223345],[32.200829,60.223372],[32.205121,60.223899],[32.206695,60.223994],[32.20732,60.223936],[32.207838,60.223784],[32.209411,60.222833],[32.21025,60.222593],[32.211336,60.222618],[32.212761,60.223075]],[[32.204237,60.233002],[32.204711,60.232996],[32.205404,60.232854],[32.206439,60.232453],[32.206897,60.231486],[32.207487,60.230755],[32.20788,60.230539],[32.208764,60.230287],[32.209095,60.230057],[32.209146,60.229805],[32.208886,60.229429],[32.208467,60.22918],[32.207408,60.228808],[32.20689,60.228713],[32.206304,60.22871],[32.205534,60.228807],[32.204777,60.229025],[32.202954,60.229838],[32.2023,60.230226],[32.201434,60.230301],[32.200329,60.230098],[32.199127,60.229421],[32.199141,60.229159],[32.200299,60.227938],[32.201887,60.227296],[32.20223,60.226764],[32.202076,60.2264],[32.20173,60.226201],[32.199856,60.225653],[32.198012,60.225469],[32.196832,60.225006],[32.196359,60.224996],[32.196044,60.225089]],[[32.205549,60.249815],[32.205274,60.248779],[32.205301,60.248259],[32.206349,60.247037],[32.20671,60.246423],[32.20733,60.245987],[32.207753,60.245533],[32.208649,60.245222],[32.210342,60.244814],[32.210623,60.24448],[32.210377,60.244231],[32.209894,60.244032],[32.208722,60.243782],[32.207826,60.243488],[32.206664,60.242732],[32.20513,60.240963],[32.202069,60.238577],[32.20154,60.238013],[32.201356,60.237598],[32.200571,60.236849],[32.19901,60.236107],[32.19828,60.235642],[32.196986,60.235142],[32.195976,60.234434],[32.195856,60.234135],[32.196195,60.233825],[32.198314,60.233797],[32.200294,60.233867],[32.201548,60.233661],[32.201882,60.233552],[32.201872,60.233441]],[[32.21346,60.223589],[32.213497,60.223969],[32.214381,60.225641],[32.215105,60.226686],[32.215839,60.227356],[32.216845,60.227494],[32.2178,60.227453],[32.220227,60.226648],[32.222516,60.226279],[32.223632,60.225685],[32.223787,60.225134],[32.224444,60.224553],[32.225101,60.224165],[32.226376,60.223739],[32.227582,60.223686],[32.228972,60.223223],[32.229173,60.223084],[32.229249,60.222595],[32.228935,60.222293],[32.226846,60.221729],[32.22624,60.221408],[32.226104,60.220966],[32.226383,60.220545],[32.227298,60.220176],[32.22931,60.219853],[32.230417,60.219581],[32.23213,60.218852],[32.233722,60.218322],[32.235437,60.217383],[32.236345,60.216552],[32.236746,60.215805],[32.236777,60.214879],[32.235303,60.214501],[32.233848,60.214519],[32.233069,60.214723],[32.232135,60.215201],[32.230676,60.216524],[32.229692,60.216935],[32.229322,60.217463]],[[32.224057,60.216817],[32.223917,60.216167],[32.224062,60.215865],[32.224406,60.215596],[32.225667,60.215042],[32.225869,60.214761],[32.225804,60.214568],[32.225185,60.214162],[32.222988,60.213461],[32.221257,60.212673],[32.220461,60.211973],[32.220121,60.210981],[32.220195,60.210322],[32.220654,60.209659],[32.221149,60.209312],[32.222654,60.208546],[32.223233,60.208008],[32.223187,60.207317],[32.22245,60.206407],[32.222086,60.205639],[32.222111,60.205323],[32.222437,60.20473],[32.222923,60.204455],[32.224828,60.204169],[32.227004,60.20428],[32.229342,60.204302],[32.235155,60.204048],[32.239103,60.204294],[32.239892,60.204239],[32.240139,60.204125],[32.240191,60.20388],[32.239188,60.20285],[32.239047,60.202439],[32.23914,60.202139],[32.239481,60.201769],[32.240297,60.201185],[32.241235,60.200828],[32.241492,60.200535],[32.241542,60.199755],[32.241402,60.199329],[32.241017,60.198889],[32.240848,60.198878],[32.240688,60.199075]],[[32.239843,60.198906],[32.239684,60.198724],[32.238777,60.198554],[32.23787,60.198238],[32.236773,60.198061],[32.23607,60.197731],[32.235472,60.19713],[32.235655,60.196569],[32.235142,60.196257]],[[32.236749,60.195709],[32.23711,60.195925],[32.238225,60.19595],[32.2399,60.196179],[32.243844,60.1971],[32.245513,60.197137],[32.246021,60.197056],[32.246251,60.196938],[32.246397,60.196594],[32.245913,60.195879],[32.245607,60.195758],[32.244461,60.195557],[32.243574,60.195251],[32.242835,60.194879],[32.241604,60.194529],[32.240947,60.194046],[32.240062,60.193854],[32.239443,60.193559],[32.238645,60.192828],[32.238633,60.192542],[32.238838,60.192285],[32.240105,60.191666],[32.240782,60.190786],[32.24123,60.190446],[32.241808,60.190278],[32.243155,60.190223],[32.243609,60.190104]],[[32.244544,60.190182],[32.244579,60.190415],[32.244924,60.190615],[32.246753,60.190987],[32.249306,60.19128],[32.249932,60.191262],[32.250441,60.191111],[32.250631,60.190737],[32.250054,60.189892],[32.24913,60.189614],[32.247885,60.189029],[32.246978,60.188734],[32.245309,60.187951],[32.243702,60.186752],[32.243505,60.186364],[32.243557,60.18597],[32.243955,60.185605],[32.244746,60.185301],[32.24587,60.18523],[32.246761,60.185023],[32.24845,60.184846],[32.249183,60.184654],[32.251474,60.18347],[32.253159,60.182889],[32.255512,60.182361],[32.255595,60.182235],[32.255451,60.182079]],[[32.255237,60.199092],[32.254166,60.199176],[32.253173,60.199115],[32.252274,60.199243],[32.249381,60.199316],[32.248276,60.199466],[32.246741,60.199948],[32.24591,60.200104],[32.2457,60.200216],[32.245684,60.200393],[32.246187,60.201187],[32.246741,60.201658],[32.247256,60.201721],[32.251489,60.201397],[32.252471,60.201414],[32.254644,60.200918],[32.255694,60.200283],[32.255995,60.199932],[32.255972,60.199765],[32.255331,60.199122]],[[32.256267,60.181846],[32.256636,60.182056],[32.258495,60.18176],[32.260543,60.181253],[32.26103,60.180984],[32.261543,60.180378],[32.26154,60.179668],[32.262023,60.179042],[32.261233,60.17786],[32.261195,60.177018],[32.261864,60.176335],[32.263535,60.17539],[32.264425,60.174592],[32.264722,60.173818],[32.264776,60.172456],[32.265132,60.171971],[32.265606,60.171788],[32.26689,60.171726],[32.267777,60.171955],[32.268963,60.172463],[32.269892,60.17265],[32.271182,60.172699],[32.272009,60.17259],[32.272228,60.172473],[32.272222,60.172299],[32.271995,60.172138],[32.270731,60.171664],[32.269424,60.171507],[32.268854,60.171033],[32.26897,60.170435],[32.269657,60.169686],[32.269537,60.169034],[32.269826,60.167975],[32.270204,60.167246],[32.270581,60.16687],[32.271141,60.1666],[32.271845,60.166548],[32.27398,60.167057],[32.274749,60.167075],[32.275257,60.166938],[32.275387,60.16672],[32.274541,60.165974],[32.274208,60.165466],[32.274415,60.165028],[32.275084,60.16474],[32.275803,60.164672],[32.276501,60.164712],[32.278814,60.165533],[32.279391,60.165647],[32.279905,60.165583],[32.280056,60.165468],[32.280035,60.165325],[32.279619,60.165013]],[[32.279533,60.164857],[32.278807,60.163458],[32.279105,60.162926],[32.280472,60.162237],[32.282802,60.16194]],[[32.284853,60.159006],[32.285317,60.158933],[32.285587,60.158775],[32.287709,60.156838],[32.289281,60.15594],[32.290088,60.155669],[32.291191,60.155559],[32.291728,60.155655],[32.292019,60.155895],[32.291935,60.156361],[32.292106,60.15693],[32.291836,60.157905],[32.291473,60.158395],[32.2914,60.158715],[32.291482,60.159121],[32.291857,60.159744],[32.291986,60.160467],[32.291457,60.161812],[32.291804,60.162059],[32.292067,60.162052],[32.292137,60.161974]],[[32.293045,60.161954],[32.293537,60.161953],[32.293837,60.161861],[32.294787,60.160961],[32.2949,60.160328],[32.294775,60.159689],[32.294836,60.158854],[32.294593,60.157686]],[[32.294826,60.155971],[32.295026,60.155285],[32.295049,60.15434],[32.294488,60.153866],[32.293268,60.153237],[32.293156,60.152439],[32.293527,60.152046],[32.294956,60.151134],[32.29599,60.150303],[32.296405,60.150135],[32.296939,60.150079],[32.297394,60.150219],[32.29788,60.150674],[32.297713,60.151371],[32.297023,60.152054],[32.297082,60.153099],[32.297342,60.153461],[32.298217,60.153811],[32.300338,60.154386],[32.302028,60.154978],[32.302381,60.155357],[32.302807,60.156499],[32.303166,60.15683],[32.303801,60.157177],[32.304341,60.157317],[32.305749,60.157266],[32.306967,60.157386],[32.307703,60.157549],[32.30868,60.158]],[[32.308893,60.158156],[32.309943,60.158771],[32.310387,60.159291],[32.311876,60.159756],[32.31242,60.159738],[32.313755,60.159241],[32.313967,60.158954],[32.31392,60.158419],[32.313699,60.158288],[32.312703,60.158127],[32.312401,60.157624],[32.312577,60.156915],[32.313306,60.15602],[32.313346,60.155655],[32.312998,60.155433],[32.312181,60.155307],[32.311549,60.155349],[32.31069,60.155637],[32.310335,60.155678],[32.309792,60.15564],[32.309366,60.155491],[32.308925,60.155136],[32.308456,60.154926],[32.308022,60.154024],[32.307512,60.153599],[32.306729,60.152657],[32.305884,60.152154],[32.305819,60.15169],[32.306034,60.15153],[32.307865,60.150768],[32.308181,60.1507],[32.308628,60.150747],[32.308968,60.150917],[32.309163,60.15116],[32.309378,60.152392],[32.309612,60.152829],[32.310094,60.153152],[32.310668,60.153201],[32.311475,60.153122],[32.311858,60.15288],[32.31245,60.152168],[32.312227,60.151841]],[[32.312181,60.151685],[32.312857,60.151286],[32.313079,60.15104],[32.313697,60.14823],[32.314112,60.147505],[32.314617,60.147182],[32.315717,60.147005],[32.317116,60.147051],[32.318071,60.147252],[32.318623,60.147547],[32.318689,60.148185],[32.317959,60.14873],[32.317594,60.149331],[32.316785,60.150048]],[[32.316531,60.150509],[32.315977,60.150865],[32.31572,60.151292],[32.315992,60.152528],[32.31612,60.152636],[32.317915,60.153253],[32.318703,60.153401],[32.319557,60.1534],[32.320153,60.153314],[32.320727,60.153156],[32.321171,60.152924],[32.321697,60.152461],[32.322057,60.151653],[32.322655,60.150803],[32.323162,60.150481],[32.323715,60.150419],[32.324511,60.150477],[32.326306,60.150979],[32.327558,60.151206]],[[32.329247,60.155664],[32.330134,60.154847],[32.330326,60.154089],[32.33055,60.153788],[32.331436,60.153264],[32.332169,60.153014]],[[32.333228,60.153482],[32.333707,60.154195],[32.333728,60.154577],[32.33345,60.155088],[32.332466,60.155927],[32.33231,60.156214],[32.332448,60.156867],[32.332715,60.157178],[32.333142,60.157409],[32.335115,60.1575],[32.337123,60.157095],[32.338913,60.157036],[32.340419,60.157104],[32.342997,60.157397],[32.344327,60.157408],[32.345669,60.157266],[32.346195,60.156994],[32.347033,60.155645],[32.347347,60.154567],[32.348076,60.15394],[32.349171,60.153397],[32.350878,60.152988],[32.352978,60.152756],[32.356225,60.152204]],[[32.35654,60.152169],[32.358667,60.151825],[32.362457,60.151807],[32.364829,60.151658],[32.366515,60.151388],[32.36786,60.151078],[32.371032,60.150667],[32.373561,60.150644],[32.375411,60.150718],[32.378937,60.150651],[32.380008,60.150376],[32.382904,60.149073],[32.383685,60.14889],[32.384518,60.14881],[32.385124,60.148831],[32.385603,60.14894],[32.386019,60.149253],[32.386785,60.149617],[32.38808,60.150584],[32.388571,60.15069],[32.389127,60.150678],[32.389416,60.150592],[32.389639,60.150351],[32.389731,60.149119],[32.389913,60.148689],[32.390411,60.148355],[32.39099,60.148266],[32.39226,60.148308],[32.393229,60.148735],[32.39339,60.149007],[32.393437,60.14998],[32.393847,60.150333],[32.394487,60.150515],[32.394983,60.150555],[32.395449,60.150491],[32.395672,60.150296]],[[32.398427,60.14983],[32.399026,60.149903],[32.400411,60.149858],[32.401879,60.149643],[32.403466,60.148779],[32.404568,60.14831]],[[32.406489,60.148349],[32.406942,60.148674],[32.407571,60.14891],[32.410533,60.149164],[32.412701,60.149798],[32.415623,60.150521],[32.417055,60.150653],[32.418744,60.15094],[32.420545,60.151061],[32.421705,60.151249],[32.422618,60.151281],[32.424803,60.151655],[32.429321,60.152957],[32.430685,60.15349],[32.431226,60.1535]],[[32.432056,60.1535],[32.43213,60.153645],[32.432492,60.153778],[32.434061,60.153895],[32.435558,60.154117],[32.436918,60.154413],[32.437822,60.154737],[32.438975,60.154878],[32.441658,60.155557],[32.442767,60.155671],[32.443549,60.156053],[32.444495,60.15637],[32.445189,60.156784],[32.446181,60.156985],[32.447698,60.157752],[32.448568,60.157897],[32.450401,60.158649],[32.451148,60.158808]],[[32.455476,60.160366],[32.456683,60.160993],[32.457101,60.161506],[32.457775,60.161797],[32.458238,60.162466],[32.458735,60.162835],[32.459295,60.163002],[32.461249,60.163291],[32.463387,60.163803],[32.464447,60.16434],[32.465047,60.164804],[32.465808,60.165139],[32.46854,60.166238],[32.470715,60.166904],[32.474679,60.167763],[32.475539,60.16805],[32.476734,60.16821],[32.478684,60.168674],[32.479607,60.168742],[32.480782,60.169049],[32.483761,60.169456],[32.484954,60.169761],[32.486131,60.170252],[32.48755,60.170353],[32.489086,60.170581],[32.490816,60.170969],[32.492339,60.171108],[32.49283,60.171029]],[[32.493193,60.171209],[32.493126,60.171412],[32.494411,60.171718],[32.495824,60.172244],[32.497633,60.172314],[32.499513,60.172493],[32.502486,60.172602],[32.505805,60.172881],[32.507432,60.173177],[32.508241,60.17342],[32.509378,60.173446],[32.513681,60.174276],[32.515868,60.174836],[32.518328,60.175617],[32.519091,60.175697]],[[32.519691,60.175969],[32.520515,60.176322],[32.523344,60.177072],[32.529706,60.178264],[32.532146,60.178886],[32.53297,60.179299],[32.534084,60.179558],[32.536006,60.180471],[32.537534,60.180894],[32.540999,60.18237],[32.543823,60.183894],[32.545693,60.185235],[32.546023,60.185675],[32.546663,60.185869]],[[32.546807,60.186025],[32.547015,60.186402],[32.548132,60.186745],[32.548767,60.186818],[32.551591,60.186869],[32.55235,60.187069],[32.552646,60.187324],[32.55267,60.187529],[32.552024,60.188552],[32.551998,60.189278],[32.552267,60.189497],[32.553374,60.1899],[32.554111,60.190006],[32.554882,60.190009],[32.555578,60.189865],[32.556734,60.189437],[32.557799,60.189358],[32.558804,60.189419],[32.561209,60.189852],[32.561802,60.190245],[32.562187,60.191335],[32.562206,60.191759],[32.561999,60.192357],[32.562051,60.192883],[32.562196,60.193009],[32.562735,60.193117],[32.564608,60.193225],[32.566901,60.193628],[32.567143,60.193764],[32.56755,60.194341],[32.568553,60.195026],[32.568843,60.19608],[32.569004,60.196215],[32.571093,60.197047],[32.574514,60.198231],[32.576262,60.198692],[32.579378,60.199342],[32.58005,60.199709],[32.58108,60.200052]],[[32.557506,60.344593],[32.558876,60.345268],[32.559266,60.345986],[32.558975,60.346315],[32.556763,60.347189],[32.556275,60.347556],[32.556239,60.34771],[32.556445,60.347936],[32.557686,60.348566],[32.557551,60.349351],[32.555179,60.3508],[32.553865,60.351924],[32.55319,60.352846],[32.550972,60.35407],[32.548827,60.354936],[32.548697,60.355168]],[[32.550426,60.355367],[32.551519,60.355317],[32.552955,60.355056],[32.554319,60.355197],[32.55557,60.355693],[32.556402,60.356327],[32.557181,60.357148],[32.55797,60.357515],[32.558927,60.357716],[32.560641,60.357687],[32.561682,60.357748],[32.562423,60.357966],[32.562618,60.358216],[32.562554,60.358507],[32.561707,60.359055],[32.56029,60.3592],[32.558481,60.359163],[32.558182,60.359244],[32.557905,60.359485],[32.557771,60.36017],[32.558042,60.36093],[32.557774,60.362253],[32.558133,60.362644],[32.559122,60.362984]],[[32.559699,60.363177],[32.560159,60.36361],[32.560104,60.363797],[32.559738,60.364048],[32.55884,60.364342],[32.557107,60.364646],[32.556365,60.365],[32.555947,60.36567],[32.556305,60.366084]],[[32.55677,60.366859],[32.556676,60.367436],[32.556864,60.368074],[32.557192,60.368286],[32.557754,60.368355],[32.558865,60.36821],[32.559805,60.367653],[32.561034,60.367261],[32.563549,60.367225],[32.565896,60.366728],[32.566694,60.36668],[32.567299,60.366742],[32.567841,60.366897],[32.568384,60.367173],[32.569704,60.368482],[32.570226,60.368766],[32.570534,60.368813],[32.570973,60.36871],[32.571257,60.368483],[32.571435,60.367513],[32.571779,60.366629],[32.57201,60.366376],[32.572463,60.366159],[32.573067,60.366013],[32.573939,60.365943],[32.574564,60.365985],[32.575048,60.366187],[32.575859,60.366864],[32.575846,60.368143],[32.576258,60.368743],[32.576387,60.369245],[32.576754,60.369576],[32.577251,60.369755],[32.57894,60.369889],[32.579707,60.370079],[32.580314,60.370365],[32.581429,60.371196],[32.582004,60.371498],[32.585991,60.372734],[32.58831,60.373818],[32.590673,60.374233],[32.593022,60.374245],[32.595832,60.374083],[32.596967,60.373901],[32.598154,60.373508],[32.599268,60.372655],[32.599485,60.372289],[32.599831,60.370884],[32.599943,60.36867],[32.601082,60.36793],[32.601936,60.367653],[32.602485,60.367596],[32.603048,60.367673],[32.604472,60.368127],[32.605171,60.368492],[32.606329,60.369331],[32.606244,60.369781],[32.606443,60.369858],[32.607036,60.369874]],[[32.558451,60.342361],[32.558597,60.342282],[32.558267,60.342164],[32.557703,60.342113],[32.557178,60.342218],[32.556884,60.342446],[32.556628,60.343414],[32.557035,60.344398]],[[32.562849,60.349221],[32.563386,60.348716],[32.563673,60.348581],[32.564601,60.348331],[32.565871,60.348122],[32.566403,60.347943],[32.566738,60.347615],[32.566744,60.347255],[32.566277,60.346999],[32.564646,60.346674],[32.563873,60.346373],[32.562778,60.345325],[32.562516,60.344577],[32.562238,60.344285],[32.561563,60.343891],[32.56052,60.34354],[32.559236,60.342831],[32.559036,60.342825]],[[32.573584,60.353524],[32.573464,60.353602],[32.573571,60.353756],[32.573868,60.353836],[32.575057,60.353731],[32.57662,60.353813],[32.577406,60.354355],[32.577472,60.354691],[32.57652,60.355251],[32.575727,60.355567],[32.57503,60.355726],[32.574008,60.35635],[32.572585,60.356888],[32.57183,60.356967],[32.570916,60.356815],[32.569768,60.356747],[32.569089,60.356393],[32.568407,60.355615],[32.56749,60.354917],[32.566544,60.354383],[32.565862,60.354156],[32.565491,60.353878],[32.56519,60.353451],[32.565031,60.352634],[32.56442,60.352037],[32.564216,60.351441],[32.562801,60.350077],[32.562333,60.349804]],[[32.564144,60.337084],[32.563532,60.336475],[32.563424,60.336222],[32.563468,60.335858],[32.563962,60.335264],[32.564286,60.33461],[32.564304,60.334315],[32.564065,60.333981]],[[32.572138,60.318408],[32.571676,60.318347],[32.571281,60.318487],[32.56945,60.319714],[32.56884,60.320255],[32.568929,60.320883],[32.569653,60.321814],[32.569596,60.323021],[32.56929,60.323659],[32.568704,60.32427],[32.568016,60.32478],[32.56644,60.32561],[32.565894,60.326176],[32.565716,60.32839],[32.564466,60.330319],[32.564222,60.332495],[32.562503,60.334139],[32.560997,60.334935],[32.560608,60.335417],[32.559362,60.336488],[32.558656,60.337399],[32.558704,60.33814],[32.558979,60.338535],[32.559546,60.338817],[32.560496,60.338889],[32.560747,60.338819],[32.561192,60.338431],[32.562205,60.338071],[32.564831,60.337692],[32.564918,60.337557],[32.564556,60.337395]],[[32.564743,60.333692],[32.565114,60.333399],[32.565649,60.332575],[32.566141,60.332214],[32.566629,60.332017],[32.567733,60.331956],[32.568225,60.332068],[32.569302,60.332498],[32.569752,60.332524],[32.569924,60.332422],[32.569286,60.330332],[32.568,60.328541],[32.568248,60.328091],[32.568862,60.327793],[32.569249,60.327727],[32.56965,60.327764],[32.571612,60.328308],[32.573795,60.328292],[32.574801,60.328396],[32.576843,60.32899],[32.577442,60.329326],[32.577851,60.329701],[32.57737,60.330291],[32.577278,60.330924],[32.578383,60.332431],[32.578381,60.332723],[32.578038,60.333022],[32.576492,60.333365],[32.575004,60.333465],[32.573436,60.333941],[32.570442,60.333969],[32.570075,60.334021],[32.569707,60.334217],[32.569653,60.334477],[32.569937,60.334943],[32.571814,60.336399],[32.571865,60.338965],[32.572809,60.340118],[32.572771,60.340473],[32.572542,60.340675],[32.571423,60.341088],[32.569475,60.341294],[32.569031,60.341595],[32.568956,60.341909],[32.569105,60.34222],[32.569917,60.342907],[32.570339,60.343422],[32.570712,60.34363]],[[32.571286,60.343909],[32.571877,60.344002],[32.573164,60.343971],[32.57397,60.344035],[32.574686,60.344239],[32.575229,60.344607],[32.575118,60.344948],[32.574687,60.345302],[32.57218,60.346546],[32.571744,60.347235],[32.571226,60.347632],[32.572059,60.348712],[32.572453,60.348929],[32.573924,60.349371],[32.57479,60.349454],[32.575425,60.34941]],[[32.571508,60.321399],[32.571665,60.321333],[32.572539,60.321345],[32.574128,60.321643],[32.575113,60.32155],[32.575721,60.321146],[32.57591,60.320362],[32.57591,60.320168],[32.575753,60.320091]],[[32.571896,60.280173],[32.571636,60.280515],[32.57148,60.281235],[32.570897,60.281964],[32.570912,60.282487],[32.571415,60.282754],[32.572309,60.282815],[32.572857,60.282575],[32.572934,60.282116]],[[32.576501,60.27178],[32.575951,60.27295],[32.57584,60.273832],[32.575635,60.274138],[32.573788,60.275428],[32.573292,60.275899],[32.572884,60.276872],[32.572806,60.278675],[32.572062,60.279272],[32.571934,60.279785]],[[32.574003,60.510153],[32.574044,60.510378],[32.575233,60.510946],[32.575965,60.511679],[32.575825,60.511829],[32.575487,60.511942],[32.573542,60.512391],[32.572301,60.512953],[32.571959,60.513688],[32.572082,60.514342]],[[32.576728,60.350035],[32.575405,60.350575],[32.573786,60.350914],[32.573793,60.351025],[32.574485,60.351478],[32.574651,60.352184],[32.573583,60.352626],[32.572417,60.352716],[32.571961,60.352869],[32.571766,60.353163],[32.571804,60.353357],[32.572042,60.353597],[32.57228,60.353688],[32.572313,60.353602]],[[32.576649,60.303788],[32.577222,60.304044],[32.577951,60.304029],[32.578276,60.304099],[32.57904,60.304556],[32.579347,60.305117],[32.579096,60.306097],[32.578825,60.306334],[32.578387,60.306497],[32.577088,60.306702],[32.574847,60.306693],[32.574299,60.306825],[32.573727,60.307127],[32.573342,60.307854],[32.573472,60.30927],[32.573368,60.30984],[32.573826,60.310207],[32.57469,60.310643],[32.577349,60.3112],[32.578427,60.311531],[32.579248,60.312054],[32.57936,60.312583],[32.579037,60.312962],[32.578271,60.313337],[32.576894,60.313425],[32.576456,60.313594],[32.57629,60.313884],[32.576226,60.314858],[32.576034,60.31517],[32.575006,60.31605],[32.572367,60.317312],[32.572058,60.317755],[32.572149,60.317902],[32.572518,60.318073]],[[32.572943,60.281783],[32.573577,60.281208],[32.573851,60.280231],[32.574958,60.279148],[32.575293,60.278658],[32.575365,60.27839],[32.575254,60.278231]],[[32.573069,60.517782],[32.573694,60.518003],[32.574363,60.517936],[32.576294,60.517117],[32.577834,60.516667],[32.578373,60.516215]],[[32.575775,60.277899],[32.576433,60.277598],[32.577304,60.276995],[32.578168,60.27668],[32.579108,60.276577],[32.580444,60.276587],[32.580936,60.276675],[32.581174,60.276825],[32.58206,60.277926],[32.582782,60.279127],[32.584474,60.280431],[32.584766,60.281034],[32.584807,60.281899],[32.584546,60.282987],[32.584207,60.283437],[32.582117,60.284356],[32.58074,60.285778],[32.580475,60.285901],[32.579711,60.286036],[32.579227,60.286446],[32.578224,60.286874],[32.577533,60.28733],[32.577077,60.288047],[32.576796,60.288863],[32.575291,60.290201],[32.575271,60.290481],[32.575532,60.290895]],[[32.575748,60.291128],[32.576859,60.292047],[32.57706,60.293],[32.576909,60.294267],[32.575679,60.296675],[32.575226,60.297852],[32.575352,60.298093],[32.57608,60.298274]],[[32.576389,60.298585],[32.577035,60.299279],[32.578413,60.300203],[32.579182,60.300877],[32.579476,60.301287],[32.579526,60.301607],[32.579234,60.301991],[32.578282,60.302461],[32.575161,60.302881],[32.574943,60.303123],[32.575101,60.303685],[32.575569,60.303877],[32.575949,60.30371]],[[32.577588,60.499915],[32.578834,60.499959],[32.579159,60.500059],[32.57934,60.500226],[32.579542,60.504164],[32.579148,60.504733],[32.576581,60.505933],[32.575811,60.506581],[32.575745,60.506838],[32.576099,60.50726],[32.576238,60.50778],[32.575949,60.508842]],[[32.579619,60.260664],[32.579516,60.261135],[32.579626,60.262035],[32.578862,60.262862],[32.578792,60.263245],[32.579068,60.263609],[32.57998,60.264163],[32.580715,60.264852],[32.580867,60.26524],[32.580307,60.265661],[32.578794,60.266239],[32.578098,60.266759],[32.577916,60.267154],[32.577596,60.269345],[32.577206,60.270069],[32.576483,60.270979],[32.576433,60.271469]],[[32.578531,60.495023],[32.57703,60.495692],[32.57661,60.496145],[32.576726,60.496725],[32.577758,60.497372],[32.577677,60.498186],[32.577172,60.498512],[32.576228,60.498923],[32.573871,60.499692],[32.572964,60.500508],[32.573003,60.500652],[32.57324,60.500734],[32.574795,60.500734],[32.575535,60.500547],[32.576487,60.500115]],[[32.577165,60.325368],[32.577951,60.324126],[32.577889,60.323684],[32.577198,60.32276],[32.577261,60.322209],[32.577495,60.322046],[32.577879,60.321969],[32.580241,60.322015],[32.580719,60.321876],[32.581096,60.321449],[32.580625,60.320479]],[[32.578282,60.494841],[32.579926,60.493796],[32.580366,60.493395],[32.580607,60.492981],[32.580733,60.492583],[32.580667,60.492043],[32.57957,60.490891]],[[32.58872,60.250635],[32.588521,60.250631],[32.588397,60.250785],[32.588227,60.251297],[32.587843,60.251739],[32.587685,60.252633],[32.587866,60.252888],[32.58927,60.253662],[32.589572,60.254041],[32.589382,60.254269],[32.588953,60.254421],[32.587407,60.254468],[32.586977,60.254818],[32.58679,60.256187],[32.586244,60.257296],[32.586334,60.257817],[32.586996,60.25898],[32.586855,60.259702],[32.586163,60.26014],[32.585337,60.260378],[32.583652,60.260392],[32.581553,60.26008],[32.580739,60.260062],[32.57971,60.260159],[32.579549,60.260276],[32.579617,60.260509]],[[32.587587,60.479532],[32.587698,60.480714],[32.586821,60.4816],[32.585797,60.482389],[32.585709,60.482984],[32.585975,60.483724],[32.585963,60.48444],[32.585456,60.484952],[32.585234,60.485567],[32.584545,60.486182],[32.584374,60.487007],[32.584,60.487565],[32.58362,60.488668],[32.583196,60.489133],[32.582455,60.489657],[32.581823,60.489907],[32.580637,60.490167],[32.580156,60.490347],[32.580055,60.490505],[32.580178,60.490798]],[[32.58128,60.200753],[32.581278,60.201813],[32.581725,60.202645],[32.582223,60.202985],[32.583758,60.203647],[32.584408,60.204288],[32.584464,60.204683],[32.584054,60.206008],[32.584082,60.206798],[32.584437,60.207271],[32.584824,60.207461],[32.585553,60.207496],[32.586978,60.206946],[32.587293,60.206898],[32.587802,60.206945],[32.588885,60.207239],[32.590034,60.207684],[32.591167,60.20862],[32.59119,60.209085],[32.590588,60.209987],[32.590549,60.210915],[32.589964,60.211498],[32.590057,60.212121],[32.59029,60.212409],[32.591148,60.212917],[32.591561,60.213398],[32.592484,60.213735],[32.593233,60.214171],[32.593988,60.214876],[32.594756,60.215824],[32.594863,60.216092],[32.594646,60.216559],[32.595029,60.217156],[32.59479,60.218489],[32.596603,60.2201],[32.596752,60.220412],[32.596643,60.223025],[32.596733,60.223627],[32.596601,60.224094],[32.59741,60.224578],[32.597758,60.225582],[32.598559,60.226447],[32.6,60.227416],[32.600591,60.228455],[32.60069,60.229116],[32.600547,60.229622],[32.599837,60.22995],[32.598654,60.230044],[32.598119,60.230227],[32.597656,60.230558],[32.597483,60.231266],[32.598826,60.232514],[32.599192,60.233112],[32.598951,60.233843],[32.598033,60.234593],[32.597671,60.235122],[32.597662,60.23539],[32.59831,60.235845],[32.600758,60.23685],[32.600878,60.237211],[32.600476,60.237865],[32.599287,60.238293],[32.598967,60.238549],[32.598202,60.238821],[32.597829,60.239336],[32.597014,60.239628],[32.596291,60.239755],[32.59559,60.240027],[32.594715,60.24019],[32.592305,60.241858],[32.592078,60.243187],[32.592767,60.243921],[32.593461,60.245172],[32.593412,60.245809],[32.592923,60.246708]],[[32.583159,60.515697],[32.583755,60.516416],[32.583821,60.516727],[32.582923,60.518085],[32.582589,60.518998],[32.582701,60.51917],[32.583326,60.519472]],[[32.587248,60.479477],[32.587248,60.479075],[32.587401,60.478914],[32.589049,60.478056],[32.589741,60.477491]],[[32.58765,60.52329],[32.58791,60.523601],[32.589646,60.524104],[32.590246,60.524413],[32.590375,60.525034],[32.590008,60.525629],[32.590386,60.526093]],[[32.592832,60.247135],[32.591979,60.24789],[32.591326,60.248092],[32.590275,60.248584],[32.588771,60.249461],[32.588443,60.249789],[32.588299,60.250141],[32.588402,60.250258],[32.588756,60.250246]],[[32.591963,60.474436],[32.590927,60.475231],[32.590446,60.476318],[32.590495,60.47737]],[[32.599629,60.469339],[32.599025,60.469384],[32.598134,60.469809],[32.596935,60.470119],[32.595935,60.470581],[32.595102,60.471097],[32.594654,60.471484],[32.592785,60.473884],[32.591992,60.474282]],[[32.599736,60.468986],[32.600995,60.468489],[32.602285,60.468099],[32.605211,60.466832]],[[32.614445,60.461535],[32.611287,60.463318],[32.610353,60.464358],[32.609377,60.465223],[32.605662,60.466943]],[[32.606537,60.370454],[32.606094,60.370526],[32.605867,60.370762],[32.605854,60.371622],[32.606104,60.372977],[32.605753,60.373426],[32.605097,60.375441],[32.604488,60.376009],[32.604411,60.376588],[32.603902,60.377234],[32.603564,60.378149],[32.603162,60.378742],[32.60307,60.379402],[32.603276,60.379708],[32.603666,60.379951],[32.605754,60.380597],[32.606425,60.381401],[32.607256,60.381881],[32.608675,60.382368],[32.609633,60.382566],[32.609991,60.382571],[32.610367,60.382417],[32.610619,60.381729],[32.611187,60.380981],[32.612302,60.380603],[32.612697,60.380378],[32.612859,60.380107],[32.612872,60.379355],[32.613407,60.378785],[32.614259,60.378429],[32.615485,60.378319],[32.615958,60.378138],[32.616296,60.377774],[32.616479,60.377318],[32.617365,60.376393],[32.617903,60.376233],[32.619794,60.375899],[32.620551,60.375608],[32.620781,60.374932],[32.621175,60.374454],[32.621318,60.373111],[32.621611,60.372747],[32.622178,60.372428],[32.624528,60.371666],[32.62674,60.371629],[32.62847,60.371842],[32.629946,60.372177],[32.631119,60.372737],[32.631752,60.373265],[32.632012,60.373729],[32.631954,60.374233],[32.631614,60.374976],[32.631646,60.376101],[32.632745,60.377047],[32.632966,60.377402],[32.632692,60.378021],[32.631401,60.379396],[32.631882,60.381421],[32.631899,60.382222],[32.63173,60.382771],[32.631139,60.383445],[32.631027,60.383738],[32.631262,60.384352],[32.632214,60.385468],[32.632311,60.386423],[32.631958,60.387357],[32.631662,60.387606],[32.630689,60.388071],[32.630184,60.388628],[32.630167,60.388944],[32.630445,60.38923],[32.630879,60.389441],[32.632463,60.389714],[32.638111,60.390085],[32.639056,60.389898]],[[32.618028,60.456282],[32.617606,60.456345],[32.617426,60.456482],[32.616996,60.457582],[32.61559,60.45881],[32.615372,60.459647],[32.614799,60.460253],[32.614662,60.461072]],[[32.63245,60.446356],[32.631932,60.446691],[32.630892,60.446996],[32.629921,60.447612],[32.628358,60.448052],[32.627051,60.448219],[32.626015,60.448473],[32.624647,60.448893],[32.623937,60.44924],[32.623292,60.449775],[32.623091,60.450323],[32.622442,60.450738],[32.621576,60.451772],[32.619343,60.453321],[32.618647,60.454188],[32.618118,60.455373],[32.618149,60.455857]],[[32.651148,60.432906],[32.650188,60.433135],[32.647553,60.43437],[32.645372,60.435854],[32.644068,60.436133],[32.642828,60.436759],[32.642381,60.437244],[32.642279,60.437538],[32.642717,60.438413],[32.642474,60.438983],[32.642817,60.439536],[32.642734,60.440254],[32.642478,60.44074],[32.641106,60.441726],[32.640021,60.442227],[32.639379,60.442641],[32.637597,60.4434],[32.636841,60.443911],[32.636075,60.444132],[32.635422,60.444489],[32.634537,60.444724],[32.634124,60.444937],[32.633349,60.445464],[32.633155,60.445925]],[[32.639685,60.390042],[32.640474,60.390201],[32.642521,60.390377],[32.644311,60.390284],[32.647714,60.390335],[32.64856,60.390289],[32.650056,60.389927],[32.651743,60.389763],[32.65349,60.389371],[32.654313,60.389096],[32.65597,60.388829],[32.658706,60.387894],[32.659654,60.387651],[32.659865,60.387521],[32.65987,60.387289]],[[32.644236,60.425168],[32.643809,60.425244],[32.643705,60.425361],[32.643777,60.425901],[32.643971,60.426068],[32.645458,60.426544],[32.648741,60.427067],[32.649343,60.427313],[32.649732,60.427673],[32.649692,60.428134],[32.649255,60.428444],[32.648108,60.428696],[32.64677,60.428775],[32.645892,60.429154],[32.645744,60.429421],[32.645765,60.429959],[32.645886,60.430117],[32.646121,60.430175],[32.646278,60.430131]],[[32.654855,60.420796],[32.654686,60.420562],[32.654271,60.420556],[32.653226,60.421066],[32.652614,60.421244],[32.651643,60.422251],[32.650206,60.422586],[32.64827,60.423639],[32.647579,60.42389],[32.646378,60.424524],[32.646296,60.424629],[32.646435,60.424694]],[[32.646738,60.430231],[32.647787,60.430455],[32.649755,60.430589],[32.651031,60.430942],[32.651384,60.431176],[32.651641,60.431555],[32.651695,60.432549]],[[32.661697,60.416849],[32.661311,60.417097],[32.660297,60.417491],[32.659912,60.417929],[32.658976,60.418576],[32.655825,60.420024],[32.65563,60.420177],[32.655752,60.420409]],[[32.661362,60.3868],[32.661997,60.386826],[32.664682,60.385725],[32.666073,60.385324],[32.666576,60.385384],[32.667228,60.385591],[32.667844,60.386203]],[[32.662145,60.41185],[32.661541,60.411836],[32.661284,60.412197],[32.661436,60.413361],[32.66144,60.416161],[32.661594,60.416617]],[[32.668024,60.386435],[32.668317,60.387251],[32.668318,60.387942],[32.667604,60.388879],[32.66604,60.389732],[32.663178,60.390785],[32.662491,60.391312],[32.66244,60.391781],[32.662727,60.392256],[32.663745,60.393068],[32.664346,60.393269]],[[32.664503,60.394482],[32.664051,60.394814],[32.663652,60.395436],[32.663548,60.396501],[32.665941,60.39941],[32.666291,60.399687],[32.66658,60.399782],[32.666773,60.39975]],[[32.667799,60.408266],[32.667572,60.408261],[32.667481,60.408456],[32.667361,60.409895],[32.667192,60.410178],[32.666229,60.410587],[32.665176,60.410639],[32.664815,60.410919]],[[32.667015,60.400124],[32.666608,60.400298],[32.666377,60.400539],[32.666509,60.401233],[32.666199,60.402138],[32.665626,60.402765],[32.665828,60.403077]],[[32.665976,60.403232],[32.665975,60.40441],[32.666921,60.405288],[32.667501,60.406009],[32.667861,60.406892],[32.667695,60.407541],[32.667835,60.407649],[32.668271,60.407716]]]}},{"type":"Feature","properties":{"depth_m":5,"source":"ГУНиО МО, навигационная карта № 25070 «Свирская губа», 1:50 000; скан ladoga-lake.ru (https://ladoga-lake.ru/maps/navi_su/navi-su-13.html)","chart":"25070","chart_sheet":"13","n_lines":17,"method":"граница голубой заливки 0–5 м (автоматически по цвету) + чёрные участки изобаты 5 м там, где заливки нет; привязка по картографической сетке","datum":"WGS84 (перевод СК-42 карты сдвигом по долготе, указанным на карте)","depth_datum":"от среднего многолетнего уровня Ладожского озера (+5,1 м БС)"},"geometry":{"type":"MultiLineString","coordinates":[[[32.585986,60.533133],[32.585964,60.533203],[32.585781,60.533381],[32.584828,60.533704],[32.584616,60.534094],[32.584745,60.534276],[32.585177,60.53451],[32.585751,60.534574],[32.5866,60.534476],[32.587037,60.534617],[32.587137,60.534764],[32.58706,60.53519],[32.587731,60.535682],[32.587832,60.536117],[32.588575,60.536456],[32.58913,60.536881],[32.58983,60.537159],[32.590368,60.537669],[32.590966,60.537969],[32.591699,60.538182],[32.592447,60.538289],[32.59463,60.538183],[32.595351,60.538469],[32.595691,60.538807],[32.596171,60.540144],[32.596523,60.540464],[32.59726,60.540803],[32.597583,60.541362],[32.597604,60.541746],[32.597067,60.542528],[32.597275,60.543215],[32.598768,60.54411],[32.599753,60.544517],[32.600864,60.544822],[32.600621,60.546067],[32.600455,60.54622],[32.598828,60.5464],[32.597558,60.546209],[32.596077,60.546387],[32.59585,60.546563],[32.595858,60.547143],[32.596507,60.547418],[32.597188,60.547494],[32.598364,60.547306],[32.599726,60.547352],[32.600712,60.547591],[32.602266,60.548382],[32.603157,60.548395],[32.603296,60.548468],[32.603047,60.548975],[32.603093,60.549641],[32.602983,60.54982],[32.602099,60.550425],[32.600027,60.551219],[32.59959,60.551684],[32.599589,60.552019],[32.599989,60.552124],[32.600768,60.552099],[32.602241,60.551776],[32.603148,60.551702],[32.604699,60.551354],[32.605024,60.551377],[32.606288,60.551749],[32.606409,60.552336],[32.606289,60.552616],[32.605594,60.553259],[32.604231,60.554134],[32.603933,60.554548],[32.603897,60.555057],[32.604212,60.555564],[32.604626,60.555893],[32.605801,60.556193],[32.607136,60.556657],[32.609887,60.556743],[32.612424,60.556927],[32.613388,60.556839],[32.61506,60.556816],[32.616329,60.556508],[32.617571,60.555893],[32.618544,60.55553],[32.620654,60.554195],[32.620963,60.554137],[32.621281,60.55418],[32.621947,60.554557],[32.622345,60.556648],[32.623,60.557312],[32.623142,60.557739],[32.622913,60.558149],[32.62145,60.559345],[32.621265,60.559796],[32.621585,60.560096],[32.622346,60.5604],[32.622869,60.560492],[32.623559,60.560503],[32.624151,60.560786],[32.625108,60.561016],[32.625354,60.561166],[32.625433,60.561446],[32.625163,60.561657],[32.624149,60.561842],[32.619968,60.5619],[32.618993,60.562032],[32.618213,60.562054],[32.617703,60.562183],[32.617405,60.562434],[32.617238,60.562836],[32.617506,60.563775],[32.61735,60.564348],[32.616955,60.564577],[32.615882,60.564794],[32.615287,60.565046],[32.614797,60.565362],[32.614296,60.565971],[32.614309,60.567036],[32.614461,60.567496],[32.614172,60.567955]],[[32.592107,60.563682],[32.59111,60.56372],[32.590665,60.563894],[32.590344,60.564144],[32.590191,60.564526],[32.590504,60.565339],[32.589203,60.566053],[32.58872,60.56642],[32.588441,60.566788],[32.588446,60.567493],[32.587797,60.568098],[32.587492,60.568549],[32.586477,60.569246],[32.586027,60.569742],[32.58589,60.570204],[32.58603,60.570352],[32.586479,60.570481],[32.587932,60.570457],[32.588559,60.570273],[32.589265,60.56951],[32.589592,60.568943],[32.590144,60.568517],[32.590453,60.567432],[32.592327,60.56659],[32.59262,60.566304],[32.592779,60.565757],[32.593575,60.565353],[32.59366,60.565116],[32.593422,60.564351],[32.592791,60.563908],[32.592243,60.563705]],[[32.59347,60.579502],[32.593251,60.578936],[32.592547,60.578864],[32.591445,60.579232],[32.590743,60.57973],[32.590332,60.580323],[32.590388,60.580483],[32.590961,60.58073],[32.591847,60.580914],[32.592139,60.581175],[32.591473,60.581971],[32.590216,60.582699],[32.590116,60.582859],[32.590254,60.583011],[32.591139,60.583262],[32.592764,60.583231],[32.593003,60.583134],[32.593463,60.582638],[32.593906,60.5826],[32.594338,60.582866],[32.594643,60.583628],[32.594892,60.583735],[32.595424,60.583746],[32.596983,60.583335],[32.598296,60.582615],[32.59855,60.582203]],[[32.602255,60.570253],[32.601692,60.569816],[32.601086,60.569868],[32.60013,60.570471],[32.600003,60.570819],[32.599514,60.571352],[32.599538,60.571777],[32.599705,60.571894],[32.60045,60.571863],[32.601334,60.571692],[32.60166,60.571707],[32.601888,60.571824],[32.601769,60.572064],[32.600975,60.572575],[32.600002,60.57346],[32.600198,60.573912],[32.601013,60.57406],[32.601295,60.574255],[32.601169,60.574671],[32.601346,60.5755],[32.601232,60.575852],[32.600951,60.57608],[32.600238,60.576264],[32.599994,60.576419],[32.599546,60.57703],[32.598845,60.577468],[32.598621,60.577911],[32.598324,60.578145],[32.597035,60.57849],[32.595666,60.578622],[32.595419,60.578737],[32.595229,60.579186],[32.594307,60.579295],[32.594028,60.579502]],[[32.598241,60.58382],[32.597422,60.584447],[32.597461,60.584888],[32.597176,60.585317],[32.597335,60.585876],[32.597152,60.586023],[32.596298,60.58633],[32.596125,60.586501],[32.59606,60.586781],[32.596264,60.58705],[32.596696,60.587206],[32.597032,60.5872],[32.598045,60.586872],[32.598086,60.58634],[32.598384,60.585853],[32.599201,60.585556],[32.599814,60.584983],[32.6001,60.584944],[32.600409,60.585022],[32.601026,60.585291],[32.601227,60.585507],[32.60021,60.586103],[32.598849,60.587285],[32.598585,60.587864],[32.598126,60.588434],[32.598289,60.588791],[32.59871,60.588907],[32.600268,60.588389],[32.601403,60.588242],[32.601889,60.588086],[32.602064,60.587941],[32.601959,60.587197],[32.602995,60.586415],[32.603383,60.586333],[32.604559,60.586551],[32.605074,60.58651],[32.605591,60.586262],[32.605724,60.585758],[32.605998,60.585618],[32.607574,60.585567],[32.609759,60.585235],[32.610535,60.585267],[32.612008,60.585484],[32.612937,60.585327],[32.613206,60.585114],[32.61305,60.584766],[32.612746,60.584556],[32.611377,60.584124],[32.610672,60.583771],[32.610344,60.583346],[32.610307,60.582851],[32.613076,60.581276],[32.613804,60.580373],[32.614212,60.578693],[32.614405,60.578558],[32.615839,60.578099],[32.616347,60.577407]],[[32.600698,60.560029],[32.600542,60.559031],[32.601083,60.558012],[32.602468,60.557304],[32.603502,60.557128],[32.604398,60.556791]],[[32.611275,60.567253],[32.610949,60.566999],[32.609767,60.566618],[32.6083,60.566633],[32.607569,60.56679],[32.606155,60.567508],[32.604977,60.568521],[32.60466,60.569373],[32.605057,60.569689]],[[32.61223,60.565872],[32.611408,60.565911],[32.610762,60.566197],[32.61083,60.566511],[32.611273,60.566895],[32.612421,60.566945],[32.612797,60.566857],[32.612927,60.566635],[32.612877,60.566281],[32.612362,60.565903]],[[32.618978,60.577024],[32.620073,60.576997],[32.620464,60.576874],[32.620545,60.576611],[32.620193,60.57621],[32.620342,60.575587],[32.620949,60.574997],[32.622181,60.574189],[32.623146,60.573742],[32.624678,60.573443],[32.625293,60.573181],[32.625917,60.571729],[32.626216,60.571468],[32.628117,60.570953],[32.629276,60.570788],[32.629574,60.570646],[32.629846,60.570067],[32.629618,60.568953],[32.630229,60.568176],[32.630736,60.567865],[32.632614,60.567241],[32.633551,60.566698],[32.634058,60.566058],[32.634645,60.565689],[32.635046,60.56497],[32.63565,60.564379],[32.635817,60.563627],[32.636354,60.562999],[32.636484,60.562643],[32.636673,60.562537],[32.637526,60.562352],[32.639826,60.561487],[32.64061,60.561095],[32.645313,60.556713],[32.646794,60.556368],[32.649592,60.556471],[32.651059,60.556357],[32.651931,60.556088],[32.653051,60.555467],[32.65501,60.554724],[32.6559,60.55424],[32.656864,60.554063],[32.657554,60.55356],[32.658079,60.552663],[32.658637,60.55219],[32.659221,60.551863],[32.660129,60.551675],[32.660742,60.551457],[32.661333,60.551083],[32.661585,60.550563],[32.661248,60.549437],[32.661469,60.549194],[32.662268,60.548692],[32.663602,60.548274],[32.664214,60.548176],[32.665568,60.548323],[32.666809,60.548288],[32.667121,60.548194],[32.668214,60.547539],[32.66881,60.546961],[32.669933,60.546331],[32.670835,60.545442],[32.672397,60.544891],[32.673953,60.544623],[32.675141,60.544109],[32.675852,60.543663],[32.676718,60.543421],[32.677688,60.542966],[32.678448,60.542266],[32.679289,60.54186],[32.68025,60.541163],[32.6808,60.540565],[32.681603,60.540308],[32.682315,60.539927],[32.68322,60.5397],[32.684417,60.53919],[32.685242,60.538704],[32.685694,60.538257],[32.686435,60.537857],[32.686962,60.537429],[32.687965,60.537041],[32.688664,60.536561],[32.68985,60.536358],[32.691906,60.535761],[32.693698,60.53549],[32.697043,60.5347],[32.699602,60.533702],[32.700309,60.533226],[32.701172,60.533019],[32.704064,60.532022],[32.704929,60.531519],[32.705964,60.531345],[32.706945,60.530694],[32.707278,60.530325]],[[32.707973,60.530016],[32.708438,60.530069],[32.708737,60.530018],[32.709711,60.529489],[32.710144,60.529351],[32.711172,60.529432],[32.713,60.52913],[32.714423,60.529162],[32.71495,60.529625],[32.71494,60.530552],[32.714083,60.530954],[32.713729,60.53143],[32.713818,60.531695],[32.714415,60.531905],[32.715951,60.531813],[32.717345,60.531916],[32.719091,60.531577],[32.719799,60.531272],[32.722347,60.531319],[32.725104,60.531111],[32.725475,60.530976]],[[32.729502,60.529758],[32.73009,60.529705],[32.730418,60.529751],[32.73139,60.530293],[32.732461,60.530597],[32.734734,60.530866],[32.736085,60.53076],[32.736676,60.530834],[32.73849,60.531293],[32.739871,60.531544],[32.740102,60.531686],[32.740128,60.531842],[32.739704,60.53214],[32.738995,60.532299],[32.7359,60.532314],[32.73477,60.532131],[32.73384,60.53231],[32.732055,60.532515],[32.731194,60.532782],[32.730407,60.533203],[32.729343,60.533371],[32.72885,60.533541],[32.728046,60.534045],[32.727557,60.534571],[32.726222,60.535134],[32.724143,60.53644],[32.722824,60.537587],[32.722498,60.538074],[32.72233,60.538988],[32.722455,60.539291],[32.722875,60.539492],[32.724051,60.539474],[32.725276,60.539009],[32.72609,60.538405],[32.726859,60.537257],[32.727401,60.53688],[32.729316,60.53624],[32.73004,60.535841],[32.731002,60.535703],[32.731683,60.535232],[32.732628,60.535066],[32.734481,60.534495],[32.736153,60.534257],[32.73691,60.534052],[32.737845,60.53401],[32.739625,60.533749],[32.74078,60.533674],[32.741735,60.533424],[32.743147,60.533258],[32.745882,60.533269],[32.748247,60.533465],[32.750178,60.533521],[32.751922,60.534046],[32.752426,60.53474],[32.753427,60.535216],[32.75462,60.535334],[32.7559,60.535624],[32.757857,60.53567],[32.759479,60.535914],[32.760279,60.535844],[32.761827,60.535541],[32.762205,60.53507],[32.762874,60.534741],[32.76356,60.534],[32.764094,60.533783],[32.765459,60.533707],[32.767309,60.53374],[32.768818,60.533978],[32.770546,60.533956],[32.771585,60.534036],[32.772796,60.534316],[32.775327,60.53471],[32.776583,60.535115],[32.777332,60.535712],[32.778265,60.536125],[32.778541,60.536623],[32.779276,60.536907],[32.779585,60.53746],[32.780008,60.537788],[32.780351,60.53835],[32.781057,60.538976],[32.781867,60.539256],[32.78262,60.539638],[32.783322,60.539774],[32.784377,60.539616],[32.785378,60.539566],[32.787954,60.53915],[32.792517,60.537983],[32.794737,60.537642],[32.795285,60.537648],[32.795966,60.537801],[32.797989,60.538024],[32.799467,60.538044],[32.800423,60.53796],[32.802188,60.537579],[32.802939,60.537545],[32.803943,60.537381],[32.807743,60.537372],[32.80906,60.537293],[32.810475,60.537077],[32.812796,60.537437],[32.813707,60.537829],[32.81503,60.538024],[32.816036,60.538274],[32.819518,60.538334],[32.82123,60.538227],[32.823263,60.53836],[32.824732,60.538648],[32.825265,60.538878],[32.826153,60.53897],[32.826946,60.539265],[32.827702,60.539432],[32.829874,60.539733],[32.831227,60.53975],[32.831676,60.539951],[32.832361,60.540031],[32.833023,60.54024],[32.833893,60.540392],[32.835371,60.540983],[32.836057,60.54147],[32.835946,60.541814],[32.834946,60.542309],[32.834555,60.542727],[32.834602,60.542962],[32.835222,60.543525],[32.837539,60.543719],[32.838826,60.544009],[32.83939,60.544707],[32.840726,60.545373],[32.841482,60.545552],[32.843538,60.545665],[32.847021,60.547273],[32.850153,60.548326],[32.851243,60.548481],[32.851917,60.548795],[32.853343,60.549217],[32.854521,60.549373],[32.855586,60.549675],[32.858069,60.550123],[32.859588,60.550221],[32.861654,60.550466],[32.862621,60.550441],[32.863146,60.550567],[32.863884,60.551113],[32.864253,60.551663],[32.864849,60.552167],[32.865971,60.552555],[32.866985,60.553303],[32.870898,60.555006],[32.87413,60.556591],[32.876505,60.558529],[32.877049,60.558864],[32.880444,60.560307],[32.88132,60.560502],[32.882219,60.56093],[32.884293,60.561448],[32.885434,60.562106],[32.886101,60.562777],[32.88681,60.563911],[32.886921,60.564396],[32.88767,60.564999],[32.889735,60.565658],[32.891008,60.565978],[32.891951,60.56642],[32.89253,60.566852],[32.892344,60.568049],[32.892512,60.568578],[32.892428,60.569083],[32.893035,60.569669],[32.894612,60.570364],[32.896215,60.570772],[32.897775,60.570996],[32.899243,60.571655],[32.899184,60.571962],[32.898253,60.572844],[32.897743,60.574324],[32.897168,60.57496],[32.897159,60.575139],[32.897881,60.575706],[32.899003,60.57584],[32.900157,60.57619],[32.901114,60.576675],[32.901833,60.577193],[32.901868,60.577369],[32.901521,60.577813],[32.901084,60.578855],[32.900915,60.579719],[32.901524,60.580613],[32.901977,60.580929],[32.902559,60.581867],[32.902917,60.583409],[32.903721,60.584397],[32.904945,60.585185],[32.906064,60.585807],[32.906958,60.586139],[32.907514,60.586563],[32.90869,60.587193],[32.910075,60.587829],[32.910912,60.588005],[32.911341,60.588547],[32.912018,60.588979],[32.912666,60.589226],[32.912884,60.589809],[32.913902,60.590488],[32.914368,60.590711],[32.915337,60.590996],[32.915933,60.591442],[32.918585,60.592845],[32.920273,60.593874],[32.92103,60.595058],[32.921405,60.596053],[32.922855,60.59793],[32.923576,60.598588],[32.923755,60.599175],[32.924253,60.59972],[32.924297,60.600209],[32.925364,60.601841],[32.925498,60.602397],[32.926261,60.603205],[32.92623,60.603669],[32.926676,60.604263],[32.927043,60.605184],[32.926997,60.605622],[32.927408,60.606694],[32.927367,60.607063],[32.92767,60.608024],[32.927771,60.610549],[32.927576,60.6111],[32.927876,60.611556],[32.927858,60.611924],[32.928203,60.612366],[32.928212,60.613079],[32.928488,60.613617],[32.929542,60.614435],[32.930212,60.614708],[32.930577,60.615122],[32.931733,60.615518],[32.934159,60.617246],[32.935743,60.618207],[32.936676,60.618977],[32.937148,60.61969],[32.937755,60.620218],[32.938392,60.621585],[32.938378,60.622108],[32.938737,60.62253],[32.938636,60.623103],[32.93878,60.623725],[32.939268,60.62425],[32.939337,60.624743],[32.939936,60.625605],[32.940591,60.626073],[32.940903,60.626607],[32.942031,60.627578],[32.943032,60.627959],[32.943305,60.628504],[32.944318,60.629109],[32.944464,60.629477],[32.945089,60.630057],[32.944953,60.630719],[32.945111,60.631632],[32.944697,60.633677],[32.944807,60.634167],[32.944452,60.634758],[32.944449,60.638586],[32.944595,60.639098],[32.944437,60.639829],[32.943705,60.640827],[32.942468,60.642124],[32.94032,60.643837],[32.939993,60.644224],[32.93984,60.644636],[32.939808,60.645582],[32.940088,60.646845],[32.939018,60.648485],[32.937758,60.649496],[32.935544,60.650521],[32.935092,60.651036],[32.934309,60.651561],[32.932534,60.653849],[32.932521,60.654514],[32.931829,60.655063],[32.931593,60.655558],[32.930768,60.656456],[32.928651,60.657615],[32.927276,60.657959],[32.924656,60.658875],[32.923864,60.659331],[32.922818,60.65958],[32.921298,60.660179],[32.920052,60.66087],[32.918548,60.662294],[32.918122,60.663483],[32.918129,60.66397],[32.918347,60.664436],[32.918107,60.664832],[32.91811,60.665273],[32.917606,60.665605],[32.917352,60.66601],[32.916725,60.666287],[32.916285,60.66673],[32.915417,60.667013],[32.914101,60.667643],[32.913103,60.668368],[32.912163,60.668752],[32.911649,60.669122],[32.910824,60.669467],[32.909921,60.670049],[32.909452,60.670483],[32.908669,60.670752],[32.90676,60.672269],[32.905051,60.67344],[32.904496,60.674038],[32.903114,60.674356],[32.899108,60.675755],[32.896963,60.67663],[32.894315,60.677866],[32.892622,60.678932],[32.891084,60.680739],[32.889619,60.681391],[32.888266,60.681615],[32.886874,60.6816],[32.885687,60.681492],[32.884828,60.681293],[32.882843,60.681047],[32.881727,60.681203],[32.880437,60.681275],[32.879433,60.681505],[32.878658,60.681552],[32.875376,60.682399],[32.874618,60.682746],[32.872489,60.683028],[32.871296,60.683349],[32.869545,60.683682],[32.867151,60.684425],[32.866298,60.684765],[32.865725,60.685134],[32.864689,60.685414],[32.862696,60.686233],[32.86048,60.686817],[32.85926,60.686994],[32.858188,60.687276],[32.856614,60.68737],[32.855567,60.687511],[32.854774,60.687713],[32.853868,60.687738],[32.852794,60.687982],[32.851522,60.688089],[32.849988,60.688466],[32.848507,60.688658],[32.847591,60.689044],[32.845581,60.689355],[32.843528,60.690727],[32.842929,60.692048],[32.842347,60.692494],[32.841685,60.692762],[32.841087,60.692855],[32.839794,60.692686],[32.837645,60.692744],[32.836031,60.69299],[32.834456,60.693506],[32.833426,60.693938],[32.832086,60.694673],[32.829347,60.696582],[32.828331,60.697162],[32.827333,60.697499],[32.826988,60.69785],[32.824295,60.698726],[32.822851,60.69909],[32.818554,60.700388],[32.816637,60.701055],[32.814599,60.701887],[32.811887,60.703206],[32.811525,60.703417],[32.811219,60.703842],[32.810462,60.704109],[32.809601,60.705107],[32.809419,60.706423],[32.809194,60.706907],[32.809426,60.70749],[32.808995,60.708043],[32.808846,60.708528],[32.807569,60.709286],[32.806573,60.709747],[32.806394,60.710627],[32.806324,60.71269],[32.805362,60.713483],[32.804761,60.713754],[32.80368,60.71392],[32.802928,60.713832],[32.802629,60.713729],[32.801732,60.712591],[32.800111,60.711721],[32.798826,60.711182],[32.798532,60.710932],[32.798316,60.710239],[32.797853,60.709651],[32.797493,60.709402],[32.796951,60.709295],[32.795655,60.709604],[32.794921,60.709923],[32.794257,60.710419],[32.793844,60.711072],[32.790503,60.711942],[32.789176,60.712562],[32.789106,60.712939],[32.788342,60.713838],[32.787573,60.715405],[32.787269,60.716238],[32.78726,60.716827],[32.786923,60.717439],[32.786979,60.718503],[32.786592,60.719071],[32.786765,60.719537],[32.786623,60.719994],[32.786686,60.720658],[32.787377,60.721985],[32.787485,60.722678],[32.787794,60.723069],[32.788449,60.723549],[32.788831,60.724073],[32.789326,60.724373],[32.791024,60.72509],[32.791952,60.72522],[32.792709,60.72517],[32.7936,60.724974],[32.794218,60.724726],[32.795249,60.724019],[32.795678,60.723488],[32.798283,60.722168],[32.798606,60.722101],[32.800089,60.722084],[32.801485,60.722316],[32.802885,60.72311],[32.803069,60.723527],[32.803051,60.724181],[32.801794,60.726017],[32.801133,60.726509],[32.799864,60.728],[32.799418,60.729221],[32.799592,60.729593],[32.800376,60.729901],[32.801785,60.73016],[32.802755,60.730222],[32.803672,60.730443],[32.804544,60.730555],[32.805355,60.73141],[32.805719,60.732288],[32.806096,60.732683],[32.806373,60.7328],[32.80786,60.733033],[32.808381,60.732991],[32.80922,60.732715],[32.810247,60.732071],[32.811126,60.731821],[32.812937,60.732148],[32.813369,60.732329],[32.81409,60.732848],[32.815078,60.734156],[32.815183,60.734779],[32.814963,60.735297],[32.814936,60.735951],[32.815236,60.736921],[32.815131,60.738658],[32.813722,60.74039],[32.810336,60.742075],[32.809885,60.742513],[32.809161,60.743554],[32.8093,60.744117],[32.809092,60.745022],[32.809232,60.745374],[32.809733,60.746066],[32.810188,60.746389],[32.810654,60.746924],[32.812741,60.748383],[32.813229,60.748954],[32.813306,60.749455],[32.812933,60.7502],[32.812824,60.750787],[32.812344,60.751477],[32.812451,60.752827],[32.812197,60.753405],[32.81137,60.754038],[32.810188,60.755349],[32.808948,60.755866],[32.807863,60.756142],[32.80725,60.756526],[32.807024,60.757524],[32.807361,60.758519],[32.807283,60.759364],[32.807473,60.759609],[32.807968,60.759912]],[[32.800435,60.798732],[32.800606,60.799311],[32.80124,60.799589],[32.802152,60.800275],[32.802456,60.800901],[32.804364,60.80326],[32.804851,60.804133],[32.804794,60.805204],[32.803889,60.806504],[32.803181,60.806684],[32.80266,60.806949],[32.801709,60.807259],[32.800825,60.807715],[32.800511,60.807976],[32.800594,60.808964],[32.800366,60.809658],[32.800517,60.810704],[32.800266,60.812034],[32.799391,60.813192],[32.798882,60.813472],[32.798581,60.8138],[32.797293,60.814176],[32.79627,60.814913],[32.796136,60.815549],[32.796251,60.815664],[32.796998,60.815939],[32.797666,60.816427],[32.799086,60.816722],[32.800268,60.817575],[32.800481,60.817819],[32.800512,60.818423],[32.800099,60.81902],[32.800017,60.819389],[32.80036,60.819844],[32.800472,60.820646],[32.800739,60.821051],[32.80135,60.821575],[32.802098,60.821918],[32.803555,60.822148],[32.805165,60.822598],[32.805354,60.822853],[32.805397,60.823836],[32.805195,60.824071],[32.804594,60.824339],[32.803945,60.824558],[32.803391,60.824614],[32.800299,60.823833],[32.799312,60.823432],[32.797932,60.823117],[32.797406,60.823111],[32.796687,60.823238],[32.796422,60.823339],[32.796347,60.823473],[32.796889,60.824125],[32.799268,60.824597],[32.800123,60.825484],[32.800407,60.826585],[32.80098,60.827476],[32.800861,60.828942],[32.801128,60.829467],[32.801725,60.830092],[32.801902,60.830703],[32.802197,60.831076],[32.802317,60.831918],[32.802719,60.83231],[32.802834,60.832883],[32.80336,60.833817],[32.80376,60.835364],[32.80417,60.836342],[32.803385,60.837476],[32.803267,60.837936],[32.802503,60.838852],[32.802505,60.839229],[32.801856,60.839764],[32.801763,60.840351],[32.801176,60.840786],[32.799946,60.842391],[32.798836,60.842865],[32.798081,60.843341],[32.796868,60.84372],[32.796044,60.844147],[32.793243,60.84525],[32.792547,60.845385],[32.790688,60.84595],[32.789051,60.846142],[32.787272,60.846596],[32.786336,60.846684],[32.785107,60.846926],[32.784562,60.84721],[32.783733,60.847418],[32.782511,60.847911],[32.781917,60.848472],[32.781231,60.848827],[32.780821,60.849252]],[[32.807951,60.760063],[32.808184,60.760705],[32.808813,60.761378],[32.808843,60.761922],[32.808641,60.762189],[32.808025,60.762624],[32.80776,60.763075],[32.806287,60.763842],[32.806061,60.764072],[32.805968,60.764428],[32.806146,60.764721],[32.806647,60.765065],[32.808334,60.765759],[32.809145,60.766569],[32.809377,60.766964],[32.809378,60.767378],[32.80898,60.768094],[32.808988,60.768676],[32.808594,60.769263],[32.808552,60.770088],[32.809408,60.771636],[32.810018,60.772054],[32.810984,60.772409],[32.811837,60.773305],[32.81174,60.773685],[32.810959,60.77467],[32.811057,60.775395],[32.810806,60.775983],[32.811153,60.77691],[32.811598,60.777353],[32.811639,60.777535],[32.81144,60.778089],[32.811267,60.778217],[32.807898,60.779396],[32.806223,60.779733],[32.80544,60.78024],[32.805233,60.780512],[32.805028,60.781071],[32.80508,60.781343],[32.805785,60.782244],[32.80646,60.782727],[32.807413,60.78394],[32.807671,60.785045],[32.808299,60.78555],[32.808607,60.786049],[32.808533,60.786754],[32.80878,60.787499],[32.808663,60.788237],[32.808425,60.788591],[32.807826,60.789095],[32.807652,60.789574],[32.807006,60.790115],[32.806772,60.790566],[32.806214,60.790835],[32.805059,60.790974],[32.80422,60.791296],[32.803294,60.791487],[32.79912,60.791821],[32.797723,60.792131],[32.797044,60.792526],[32.796288,60.792739],[32.795982,60.793272],[32.795475,60.793706],[32.79536,60.794978],[32.795457,60.79525],[32.796589,60.79602],[32.79678,60.796464],[32.798,60.797196],[32.798704,60.79805],[32.799428,60.798416],[32.800254,60.798506]],[[32.804401,60.800532],[32.805427,60.7994],[32.805426,60.798359],[32.804463,60.797184],[32.80299,60.796317]],[[32.804951,60.499934],[32.806905,60.500115],[32.808779,60.500013],[32.809291,60.500178],[32.809301,60.500338],[32.808411,60.501687],[32.808285,60.50231],[32.807737,60.502886],[32.807167,60.50434],[32.806233,60.505701],[32.804367,60.506406],[32.803905,60.50672],[32.803069,60.507839],[32.801919,60.509092],[32.801648,60.509654],[32.80109,60.509992],[32.800963,60.510553],[32.800501,60.51072],[32.799926,60.511204],[32.798813,60.511814],[32.797998,60.512131],[32.797668,60.512165],[32.797348,60.512095],[32.796408,60.511655],[32.796118,60.511402],[32.796089,60.509928],[32.796786,60.509515],[32.796947,60.509076],[32.79759,60.508577],[32.798136,60.507837],[32.798329,60.507232],[32.798693,60.506793],[32.79904,60.506049],[32.799083,60.505353],[32.799411,60.504551],[32.800437,60.50373],[32.801691,60.502511],[32.80186,60.501807],[32.801856,60.500406],[32.802192,60.500184],[32.803266,60.49996],[32.804784,60.49993]],[[32.815212,60.749073],[32.815744,60.748613],[32.815496,60.747244],[32.813823,60.744627],[32.813469,60.744262]],[[32.931313,60.586635],[32.930087,60.586086],[32.928519,60.585125],[32.928087,60.584764],[32.927638,60.584091],[32.922397,60.58019],[32.91995,60.578537],[32.919408,60.57796],[32.919127,60.577346],[32.919058,60.576507],[32.918803,60.575815],[32.917563,60.574441],[32.916111,60.57348],[32.914698,60.572804],[32.912549,60.572032],[32.911596,60.571468],[32.911096,60.570908],[32.910581,60.569538],[32.908097,60.567281],[32.907558,60.566547],[32.907298,60.565728],[32.90738,60.564515],[32.906944,60.563094],[32.905931,60.562042],[32.902322,60.559626],[32.900297,60.558121],[32.899587,60.556492],[32.89859,60.555227],[32.89762,60.554705],[32.895968,60.554217],[32.895185,60.553847],[32.893172,60.551784],[32.89002,60.549604],[32.888565,60.549042],[32.886255,60.548486],[32.884965,60.548053],[32.884007,60.547463],[32.882999,60.54645],[32.882138,60.545862],[32.880716,60.545187],[32.876564,60.543642],[32.874559,60.542587],[32.870759,60.540113],[32.869634,60.53974],[32.868487,60.538932],[32.864637,60.537034],[32.863318,60.536604],[32.861649,60.536285],[32.859367,60.535643],[32.857483,60.534828],[32.855652,60.534206],[32.85455,60.53374],[32.851115,60.531871],[32.849729,60.531399],[32.847882,60.530897],[32.847088,60.530472],[32.846766,60.530082],[32.846778,60.529768],[32.847675,60.528854],[32.847881,60.528422],[32.847841,60.527975],[32.847527,60.527382],[32.847664,60.526736],[32.848173,60.5262],[32.850206,60.524767]]]}},{"type":"Feature","properties":{"depth_m":10,"source":"ГУНиО МО, навигационная карта № 25068 «От маяка Кареджи до маяка Сухо», 1:50 000; скан ladoga-lake.ru (https://ladoga-lake.ru/maps/navi_su/navi-su-18.html)","chart":"25068","chart_sheet":"18","n_lines":25,"method":"полуавтоматическая векторизация чёрных изобат со скана (порог+скелетизация+сшивка), глубина подписана вручную по надписям на изобатах; привязка по картографической сетке","datum":"WGS84 (перевод СК-42 карты сдвигом по долготе, указанным на карте)","depth_datum":"от среднего многолетнего уровня Ладожского озера (+5,1 м БС)"},"geometry":{"type":"MultiLineString","coordinates":[[[31.318986,60.407797],[31.319141,60.407874],[31.319543,60.407858],[31.321191,60.407682],[31.322376,60.407475],[31.323284,60.407223],[31.324303,60.406699],[31.324395,60.406303],[31.324195,60.406037],[31.322228,60.405682],[31.32068,60.404888],[31.320015,60.40473],[31.318353,60.404774],[31.315733,60.405566]],[[31.315781,60.33996],[31.317606,60.339485],[31.31885,60.338936],[31.319762,60.33817],[31.320543,60.336895],[31.321037,60.336572],[31.322151,60.336121],[31.325826,60.335779],[31.330634,60.335777],[31.334264,60.336084],[31.334736,60.336246],[31.336167,60.337083],[31.336663,60.338082],[31.336664,60.339186],[31.33643,60.339906],[31.336031,60.340559],[31.335072,60.341635],[31.334428,60.342784],[31.334191,60.343495],[31.334205,60.344706],[31.334507,60.3454],[31.334774,60.34681],[31.334539,60.34755],[31.334041,60.347911],[31.333391,60.3482],[31.331597,60.348567],[31.330251,60.348416],[31.329132,60.348057],[31.328499,60.347675],[31.328053,60.347132],[31.328006,60.346504],[31.328482,60.345558],[31.32891,60.343906],[31.328776,60.342581]],[[31.315842,60.239667],[31.316433,60.239991],[31.317011,60.240477],[31.317715,60.241931],[31.318558,60.242805],[31.319108,60.243141],[31.320655,60.24368],[31.323411,60.243951],[31.324893,60.244216],[31.326156,60.244657],[31.326736,60.244948],[31.327029,60.24529],[31.327475,60.246944],[31.327629,60.247111],[31.328053,60.247276],[31.328573,60.247262],[31.329377,60.246967],[31.32969,60.246718],[31.329905,60.246221],[31.329824,60.245662],[31.32874,60.244929],[31.328432,60.244553],[31.328516,60.244052],[31.328697,60.243897],[31.329012,60.243822],[31.330002,60.24386],[31.33205,60.244374],[31.332538,60.24431],[31.333157,60.244015],[31.333683,60.243875],[31.334395,60.244015],[31.334703,60.244392],[31.334578,60.245102],[31.334083,60.245413],[31.333056,60.245757],[31.332836,60.246108],[31.33469,60.24704],[31.335433,60.247284],[31.336013,60.247354],[31.336547,60.247276],[31.337019,60.247095],[31.337964,60.246347],[31.338568,60.246096],[31.341645,60.245917],[31.344265,60.245079],[31.345218,60.245056],[31.347106,60.245534],[31.347542,60.245566],[31.348115,60.245473],[31.348704,60.245079],[31.348814,60.243978],[31.348969,60.243787],[31.349279,60.243679],[31.350274,60.243699],[31.351797,60.244117],[31.353075,60.244287],[31.353734,60.244157],[31.354261,60.243841]],[[31.34189,60.413478],[31.341736,60.413555],[31.34046,60.413415],[31.338502,60.412856],[31.336388,60.412075],[31.334615,60.411652],[31.332312,60.411297],[31.322865,60.411013],[31.320463,60.410669],[31.317755,60.409955]],[[31.3415,60.250537],[31.341537,60.250925],[31.338353,60.253541],[31.337859,60.25407],[31.337317,60.254393],[31.336698,60.254613],[31.336197,60.254578],[31.334547,60.25402],[31.33129,60.252409],[31.3299,60.251918],[31.328761,60.251859],[31.328039,60.251921],[31.327616,60.252097],[31.327574,60.25248]],[[31.343898,60.412398],[31.343804,60.41207],[31.343178,60.41116],[31.343363,60.410064],[31.343863,60.409462],[31.345366,60.40829],[31.346745,60.406803],[31.347287,60.406511],[31.347836,60.406406],[31.350484,60.406408],[31.351799,60.405705],[31.351956,60.405521],[31.35158,60.404781],[31.35039,60.403912],[31.349403,60.40294],[31.349065,60.402061],[31.349217,60.401352],[31.349492,60.400967],[31.350068,60.400532],[31.351047,60.400098],[31.353003,60.399692],[31.357778,60.399372],[31.364767,60.399436],[31.366227,60.399531],[31.36845,60.399732],[31.375361,60.400714],[31.381235,60.401999],[31.386153,60.402897],[31.391201,60.403427],[31.393796,60.403364],[31.395388,60.403094],[31.397107,60.402595],[31.398674,60.401799],[31.399549,60.400895],[31.399748,60.400343],[31.399871,60.398179],[31.399573,60.396885],[31.399276,60.394085],[31.398906,60.39278],[31.398356,60.391607],[31.396898,60.390184],[31.395377,60.389401],[31.393369,60.388542],[31.391642,60.38763],[31.387024,60.385546],[31.38315,60.383474],[31.381556,60.382175],[31.380645,60.380853],[31.379655,60.379791],[31.377863,60.378622],[31.376818,60.378329],[31.376275,60.377939],[31.375225,60.377545],[31.371456,60.376561],[31.364776,60.375415],[31.363371,60.37505],[31.361949,60.374444],[31.360789,60.37355],[31.359415,60.372702],[31.357529,60.372019],[31.356283,60.371733],[31.352786,60.371237],[31.346919,60.370841],[31.344423,60.370842],[31.342738,60.370952],[31.340918,60.371214],[31.336754,60.372178],[31.335058,60.372314],[31.333576,60.37254],[31.332424,60.37288],[31.331728,60.373228],[31.330453,60.373661],[31.328646,60.374141],[31.3274,60.374173],[31.326587,60.37408],[31.325658,60.373726],[31.324791,60.373518],[31.323818,60.372962],[31.322747,60.371806],[31.322313,60.370941],[31.322311,60.370155],[31.32261,60.369257],[31.32406,60.367405],[31.324425,60.36668],[31.324625,60.36585],[31.324587,60.364757],[31.323383,60.362415],[31.323072,60.361308],[31.323349,60.360325],[31.323874,60.359382],[31.324986,60.358146],[31.327103,60.35704],[31.330761,60.35564],[31.331851,60.354897],[31.332036,60.3543],[31.331803,60.353901],[31.331369,60.353661],[31.329135,60.35299],[31.324817,60.351521],[31.322933,60.3507],[31.321802,60.349867],[31.321562,60.349011],[31.321851,60.348533],[31.32302,60.347446],[31.323767,60.346241],[31.324103,60.344645],[31.324627,60.343595],[31.325042,60.343091],[31.325489,60.342738],[31.326521,60.342227],[31.327157,60.342129],[31.328312,60.342118]],[[31.354277,60.243088],[31.353753,60.242277],[31.353924,60.241884],[31.35437,60.24153],[31.355711,60.240813],[31.356973,60.2394],[31.357457,60.239041],[31.358702,60.238422],[31.359789,60.238038],[31.363403,60.237122],[31.364951,60.236834],[31.366747,60.236261],[31.36782,60.235766],[31.368896,60.235068],[31.369418,60.234559],[31.369898,60.233723],[31.370932,60.232902],[31.371875,60.232449],[31.372746,60.232158],[31.375097,60.23172],[31.376678,60.231189],[31.37815,60.230471],[31.379335,60.229423],[31.379687,60.228954],[31.379918,60.228162],[31.37994,60.225951],[31.380699,60.224768],[31.380638,60.224361],[31.380102,60.223688],[31.380207,60.223242],[31.380558,60.222978],[31.381208,60.222744],[31.384869,60.22226],[31.385492,60.222001],[31.385842,60.221736],[31.385948,60.221415],[31.38586,60.22012],[31.386306,60.219737],[31.386258,60.219273],[31.38667,60.218925],[31.387089,60.21783],[31.38772,60.217137],[31.389156,60.216328],[31.389572,60.215756],[31.389637,60.214372],[31.389442,60.213677],[31.389547,60.212837],[31.390243,60.210409],[31.390829,60.209331],[31.391538,60.208773],[31.391969,60.20797],[31.393069,60.207145],[31.395232,60.205118],[31.396167,60.204417],[31.397227,60.203251],[31.398478,60.202224],[31.400945,60.199759],[31.402119,60.199003],[31.403331,60.198692],[31.404288,60.198031],[31.404739,60.19733],[31.404758,60.196196],[31.404416,60.195352],[31.403899,60.194646],[31.403994,60.194049],[31.404299,60.19378],[31.406165,60.192787],[31.407368,60.192296],[31.408033,60.191854],[31.408561,60.191099],[31.408764,60.189896],[31.410816,60.188304],[31.410935,60.187994],[31.410882,60.187105],[31.411988,60.185418],[31.412219,60.184606],[31.412222,60.183439],[31.412523,60.182813],[31.413774,60.18196],[31.416254,60.181],[31.417805,60.180147],[31.420831,60.179429],[31.421316,60.179235],[31.421769,60.17891],[31.421949,60.178322],[31.421415,60.177281],[31.42153,60.176627],[31.422043,60.176054],[31.424144,60.174947],[31.424865,60.174427],[31.425075,60.174129],[31.424913,60.173715],[31.423916,60.17329],[31.423553,60.173024],[31.423554,60.17272],[31.423911,60.172321],[31.42464,60.171916],[31.425351,60.171659],[31.427958,60.171004],[31.429406,60.170731],[31.431457,60.170164],[31.433002,60.169421],[31.434099,60.168741],[31.43524,60.168349],[31.438293,60.168131],[31.439856,60.167875],[31.442011,60.167272],[31.444132,60.167088],[31.446083,60.167126],[31.449118,60.167537],[31.45131,60.167556],[31.452183,60.167494],[31.454666,60.167067],[31.455467,60.167011]],[[31.377635,60.416067],[31.377115,60.415147],[31.376536,60.414518],[31.375435,60.413855],[31.37438,60.413528],[31.373449,60.412805],[31.373337,60.412402],[31.373417,60.412112],[31.374389,60.411157],[31.374682,60.410536],[31.374541,60.409916],[31.374184,60.409692],[31.373663,60.40958],[31.372664,60.409563],[31.372094,60.409702],[31.371269,60.410213],[31.370641,60.410907],[31.370118,60.411037],[31.369576,60.410914],[31.368634,60.410225],[31.367872,60.410068],[31.367277,60.410123],[31.366991,60.410231],[31.366265,60.41099],[31.365517,60.411258],[31.364904,60.411257],[31.364282,60.41116],[31.362137,60.41057],[31.360872,60.410536],[31.360304,60.410629],[31.360014,60.410868],[31.360054,60.411153],[31.361741,60.412796],[31.362236,60.413595],[31.362296,60.414035],[31.362004,60.41477]],[[31.475247,60.184764],[31.473252,60.184362],[31.47186,60.183887],[31.468459,60.182418],[31.466907,60.181498],[31.466767,60.181129],[31.467108,60.180965],[31.467922,60.180958],[31.469339,60.181106],[31.470392,60.180997],[31.470827,60.180776],[31.470905,60.180359],[31.470375,60.179502],[31.46947,60.178633],[31.466456,60.176741],[31.465085,60.17559],[31.464893,60.174929],[31.465244,60.174426],[31.467077,60.173562],[31.471211,60.172136],[31.475312,60.170527],[31.47875,60.169611],[31.481327,60.169139],[31.484288,60.168899],[31.486457,60.16896],[31.489546,60.16921],[31.491246,60.169495],[31.494109,60.169798],[31.495634,60.170043],[31.496608,60.170004],[31.497128,60.169739]],[[31.475758,60.166389],[31.476161,60.166296],[31.478118,60.165433],[31.47909,60.165305],[31.481014,60.165268],[31.481493,60.165133],[31.482222,60.164754],[31.482408,60.164497],[31.482332,60.164119],[31.481088,60.162953],[31.48088,60.162339]],[[31.498437,60.210432],[31.499236,60.209818],[31.499772,60.209091],[31.499762,60.207699],[31.499249,60.207042],[31.49832,60.206405],[31.496703,60.205945],[31.495053,60.205767],[31.493934,60.205768],[31.493345,60.205799],[31.492659,60.205949],[31.491315,60.206467],[31.489293,60.207787],[31.488213,60.208329],[31.487574,60.208545],[31.487035,60.208614],[31.486514,60.20856],[31.485734,60.208237],[31.485381,60.207984],[31.485128,60.207442],[31.485117,60.206306],[31.485291,60.205777],[31.485408,60.204092],[31.485101,60.203424],[31.484823,60.203131],[31.484168,60.202746],[31.481452,60.201713],[31.480329,60.201094],[31.480157,60.200794],[31.480061,60.200033],[31.480607,60.199429],[31.480608,60.198887],[31.48033,60.198613],[31.479438,60.198137],[31.479073,60.197773],[31.479185,60.197493],[31.479603,60.197243],[31.481238,60.196743],[31.481512,60.196389],[31.481444,60.196106],[31.480481,60.195261],[31.478047,60.193866],[31.477418,60.193225],[31.477429,60.193041],[31.47772,60.192839],[31.479748,60.192647],[31.4806,60.19236],[31.48094,60.191965],[31.480918,60.191309],[31.480223,60.190425],[31.477227,60.187894],[31.476737,60.187056],[31.476834,60.186871],[31.477337,60.186725],[31.479758,60.18671],[31.480562,60.186632],[31.48127,60.186461],[31.482047,60.186146],[31.48282,60.185421],[31.483405,60.184451],[31.483575,60.183397],[31.483369,60.183129],[31.482944,60.182943],[31.481097,60.182936],[31.479706,60.183199],[31.476798,60.184141]],[[31.497138,60.165378],[31.497139,60.1653],[31.496479,60.165101],[31.495413,60.165066],[31.494782,60.165136],[31.493621,60.165463],[31.492159,60.165732],[31.490497,60.165637],[31.489988,60.165373],[31.489363,60.164536],[31.487873,60.16426],[31.487072,60.163953],[31.484894,60.16258],[31.483515,60.161903],[31.482516,60.161806],[31.481191,60.162028]],[[31.659329,60.322746],[31.659174,60.322746],[31.658913,60.322494],[31.658748,60.321852],[31.659446,60.320423],[31.659485,60.319962],[31.659336,60.319536],[31.657758,60.318189],[31.656399,60.317555],[31.65514,60.316797],[31.654521,60.316136],[31.654366,60.315726],[31.654798,60.314681],[31.658598,60.311015],[31.659403,60.309857],[31.659488,60.308971],[31.659023,60.306794],[31.659377,60.305965],[31.660452,60.304708],[31.660709,60.303806],[31.660569,60.302596],[31.660189,60.302053],[31.659817,60.300966],[31.659822,60.300281],[31.660676,60.298975],[31.662021,60.297467],[31.662752,60.29599],[31.662752,60.295112],[31.662609,60.294695],[31.661852,60.293778],[31.66103,60.29324],[31.660581,60.292113],[31.660726,60.290797],[31.660593,60.287762],[31.660072,60.285833],[31.659102,60.283724],[31.659126,60.283246],[31.658754,60.282698],[31.658568,60.28196],[31.65857,60.279404],[31.658231,60.277934],[31.657584,60.276938],[31.656492,60.276413],[31.655025,60.276227],[31.652176,60.276181],[31.651604,60.276058],[31.651372,60.275906],[31.651299,60.275631],[31.651502,60.275377],[31.653601,60.274521],[31.654724,60.273903],[31.654849,60.27305],[31.654706,60.272615],[31.653892,60.271507],[31.652663,60.270508],[31.648742,60.266582],[31.648004,60.265366],[31.644855,60.260991],[31.644461,60.259647],[31.644462,60.258857],[31.644016,60.257578],[31.643179,60.256558],[31.642571,60.255475],[31.642021,60.25525],[31.642105,60.254905],[31.641425,60.253823],[31.640415,60.251346],[31.63987,60.250433],[31.638772,60.248989],[31.637121,60.247335],[31.634372,60.245381],[31.633567,60.244608],[31.633148,60.243671],[31.633149,60.242563],[31.632792,60.241658],[31.631014,60.239526],[31.629584,60.238146],[31.627723,60.237063],[31.625426,60.236201],[31.624318,60.23558],[31.622302,60.234111],[31.618864,60.231319],[31.61502,60.229462],[31.61252,60.228522],[31.606507,60.225729],[31.605774,60.225474],[31.603584,60.224932],[31.598702,60.224094],[31.597902,60.223892],[31.59548,60.222775],[31.593935,60.221686],[31.592495,60.220854],[31.590552,60.220277],[31.588622,60.219967],[31.586823,60.219559],[31.584969,60.218886],[31.583857,60.218346],[31.582887,60.217445],[31.582491,60.216551],[31.582316,60.215558],[31.582441,60.213841],[31.582014,60.212816],[31.580731,60.211755],[31.578279,60.210429],[31.577328,60.209812],[31.575299,60.208027],[31.572171,60.206337],[31.571246,60.20532],[31.57085,60.204456],[31.569757,60.202961],[31.56742,60.201492],[31.56387,60.199635],[31.562941,60.198984],[31.55645,60.195417],[31.555031,60.19442],[31.5537,60.19288],[31.551152,60.191307],[31.549777,60.190608],[31.548803,60.190298],[31.546864,60.1895],[31.544356,60.187953],[31.542678,60.187395],[31.541568,60.186864],[31.541072,60.186498],[31.540683,60.185738],[31.540083,60.185358],[31.53903,60.184319],[31.537847,60.183746],[31.536748,60.183448],[31.534985,60.183213],[31.532237,60.183247],[31.531045,60.183451],[31.528739,60.184008],[31.527149,60.18454],[31.523168,60.186509],[31.521586,60.187644],[31.519928,60.189084],[31.519269,60.190048],[31.51893,60.191047],[31.518965,60.191689],[31.519647,60.192979],[31.520763,60.194512],[31.520916,60.195106],[31.520739,60.196568],[31.520778,60.197523],[31.521225,60.198472],[31.521948,60.199267],[31.523416,60.200396],[31.527402,60.202822],[31.528465,60.203847],[31.528702,60.204257],[31.528824,60.205314],[31.528483,60.206384],[31.527799,60.207444],[31.526875,60.208445],[31.525251,60.209653],[31.523064,60.210493],[31.521857,60.210664],[31.520331,60.210648],[31.519623,60.210521],[31.518477,60.210174],[31.517375,60.209643],[31.51607,60.208503],[31.5154,60.207457],[31.514636,60.206569],[31.513749,60.206],[31.513257,60.205813],[31.512238,60.205634],[31.511412,60.205611],[31.50965,60.205887],[31.508562,60.206333],[31.50793,60.206779],[31.50752,60.207234],[31.506806,60.209954],[31.507021,60.211113],[31.507494,60.211704],[31.509049,60.212872],[31.509951,60.213904],[31.510701,60.21676],[31.511534,60.217985],[31.512374,60.218833],[31.514524,60.22014],[31.514804,60.220723],[31.514547,60.221514],[31.514318,60.221778],[31.511772,60.223032],[31.510704,60.223886],[31.510014,60.225419],[31.509866,60.226633],[31.509608,60.226906],[31.508755,60.227346],[31.507205,60.227669],[31.505871,60.228088],[31.504451,60.228834],[31.503676,60.229366],[31.503203,60.229544],[31.502668,60.229587],[31.502133,60.22947],[31.501205,60.229067],[31.499778,60.227998],[31.498378,60.227246],[31.496534,60.226861],[31.493928,60.226715],[31.493358,60.226566],[31.493098,60.226409],[31.492986,60.226209],[31.49307,60.225994],[31.494448,60.225029],[31.494849,60.224344],[31.494399,60.223427],[31.493356,60.222471],[31.493024,60.221733],[31.492855,60.217501],[31.49228,60.216011],[31.491384,60.215042],[31.490702,60.214539],[31.489518,60.213396],[31.488887,60.21252],[31.48878,60.211887],[31.48892,60.211342],[31.489231,60.210932],[31.490392,60.210357],[31.491641,60.210222],[31.493323,60.210386],[31.493788,60.210355]],[[31.682136,60.339666],[31.684704,60.339426],[31.686275,60.339082],[31.687412,60.338583],[31.68817,60.337701],[31.688151,60.336959],[31.687823,60.336438],[31.687082,60.335879],[31.686482,60.33557],[31.68581,60.335339],[31.684967,60.335176],[31.684146,60.334788],[31.683002,60.334555],[31.68018,60.334163],[31.677802,60.333634],[31.675931,60.332842],[31.673465,60.331164],[31.672053,60.329999],[31.669568,60.328477],[31.668474,60.327689],[31.665852,60.326303],[31.66507,60.32576]],[[31.736447,60.353246],[31.734829,60.353081],[31.732229,60.352474],[31.730078,60.351711],[31.728579,60.351287],[31.727489,60.350681],[31.726951,60.349835],[31.726653,60.349579],[31.724763,60.348894],[31.723413,60.348848],[31.721772,60.348991],[31.719067,60.349428],[31.718554,60.349702],[31.717473,60.350844],[31.717194,60.350993],[31.716832,60.351057],[31.715827,60.350978],[31.714204,60.350438],[31.712376,60.350108],[31.710307,60.350093],[31.7093,60.350257],[31.707951,60.350796],[31.707295,60.351443],[31.707403,60.352113],[31.708294,60.353021],[31.708235,60.353431],[31.707583,60.353799],[31.707226,60.353857],[31.706605,60.353807],[31.705876,60.35356],[31.705348,60.353221],[31.704672,60.352069],[31.704004,60.351474],[31.7023,60.350561],[31.701229,60.350161],[31.700135,60.349624],[31.698739,60.348621],[31.698227,60.348482],[31.697676,60.348513],[31.696074,60.349226],[31.694511,60.349637],[31.693734,60.349653],[31.692935,60.349502],[31.692244,60.349228],[31.690953,60.348482],[31.689808,60.348125],[31.688908,60.347658],[31.686596,60.347168],[31.685115,60.346689],[31.684087,60.34606],[31.683842,60.345793],[31.683532,60.345046],[31.681936,60.34377],[31.680283,60.342992],[31.677956,60.342288],[31.677336,60.341979],[31.67686,60.341598]],[[31.742655,60.353168],[31.744498,60.35261],[31.747218,60.351269],[31.748869,60.350873],[31.751232,60.350633],[31.752579,60.350228],[31.753297,60.34982],[31.754406,60.348733],[31.75487,60.347905],[31.754839,60.34701],[31.753898,60.346013],[31.753388,60.345843],[31.752084,60.345618],[31.750922,60.345278],[31.750091,60.344823],[31.749582,60.34433],[31.748602,60.342187],[31.747566,60.341017],[31.746862,60.339772],[31.746974,60.33878],[31.747471,60.338418],[31.748247,60.338186]],[[31.749644,60.338108],[31.75105,60.338659],[31.755882,60.341108],[31.758813,60.342187],[31.761078,60.342694],[31.762609,60.342933],[31.765899,60.343204],[31.770895,60.342963],[31.774081,60.342892],[31.775219,60.342693],[31.77598,60.342346],[31.776399,60.341901],[31.776647,60.341122],[31.776617,60.33977],[31.776209,60.33883],[31.77519,60.337131],[31.774135,60.336583],[31.772687,60.336336],[31.77069,60.33639],[31.768104,60.336697],[31.767648,60.336715],[31.767493,60.336638]],[[31.824153,60.319704],[31.825559,60.320403],[31.826263,60.321026],[31.826245,60.321622],[31.825508,60.322088],[31.824949,60.322201],[31.823845,60.322232],[31.821262,60.321903],[31.819767,60.321812],[31.817652,60.321967],[31.814955,60.32247],[31.813022,60.322984],[31.811733,60.323572],[31.81128,60.32394],[31.810441,60.3251],[31.809363,60.325618],[31.807849,60.325943],[31.805664,60.32611],[31.804109,60.326124],[31.801916,60.326346],[31.801174,60.326586],[31.798668,60.327658],[31.796328,60.328208],[31.795608,60.328458],[31.79397,60.329415],[31.792861,60.330409],[31.791733,60.331728],[31.791517,60.332145],[31.791418,60.333302],[31.790681,60.334303],[31.788129,60.33586],[31.786545,60.336599],[31.785802,60.336762],[31.785225,60.336783],[31.784643,60.336713],[31.783944,60.336481],[31.783117,60.335984],[31.781749,60.334484],[31.780841,60.333778]],[[31.899432,60.311964],[31.898666,60.312106],[31.898072,60.312355],[31.897532,60.312738],[31.897424,60.313005],[31.897525,60.313902],[31.898369,60.314742],[31.899674,60.315614],[31.900049,60.316445],[31.900048,60.317462],[31.899682,60.319229],[31.89896,60.319776],[31.897862,60.320051],[31.895172,60.319809],[31.892567,60.319318],[31.891794,60.319081],[31.890053,60.318199],[31.889209,60.31745],[31.888439,60.316433],[31.887611,60.315767],[31.886522,60.31524],[31.885069,60.314812],[31.882314,60.314178],[31.880652,60.313976],[31.879772,60.314041],[31.877558,60.314372],[31.877082,60.314518],[31.876678,60.314781],[31.876274,60.315307],[31.875994,60.316289],[31.875993,60.317853],[31.876342,60.31916],[31.87686,60.32018],[31.877543,60.320809],[31.87807,60.321602],[31.879031,60.322561],[31.881121,60.324414],[31.882987,60.325868],[31.883423,60.326606],[31.883306,60.327341],[31.882711,60.328324],[31.882286,60.328715],[31.880179,60.329676],[31.879191,60.329957],[31.87857,60.33005],[31.877137,60.329972],[31.875993,60.329667],[31.875664,60.329411],[31.875157,60.328289],[31.874554,60.32582],[31.873797,60.324957],[31.872545,60.323892],[31.872087,60.323246],[31.871644,60.321954],[31.871151,60.319005],[31.870604,60.318036],[31.869925,60.317473],[31.869564,60.31674],[31.868846,60.316214],[31.867614,60.315538],[31.862185,60.312889],[31.858925,60.311038],[31.857187,60.310195],[31.854813,60.309298],[31.853427,60.309016],[31.852602,60.30895],[31.85134,60.308981],[31.850421,60.309213],[31.848869,60.309979],[31.845523,60.312472],[31.844914,60.312809],[31.842617,60.313742],[31.839565,60.31477],[31.835962,60.316159],[31.834225,60.316597],[31.832225,60.316842]],[[31.928593,60.32774],[31.928104,60.327778],[31.924726,60.32752],[31.921686,60.3276],[31.918093,60.32742],[31.916268,60.327],[31.915323,60.326634],[31.91505,60.326359],[31.91436,60.325108],[31.912962,60.319595],[31.911967,60.317229],[31.910883,60.316066],[31.907749,60.313696],[31.905949,60.312737]],[[31.926252,60.341727],[31.926096,60.341805],[31.925651,60.341785],[31.924443,60.341601],[31.923149,60.34126],[31.922373,60.340935],[31.920951,60.340033],[31.919551,60.338803],[31.917825,60.337813],[31.917442,60.337385],[31.917505,60.336806],[31.918194,60.336467],[31.919094,60.336279],[31.920765,60.336248],[31.922386,60.336454],[31.923658,60.336473],[31.927479,60.336174],[31.930156,60.336232],[31.931202,60.336158],[31.935432,60.336094],[31.936616,60.33622],[31.937118,60.336512],[31.937273,60.336932],[31.937272,60.338179],[31.936967,60.338909],[31.936417,60.339526],[31.935874,60.339873],[31.934942,60.340321],[31.93308,60.340878]],[[32.050438,60.374706],[32.050769,60.374397],[32.051493,60.374212],[32.055387,60.374146],[32.057692,60.373756],[32.058843,60.373165],[32.059123,60.372486],[32.059125,60.371838],[32.058971,60.371429],[32.058313,60.370719],[32.057557,60.370232],[32.055456,60.369216],[32.054968,60.368733],[32.054835,60.368435],[32.055064,60.367739],[32.056861,60.365933],[32.057542,60.364979],[32.057745,60.364213],[32.057747,60.363055],[32.057335,60.362008],[32.05618,60.361064],[32.054931,60.360522],[32.053093,60.36014],[32.050444,60.359988],[32.049692,60.359837],[32.048979,60.359425],[32.049058,60.358908],[32.04986,60.358426],[32.051214,60.35802],[32.052021,60.35765],[32.053574,60.356492],[32.056521,60.355466],[32.058396,60.354409],[32.061608,60.352851],[32.063544,60.351105],[32.064536,60.349288],[32.065968,60.34766],[32.066458,60.347302],[32.067252,60.346935],[32.068189,60.346712],[32.071806,60.346679],[32.073393,60.346427],[32.073953,60.346145],[32.074212,60.345758],[32.074119,60.345318],[32.073428,60.344914],[32.072653,60.344692],[32.069162,60.344199],[32.06635,60.343571],[32.064587,60.343516],[32.063415,60.34367],[32.062805,60.343902],[32.062395,60.344242],[32.061904,60.345046],[32.061308,60.345314],[32.060542,60.345429],[32.059639,60.345447],[32.05773,60.345233],[32.057004,60.344969],[32.055661,60.344198],[32.054858,60.34305],[32.054321,60.341678],[32.053864,60.341366],[32.053367,60.341273],[32.052669,60.341397],[32.051971,60.341776],[32.051327,60.342589],[32.050923,60.343582],[32.050342,60.344137],[32.048798,60.345065],[32.047526,60.345977],[32.046769,60.346372],[32.046071,60.346604],[32.04528,60.346604],[32.045125,60.346488],[32.045082,60.346183],[32.045445,60.345693],[32.046474,60.344988],[32.047982,60.344201],[32.048675,60.343594],[32.048759,60.342781],[32.048326,60.342432],[32.047696,60.342231],[32.043799,60.342045],[32.042146,60.341869],[32.040556,60.341488],[32.038597,60.34069],[32.038195,60.340357],[32.037678,60.339529],[32.035197,60.336807],[32.034844,60.336557],[32.033546,60.335973],[32.030717,60.335287],[32.029561,60.334852],[32.028768,60.334686],[32.027912,60.334712],[32.025388,60.335208],[32.024559,60.33519],[32.023836,60.335029],[32.022937,60.33461],[32.021701,60.333761],[32.019779,60.332079],[32.017172,60.330688],[32.015123,60.329846],[32.011924,60.328813],[32.010677,60.328203],[32.010196,60.327767],[32.009216,60.326298],[32.008183,60.325422],[32.006204,60.32479],[32.004342,60.324397],[32.003127,60.324246],[32.001726,60.323917],[32.000099,60.323266],[31.998403,60.322799],[31.995725,60.322259],[31.991362,60.321652],[31.990039,60.321348],[31.989604,60.321147],[31.98945,60.320889],[31.990381,60.320187],[31.990478,60.319346],[31.99023,60.319079],[31.9894,60.31862],[31.988942,60.31844],[31.988357,60.318339],[31.98666,60.31814],[31.984271,60.318084],[31.983464,60.318135],[31.982757,60.318315],[31.981983,60.318694],[31.981038,60.31949],[31.980731,60.320714],[31.981093,60.321425],[31.981695,60.321849],[31.983053,60.322413],[31.984762,60.323322],[31.985909,60.324407],[31.985923,60.325246],[31.985484,60.325575],[31.984815,60.32582],[31.984046,60.325838],[31.983402,60.325633],[31.982643,60.325104],[31.981894,60.324047],[31.981349,60.323719],[31.980611,60.323536],[31.980019,60.323509],[31.979118,60.323616],[31.978192,60.324477],[31.976996,60.32503],[31.976269,60.325101],[31.975173,60.324848],[31.973794,60.324147],[31.970207,60.321309],[31.968778,60.320483],[31.96762,60.320057],[31.966085,60.319867],[31.963058,60.320007],[31.960793,60.319999],[31.958855,60.319721],[31.957274,60.319674],[31.956566,60.31979],[31.956019,60.320084],[31.95578,60.320363],[31.955812,60.320692],[31.956744,60.321685],[31.958072,60.322644],[31.959187,60.323622],[31.959628,60.324937],[31.959627,60.325362],[31.959294,60.326083],[31.958926,60.326476],[31.95803,60.327106],[31.955521,60.327745],[31.953506,60.327808],[31.947015,60.326607],[31.944564,60.326514],[31.942497,60.326642],[31.939184,60.327448],[31.937748,60.327585]],[[32.050344,60.414007],[32.049192,60.4128],[32.048328,60.412166],[32.047212,60.411082],[32.047127,60.410191],[32.047376,60.409925],[32.048217,60.409474],[32.051106,60.408682],[32.052684,60.408146],[32.053289,60.407843],[32.054043,60.406923],[32.054211,60.405724],[32.053652,60.404752],[32.051187,60.403213],[32.050545,60.402268],[32.050533,60.400829],[32.050846,60.399529],[32.050848,60.398836],[32.051878,60.39597],[32.052245,60.395339],[32.052344,60.394065],[32.051721,60.393388],[32.047546,60.390468],[32.047037,60.389974],[32.046909,60.389587],[32.047321,60.389142],[32.047926,60.388872],[32.048466,60.388753],[32.049483,60.388814],[32.051233,60.389391],[32.053239,60.389722],[32.054408,60.389627],[32.056588,60.388954],[32.057691,60.388284],[32.058906,60.387122],[32.059269,60.386629],[32.05987,60.385197],[32.059874,60.383578],[32.059265,60.379758],[32.058769,60.378781],[32.058424,60.378388],[32.057708,60.377883],[32.056286,60.377288],[32.055321,60.377064],[32.051592,60.376437],[32.050473,60.37614],[32.049885,60.37577],[32.049817,60.375168]],[[32.081439,60.339494],[32.07897,60.339879],[32.077476,60.33986],[32.073814,60.339164],[32.071875,60.339035],[32.071029,60.339143],[32.069186,60.339915],[32.067235,60.340247],[32.064919,60.34027],[32.061224,60.340025],[32.059467,60.339973],[32.058656,60.340022],[32.05788,60.340161],[32.057364,60.340367],[32.056996,60.340638],[32.056856,60.341042]],[[32.056856,60.341197],[32.057195,60.342],[32.057534,60.342258],[32.058055,60.342431],[32.058637,60.342414],[32.059816,60.342153],[32.060907,60.342125],[32.061538,60.342194],[32.062917,60.34256],[32.064225,60.342643],[32.067294,60.342058],[32.069797,60.34233],[32.071442,60.342824],[32.073673,60.343691],[32.074644,60.343923],[32.07631,60.344115],[32.078373,60.34463],[32.081439,60.345802]]]}},{"type":"Feature","properties":{"depth_m":10,"source":"ГУНиО МО, навигационная карта № 25069 «Волховская губа», 1:50 000; скан ladoga-lake.ru (https://ladoga-lake.ru/maps/navi_su/navi-su-16.html)","chart":"25069","chart_sheet":"16","n_lines":41,"method":"полуавтоматическая векторизация чёрных изобат со скана (порог+скелетизация+сшивка), глубина подписана вручную по надписям на изобатах; привязка по картографической сетке","datum":"WGS84 (перевод СК-42 карты сдвигом по долготе, указанным на карте)","depth_datum":"от среднего многолетнего уровня Ладожского озера (+5,1 м БС)"},"geometry":{"type":"MultiLineString","coordinates":[[[32.088158,60.347987],[32.09206,60.348468],[32.094629,60.348609],[32.098026,60.348456],[32.100603,60.348121],[32.101529,60.347868],[32.101902,60.347652],[32.102001,60.347471],[32.10186,60.346889],[32.100708,60.34609],[32.099084,60.344724],[32.09834,60.343522],[32.097973,60.342205],[32.097011,60.341067],[32.096513,60.340714],[32.094601,60.339789],[32.092178,60.339052],[32.090307,60.338648],[32.088728,60.338452],[32.086892,60.338445],[32.084972,60.338639],[32.082486,60.33922]],[[32.094924,60.478222],[32.09389,60.477591],[32.093317,60.476246],[32.092274,60.474956],[32.091255,60.473938],[32.091022,60.473513],[32.090985,60.472875],[32.091201,60.472136],[32.092141,60.470748],[32.091954,60.468181],[32.092416,60.466414],[32.092418,60.465168],[32.092324,60.46484],[32.091922,60.464327],[32.090738,60.463524],[32.090121,60.462923],[32.090055,60.462006],[32.090359,60.46119],[32.090341,60.460739],[32.089994,60.460553],[32.089436,60.460637],[32.087276,60.461803],[32.087076,60.462107],[32.08707,60.462517],[32.087527,60.463163]],[[32.098875,60.475754],[32.099485,60.475379],[32.10034,60.474066],[32.102199,60.472757],[32.105375,60.469798],[32.107569,60.468538],[32.109315,60.468134],[32.11166,60.467974],[32.11349,60.468037],[32.117808,60.468503],[32.118863,60.468452],[32.119062,60.468318],[32.119094,60.468117]],[[32.105531,60.338682],[32.106004,60.338791],[32.106627,60.339075],[32.107825,60.340037],[32.10882,60.34163],[32.109135,60.34257],[32.109131,60.343487],[32.108997,60.344618],[32.108549,60.345439],[32.108422,60.34609],[32.10871,60.346588],[32.109688,60.346968],[32.110729,60.347061],[32.117831,60.347063],[32.118711,60.346975],[32.119698,60.346733],[32.120631,60.346278],[32.121287,60.345624],[32.122285,60.343892],[32.123713,60.342509],[32.123922,60.342041],[32.123796,60.34187],[32.123353,60.341653],[32.122809,60.341595],[32.122438,60.341661],[32.121347,60.342111],[32.119559,60.343424],[32.118119,60.344173],[32.117045,60.344348],[32.115625,60.34413],[32.114513,60.343569],[32.114125,60.343118],[32.114197,60.340307],[32.113847,60.339795],[32.112622,60.339225],[32.110036,60.338563],[32.109319,60.338295],[32.108764,60.337957],[32.107876,60.337067],[32.106917,60.336533],[32.105723,60.336355],[32.105098,60.336401],[32.104744,60.33651]],[[32.118937,60.467422],[32.1187,60.467113],[32.118244,60.466908],[32.115004,60.465942],[32.114035,60.465409],[32.113605,60.465057],[32.113416,60.464648],[32.11353,60.463592],[32.113368,60.463098],[32.112571,60.462343],[32.111458,60.461611],[32.111069,60.461058],[32.111324,60.4607],[32.112172,60.460291],[32.113114,60.460268],[32.113885,60.460474],[32.115157,60.461396],[32.116671,60.462015],[32.116986,60.462718],[32.117312,60.463076],[32.117782,60.463263],[32.11839,60.46329],[32.119348,60.463069],[32.120049,60.462557],[32.120996,60.462094],[32.121281,60.461825],[32.121282,60.460972],[32.120441,60.459533],[32.12037,60.458907],[32.120633,60.458514],[32.121046,60.458262],[32.121399,60.458172],[32.122031,60.458162],[32.122585,60.458255],[32.125945,60.459738],[32.128157,60.460145],[32.130892,60.460805],[32.133319,60.461152],[32.135677,60.461171],[32.139315,60.460809],[32.14117,60.460709],[32.143704,60.460843],[32.145039,60.460728],[32.145873,60.460525],[32.147096,60.460042],[32.148297,60.459722],[32.149274,60.459565],[32.151006,60.459432],[32.152088,60.459191],[32.153988,60.458219],[32.156293,60.457794],[32.157414,60.457315],[32.157604,60.457052],[32.157582,60.456539],[32.156832,60.455507],[32.156443,60.454039],[32.15609,60.453535],[32.15551,60.453281],[32.154696,60.453151],[32.152682,60.453279],[32.151417,60.453235],[32.150822,60.45314],[32.149932,60.452815],[32.149546,60.452569],[32.149281,60.452179],[32.14931,60.451756],[32.149626,60.451375],[32.150526,60.4509],[32.153158,60.450099],[32.153693,60.449812],[32.153779,60.449525],[32.15364,60.449203],[32.152445,60.447845],[32.152488,60.447198],[32.153088,60.44682],[32.153898,60.44666],[32.155266,60.446712],[32.156528,60.447114],[32.158143,60.447851],[32.159344,60.448043],[32.160239,60.448034],[32.16104,60.447904],[32.161734,60.447657],[32.162714,60.447085],[32.163003,60.446698],[32.163119,60.446064],[32.162558,60.445029],[32.162279,60.443992],[32.161436,60.442928],[32.158634,60.440916],[32.158084,60.439879],[32.157958,60.438998],[32.158054,60.438673],[32.158322,60.438391],[32.159001,60.438163],[32.1604,60.438158],[32.161703,60.438331],[32.16364,60.438458],[32.163797,60.438536]],[[32.16506,60.438381],[32.165786,60.438037],[32.166008,60.437617],[32.166008,60.437058],[32.165537,60.435682],[32.165538,60.434895],[32.16581,60.434193],[32.166313,60.433587],[32.167402,60.432644],[32.168712,60.431894],[32.171204,60.430795],[32.171894,60.430267],[32.172014,60.429013],[32.171857,60.42849],[32.171858,60.427473],[32.172101,60.426678],[32.173346,60.425036],[32.174911,60.423637],[32.175824,60.423001],[32.177702,60.422065],[32.179241,60.421587],[32.181504,60.421398],[32.183389,60.421466],[32.184713,60.421596],[32.185836,60.421592],[32.186475,60.421494],[32.187169,60.421216],[32.187944,60.420591],[32.188717,60.419336],[32.189128,60.418925],[32.192326,60.417101],[32.192719,60.416564],[32.193046,60.415573],[32.193419,60.415056],[32.196286,60.413072],[32.197497,60.411881],[32.198727,60.409344],[32.199306,60.407711],[32.199947,60.406878],[32.200611,60.406298],[32.200888,60.405658],[32.20152,60.405009],[32.201544,60.404254],[32.200928,60.402767],[32.200915,60.401779],[32.201239,60.401215],[32.201387,60.400588],[32.202055,60.399662],[32.202464,60.398813],[32.202655,60.398082],[32.202677,60.396952],[32.203117,60.396154],[32.205361,60.39429],[32.206901,60.393426],[32.208356,60.392432],[32.209576,60.391796],[32.211649,60.390328],[32.212041,60.389749],[32.212937,60.388964],[32.214224,60.387332],[32.214717,60.386485],[32.214813,60.385055],[32.214366,60.38329],[32.214502,60.38216],[32.215315,60.380571],[32.215923,60.379705],[32.218178,60.377267],[32.21845,60.376552],[32.218434,60.375883],[32.217836,60.374896],[32.217327,60.372679],[32.217216,60.371572],[32.216301,60.369246],[32.215698,60.368521],[32.214627,60.367653],[32.213066,60.366639],[32.210481,60.365305],[32.209641,60.364543],[32.208833,60.363349],[32.208686,60.362904],[32.208703,60.361315],[32.2095,60.36044],[32.209825,60.359845],[32.211546,60.358653],[32.213738,60.35755],[32.2173,60.356355],[32.219937,60.355738],[32.222262,60.355411],[32.226816,60.355241],[32.228738,60.354226],[32.228928,60.353979],[32.228868,60.353473],[32.228281,60.352281],[32.228123,60.351327],[32.228316,60.350662],[32.229303,60.349405],[32.229674,60.348517],[32.229203,60.346875],[32.22933,60.346276],[32.229572,60.345893],[32.230316,60.345384],[32.231649,60.345066],[32.232504,60.344988],[32.234578,60.344989],[32.237866,60.345222],[32.24041,60.345222],[32.241267,60.345145],[32.241819,60.344989]],[[32.223786,60.360612],[32.224122,60.36099],[32.224099,60.361508],[32.22313,60.36287],[32.220985,60.364933],[32.220483,60.365289],[32.21922,60.365987],[32.218697,60.36608],[32.218167,60.366027],[32.217362,60.36555],[32.216715,60.364726],[32.21657,60.364307],[32.216693,60.363599],[32.217861,60.362907],[32.220965,60.36173],[32.222906,60.36067],[32.223262,60.360561],[32.223628,60.360566]],[[32.238973,60.352591],[32.239841,60.352474],[32.241012,60.352118],[32.245341,60.350449],[32.24595,60.350353],[32.246906,60.350327],[32.247505,60.350533],[32.247715,60.351262],[32.24751,60.35268],[32.247144,60.353748],[32.246833,60.354254],[32.24551,60.35568],[32.245301,60.356374],[32.245409,60.35734],[32.24507,60.358253],[32.244633,60.358635],[32.243842,60.358974],[32.242597,60.359008],[32.239808,60.358602],[32.238423,60.35857],[32.236373,60.358942],[32.234523,60.359464],[32.233425,60.359547],[32.232691,60.359445],[32.232239,60.359078],[32.23203,60.358406],[32.232333,60.357603],[32.232394,60.356837],[32.232269,60.356202],[32.2316,60.35499],[32.231687,60.354195],[32.232192,60.353831],[32.233075,60.353536],[32.236374,60.353152],[32.237712,60.352901]],[[32.242136,60.343593],[32.241261,60.343508],[32.239649,60.343178],[32.236208,60.342739],[32.234816,60.342384],[32.234389,60.34216],[32.232513,60.34057],[32.231543,60.340116],[32.23031,60.339821],[32.228803,60.339797],[32.227661,60.339988],[32.226077,60.340508],[32.224106,60.34139],[32.22268,60.341775],[32.221828,60.341884],[32.220761,60.341817],[32.219369,60.341526],[32.218457,60.341185],[32.216531,60.340254],[32.215714,60.339393],[32.215868,60.3384],[32.216492,60.337577],[32.217682,60.336357],[32.218786,60.335433],[32.220454,60.333437],[32.22084,60.332103],[32.220861,60.330942],[32.220402,60.329662],[32.220443,60.328774],[32.221222,60.327853],[32.22219,60.327434],[32.223825,60.327229],[32.226206,60.327268],[32.226962,60.32714],[32.227635,60.326907],[32.22846,60.326171],[32.22901,60.325097],[32.230156,60.323864],[32.231771,60.322726],[32.233949,60.321711],[32.235017,60.321352],[32.236459,60.321064],[32.238126,60.320849],[32.240978,60.3207],[32.241685,60.320574],[32.242217,60.320386],[32.243937,60.319264],[32.244209,60.31872],[32.244372,60.317242],[32.245422,60.315724],[32.245631,60.314964],[32.245632,60.313855],[32.245977,60.312783],[32.24652,60.311952],[32.247841,60.310516],[32.250553,60.308769],[32.251912,60.308034],[32.253161,60.307166],[32.254972,60.30573],[32.255686,60.304934],[32.255853,60.304211],[32.255416,60.303188],[32.254771,60.302532],[32.25392,60.302178],[32.253464,60.30152],[32.252743,60.300982],[32.252597,60.300692],[32.252989,60.300133],[32.254598,60.299103],[32.255368,60.298248],[32.255408,60.297509],[32.254949,60.296477],[32.255061,60.29545],[32.255934,60.295001],[32.256843,60.2947],[32.257604,60.294563],[32.25905,60.294448],[32.261629,60.294494],[32.268197,60.295592],[32.270217,60.295587],[32.270991,60.295423],[32.271243,60.295281],[32.271329,60.294559],[32.270993,60.294068],[32.269906,60.293376],[32.266303,60.291507],[32.265248,60.290548],[32.264886,60.289643],[32.264887,60.288532],[32.265084,60.28778],[32.26611,60.285475],[32.266982,60.284509],[32.269116,60.28333],[32.270757,60.282042],[32.271671,60.281695],[32.273732,60.28063],[32.274947,60.280194],[32.275692,60.279995],[32.27629,60.279939],[32.277293,60.279998],[32.277798,60.280151],[32.278071,60.280389],[32.278134,60.280876],[32.277786,60.28169],[32.277726,60.282632],[32.278132,60.282949],[32.278613,60.283078],[32.279156,60.282988],[32.279644,60.282771],[32.280533,60.28203],[32.281306,60.280962],[32.282183,60.278343],[32.283248,60.277087],[32.284465,60.276052],[32.285287,60.275036],[32.285731,60.27379],[32.285837,60.272909],[32.286363,60.271602],[32.287091,60.270513],[32.287428,60.269061],[32.286676,60.267933],[32.286019,60.267482],[32.284639,60.266764],[32.283414,60.265529],[32.283467,60.262354],[32.283005,60.261538],[32.281973,60.260597],[32.281777,60.26018],[32.281824,60.259633],[32.282029,60.259347],[32.282408,60.259199],[32.283038,60.259313]],[[32.257394,60.346433],[32.255883,60.346124],[32.254566,60.346077],[32.2538,60.346206],[32.252959,60.346624],[32.251322,60.348203],[32.251117,60.348611],[32.251155,60.349018],[32.251377,60.349397],[32.252167,60.350153],[32.252583,60.35038],[32.253415,60.350469],[32.254048,60.35039],[32.255688,60.349676],[32.258027,60.34901],[32.259279,60.348327],[32.259473,60.347939],[32.259332,60.347381],[32.258836,60.347023],[32.257573,60.346476]],[[32.282566,60.259002],[32.282755,60.258699],[32.283354,60.25838],[32.284484,60.258094],[32.287353,60.257873],[32.290836,60.257368],[32.293748,60.257206],[32.297907,60.257096],[32.299833,60.256775],[32.301967,60.255831],[32.302581,60.255738],[32.302739,60.255815]],[[32.302266,60.255582],[32.303003,60.254714],[32.302961,60.2537],[32.302563,60.253015],[32.299847,60.250335],[32.298626,60.248336],[32.298512,60.247684],[32.299067,60.246997],[32.301033,60.245628],[32.308253,60.241819],[32.309421,60.240921],[32.309672,60.240378],[32.30961,60.239603],[32.309337,60.239174],[32.308268,60.238174],[32.307812,60.237419],[32.307844,60.236523],[32.308523,60.235545],[32.310342,60.234515],[32.314214,60.233384],[32.315794,60.232685],[32.316814,60.231818],[32.317904,60.229794],[32.318559,60.229138],[32.319311,60.228742],[32.321004,60.22818],[32.325916,60.227122],[32.32898,60.225658],[32.330506,60.225174],[32.333565,60.224479],[32.336191,60.223686],[32.338968,60.222659],[32.340908,60.221798],[32.341208,60.221294],[32.340893,60.220109],[32.34102,60.219135],[32.342058,60.218095],[32.343986,60.216802],[32.344696,60.215906],[32.344364,60.214164],[32.344709,60.21341],[32.345482,60.212718],[32.346697,60.211982],[32.349385,60.209974],[32.350327,60.208941],[32.350668,60.208289],[32.35186,60.20683],[32.352733,60.206171],[32.355278,60.204646],[32.356794,60.202908],[32.3592,60.199083],[32.360187,60.198088],[32.360993,60.197461],[32.362332,60.196741],[32.362861,60.196554],[32.364496,60.196242],[32.36829,60.19594],[32.369231,60.195698],[32.370195,60.195257],[32.371432,60.194063],[32.372848,60.191638],[32.37386,60.190439],[32.374396,60.189987],[32.376765,60.188768],[32.377982,60.187657],[32.379946,60.186214],[32.380529,60.185661],[32.382673,60.184218],[32.384105,60.18352],[32.385756,60.183162],[32.387088,60.18311],[32.388474,60.183224],[32.389419,60.183504],[32.38993,60.183843],[32.390452,60.184503],[32.390666,60.185357],[32.390545,60.186787],[32.390646,60.187102],[32.391226,60.187683],[32.39253,60.188355],[32.393466,60.189112],[32.394713,60.191041],[32.395197,60.19212]],[[32.392695,60.232562],[32.391821,60.232908],[32.391327,60.233424],[32.390809,60.235713],[32.388597,60.23834],[32.388439,60.238787],[32.388659,60.239223],[32.389131,60.239456],[32.389536,60.239527],[32.390962,60.239463],[32.392186,60.239156],[32.393621,60.238404],[32.394405,60.237655],[32.394855,60.236834],[32.395055,60.234975]],[[32.396975,60.194331],[32.397397,60.194974],[32.398271,60.195864],[32.39902,60.197058],[32.398898,60.198083],[32.398579,60.198731],[32.397391,60.200302],[32.397186,60.200992],[32.397913,60.203574],[32.3978,60.20429]],[[32.397717,60.253726],[32.396336,60.25278],[32.395766,60.252107],[32.395747,60.251561],[32.396331,60.251103],[32.397299,60.250951],[32.398813,60.251073],[32.401308,60.252256],[32.401929,60.252796],[32.402358,60.253623],[32.403406,60.254501],[32.404898,60.255467],[32.405115,60.255878],[32.40502,60.25627],[32.404601,60.256425],[32.403517,60.256448],[32.4027,60.256371],[32.401972,60.256196],[32.399965,60.255359],[32.399308,60.254955],[32.398661,60.254348]],[[32.406869,60.226026],[32.405805,60.22591],[32.404854,60.225473],[32.404139,60.224832],[32.403585,60.223921],[32.403093,60.222444],[32.403115,60.22163],[32.403577,60.221126],[32.404512,60.22081]],[[32.420256,60.216686],[32.419323,60.216449],[32.418637,60.215916],[32.414559,60.210231],[32.413781,60.209601],[32.412435,60.208811],[32.411055,60.207341],[32.410441,60.20706],[32.409846,60.20691],[32.40723,60.206849],[32.406113,60.206616],[32.405404,60.206226],[32.404996,60.205419]],[[32.42136,60.214506],[32.421023,60.214158],[32.420429,60.212655],[32.417806,60.209195],[32.417428,60.208402],[32.417273,60.207342]],[[32.428451,60.203917],[32.428136,60.203537],[32.42809,60.201978],[32.427666,60.201385],[32.42671,60.200817],[32.426132,60.200723],[32.425266,60.200723],[32.424634,60.20079],[32.423628,60.201062],[32.421856,60.201965],[32.421071,60.202773],[32.420556,60.203602],[32.419919,60.204313]],[[32.497191,60.227828],[32.496067,60.227378],[32.492289,60.226445],[32.489829,60.225713],[32.488785,60.225535],[32.487928,60.225259],[32.486266,60.225033],[32.484326,60.224962],[32.482665,60.225035],[32.480698,60.225431],[32.477947,60.226125],[32.475872,60.226414],[32.474555,60.226393],[32.473641,60.226168],[32.472922,60.225746],[32.472656,60.225457],[32.472535,60.224926],[32.472788,60.224304],[32.473337,60.223807],[32.47407,60.22344],[32.476286,60.222857],[32.478067,60.222486],[32.478761,60.222219],[32.479585,60.221751],[32.480002,60.221276],[32.479956,60.220727],[32.479421,60.220307],[32.478716,60.220132],[32.477533,60.220209],[32.475917,60.220938],[32.474927,60.221122],[32.473757,60.221131],[32.469649,60.220836],[32.46769,60.221006],[32.465654,60.222025],[32.463414,60.224272],[32.462898,60.224615],[32.461941,60.225016],[32.461356,60.225099],[32.460488,60.225037],[32.459468,60.224772],[32.458521,60.224306],[32.457377,60.223322],[32.456579,60.222843],[32.455347,60.222279],[32.454152,60.221876],[32.452123,60.220233],[32.451321,60.219295],[32.450315,60.218498],[32.448847,60.217936],[32.444242,60.217094],[32.443125,60.216594],[32.442496,60.21575],[32.44245,60.213338],[32.442282,60.212448],[32.441481,60.210937],[32.440857,60.210385],[32.439599,60.209614],[32.437578,60.208739],[32.435279,60.207486],[32.434697,60.206924],[32.434,60.205664],[32.43358,60.205319]],[[32.486708,60.39127],[32.486414,60.390937],[32.48652,60.390562],[32.487191,60.390025],[32.488717,60.389162],[32.48941,60.388598],[32.491643,60.386056],[32.492331,60.385051],[32.494721,60.382746],[32.49535,60.381779],[32.49534,60.381324],[32.495104,60.381045],[32.494355,60.380689],[32.49371,60.380591],[32.49279,60.380618],[32.491912,60.380748],[32.489828,60.381319],[32.489451,60.38134],[32.489084,60.381263],[32.488853,60.3811],[32.488775,60.380779],[32.489087,60.380155],[32.489446,60.378821],[32.489904,60.378517],[32.490818,60.378361],[32.491849,60.378404],[32.49338,60.378636],[32.494602,60.378597],[32.495677,60.378326],[32.496942,60.377559],[32.497099,60.377636]],[[32.496309,60.383989],[32.49579,60.384586],[32.4922,60.38689],[32.491692,60.387462],[32.491041,60.38861],[32.490871,60.389209],[32.490313,60.390052],[32.489698,60.390418]],[[32.494277,60.358571],[32.493754,60.358165],[32.493504,60.35769],[32.494085,60.356288],[32.493866,60.354637],[32.494155,60.354384],[32.496089,60.353415],[32.496302,60.353116],[32.496099,60.352857],[32.49516,60.352566],[32.493864,60.352337],[32.492573,60.352213],[32.491458,60.352244],[32.490851,60.352377],[32.490033,60.3527],[32.48783,60.353809],[32.487295,60.353909],[32.486676,60.353919],[32.485493,60.35375],[32.484369,60.353299],[32.483865,60.352937],[32.48374,60.35242],[32.484055,60.352058],[32.485628,60.351537],[32.486438,60.351085],[32.486923,60.350128],[32.487665,60.347738],[32.488972,60.345464],[32.491022,60.343398],[32.491426,60.342697],[32.492008,60.342128],[32.49221,60.341669],[32.49306,60.340735],[32.496649,60.337553]],[[32.496613,60.345497],[32.495802,60.346111],[32.495398,60.346821],[32.49546,60.347804],[32.495755,60.348155],[32.496171,60.348335]],[[32.498688,60.348413],[32.500252,60.348438],[32.502342,60.348792],[32.50273,60.348787],[32.503249,60.348667],[32.504005,60.348313],[32.504548,60.347819],[32.50539,60.346698],[32.505908,60.345396],[32.505786,60.343828],[32.505455,60.342983],[32.505456,60.341354],[32.505613,60.340578],[32.505503,60.340385],[32.50522,60.340295],[32.50467,60.340385],[32.50426,60.340613],[32.503834,60.341274],[32.502785,60.342292],[32.501165,60.34335],[32.49849,60.344563]],[[32.522732,60.393821],[32.522359,60.394038],[32.521851,60.394123],[32.52134,60.394031],[32.520986,60.393814],[32.520687,60.392505],[32.520751,60.391506],[32.521341,60.390968],[32.522288,60.390505],[32.523272,60.390215],[32.526099,60.389593],[32.52698,60.389252],[32.52771,60.388851],[32.52835,60.387851],[32.528246,60.386738],[32.52802,60.386391],[32.526982,60.385905],[32.526429,60.385767],[32.525325,60.385711],[32.524701,60.385767],[32.52414,60.38593],[32.522785,60.386542],[32.520469,60.388553],[32.519745,60.388869],[32.519273,60.388912],[32.518698,60.388693],[32.51815,60.388252],[32.518016,60.387472],[32.518252,60.387085],[32.518834,60.386829],[32.518878,60.386556],[32.519674,60.385644],[32.519878,60.384438],[32.51971,60.383747],[32.519404,60.383217],[32.518751,60.38262],[32.517027,60.381863],[32.515431,60.381593],[32.513215,60.381592],[32.510279,60.381865],[32.509619,60.382128],[32.507567,60.382359],[32.504463,60.38243],[32.502737,60.382362],[32.50154,60.382448],[32.500135,60.38271],[32.498512,60.383292]],[[32.498519,60.37012],[32.498676,60.369887],[32.500774,60.368286],[32.5019,60.366961],[32.501955,60.366056],[32.501034,60.365208],[32.500926,60.364587],[32.501275,60.364346],[32.502724,60.363842],[32.503372,60.36333],[32.503179,60.362786],[32.501522,60.36183],[32.501112,60.361437],[32.501169,60.360487],[32.500884,60.359423],[32.500895,60.358617],[32.501095,60.358251],[32.502516,60.357222],[32.503378,60.355846],[32.504215,60.355096],[32.504347,60.35481],[32.504085,60.354435],[32.503196,60.353844],[32.501866,60.353341],[32.501268,60.353233],[32.500352,60.353234],[32.499786,60.353354],[32.498889,60.353789],[32.498527,60.354229]],[[32.499011,60.333053],[32.50156,60.331681],[32.50339,60.331098],[32.507035,60.330185],[32.508104,60.32984],[32.508658,60.329406],[32.509974,60.328785],[32.511255,60.327548],[32.513291,60.325212],[32.514233,60.323425],[32.514775,60.321178],[32.515502,60.320123],[32.516341,60.319547],[32.522444,60.316601],[32.524834,60.315289],[32.527212,60.313754],[32.527867,60.313117],[32.528119,60.312368],[32.528057,60.311988],[32.526988,60.310373],[32.526876,60.309636],[32.527277,60.308873],[32.528092,60.308134],[32.528399,60.307668],[32.528581,60.306982],[32.528452,60.304865],[32.528564,60.304456],[32.529935,60.303217],[32.530624,60.302274],[32.530642,60.300909],[32.530469,60.300378],[32.53031,60.298361],[32.530029,60.297889],[32.529264,60.297247],[32.528417,60.296734],[32.525921,60.295862],[32.523597,60.294773],[32.523035,60.29418],[32.523035,60.29352],[32.523429,60.293151],[32.523922,60.29297],[32.524684,60.292862],[32.52551,60.292888],[32.528603,60.293388],[32.532756,60.29434],[32.534472,60.294468],[32.536015,60.294301],[32.536778,60.294101],[32.537628,60.293665],[32.53784,60.293167],[32.537667,60.292536],[32.537161,60.292082],[32.535061,60.290896],[32.533315,60.289747],[32.532409,60.28863],[32.531926,60.287286],[32.531385,60.28687],[32.53083,60.286776],[32.529516,60.286823],[32.525669,60.287648],[32.523731,60.287786]],[[32.525785,60.271078],[32.526769,60.270638],[32.529396,60.26983],[32.530837,60.26897],[32.533002,60.2679],[32.533429,60.267572],[32.53338,60.266947],[32.532984,60.266586],[32.532392,60.26631],[32.530147,60.265658],[32.528871,60.265092],[32.528253,60.264366],[32.5271,60.263523],[32.526633,60.26274],[32.525351,60.261344],[32.522643,60.259894],[32.521087,60.259249],[32.519817,60.258575],[32.518131,60.257125],[32.51747,60.256398],[32.516664,60.2552],[32.516059,60.253694],[32.516047,60.253116],[32.516299,60.25239],[32.517574,60.250619],[32.517511,60.250433],[32.516756,60.250141],[32.516233,60.249721],[32.516783,60.249523],[32.516867,60.249309],[32.516359,60.249056],[32.514757,60.248622],[32.513576,60.248117],[32.512514,60.247411],[32.511414,60.246219],[32.510165,60.245337],[32.50742,60.244014],[32.506745,60.243564],[32.506192,60.242691],[32.506284,60.241126],[32.506035,60.240269],[32.505309,60.239215],[32.505173,60.238683],[32.504262,60.237992],[32.504004,60.237371],[32.502796,60.235874],[32.501946,60.234185],[32.501276,60.233743],[32.500333,60.23351]],[[32.510302,60.40141],[32.509778,60.400986],[32.509531,60.400352],[32.509988,60.399611],[32.511069,60.39835],[32.510996,60.396075],[32.512069,60.395222],[32.513626,60.394538],[32.51545,60.39411],[32.516492,60.394055],[32.516964,60.394163],[32.517069,60.394545],[32.516934,60.39485],[32.515617,60.396047],[32.514842,60.397035],[32.513873,60.399711],[32.513448,60.400326]],[[32.520994,60.410309],[32.521608,60.409435],[32.522269,60.408854],[32.523418,60.407164],[32.52379,60.406271],[32.523916,60.405337],[32.523482,60.404489],[32.52318,60.404213],[32.522219,60.403726],[32.521573,60.403036],[32.521995,60.402362],[32.522427,60.402175],[32.52302,60.402105],[32.52413,60.402131],[32.525802,60.402405],[32.528138,60.402429],[32.528673,60.402574],[32.528893,60.402847],[32.528824,60.403643],[32.528421,60.40453],[32.527071,60.405868],[32.52561,60.406843],[32.524639,60.407688],[32.524164,60.408449],[32.523756,60.409703],[32.523196,60.410232]],[[32.521529,60.287242],[32.521152,60.287053],[32.521079,60.286653],[32.521278,60.286341],[32.522009,60.285928],[32.523908,60.285469],[32.527905,60.285082],[32.529257,60.284763],[32.53049,60.284288],[32.53115,60.283837],[32.532513,60.283267],[32.533483,60.283017],[32.538479,60.281086],[32.538909,60.280832],[32.5392,60.280424],[32.539169,60.28004],[32.538777,60.279709],[32.536011,60.278763],[32.534639,60.278143],[32.534464,60.277949],[32.53443,60.277607],[32.534883,60.276793],[32.534868,60.276248],[32.534556,60.275975],[32.533381,60.275431],[32.532537,60.274735],[32.531655,60.274402],[32.529805,60.27422],[32.52745,60.273783],[32.526765,60.273559],[32.52657,60.273332]],[[32.522259,60.396222],[32.523124,60.395796],[32.525805,60.395271],[32.52739,60.394871],[32.527843,60.394672],[32.528087,60.394401],[32.528001,60.393747],[32.527555,60.393382],[32.527083,60.393173],[32.526483,60.39307],[32.525808,60.393059],[32.524305,60.393357]],[[32.580904,60.416332],[32.579467,60.414752],[32.579218,60.413552],[32.579409,60.412521],[32.579837,60.411814],[32.580663,60.410888],[32.581555,60.410159],[32.58214,60.409426],[32.582055,60.406637],[32.581903,60.406105],[32.5813,60.405443],[32.580698,60.405035],[32.579688,60.404549],[32.579254,60.404178],[32.579021,60.403565],[32.578984,60.402641],[32.578536,60.401356],[32.577722,60.400482],[32.576813,60.400012],[32.573663,60.399248],[32.572145,60.39869],[32.57134,60.398218],[32.570809,60.397771],[32.570277,60.396734],[32.569708,60.396156],[32.568805,60.395751],[32.567155,60.395382],[32.566654,60.395181],[32.565792,60.394528],[32.565087,60.393765],[32.564629,60.393549],[32.563607,60.393306],[32.562555,60.393304],[32.56153,60.393506],[32.559602,60.394149],[32.558982,60.394257],[32.557406,60.394207],[32.553896,60.393894],[32.551894,60.393902],[32.550635,60.394096],[32.549628,60.394591],[32.549035,60.395294],[32.548717,60.396284],[32.548585,60.397626],[32.548184,60.39794],[32.547814,60.397959],[32.547303,60.397832],[32.545849,60.396837],[32.545168,60.396605],[32.544412,60.396483],[32.543352,60.396556],[32.540681,60.397324],[32.538454,60.397664],[32.537193,60.397602],[32.533888,60.397167],[32.531872,60.397203],[32.530745,60.397774],[32.530104,60.398569],[32.52967,60.400076],[32.529762,60.40137],[32.529429,60.401516],[32.52874,60.40133],[32.5264,60.400154],[32.525766,60.399625],[32.525246,60.398699]],[[32.554784,60.499677],[32.555414,60.498304],[32.555319,60.497886],[32.552992,60.49539],[32.550501,60.494018],[32.550067,60.494019],[32.54906,60.494343],[32.548504,60.494297],[32.547204,60.493672],[32.545978,60.493305],[32.545419,60.493023],[32.544939,60.492095],[32.544115,60.49104],[32.543752,60.490279],[32.542846,60.489187],[32.542179,60.488116],[32.541435,60.48729],[32.539956,60.484868],[32.538718,60.48366],[32.53843,60.483033],[32.53843,60.48193],[32.538745,60.480874],[32.538745,60.479999],[32.538178,60.478162],[32.538642,60.477486],[32.539532,60.477079]],[[32.549753,60.492738],[32.549312,60.492561],[32.548337,60.491762],[32.548147,60.491363],[32.547806,60.489429],[32.547231,60.489013],[32.546954,60.48845],[32.546018,60.48761],[32.544629,60.485364],[32.542522,60.483098],[32.54187,60.482218],[32.541262,60.480401],[32.541262,60.478236],[32.541105,60.478159]],[[32.547869,60.476227],[32.547596,60.47586],[32.547219,60.47561],[32.545029,60.474615],[32.543722,60.474188],[32.54267,60.47402],[32.541344,60.47407],[32.540949,60.474254],[32.540844,60.474557],[32.540926,60.474962],[32.541438,60.475539],[32.546492,60.478312],[32.546956,60.478672],[32.547082,60.478987],[32.547029,60.479616],[32.546106,60.480751],[32.545886,60.48143],[32.546035,60.481923],[32.546423,60.482201],[32.546704,60.482247],[32.547228,60.48217],[32.548088,60.481758],[32.54867,60.48122],[32.549468,60.48009],[32.550385,60.479067],[32.551774,60.478071],[32.55259,60.477049],[32.552709,60.476432],[32.552475,60.475653],[32.552246,60.475392],[32.551958,60.475284],[32.551423,60.47529],[32.5511,60.475413],[32.550508,60.47613],[32.550017,60.476443],[32.549442,60.476536],[32.548655,60.476459]],[[32.58216,60.425587],[32.580621,60.427857],[32.580469,60.428919],[32.579762,60.430254],[32.576403,60.433377],[32.575793,60.434242],[32.575712,60.435364],[32.576019,60.436637],[32.576518,60.437825],[32.576607,60.439176],[32.576308,60.439438],[32.575179,60.439911],[32.575742,60.44018],[32.575522,60.440767],[32.573335,60.443008],[32.57196,60.444175],[32.571401,60.444913],[32.571307,60.445657],[32.571621,60.446868],[32.571558,60.448412],[32.571285,60.448651],[32.570514,60.449035],[32.56851,60.44975],[32.566334,60.450225],[32.564723,60.45076],[32.563924,60.451128],[32.563197,60.451644],[32.562909,60.452037],[32.562657,60.452851],[32.563525,60.455079],[32.563482,60.455703],[32.563312,60.456013],[32.562342,60.456765],[32.559692,60.457554],[32.55863,60.45811],[32.558424,60.458533],[32.558553,60.460638],[32.558362,60.461389],[32.557898,60.462212],[32.556994,60.462945],[32.556026,60.463386],[32.554328,60.463803],[32.553718,60.464109],[32.553489,60.464381],[32.553457,60.464871],[32.553717,60.46572],[32.554351,60.466931],[32.554461,60.46769],[32.554064,60.468257],[32.552641,60.468903],[32.552494,60.469124],[32.552951,60.469405],[32.554948,60.47005],[32.556331,60.470898],[32.556787,60.471454],[32.556834,60.472828],[32.557149,60.473214],[32.557848,60.473465],[32.559735,60.473796],[32.561546,60.474448],[32.562357,60.474913],[32.562942,60.475441],[32.563113,60.475805],[32.563098,60.476256],[32.562862,60.476557],[32.562453,60.476814],[32.562112,60.47693],[32.561719,60.476948],[32.560178,60.47658],[32.5585,60.475944],[32.557882,60.475848],[32.557347,60.475939],[32.557148,60.476224],[32.557274,60.476556],[32.55891,60.477991],[32.559569,60.478754],[32.559653,60.479502],[32.559443,60.479851],[32.558987,60.480036],[32.558578,60.480056],[32.55604,60.47957],[32.55517,60.479555],[32.554552,60.47966],[32.553825,60.479939],[32.548987,60.482314],[32.548685,60.482679],[32.548968,60.482895],[32.550628,60.483241],[32.551327,60.48348],[32.552777,60.484707],[32.553843,60.485314],[32.556209,60.48603],[32.557892,60.486811],[32.559388,60.488237],[32.559786,60.488992],[32.560577,60.489963],[32.561425,60.490569],[32.563055,60.491376],[32.563373,60.491736],[32.563436,60.492219],[32.563278,60.492618],[32.562943,60.492877],[32.559869,60.494148],[32.559439,60.494542],[32.558459,60.495937],[32.558088,60.496206],[32.557537,60.496329],[32.55716,60.496268],[32.556823,60.496015],[32.556482,60.495285],[32.556164,60.493367],[32.555588,60.492489],[32.554314,60.49102],[32.553294,60.488743],[32.553056,60.488618],[32.552765,60.48863],[32.552506,60.488765],[32.552293,60.489077],[32.552427,60.489722],[32.552427,60.491966]],[[32.55281,60.466444],[32.552888,60.467393],[32.552589,60.467914],[32.552093,60.468263],[32.549978,60.469233],[32.54955,60.469622],[32.549015,60.470478],[32.548656,60.470747],[32.548027,60.470901],[32.547241,60.470809],[32.545596,60.46969],[32.545114,60.468873],[32.545264,60.468476],[32.545561,60.468231],[32.546441,60.467954],[32.54789,60.46777],[32.548799,60.467558],[32.549588,60.467192],[32.5504,60.46658],[32.551193,60.466228],[32.552099,60.466157],[32.552715,60.466362]],[[32.552894,60.518099],[32.553156,60.517673],[32.553086,60.517012],[32.553384,60.515288],[32.553563,60.515116],[32.55416,60.514898],[32.553799,60.514329],[32.553996,60.510162]],[[32.566577,60.53265],[32.566681,60.532239],[32.567311,60.531418],[32.567394,60.530877],[32.565941,60.530041],[32.563496,60.528954],[32.563181,60.528435],[32.563379,60.528185],[32.564129,60.527831],[32.567604,60.527097],[32.567835,60.526736],[32.567709,60.52631],[32.567206,60.52595],[32.5662,60.52555],[32.563492,60.525127],[32.562511,60.524863],[32.560604,60.523949],[32.559028,60.523027]]]}},{"type":"Feature","properties":{"depth_m":10,"source":"ГУНиО МО, навигационная карта № 25070 «Свирская губа», 1:50 000; скан ladoga-lake.ru (https://ladoga-lake.ru/maps/navi_su/navi-su-13.html)","chart":"25070","chart_sheet":"13","n_lines":28,"method":"полуавтоматическая векторизация чёрных изобат со скана (порог+скелетизация+сшивка), глубина подписана вручную по надписям на изобатах; привязка по картографической сетке","datum":"WGS84 (перевод СК-42 карты сдвигом по долготе, указанным на карте)","depth_datum":"от среднего многолетнего уровня Ладожского озера (+5,1 м БС)"},"geometry":{"type":"MultiLineString","coordinates":[[[32.549571,60.623104],[32.549338,60.622611],[32.549244,60.621644],[32.54961,60.621038],[32.550136,60.620775]],[[32.551997,60.625787],[32.551339,60.625521],[32.550156,60.62415]],[[32.552604,60.609838],[32.552449,60.609762],[32.552603,60.608956],[32.553641,60.607609],[32.554585,60.606706],[32.558389,60.603794],[32.559951,60.602368],[32.560817,60.601406],[32.562315,60.60014],[32.563225,60.598889],[32.563693,60.597515],[32.564309,60.596292],[32.564998,60.595629],[32.567146,60.594193],[32.56782,60.593557],[32.568656,60.592277],[32.569118,60.590945],[32.569164,60.58913],[32.570259,60.587797],[32.57133,60.586812],[32.573156,60.585815],[32.575338,60.584451],[32.575953,60.584296]],[[32.558025,60.615381],[32.557396,60.614794],[32.557374,60.614485],[32.557696,60.614078],[32.558738,60.613248],[32.559178,60.612272],[32.558981,60.610945],[32.558485,60.610368]],[[32.570096,60.613479],[32.570435,60.612666],[32.570311,60.612127],[32.569878,60.611975],[32.569506,60.612005],[32.568702,60.61234],[32.568362,60.612741],[32.568083,60.612703],[32.567309,60.612281],[32.56703,60.612008],[32.566977,60.610639],[32.566678,60.610219],[32.566363,60.610046],[32.565536,60.609995],[32.564564,60.610177],[32.563095,60.611102],[32.562665,60.611278]],[[32.569719,60.539108],[32.569146,60.538273],[32.569173,60.537677],[32.569767,60.537296],[32.5711,60.536913],[32.571683,60.536662],[32.571868,60.536397],[32.571821,60.535994],[32.571419,60.535682],[32.570768,60.535404],[32.568177,60.534943],[32.567532,60.534609],[32.567237,60.534019],[32.567066,60.533133]],[[32.569599,60.575402],[32.569444,60.575326],[32.569661,60.574641],[32.570959,60.572774],[32.571571,60.572314],[32.571545,60.57165],[32.572784,60.569607],[32.57371,60.568541],[32.574719,60.567881],[32.575876,60.567333],[32.576814,60.566459],[32.577432,60.566038],[32.578453,60.563771],[32.579168,60.562997],[32.580246,60.562232],[32.580782,60.561651],[32.581016,60.560332],[32.58091,60.559894],[32.58007,60.558626],[32.579352,60.557965],[32.57712,60.556301],[32.577135,60.556112],[32.577341,60.555949],[32.57821,60.555545],[32.579057,60.555013],[32.579176,60.554404],[32.57882,60.553894],[32.576554,60.552725],[32.576141,60.552342],[32.576093,60.551164],[32.576804,60.550061],[32.576757,60.549325],[32.576292,60.549169],[32.575386,60.54916],[32.572516,60.549482],[32.571752,60.549693],[32.570814,60.550129],[32.57035,60.550221]],[[32.572727,60.613858],[32.573268,60.613592],[32.574452,60.612665],[32.574903,60.612483],[32.57546,60.612414],[32.576273,60.612432],[32.577027,60.612541],[32.579553,60.613315],[32.581616,60.613711],[32.582452,60.61378],[32.584206,60.613779],[32.585434,60.613657],[32.586496,60.613391],[32.587399,60.612836],[32.587538,60.612194],[32.586965,60.611879]],[[32.577808,60.582015],[32.577807,60.580938],[32.577606,60.58027],[32.57661,60.578811],[32.57646,60.578173],[32.57663,60.577874],[32.578243,60.576458],[32.579269,60.574896],[32.579813,60.573273],[32.579718,60.57082],[32.579309,60.570501],[32.578696,60.570456],[32.578295,60.570504],[32.57565,60.571741],[32.574821,60.572411],[32.57427,60.573582],[32.573724,60.574014],[32.573158,60.57426]],[[32.584332,60.609297],[32.586957,60.608529],[32.587859,60.607959],[32.588339,60.607057],[32.588353,60.60564],[32.58853,60.60484],[32.588994,60.604369],[32.589497,60.604221],[32.590039,60.604259],[32.591582,60.604899],[32.592096,60.605216],[32.592609,60.605269],[32.592982,60.605223],[32.59606,60.6039],[32.597375,60.603452],[32.600395,60.602223],[32.602865,60.600994],[32.606644,60.598439],[32.6086,60.597662],[32.611413,60.59675],[32.614171,60.59545],[32.616345,60.594085],[32.61792,60.592726],[32.619634,60.591518],[32.621665,60.590541],[32.623782,60.589824],[32.626085,60.588615],[32.627023,60.587925],[32.628511,60.586494],[32.629558,60.586047],[32.630818,60.585772],[32.63271,60.585465],[32.633846,60.585423]],[[32.636476,60.58299],[32.63821,60.581253],[32.639885,60.580343],[32.641141,60.580035],[32.643953,60.579738],[32.645764,60.579254],[32.650233,60.577133],[32.652743,60.575543],[32.654716,60.574622],[32.657219,60.573639],[32.660596,60.572621],[32.661455,60.572294],[32.662492,60.572065],[32.663406,60.572035],[32.671458,60.572566],[32.672593,60.572532],[32.674287,60.572316],[32.674728,60.572175],[32.678268,60.570055],[32.679373,60.569543],[32.680753,60.569074],[32.681695,60.568858],[32.683618,60.568707],[32.686093,60.568755]],[[32.688281,60.569166],[32.68951,60.56946],[32.691659,60.569833],[32.694871,60.570107],[32.696221,60.570443],[32.69747,60.570889]],[[32.717037,60.576439],[32.714402,60.57629],[32.712648,60.576073],[32.711083,60.576],[32.708695,60.575767],[32.706609,60.575375]],[[32.721688,60.849414],[32.722337,60.849267],[32.724293,60.848586],[32.725476,60.84838],[32.72695,60.848452],[32.729816,60.848965],[32.730698,60.849014],[32.731313,60.848958],[32.732024,60.848713],[32.73238,60.848451],[32.732798,60.847824],[32.732875,60.84728],[32.733153,60.847077]],[[32.782044,60.582974],[32.78189,60.58305],[32.780827,60.583028],[32.775497,60.582225],[32.774143,60.581682],[32.772903,60.580939],[32.771961,60.580542],[32.77138,60.580415],[32.768981,60.580166],[32.767167,60.580432],[32.765746,60.580331],[32.764236,60.579924],[32.761583,60.578962],[32.759027,60.578383],[32.755475,60.578755],[32.752728,60.580067],[32.75201,60.580278],[32.751345,60.580288],[32.750376,60.580097],[32.749667,60.579858],[32.748438,60.579024],[32.747317,60.578421],[32.7461,60.577955],[32.742995,60.57652],[32.740469,60.575651],[32.737984,60.575309],[32.735384,60.575362],[32.734244,60.575531],[32.731533,60.575591],[32.728446,60.575449]],[[32.732998,60.846549],[32.733133,60.846161],[32.734101,60.845353],[32.734267,60.844937],[32.734267,60.84456],[32.733336,60.843626],[32.733286,60.84321],[32.734088,60.842711],[32.735899,60.842104],[32.736549,60.841721],[32.736712,60.84144],[32.73665,60.841127],[32.73637,60.840832],[32.734076,60.83956],[32.733683,60.839236],[32.733917,60.838793],[32.735237,60.838148],[32.737104,60.837891],[32.7389,60.837919],[32.739771,60.838118],[32.741203,60.838809],[32.741543,60.83916],[32.741854,60.84127],[32.742481,60.842321],[32.744159,60.843595],[32.745406,60.844128],[32.746659,60.844493],[32.74774,60.84462],[32.748371,60.844613],[32.749267,60.844361],[32.74962,60.844099],[32.749812,60.843788],[32.75004,60.842515],[32.75066,60.842101],[32.751217,60.841965],[32.752736,60.84201],[32.756963,60.842944],[32.757766,60.84303],[32.758518,60.843015],[32.759176,60.84283],[32.759664,60.842544],[32.759803,60.84225],[32.75972,60.84182],[32.758693,60.841199],[32.757179,60.840657],[32.755957,60.840065],[32.755637,60.839719],[32.755709,60.839417],[32.756401,60.839086],[32.757992,60.838859],[32.758962,60.838603],[32.761193,60.837638],[32.764416,60.837472],[32.765377,60.83726],[32.766338,60.836838],[32.76693,60.836703],[32.768205,60.836672],[32.769893,60.836747],[32.770467,60.836694],[32.770739,60.836589],[32.770935,60.836348],[32.770914,60.836063],[32.76995,60.834515],[32.769899,60.833913],[32.771299,60.832912],[32.772757,60.832136],[32.77347,60.831548],[32.773584,60.831169],[32.773582,60.82936],[32.773891,60.828644],[32.774356,60.828321],[32.775812,60.827792],[32.77823,60.827625],[32.78033,60.827774],[32.781671,60.827994],[32.783065,60.828294],[32.785334,60.828992],[32.786847,60.829244],[32.78729,60.829263],[32.787893,60.829157],[32.788403,60.828959],[32.78866,60.82869],[32.788685,60.828057],[32.788178,60.827379],[32.78721,60.826648],[32.785093,60.825566],[32.784728,60.825178],[32.784581,60.824797],[32.784952,60.824168],[32.787344,60.82309],[32.7877,60.822831],[32.788145,60.822245],[32.788573,60.820657],[32.78842,60.819935],[32.787842,60.818924],[32.78792,60.8173],[32.787547,60.816871],[32.787051,60.816539],[32.786229,60.816185],[32.784147,60.815548],[32.783633,60.815258],[32.783531,60.815009],[32.783969,60.814589],[32.785945,60.813743],[32.786752,60.813292],[32.787356,60.812655],[32.787721,60.812014],[32.788327,60.811581],[32.789083,60.811369],[32.791353,60.811151],[32.792313,60.810787],[32.79283,60.810454],[32.793554,60.809645],[32.794015,60.807939],[32.793213,60.805467],[32.793165,60.804327],[32.793913,60.803826],[32.796444,60.803402],[32.797031,60.803019],[32.797108,60.802632],[32.796901,60.802229],[32.795253,60.800431],[32.794935,60.799714],[32.795128,60.799144],[32.794585,60.79885],[32.794262,60.79823],[32.793331,60.797526],[32.792762,60.797337],[32.792298,60.797398],[32.791889,60.79761],[32.791152,60.798281],[32.790854,60.798371],[32.790509,60.798368],[32.789947,60.798072],[32.78924,60.797049],[32.788732,60.796696],[32.788024,60.796437],[32.782681,60.794957],[32.780851,60.794126],[32.780099,60.793454],[32.779851,60.792528],[32.780514,60.792017],[32.781381,60.79173],[32.783922,60.791488],[32.786247,60.791488],[32.79042,60.791243],[32.791629,60.791012],[32.792634,60.790506],[32.792909,60.790143],[32.792886,60.789405],[32.791403,60.787848],[32.791257,60.787255],[32.791609,60.786619],[32.793191,60.785037],[32.793496,60.784252],[32.793312,60.783191],[32.792404,60.782361],[32.791011,60.781681],[32.787818,60.78045],[32.786458,60.779692],[32.785086,60.778652],[32.783919,60.777536],[32.783157,60.776387],[32.782791,60.775262],[32.782308,60.774732],[32.781879,60.774513],[32.781327,60.774435],[32.780206,60.774725],[32.779628,60.774785],[32.779163,60.774619],[32.778984,60.774215],[32.779097,60.773701],[32.779622,60.772998],[32.780377,60.772534],[32.781046,60.772296],[32.78225,60.772079],[32.785379,60.771859],[32.789293,60.771445],[32.793752,60.770673],[32.794706,60.770398],[32.796082,60.769631],[32.796866,60.768825],[32.797188,60.767975],[32.799004,60.766941],[32.799213,60.766589],[32.79888,60.766208],[32.79721,60.76513],[32.7966,60.764848],[32.79625,60.764772],[32.79478,60.764699],[32.793308,60.764045],[32.792911,60.763994],[32.791873,60.76404],[32.791617,60.763968],[32.791563,60.763806],[32.79171,60.763628],[32.792415,60.763239],[32.794382,60.762623],[32.794552,60.762286],[32.794236,60.762102],[32.793501,60.762069],[32.792429,60.762302],[32.792104,60.762294],[32.79136,60.762015],[32.790398,60.761274],[32.789887,60.761138],[32.789355,60.761168],[32.788768,60.761524],[32.788247,60.762685],[32.787714,60.763368],[32.786837,60.763715],[32.786542,60.763703],[32.78631,60.763577],[32.785953,60.763081],[32.785919,60.762298],[32.78633,60.761496],[32.786823,60.759864],[32.787944,60.758794],[32.789573,60.757949],[32.789759,60.757686],[32.789743,60.75738],[32.789588,60.757199],[32.789092,60.756996],[32.78748,60.756786],[32.786698,60.756492],[32.78587,60.755849],[32.785147,60.754912],[32.784149,60.754191],[32.783805,60.754056],[32.783178,60.753954],[32.782039,60.753973],[32.781296,60.754175],[32.780816,60.754486],[32.779999,60.75556],[32.779856,60.755959],[32.780049,60.756564],[32.781826,60.758479],[32.781972,60.759382],[32.781535,60.759828],[32.779473,60.760766],[32.779142,60.76113],[32.779118,60.761623],[32.779397,60.76188],[32.780079,60.762122],[32.780866,60.762249],[32.781952,60.762273],[32.782337,60.762447],[32.782447,60.763087],[32.781879,60.764363],[32.782221,60.765703],[32.7837,60.767024],[32.784267,60.768169],[32.784539,60.768448],[32.785459,60.768801],[32.787241,60.76888],[32.787431,60.769005],[32.787431,60.769186],[32.787153,60.769435],[32.786812,60.769561],[32.785397,60.769822],[32.783589,60.769965],[32.781965,60.769959],[32.779368,60.769615],[32.77682,60.769023],[32.776197,60.768745],[32.775545,60.767884],[32.775576,60.767336],[32.775978,60.766674],[32.775993,60.766112],[32.775465,60.765156],[32.775384,60.764719],[32.775628,60.764237],[32.776743,60.763055],[32.776577,60.761329],[32.776731,60.760947],[32.777249,60.760339],[32.777634,60.759189],[32.77706,60.758106],[32.776294,60.757371],[32.776139,60.756968],[32.776262,60.756643],[32.776943,60.755932],[32.777067,60.755607],[32.776432,60.754105],[32.776302,60.752044],[32.77604,60.750738],[32.776442,60.750315]],[[32.738239,60.818207],[32.7372,60.81774],[32.736727,60.817218],[32.736561,60.816301],[32.736879,60.815501],[32.737343,60.815055],[32.738249,60.814658],[32.739497,60.814425],[32.740404,60.81436],[32.742228,60.814417],[32.744558,60.814731],[32.745642,60.815054],[32.747937,60.816263],[32.748828,60.817088],[32.749054,60.817647],[32.748597,60.817956],[32.748037,60.818087],[32.746637,60.818243],[32.746146,60.818533],[32.746065,60.819111],[32.746943,60.819996],[32.747373,60.820897],[32.74726,60.821146],[32.746919,60.821373],[32.746238,60.821644],[32.745644,60.82174],[32.745075,60.82169],[32.74479,60.821571],[32.744171,60.820917],[32.743901,60.819984],[32.742966,60.818387],[32.743021,60.816763],[32.742824,60.816396],[32.742544,60.816192],[32.74225,60.816087],[32.741646,60.816019],[32.740762,60.816042],[32.740433,60.816124],[32.739683,60.81671],[32.739246,60.817961],[32.739014,60.818116],[32.738549,60.818207]],[[32.748014,60.831098],[32.746842,60.830954],[32.745513,60.831002],[32.744611,60.831256],[32.743077,60.832004],[32.741795,60.833085],[32.741245,60.834039],[32.741292,60.834515],[32.741819,60.8352],[32.742145,60.835466],[32.74306,60.835913],[32.745506,60.836693],[32.746439,60.837143],[32.74706,60.837735],[32.747834,60.839094],[32.74862,60.839798],[32.749041,60.839938],[32.749829,60.839963],[32.750781,60.83987],[32.751264,60.839686],[32.75171,60.839343],[32.752233,60.838278],[32.752331,60.837559],[32.752726,60.836528],[32.752668,60.836298]],[[32.754186,60.805833],[32.7534,60.805646],[32.752133,60.805663],[32.751594,60.805584],[32.751428,60.80542],[32.751417,60.805115],[32.751892,60.80455],[32.752649,60.804279],[32.754357,60.804248],[32.755723,60.804082],[32.756043,60.803833],[32.756198,60.803423],[32.756217,60.802097],[32.756671,60.801612],[32.75785,60.801134],[32.76039,60.800811],[32.761154,60.800776],[32.761309,60.8007]],[[32.766886,60.799567],[32.767041,60.79992],[32.76693,60.800393],[32.765227,60.801239],[32.764525,60.801891],[32.76441,60.802971],[32.764751,60.804169],[32.76519,60.804954],[32.765414,60.805972],[32.76741,60.80739],[32.767841,60.807881],[32.767857,60.808261],[32.767052,60.808451],[32.766337,60.808336],[32.765639,60.808094],[32.763019,60.806894],[32.76086,60.806353],[32.759857,60.805734],[32.759506,60.805681],[32.758711,60.805726],[32.757595,60.806209],[32.757286,60.806541],[32.757358,60.807145],[32.758094,60.808609],[32.758187,60.809242],[32.757961,60.809931],[32.757729,60.810203],[32.757267,60.8104],[32.756717,60.810487],[32.75619,60.810472],[32.755482,60.810259],[32.755063,60.810032],[32.754655,60.809567],[32.754499,60.809152],[32.754848,60.806482],[32.75522,60.80627],[32.756046,60.80621]],[[32.76002,60.750393],[32.760245,60.750759],[32.761105,60.751224],[32.761384,60.75149],[32.761385,60.752112],[32.761085,60.752434],[32.760154,60.752876],[32.757854,60.75366],[32.754757,60.755201],[32.750894,60.755858],[32.749207,60.756696],[32.748924,60.757147],[32.749187,60.758066],[32.750077,60.759146],[32.750722,60.760406],[32.750697,60.762031],[32.749704,60.76377],[32.749932,60.764603],[32.750273,60.764814],[32.751566,60.765323],[32.755805,60.7661],[32.757194,60.76619],[32.758165,60.76616],[32.759869,60.765732],[32.76149,60.76486],[32.762945,60.763434],[32.763355,60.762876],[32.764429,60.76191],[32.76751,60.760014],[32.7683,60.759289],[32.768664,60.758702],[32.768813,60.757886],[32.768702,60.756878],[32.768235,60.755169],[32.768582,60.754174],[32.7693,60.753405],[32.770928,60.752417],[32.772237,60.751104],[32.773242,60.749365],[32.773187,60.748879],[32.773574,60.747644],[32.774138,60.746838],[32.775548,60.745481],[32.775631,60.745128],[32.776416,60.744846],[32.777682,60.743963],[32.781068,60.742215],[32.782644,60.741107],[32.78325,60.740484]],[[32.766216,60.749636],[32.766252,60.748211],[32.766742,60.747594],[32.773012,60.744569],[32.774241,60.743724],[32.774954,60.742784],[32.775417,60.741513],[32.776154,60.740363],[32.777035,60.739485],[32.778583,60.738377],[32.78112,60.735918],[32.781792,60.73494],[32.784396,60.732023],[32.785709,60.730871],[32.788006,60.729436],[32.788413,60.728996],[32.788506,60.728531]],[[32.783259,60.75039],[32.784229,60.751733],[32.785324,60.752319],[32.786139,60.752401],[32.787569,60.752174],[32.788408,60.752176],[32.789245,60.752308],[32.79127,60.752821],[32.791861,60.752884],[32.792365,60.752789],[32.792558,60.752543],[32.792425,60.75227],[32.791762,60.75175],[32.787446,60.749117],[32.78693,60.748536],[32.786311,60.747354],[32.786025,60.747069],[32.785208,60.746745],[32.783488,60.74642],[32.782852,60.74608],[32.782882,60.744961],[32.783254,60.744719],[32.784286,60.744341],[32.784648,60.744109],[32.784833,60.743841],[32.784957,60.743471],[32.784801,60.742979],[32.784813,60.741963],[32.78511,60.741391]],[[32.784461,60.71082],[32.784702,60.710408],[32.785855,60.709608],[32.787594,60.708788],[32.791424,60.70741],[32.793561,60.706254],[32.795095,60.704888],[32.796085,60.703711],[32.797004,60.703222],[32.797965,60.703095],[32.798853,60.703274],[32.79928,60.703623],[32.799693,60.704504],[32.800166,60.704822],[32.800724,60.704913]],[[32.812572,60.59202],[32.804876,60.590318],[32.800557,60.589162],[32.796431,60.587841],[32.794456,60.587076],[32.793206,60.586469],[32.790566,60.584723]],[[32.802274,60.704912],[32.802429,60.704912],[32.802945,60.704609],[32.803203,60.704256],[32.803096,60.703749],[32.801979,60.702304],[32.802023,60.701587],[32.802494,60.701068],[32.80339,60.70054],[32.805038,60.700126],[32.806291,60.699598],[32.808794,60.697808],[32.810982,60.696732],[32.812492,60.695739],[32.815911,60.693795],[32.816878,60.692961],[32.817575,60.691942],[32.818399,60.691289],[32.818856,60.691065],[32.819739,60.690808],[32.820737,60.690626],[32.82198,60.690544],[32.823152,60.690273],[32.824742,60.688928],[32.83014,60.686209],[32.834476,60.684301],[32.836947,60.683388],[32.838296,60.682992],[32.838824,60.682715]],[[32.855119,60.623076],[32.855056,60.620585],[32.855398,60.619528],[32.855962,60.618815],[32.857373,60.617944],[32.858097,60.617676],[32.85915,60.617473],[32.86131,60.617337],[32.862178,60.617094],[32.862686,60.616772],[32.862915,60.616396],[32.862896,60.615968],[32.862568,60.615595],[32.861377,60.615052],[32.858645,60.614344],[32.857202,60.614154],[32.855528,60.614055],[32.851967,60.61403],[32.850262,60.613655],[32.849962,60.613417],[32.849383,60.612157],[32.850049,60.610786],[32.850225,60.608929],[32.84983,60.608166],[32.849285,60.607686],[32.848509,60.607306],[32.84737,60.606953],[32.845329,60.606574],[32.842643,60.606383],[32.837777,60.606367],[32.835837,60.606205],[32.834303,60.60577],[32.833354,60.605243],[32.832835,60.604648],[32.832723,60.60435],[32.832856,60.603506],[32.834166,60.601916],[32.8343,60.601603],[32.834349,60.600512],[32.833646,60.599535],[32.832231,60.598656],[32.831596,60.598367],[32.828716,60.597474],[32.824544,60.596391],[32.822203,60.59543],[32.819537,60.594156],[32.818637,60.593839],[32.817841,60.593693]],[[32.840373,60.682336],[32.841086,60.681998],[32.841551,60.681502],[32.841501,60.68111],[32.841096,60.680766],[32.839879,60.680383],[32.83813,60.680158],[32.835205,60.679633],[32.834526,60.67938],[32.833764,60.678895],[32.833494,60.678487],[32.833506,60.677854],[32.833783,60.677466],[32.834382,60.677047],[32.835102,60.676821],[32.837822,60.676478],[32.840005,60.67594],[32.840833,60.675663],[32.842398,60.675317],[32.845141,60.67506],[32.846653,60.675066],[32.848233,60.675211],[32.849729,60.675175],[32.851944,60.674862],[32.853695,60.674216],[32.857426,60.672192],[32.858364,60.671583],[32.85956,60.670511],[32.860537,60.669225],[32.861138,60.668771],[32.863083,60.667903],[32.865554,60.667458],[32.867115,60.667065],[32.867561,60.666853],[32.868491,60.666152],[32.869112,60.665376],[32.869303,60.664654],[32.869,60.663885],[32.867508,60.662749],[32.867621,60.661811],[32.867836,60.661579],[32.869208,60.661295],[32.873195,60.660716],[32.874431,60.66033],[32.87588,60.659754],[32.877085,60.659453],[32.879111,60.659145],[32.881677,60.658921],[32.882689,60.658701],[32.884668,60.658065],[32.886853,60.657014],[32.887296,60.656668],[32.88772,60.655907],[32.887642,60.655445],[32.887154,60.655122],[32.885448,60.654596],[32.883595,60.654233],[32.881808,60.654057],[32.878625,60.653989],[32.877555,60.653904],[32.872737,60.653904],[32.867443,60.654208],[32.865252,60.653955],[32.864378,60.653671],[32.863675,60.653259],[32.863466,60.652961],[32.863287,60.652185],[32.863302,60.651499],[32.863591,60.651173],[32.865074,60.650448],[32.872703,60.648129],[32.873661,60.647603],[32.874071,60.64694],[32.874411,60.646016],[32.873641,60.645269],[32.87253,60.64475],[32.868861,60.643662],[32.868005,60.643189],[32.867527,60.642555],[32.867893,60.641598],[32.870423,60.63911],[32.871105,60.638571],[32.871935,60.63702],[32.872111,60.636384],[32.87211,60.635612],[32.871722,60.634822],[32.871148,60.63448],[32.869775,60.633891],[32.868837,60.633667],[32.867373,60.63357],[32.865514,60.633231],[32.863951,60.632785],[32.862226,60.632032],[32.860344,60.631436],[32.856169,60.630453],[32.85516,60.630001],[32.85488,60.629773],[32.854746,60.629406],[32.854745,60.628546],[32.855203,60.626358],[32.855151,60.624321]]]}},{"type":"Feature","properties":{"depth_m":15,"source":"ГУНиО МО, навигационная карта № 25068 «От маяка Кареджи до маяка Сухо», 1:50 000; скан ladoga-lake.ru (https://ladoga-lake.ru/maps/navi_su/navi-su-18.html)","chart":"25068","chart_sheet":"18","n_lines":12,"method":"полуавтоматическая векторизация чёрных изобат со скана (порог+скелетизация+сшивка), глубина подписана вручную по надписям на изобатах; привязка по картографической сетке","datum":"WGS84 (перевод СК-42 карты сдвигом по долготе, указанным на карте)","depth_datum":"от среднего многолетнего уровня Ладожского озера (+5,1 м БС)"},"geometry":{"type":"MultiLineString","coordinates":[[[31.401779,60.416125],[31.401277,60.415828],[31.399967,60.415348],[31.399791,60.414918],[31.400029,60.414664],[31.400712,60.414282],[31.403031,60.413293],[31.404415,60.412984],[31.408763,60.412412],[31.417053,60.411575],[31.418526,60.411351],[31.419688,60.411013],[31.420659,60.410423],[31.421612,60.409444],[31.42238,60.407566],[31.422899,60.406825],[31.423637,60.406125],[31.424921,60.405224],[31.425906,60.404078],[31.426494,60.403573],[31.426833,60.402633],[31.426829,60.400553],[31.427202,60.399813],[31.429591,60.398617],[31.430355,60.398076],[31.430912,60.397344],[31.431195,60.396152],[31.431504,60.395628],[31.433481,60.393677],[31.434547,60.392931],[31.435974,60.391074],[31.437276,60.389946],[31.438271,60.389372],[31.438967,60.389102],[31.44022,60.388869],[31.441859,60.388775],[31.443058,60.388363],[31.443667,60.387795],[31.4446,60.386491],[31.445676,60.385809],[31.446452,60.385038],[31.449048,60.383094],[31.449507,60.382597],[31.449444,60.382358],[31.450064,60.38208],[31.451874,60.380265],[31.454615,60.376292],[31.458641,60.372396],[31.458961,60.371836],[31.459585,60.371164],[31.461489,60.368062],[31.462137,60.367389],[31.463346,60.366769],[31.464812,60.366351],[31.466127,60.366163],[31.467234,60.366142],[31.468687,60.366288],[31.469846,60.366524],[31.471433,60.367286],[31.473411,60.368069]],[[31.40585,60.292944],[31.406005,60.293022],[31.406624,60.292991],[31.407842,60.292705],[31.41125,60.29161],[31.412223,60.291039],[31.412648,60.290421],[31.412666,60.289378],[31.411738,60.287054]],[[31.465952,60.333086],[31.465388,60.332759],[31.464521,60.332018],[31.463675,60.330566],[31.463243,60.330091],[31.462847,60.329846],[31.460249,60.328831],[31.459409,60.328373],[31.458978,60.328025],[31.45856,60.327439],[31.458601,60.326484],[31.459819,60.324617],[31.460527,60.322665],[31.460511,60.321913],[31.460062,60.320407],[31.460061,60.318782],[31.459721,60.317808],[31.458775,60.316949],[31.455981,60.315096],[31.454738,60.314083],[31.452108,60.312389],[31.451379,60.311686],[31.450725,60.310857],[31.449722,60.30878],[31.448696,60.307752],[31.44777,60.30705],[31.445948,60.30516],[31.445622,60.304656],[31.444061,60.302945],[31.443807,60.302321],[31.442804,60.300755],[31.441333,60.299276],[31.44022,60.298588],[31.436306,60.296758],[31.434115,60.296228],[31.433378,60.296196],[31.431908,60.296295],[31.430463,60.296665],[31.428032,60.29774],[31.424442,60.299689],[31.42181,60.301295],[31.419564,60.303495],[31.418984,60.303931],[31.418225,60.30432],[31.417255,60.304609],[31.416455,60.304713],[31.414859,60.304574],[31.413383,60.304275],[31.411741,60.303699],[31.408183,60.301934],[31.406975,60.301442],[31.40497,60.300922],[31.401785,60.300507],[31.400428,60.300196],[31.399229,60.299595],[31.398623,60.298901],[31.398415,60.298137],[31.398416,60.296742],[31.398076,60.295581],[31.397333,60.294202],[31.397436,60.293785],[31.398276,60.292778],[31.400906,60.291096],[31.402468,60.289864],[31.403919,60.289277],[31.405436,60.289077],[31.406255,60.289078],[31.406781,60.289171],[31.407493,60.289618],[31.407555,60.290542]],[[31.408645,60.280002],[31.408594,60.279655],[31.40923,60.278687],[31.409718,60.277015],[31.410361,60.275467],[31.410508,60.274694],[31.410797,60.274249],[31.411129,60.272636],[31.411131,60.270775],[31.410828,60.269866],[31.409921,60.268059],[31.409586,60.266743],[31.409588,60.265114],[31.410125,60.26316],[31.411278,60.261657],[31.412412,60.260928],[31.41373,60.26052],[31.415297,60.260285],[31.416996,60.259883],[31.418701,60.25905],[31.419626,60.258204],[31.420702,60.256531],[31.421648,60.255366],[31.422635,60.25465],[31.423962,60.253917],[31.424789,60.253254],[31.424934,60.252948],[31.424811,60.252122],[31.424378,60.251656],[31.422955,60.25071],[31.422788,60.250441],[31.42277,60.249902],[31.422914,60.249453],[31.424813,60.246651],[31.426661,60.245163],[31.433592,60.241579],[31.433934,60.241133],[31.434723,60.240542],[31.435391,60.239748],[31.43597,60.238185],[31.436361,60.237578],[31.436906,60.237101],[31.437968,60.236546],[31.438681,60.236313],[31.441119,60.235846],[31.444652,60.235402],[31.451014,60.234276],[31.451913,60.234214],[31.453949,60.23427],[31.454871,60.234531],[31.455905,60.23499],[31.456609,60.235522],[31.457001,60.236502],[31.457537,60.237268],[31.458143,60.23786],[31.458646,60.238057],[31.463104,60.238642],[31.464103,60.238714],[31.466784,60.239126],[31.468585,60.239598],[31.469997,60.240191],[31.471567,60.241211],[31.472921,60.242546],[31.474065,60.244098],[31.474562,60.244991],[31.475826,60.246134],[31.477313,60.246936],[31.479961,60.247791],[31.483147,60.248646],[31.486289,60.249182],[31.488926,60.24948],[31.491543,60.249664],[31.497137,60.249755],[31.501194,60.250386],[31.504108,60.251138],[31.508269,60.252535],[31.510627,60.252972],[31.513114,60.253057],[31.519138,60.252675],[31.525514,60.252606],[31.528535,60.252831],[31.530682,60.253159],[31.53155,60.253437],[31.532686,60.254003],[31.533099,60.255083],[31.53316,60.255773],[31.533947,60.256928],[31.535267,60.257705],[31.536507,60.258185],[31.537731,60.258816],[31.541001,60.261132],[31.54243,60.261804],[31.544267,60.262357],[31.546071,60.262646],[31.548141,60.262774],[31.549683,60.262992]],[[31.482397,60.366135],[31.482923,60.365883],[31.483279,60.365433],[31.483315,60.364931],[31.483108,60.364597],[31.481902,60.364074],[31.478411,60.363393],[31.477546,60.362918],[31.477156,60.362557],[31.476814,60.36143],[31.476814,60.360504],[31.476503,60.359115],[31.476548,60.357731],[31.477265,60.356804],[31.478525,60.355953],[31.479289,60.355562],[31.48073,60.355056],[31.484072,60.354156],[31.485224,60.353619],[31.485332,60.35332],[31.485177,60.352908],[31.483675,60.35154],[31.483515,60.350993],[31.483578,60.350671],[31.484073,60.350052],[31.484555,60.349691],[31.485658,60.349159],[31.487648,60.348451],[31.488685,60.347886],[31.489291,60.347292],[31.489265,60.346581],[31.488846,60.346136],[31.486319,60.344824],[31.484381,60.343125],[31.483413,60.341907],[31.482459,60.340294],[31.482142,60.339383],[31.480914,60.337518],[31.48052,60.336346],[31.480519,60.335921],[31.481353,60.33399],[31.481362,60.333666],[31.480624,60.332391],[31.479855,60.331825],[31.479672,60.331455],[31.479829,60.331168],[31.480959,60.330123],[31.481014,60.329571],[31.480654,60.329218],[31.479453,60.328811],[31.477418,60.328598],[31.474006,60.328774],[31.472464,60.328966],[31.470766,60.32901],[31.469833,60.329208],[31.469224,60.32947],[31.468728,60.329826],[31.468307,60.330658],[31.468276,60.331694],[31.468741,60.333008]],[[31.503348,60.337014],[31.502851,60.337327],[31.502761,60.337593],[31.503017,60.337847],[31.503966,60.338336],[31.504035,60.338625],[31.503855,60.339162],[31.502714,60.339958],[31.500343,60.3421],[31.499407,60.342653],[31.4985,60.343042]],[[31.503151,60.344586],[31.504559,60.344797],[31.506072,60.344785],[31.507166,60.344491],[31.507853,60.344069],[31.508452,60.343378],[31.50873,60.342513],[31.508646,60.342084],[31.507997,60.341024],[31.507975,60.340159],[31.510479,60.338258],[31.510468,60.337552],[31.509183,60.336811],[31.508221,60.336517],[31.507813,60.336471],[31.506234,60.336472],[31.505396,60.336549]],[[31.60007,60.298312],[31.599142,60.297299],[31.596185,60.295459],[31.595385,60.294838],[31.594611,60.293963],[31.594332,60.292791],[31.594674,60.291841],[31.59593,60.290498],[31.599515,60.288122],[31.600436,60.287108],[31.600695,60.286465],[31.600695,60.285768],[31.600566,60.285238],[31.60067,60.28436],[31.600386,60.283366]],[[31.676859,60.366144],[31.677647,60.366286],[31.678713,60.366615],[31.679295,60.366647],[31.68021,60.366279],[31.680717,60.365723],[31.680893,60.364997],[31.680893,60.363895],[31.680691,60.36315],[31.680053,60.362164],[31.678629,60.360866],[31.678072,60.360526],[31.676229,60.359851],[31.674693,60.359922],[31.672426,60.360557],[31.671826,60.360657],[31.670789,60.360591],[31.669923,60.360267],[31.669463,60.359922],[31.668708,60.35892],[31.666649,60.357879],[31.666176,60.357409],[31.666246,60.357023],[31.66651,60.35674],[31.668341,60.355593],[31.66848,60.355292],[31.668367,60.354811],[31.66797,60.354594],[31.666642,60.354155],[31.663552,60.352788],[31.66324,60.352542],[31.662957,60.352026],[31.662507,60.351756],[31.661731,60.35164],[31.661033,60.351775],[31.660133,60.352202],[31.659109,60.35303],[31.658302,60.353324],[31.657247,60.353409],[31.656761,60.353345],[31.656564,60.353231],[31.65613,60.352792],[31.656068,60.352388],[31.656249,60.351989],[31.657086,60.351015],[31.656932,60.350271],[31.656188,60.349794],[31.653921,60.349154],[31.652965,60.348708],[31.652609,60.348444],[31.651548,60.34678],[31.649583,60.344632],[31.649409,60.344205],[31.649451,60.343745],[31.649159,60.342196],[31.648293,60.34072],[31.647131,60.339565],[31.644395,60.33753],[31.642682,60.336676],[31.640589,60.335959],[31.639071,60.33559],[31.636416,60.335195],[31.63436,60.334796],[31.633435,60.334491],[31.632651,60.334109],[31.63096,60.332505],[31.630392,60.331522],[31.629854,60.329747],[31.629348,60.328631],[31.628321,60.327455],[31.627671,60.327008],[31.626878,60.326631],[31.622271,60.325217],[31.620696,60.324031],[31.620589,60.323611],[31.620838,60.322485],[31.622521,60.318578],[31.622559,60.317483],[31.622361,60.316795],[31.621592,60.31565],[31.619288,60.314027],[31.618139,60.313063],[31.617454,60.31228],[31.616779,60.310773],[31.616461,60.309304],[31.615714,60.307993],[31.613936,60.30554],[31.612744,60.304513],[31.611062,60.303748],[31.608026,60.303079],[31.603843,60.302388],[31.602871,60.3021],[31.601775,60.301563]],[[31.733516,60.372733],[31.732578,60.373869],[31.731763,60.374528],[31.730638,60.375049],[31.729676,60.375234],[31.728931,60.375173],[31.728295,60.374926],[31.727686,60.374258],[31.727442,60.373335],[31.727235,60.37305],[31.726609,60.372639],[31.725613,60.372428],[31.724316,60.372382],[31.723476,60.372455],[31.720275,60.373257],[31.718338,60.373463],[31.715827,60.373278],[31.714128,60.373042],[31.712933,60.372682],[31.710968,60.3725],[31.709077,60.372581],[31.706741,60.372918],[31.705315,60.372833],[31.703856,60.372292],[31.703354,60.371948],[31.702956,60.371118],[31.702801,60.370165],[31.702503,60.36977],[31.702132,60.369541],[31.701412,60.36935],[31.700221,60.369357],[31.698633,60.369765],[31.697883,60.369842],[31.697316,60.369781],[31.696598,60.36958],[31.695068,60.368737],[31.692741,60.36657],[31.692219,60.366203],[31.69059,60.365409],[31.689116,60.365216],[31.688232,60.365247],[31.687254,60.365463],[31.686835,60.365691],[31.686238,60.366231],[31.686091,60.366412],[31.686168,60.367775],[31.685938,60.368548],[31.68547,60.369112],[31.684927,60.369459],[31.684107,60.369801],[31.683032,60.370103],[31.679667,60.370417],[31.678565,60.370695]],[[31.953764,60.412055],[31.953221,60.411796],[31.951843,60.410469],[31.950046,60.40945],[31.943878,60.407265],[31.942661,60.406938],[31.941551,60.40602],[31.938501,60.404142],[31.938186,60.403754],[31.937608,60.402361],[31.935962,60.400962],[31.93535,60.40027],[31.934639,60.399211],[31.933694,60.397258],[31.932284,60.395378],[31.931263,60.394581],[31.929444,60.393582],[31.928785,60.393301],[31.927366,60.392892],[31.926566,60.392806],[31.925189,60.392806],[31.924388,60.392892],[31.922886,60.393261],[31.920016,60.394195],[31.918417,60.394548],[31.915804,60.394624],[31.914086,60.394301],[31.91359,60.393969],[31.912923,60.393723],[31.912536,60.393376],[31.912073,60.392689],[31.911942,60.391625],[31.911578,60.390702],[31.911222,60.390294],[31.910524,60.389916],[31.909656,60.389701],[31.908047,60.389567],[31.901832,60.389633],[31.900984,60.389561],[31.90054,60.389395],[31.899707,60.388443],[31.899792,60.38659],[31.899147,60.385889],[31.895682,60.38439],[31.892062,60.383006],[31.88989,60.382016],[31.885592,60.380466],[31.884648,60.379919],[31.884131,60.379471],[31.883718,60.378729],[31.883668,60.377583],[31.883389,60.377305],[31.882836,60.377156],[31.881527,60.376996],[31.879436,60.377003],[31.878343,60.377126],[31.877493,60.377408],[31.876903,60.377814],[31.876716,60.378219],[31.876762,60.378758],[31.877165,60.379425],[31.877102,60.380299],[31.876227,60.38091],[31.875627,60.381005],[31.874789,60.380944],[31.872904,60.380431],[31.870805,60.379556],[31.86888,60.379026],[31.866289,60.378569],[31.863579,60.378221],[31.861754,60.3778],[31.859337,60.376988],[31.855893,60.375318],[31.853503,60.3745],[31.852731,60.374313],[31.851122,60.374085],[31.846923,60.373889],[31.84348,60.373295],[31.842603,60.373218],[31.838766,60.373254],[31.836634,60.373491],[31.833743,60.373975],[31.832149,60.374018],[31.830324,60.373819],[31.827313,60.373087],[31.822861,60.371461],[31.819708,60.370822],[31.818853,60.370755],[31.808592,60.370826],[31.806451,60.370686],[31.805139,60.370466],[31.804117,60.370201],[31.798044,60.367982],[31.796529,60.367501],[31.794851,60.367171],[31.792558,60.366935],[31.789788,60.36646],[31.787816,60.365961],[31.78501,60.364984],[31.783239,60.364591],[31.781347,60.364321],[31.779748,60.364184],[31.775853,60.364059],[31.773287,60.363821],[31.770487,60.363245],[31.766808,60.36232],[31.764533,60.361977],[31.762058,60.361809],[31.758628,60.361809],[31.756743,60.361979],[31.753835,60.36281],[31.751785,60.363565],[31.750723,60.363726],[31.748814,60.363861],[31.74685,60.364287],[31.745238,60.365258],[31.743315,60.365764],[31.742409,60.366305],[31.742015,60.366784],[31.741533,60.368516],[31.741098,60.369102],[31.740632,60.369466],[31.739235,60.370182],[31.735735,60.371103],[31.734166,60.371866]],[[31.970813,60.415983],[31.970815,60.415205],[31.971104,60.413758],[31.970898,60.412418],[31.969823,60.410862],[31.968669,60.409907],[31.967359,60.409252],[31.965899,60.408815],[31.964228,60.408525],[31.962362,60.408444],[31.960024,60.408746],[31.958458,60.409149],[31.956947,60.409939],[31.956633,60.410451],[31.956712,60.411209]]]}},{"type":"Feature","properties":{"depth_m":15,"source":"ГУНиО МО, навигационная карта № 25069 «Волховская губа», 1:50 000; скан ladoga-lake.ru (https://ladoga-lake.ru/maps/navi_su/navi-su-16.html)","chart":"25069","chart_sheet":"16","n_lines":18,"method":"полуавтоматическая векторизация чёрных изобат со скана (порог+скелетизация+сшивка), глубина подписана вручную по надписям на изобатах; привязка по картографической сетке","datum":"WGS84 (перевод СК-42 карты сдвигом по долготе, указанным на карте)","depth_datum":"от среднего многолетнего уровня Ладожского озера (+5,1 м БС)"},"geometry":{"type":"MultiLineString","coordinates":[[[32.082595,60.486938],[32.083405,60.486959],[32.085899,60.486785],[32.088422,60.486805],[32.090079,60.487034],[32.091989,60.48754],[32.092805,60.487626],[32.093615,60.487473],[32.095107,60.48692],[32.095663,60.486842],[32.096253,60.486867],[32.096711,60.487021],[32.097858,60.487807],[32.098882,60.489091],[32.099959,60.489671],[32.100643,60.489877],[32.101627,60.490024],[32.103032,60.490025],[32.104116,60.489879],[32.106718,60.489016],[32.108668,60.487963],[32.113339,60.484701],[32.114693,60.483576],[32.115925,60.482808],[32.116398,60.482618],[32.118331,60.48219],[32.120096,60.482143],[32.12091,60.482273],[32.121447,60.482562],[32.121598,60.482863],[32.121407,60.483689],[32.120892,60.484813],[32.120924,60.485091],[32.121278,60.485294],[32.121989,60.48541],[32.123598,60.485142],[32.125668,60.48447],[32.128104,60.483518],[32.129264,60.483263],[32.131174,60.482995],[32.133266,60.482325],[32.134691,60.481699],[32.136134,60.480856],[32.140397,60.478702],[32.143239,60.477392],[32.146842,60.475926],[32.149502,60.475032],[32.152117,60.474555],[32.153756,60.474123],[32.158888,60.471934],[32.160893,60.471282],[32.163756,60.470524]],[[32.169435,60.47207],[32.170689,60.472047],[32.171468,60.471893],[32.1748,60.470404],[32.176078,60.47014],[32.177135,60.469738],[32.180145,60.468265],[32.181589,60.467374],[32.182175,60.466741],[32.182176,60.46637],[32.181671,60.466088],[32.181032,60.465984],[32.179857,60.465972],[32.178949,60.466062],[32.17439,60.466999],[32.171507,60.467096],[32.170893,60.466889],[32.170723,60.466477],[32.171096,60.465992],[32.17181,60.465661]],[[32.173231,60.465044],[32.173768,60.464889],[32.175416,60.464727],[32.178779,60.464667],[32.179839,60.464582],[32.182561,60.464583],[32.184685,60.464429],[32.186606,60.463938],[32.188058,60.463267],[32.189306,60.462338],[32.190309,60.461197],[32.191637,60.460315],[32.192676,60.459349],[32.192803,60.458618],[32.192379,60.457791],[32.192388,60.457403],[32.192976,60.456855],[32.19451,60.456018],[32.195142,60.455361],[32.195649,60.45393],[32.195777,60.452533],[32.19614,60.452317],[32.196714,60.452197],[32.197481,60.452194],[32.198727,60.452379],[32.199271,60.452326],[32.199579,60.452214],[32.200021,60.451753],[32.200165,60.450778],[32.200789,60.450122],[32.201728,60.44942],[32.202424,60.448636],[32.202597,60.448222],[32.202471,60.447712],[32.200423,60.445702],[32.200234,60.445038],[32.200424,60.444736],[32.200717,60.444585],[32.202074,60.444353],[32.202712,60.44411],[32.202918,60.443739],[32.202776,60.44332],[32.20228,60.442955],[32.200405,60.442018],[32.199135,60.441095],[32.198346,60.440816],[32.19733,60.440605],[32.19583,60.440161],[32.195098,60.439749],[32.194878,60.439354],[32.195142,60.43873],[32.196457,60.437435],[32.196601,60.43653],[32.197137,60.436004],[32.196775,60.435638],[32.196676,60.435333],[32.196904,60.434588],[32.197919,60.433758],[32.19959,60.432971],[32.200028,60.432589],[32.200029,60.431971],[32.199273,60.431145],[32.199147,60.430501]],[[32.199148,60.429882],[32.199657,60.429573],[32.200874,60.429055],[32.201429,60.428962],[32.202501,60.428955],[32.203081,60.429035],[32.203856,60.429358],[32.204341,60.429958],[32.204722,60.430177],[32.2053,60.43027],[32.205741,60.430232],[32.207966,60.42949],[32.20986,60.428566],[32.210192,60.428299],[32.210334,60.427986],[32.210351,60.427177],[32.210037,60.42563],[32.21067,60.42349],[32.210077,60.421504],[32.210168,60.421112],[32.210415,60.420843],[32.211194,60.420493],[32.212551,60.420478],[32.213344,60.420685],[32.214647,60.421283],[32.216088,60.42166],[32.21695,60.421763],[32.218275,60.421671],[32.219071,60.421493],[32.220124,60.421129],[32.225164,60.418662],[32.227774,60.416929],[32.22869,60.41614],[32.229127,60.415455],[32.229401,60.414944],[32.229417,60.414515],[32.229249,60.414254],[32.228261,60.413467],[32.22822,60.413145],[32.228504,60.412866],[32.229214,60.412634],[32.23005,60.412557],[32.232429,60.412712],[32.233782,60.412699],[32.234655,60.412454],[32.234939,60.412215],[32.234876,60.411722],[32.234302,60.411452],[32.230461,60.411094],[32.229345,60.410828],[32.228743,60.410305],[32.22877,60.409899],[32.22898,60.409621],[32.229802,60.409179],[32.230337,60.409059],[32.231818,60.408911],[32.234478,60.407907],[32.235405,60.406731],[32.239127,60.403041],[32.241011,60.402069],[32.244064,60.401376],[32.244758,60.401149],[32.245603,60.400195],[32.246001,60.399381],[32.246866,60.398729],[32.247652,60.398496],[32.248301,60.398403],[32.250775,60.398393],[32.252385,60.398264],[32.254249,60.397863],[32.255633,60.397307],[32.256534,60.396599],[32.257144,60.394797],[32.257559,60.394147],[32.258199,60.393596],[32.25979,60.392646],[32.260165,60.391869],[32.260933,60.390983],[32.262469,60.39005],[32.263229,60.389827],[32.263847,60.389759]],[[32.26637,60.389333],[32.267102,60.388928],[32.26741,60.388403],[32.267132,60.387638],[32.266517,60.386951]],[[32.267478,60.384763],[32.26876,60.384153],[32.271554,60.383194],[32.273442,60.381883],[32.274768,60.38114],[32.27756,60.380428],[32.278482,60.38002],[32.279109,60.379457],[32.279584,60.378636],[32.279749,60.377775],[32.28039,60.376274],[32.28084,60.375672],[32.281706,60.374857],[32.283425,60.373918],[32.286036,60.372813],[32.289046,60.37135],[32.290165,60.370575],[32.291124,60.369469],[32.291609,60.369112],[32.292771,60.368598],[32.295206,60.367931],[32.296781,60.367105],[32.297601,60.366347],[32.297872,60.365613],[32.297634,60.36474],[32.296815,60.363938],[32.296401,60.3633],[32.296624,60.362264],[32.297132,60.361902],[32.298299,60.361422],[32.302008,60.360766],[32.30261,60.360507],[32.303505,60.359941],[32.303737,60.359541],[32.303683,60.358887],[32.302006,60.357421],[32.301786,60.35701],[32.301854,60.356501],[32.302348,60.356015],[32.303767,60.355317],[32.307825,60.354219],[32.309006,60.353675],[32.309117,60.353281],[32.308991,60.352961],[32.307384,60.352072],[32.307069,60.351667],[32.307286,60.351391],[32.308331,60.351047]],[[32.309633,60.348216],[32.306935,60.347237],[32.305784,60.346724],[32.303615,60.345994],[32.301582,60.345073],[32.301008,60.344724],[32.300458,60.34391]],[[32.300931,60.342668],[32.301725,60.34235],[32.303296,60.341893],[32.304568,60.340967],[32.305383,60.340611],[32.306364,60.34042],[32.308957,60.340312],[32.309727,60.340023],[32.309916,60.339721],[32.309601,60.339372],[32.309034,60.339267],[32.306585,60.339122],[32.305883,60.338945],[32.305505,60.338518],[32.305732,60.338269],[32.306073,60.338138],[32.306678,60.338026],[32.308153,60.337936],[32.309477,60.337936],[32.311293,60.33812],[32.316198,60.338402],[32.318449,60.338403],[32.320216,60.338282],[32.322402,60.337931],[32.322802,60.337835],[32.323353,60.337534],[32.324246,60.337456],[32.325518,60.336851],[32.327924,60.335017],[32.330404,60.33367]],[[32.331828,60.327383],[32.337354,60.327312],[32.340095,60.327186],[32.341796,60.326915],[32.343461,60.326767],[32.346819,60.326216],[32.348336,60.325826],[32.348888,60.325522],[32.349131,60.325252],[32.349127,60.32494],[32.348843,60.324687],[32.347732,60.324285],[32.345577,60.323865],[32.344307,60.323752],[32.343252,60.323542],[32.342772,60.323344],[32.342606,60.323181],[32.342565,60.322905],[32.342733,60.322649],[32.343193,60.322266],[32.346137,60.321011],[32.349022,60.320172],[32.351517,60.319225],[32.354504,60.317767],[32.354877,60.317508],[32.35515,60.317138]],[[32.356883,60.315895],[32.35988,60.31412],[32.361674,60.312821],[32.363345,60.311179],[32.364921,60.309043],[32.365252,60.308758],[32.366749,60.3081],[32.370492,60.307164],[32.372157,60.306641],[32.37735,60.304167],[32.378469,60.303482],[32.380064,60.30224],[32.380865,60.301306],[32.382695,60.299806],[32.385563,60.298269],[32.388862,60.296941],[32.391522,60.295695],[32.392705,60.294878],[32.394094,60.293529],[32.396292,60.291892],[32.398791,60.290584],[32.399883,60.290183],[32.400618,60.289799],[32.400839,60.289422],[32.400818,60.288979],[32.400619,60.288667],[32.399727,60.288235],[32.398174,60.287774],[32.397314,60.287289],[32.397301,60.28687],[32.397895,60.286458],[32.401183,60.28561],[32.405061,60.284282],[32.407059,60.283787],[32.408407,60.283603],[32.409565,60.283599],[32.411611,60.283848],[32.41311,60.284297],[32.415304,60.285293],[32.416062,60.285542],[32.417334,60.285581],[32.418148,60.285288],[32.418509,60.285008],[32.418663,60.284687],[32.418758,60.284035],[32.418492,60.283305],[32.417628,60.282369],[32.416089,60.281356],[32.415801,60.28098],[32.416063,60.28063],[32.416798,60.280288],[32.418603,60.280086],[32.420511,60.280032],[32.421133,60.27977],[32.421992,60.279023],[32.42335,60.278653],[32.4243,60.278713],[32.426139,60.279271],[32.426947,60.279387],[32.427784,60.27931],[32.429633,60.278812],[32.431024,60.278813],[32.431842,60.279248],[32.432969,60.280238],[32.434008,60.280632],[32.435088,60.280779],[32.437184,60.280822],[32.439291,60.28145],[32.439914,60.281534],[32.440784,60.281494],[32.442722,60.281204],[32.44384,60.281232],[32.444433,60.28133],[32.446477,60.282122],[32.449176,60.283659],[32.452453,60.285222],[32.453438,60.285976],[32.454027,60.286864],[32.454678,60.287282],[32.455427,60.287384],[32.45785,60.287327],[32.45861,60.287375],[32.461542,60.288275],[32.46343,60.288736],[32.464881,60.288967],[32.465798,60.289226],[32.466157,60.289532],[32.465815,60.289855],[32.464625,60.290074],[32.46273,60.29013],[32.462003,60.290249],[32.461279,60.290503],[32.459854,60.291194],[32.459108,60.29139],[32.456248,60.29159],[32.450886,60.29159],[32.449602,60.291667],[32.447678,60.291889],[32.447115,60.292133]],[[32.430061,60.282042],[32.430935,60.281657],[32.431911,60.281484],[32.433168,60.281426],[32.43535,60.281533],[32.43653,60.281766],[32.437191,60.282036],[32.437741,60.282606],[32.437647,60.28301],[32.437039,60.283423],[32.435675,60.283765],[32.435065,60.283803],[32.433271,60.283649],[32.431858,60.283414],[32.430945,60.283115],[32.430072,60.28257],[32.429998,60.282122]],[[32.472732,60.342519],[32.47525,60.341743],[32.476257,60.341184],[32.476651,60.340622],[32.476651,60.339759],[32.476305,60.33928],[32.475214,60.338848],[32.473416,60.33864],[32.472262,60.33833],[32.471602,60.33789],[32.471364,60.337177],[32.471567,60.336517],[32.4727,60.334918],[32.472894,60.334088],[32.473362,60.333162],[32.475505,60.331346],[32.475599,60.330879],[32.475416,60.330059],[32.474414,60.329117],[32.473363,60.328623],[32.471849,60.328251],[32.470385,60.328024],[32.468964,60.327912],[32.467953,60.32771],[32.467313,60.327466],[32.467077,60.327078],[32.467266,60.326775],[32.467864,60.326457],[32.469568,60.325901],[32.470697,60.325371],[32.471652,60.324517],[32.472615,60.323978],[32.475686,60.323091],[32.47715,60.322421],[32.477661,60.322072],[32.478263,60.321377],[32.478409,60.320953],[32.47841,60.320163],[32.478158,60.319529],[32.477438,60.318622],[32.476284,60.317695],[32.475794,60.317051],[32.475625,60.3164],[32.476148,60.315461],[32.47718,60.314447],[32.477281,60.313919],[32.476841,60.313571],[32.474806,60.312712],[32.47445,60.312432],[32.474324,60.312122],[32.474345,60.311816],[32.474545,60.311554],[32.475746,60.311002],[32.476965,60.310605],[32.477554,60.310209],[32.477598,60.309891],[32.477306,60.309622],[32.475769,60.309345],[32.475494,60.309108],[32.475777,60.308852],[32.476812,60.308431],[32.477196,60.308161],[32.477411,60.307732],[32.477339,60.307315],[32.476766,60.306634],[32.474863,60.305317],[32.473556,60.304167],[32.472556,60.303575],[32.471977,60.303429],[32.470573,60.30333],[32.467432,60.303364],[32.466321,60.303072],[32.465613,60.302676],[32.465378,60.302284],[32.465403,60.301769],[32.46662,60.300174],[32.466751,60.299274],[32.46665,60.298847],[32.466269,60.298589],[32.46273,60.2971],[32.460016,60.296193],[32.459253,60.295848],[32.458993,60.295591],[32.45923,60.295281],[32.461071,60.294812],[32.4618,60.294465],[32.462063,60.294115],[32.461953,60.29385],[32.461733,60.293707],[32.461262,60.293528],[32.460661,60.293441],[32.454029,60.293231],[32.448845,60.29291]],[[32.470031,60.387709],[32.46927,60.387534],[32.468992,60.387369],[32.468338,60.385836],[32.467609,60.385174],[32.466885,60.384766],[32.465186,60.384216],[32.4636,60.383943],[32.460667,60.383625],[32.459338,60.38332],[32.458235,60.382746],[32.458073,60.382454],[32.458074,60.381921],[32.458194,60.381591],[32.458756,60.381203],[32.459219,60.381027],[32.459778,60.380938],[32.461001,60.381095],[32.462197,60.381575],[32.463217,60.381838],[32.464306,60.381894],[32.465395,60.381769],[32.466257,60.381487],[32.466667,60.381247],[32.467171,60.380233],[32.467202,60.379797],[32.466756,60.378032],[32.466887,60.376902],[32.467394,60.375981],[32.468572,60.374681],[32.468913,60.373693],[32.468309,60.370645],[32.468899,60.369274],[32.46894,60.368856],[32.468597,60.367801],[32.468039,60.366867],[32.468154,60.366286],[32.467919,60.365646],[32.468188,60.36501],[32.468911,60.3642],[32.47158,60.361944],[32.471839,60.361535],[32.471934,60.360887],[32.471647,60.360262],[32.470163,60.358899],[32.469607,60.358032],[32.469447,60.357078],[32.469879,60.355437],[32.469811,60.354793],[32.468914,60.354246],[32.466914,60.353605],[32.466494,60.353219],[32.466479,60.352686],[32.467109,60.351911],[32.46884,60.350998],[32.469855,60.35076],[32.472875,60.350336],[32.474687,60.349845],[32.475358,60.349577],[32.476086,60.349078],[32.477115,60.347625],[32.478633,60.346456],[32.479024,60.345632],[32.478867,60.344885],[32.478526,60.344625],[32.478175,60.344504],[32.476895,60.344311],[32.474776,60.344303],[32.473357,60.344192],[32.472166,60.343883],[32.47163,60.343527]],[[32.491106,60.40567],[32.490324,60.405643],[32.489571,60.405479],[32.488904,60.405206],[32.488526,60.404839],[32.488432,60.404548],[32.48859,60.40405],[32.488577,60.402457],[32.487852,60.401219],[32.487954,60.400676],[32.488393,60.400091],[32.488749,60.399207],[32.488561,60.398735],[32.488227,60.39849],[32.486767,60.398023],[32.483571,60.397376],[32.482048,60.396955],[32.480436,60.396618],[32.476637,60.39602],[32.473368,60.396039],[32.472882,60.395903],[32.472417,60.395595],[32.47205,60.395111],[32.471915,60.394679],[32.472228,60.3927],[32.473257,60.390473],[32.474132,60.389232],[32.474985,60.387654],[32.475369,60.386511],[32.475382,60.385611],[32.475106,60.385019],[32.474149,60.384605],[32.4734,60.38444],[32.472582,60.384379],[32.472154,60.384394],[32.471606,60.384534],[32.471015,60.385081],[32.470857,60.386131],[32.471787,60.387144],[32.471919,60.387554]],[[32.498345,60.40327],[32.499169,60.402986],[32.500823,60.402805],[32.502085,60.402836],[32.502498,60.402991],[32.502558,60.403161],[32.502243,60.403424],[32.499503,60.404675],[32.499288,60.404857],[32.499241,60.405139],[32.499542,60.405499],[32.499948,60.405747],[32.503063,60.407062],[32.504069,60.407805],[32.504321,60.408216],[32.50432,60.410242],[32.504147,60.410765],[32.503924,60.412976],[32.503141,60.414009],[32.501024,60.415184],[32.500437,60.415626],[32.500248,60.416093],[32.500541,60.416426],[32.500698,60.416426]],[[32.499124,60.419443],[32.499828,60.41995],[32.502098,60.420476],[32.503147,60.421503],[32.504138,60.421918],[32.504755,60.421995],[32.505404,60.42197],[32.507624,60.421548],[32.508869,60.421484],[32.509628,60.421631],[32.510776,60.42221],[32.511641,60.422469],[32.512672,60.422663],[32.514297,60.422683],[32.515551,60.422523],[32.51627,60.422302],[32.517,60.421888],[32.51803,60.421009],[32.518977,60.420639],[32.5202,60.420618],[32.52272,60.420909],[32.524108,60.42089],[32.525061,60.420732],[32.526181,60.420279],[32.527912,60.419372],[32.529485,60.418355],[32.53002,60.418215],[32.531026,60.418223],[32.531658,60.418446],[32.533416,60.419581],[32.537458,60.421018],[32.538482,60.421745],[32.539854,60.422367],[32.541536,60.422717],[32.543283,60.422866],[32.543764,60.423022],[32.543952,60.423395],[32.543627,60.423758],[32.541818,60.424128],[32.541069,60.424463]],[[32.551005,60.53027],[32.550391,60.53019],[32.549256,60.529763],[32.547964,60.529527],[32.54745,60.529326],[32.547266,60.529154],[32.547324,60.528756],[32.54852,60.528113],[32.548646,60.52773],[32.548059,60.526567],[32.547891,60.525466],[32.547498,60.525045],[32.546916,60.524912],[32.546324,60.525045],[32.544351,60.526723],[32.543848,60.526854],[32.543507,60.5267],[32.543605,60.525987],[32.544044,60.525192],[32.54453,60.523662],[32.544425,60.522789],[32.544013,60.521404],[32.54258,60.519448],[32.541647,60.518777],[32.541044,60.518119],[32.540623,60.517227],[32.540469,60.516285],[32.540059,60.515319],[32.538555,60.512792],[32.537652,60.511648],[32.536284,60.509413],[32.535592,60.508608],[32.535278,60.507882],[32.532308,60.504926],[32.531251,60.503574],[32.530984,60.503439],[32.530619,60.503399],[32.529007,60.503855],[32.528514,60.503881],[32.528231,60.503665],[32.528388,60.503393],[32.529891,60.502666],[32.529899,60.502485],[32.529605,60.502238],[32.528188,60.501942],[32.525671,60.501858],[32.523136,60.501571],[32.521799,60.501267],[32.520648,60.50083],[32.519862,60.500306]],[[32.52002,60.497453],[32.521131,60.497553],[32.523229,60.498413],[32.525488,60.49908],[32.526665,60.499254],[32.527534,60.499061],[32.528056,60.498755],[32.528327,60.498468],[32.528503,60.498043],[32.528233,60.496887],[32.527707,60.495639],[32.527279,60.494093],[32.526769,60.49326],[32.523778,60.490683],[32.523487,60.489993],[32.523122,60.489616],[32.522665,60.489454],[32.521858,60.489431],[32.519207,60.489722],[32.517867,60.489725],[32.51719,60.489576],[32.516498,60.489186],[32.516414,60.488692],[32.516624,60.488352],[32.517411,60.488028],[32.519215,60.48704],[32.521086,60.485792],[32.52166,60.485063],[32.521733,60.484442],[32.521534,60.484141],[32.520811,60.483773],[32.517991,60.482793],[32.516421,60.482397],[32.515181,60.481937],[32.514801,60.481717],[32.514738,60.481408],[32.515032,60.481177],[32.516623,60.480389],[32.517373,60.479214],[32.517698,60.478946],[32.521738,60.477156],[32.523841,60.475868],[32.524499,60.475242],[32.524972,60.47426],[32.527042,60.473366],[32.528103,60.472433],[32.528328,60.472063],[32.528375,60.471498],[32.52886,60.471003],[32.528995,60.470675],[32.528983,60.469866],[32.528681,60.468977],[32.528816,60.468186],[32.529622,60.467508],[32.531494,60.466434],[32.533817,60.46463],[32.534951,60.463566],[32.535722,60.462328],[32.535762,60.46063],[32.536001,60.459909],[32.537356,60.45776],[32.538059,60.457105],[32.538437,60.456849],[32.539904,60.456196],[32.541912,60.455772],[32.54525,60.455247],[32.545948,60.454993],[32.546701,60.454514],[32.546878,60.453711],[32.546179,60.451945],[32.546363,60.451062],[32.547423,60.450207],[32.550041,60.448951],[32.550392,60.448441],[32.550181,60.447962],[32.548213,60.447035],[32.547682,60.446673],[32.547306,60.445836],[32.547448,60.445186],[32.548624,60.444002],[32.550572,60.44279],[32.553665,60.441392],[32.554011,60.441021],[32.553807,60.440539],[32.550919,60.438971],[32.549634,60.437759],[32.549138,60.436687],[32.549091,60.435914],[32.548452,60.435144],[32.546562,60.434328],[32.545512,60.434144],[32.544187,60.434049],[32.543805,60.43396],[32.543571,60.433796],[32.54354,60.43361],[32.543842,60.433374],[32.545207,60.433048],[32.545931,60.432733],[32.54613,60.432481],[32.546088,60.432206],[32.545522,60.431847],[32.542692,60.431036],[32.541819,60.43056],[32.541662,60.430112],[32.54222,60.429737],[32.54438,60.429152],[32.545253,60.428715],[32.545618,60.428398],[32.545661,60.427521],[32.545091,60.426821],[32.54458,60.426473],[32.543259,60.425885],[32.542064,60.425623]]]}},{"type":"Feature","properties":{"depth_m":15,"source":"ГУНиО МО, навигационная карта № 25070 «Свирская губа», 1:50 000; скан ladoga-lake.ru (https://ladoga-lake.ru/maps/navi_su/navi-su-13.html)","chart":"25070","chart_sheet":"13","n_lines":25,"method":"полуавтоматическая векторизация чёрных изобат со скана (порог+скелетизация+сшивка), глубина подписана вручную по надписям на изобатах; привязка по картографической сетке","datum":"WGS84 (перевод СК-42 карты сдвигом по долготе, указанным на карте)","depth_datum":"от среднего многолетнего уровня Ладожского озера (+5,1 м БС)"},"geometry":{"type":"MultiLineString","coordinates":[[[32.539305,60.623057],[32.538762,60.622336],[32.537013,60.621189],[32.536587,60.620307],[32.536823,60.616216],[32.537206,60.614749],[32.538252,60.61307],[32.539121,60.612323],[32.543134,60.609834],[32.544291,60.608648],[32.544843,60.607614],[32.544401,60.605466],[32.544026,60.604674],[32.543511,60.604063],[32.54262,60.602499],[32.542411,60.601463],[32.542833,60.600219],[32.543439,60.599404],[32.544406,60.598526],[32.546314,60.597183],[32.546897,60.596497],[32.54702,60.594947],[32.546398,60.591615],[32.546397,60.590754],[32.547109,60.589129],[32.548992,60.587172],[32.549548,60.585971],[32.550045,60.585406],[32.549877,60.58414],[32.548605,60.582019],[32.548277,60.581071],[32.548244,60.57943],[32.548808,60.578182],[32.549448,60.577361],[32.550374,60.576471],[32.551125,60.575401],[32.551142,60.575217],[32.550666,60.57498],[32.550608,60.574856],[32.551327,60.574354],[32.551799,60.573856],[32.552534,60.571833],[32.552879,60.570314],[32.552876,60.567495],[32.552406,60.56632],[32.55229,60.565663],[32.552471,60.564983],[32.553657,60.562516],[32.554067,60.560336],[32.554382,60.559472],[32.554074,60.557688],[32.552597,60.555395],[32.55242,60.554645],[32.552553,60.553194]],[[32.561906,60.631174],[32.561071,60.631357],[32.560312,60.631347],[32.559147,60.631091],[32.558191,60.63072],[32.557293,60.630257],[32.556767,60.629824],[32.55566,60.628083],[32.555393,60.627927],[32.554854,60.627851],[32.554398,60.627988],[32.553904,60.628677],[32.553393,60.630291],[32.552852,60.630797],[32.552233,60.631063],[32.550087,60.631418],[32.54383,60.632105],[32.5415,60.632199],[32.540046,60.631977],[32.538882,60.631556],[32.538021,60.630979],[32.536856,60.62975],[32.536368,60.628524],[32.536367,60.627386],[32.536614,60.626558],[32.537398,60.625664],[32.538965,60.624717],[32.539306,60.62431]],[[32.555025,60.549617],[32.55753,60.546975],[32.558696,60.544971],[32.559033,60.5436],[32.559041,60.54078],[32.559173,60.540264],[32.559061,60.539177],[32.558867,60.538756],[32.558326,60.538158],[32.55718,60.537615],[32.556353,60.537335],[32.555157,60.537153],[32.553434,60.537134],[32.55153,60.537572],[32.550772,60.537637],[32.549913,60.537485],[32.549355,60.537112],[32.549295,60.536343],[32.549487,60.535986],[32.551018,60.534941],[32.552646,60.534157],[32.553244,60.533624],[32.553218,60.533133]],[[32.56376,60.626846],[32.562724,60.627401],[32.562306,60.627892],[32.562214,60.62839],[32.562679,60.629504]],[[32.562841,60.639979],[32.562067,60.639858],[32.561522,60.639578],[32.561157,60.639117],[32.561262,60.638831],[32.561798,60.638393],[32.563393,60.637611],[32.564046,60.636988],[32.564213,60.636492],[32.564121,60.634819],[32.564659,60.633963],[32.565588,60.633206],[32.567293,60.632302],[32.568639,60.631198],[32.569829,60.629608],[32.569952,60.62835],[32.569766,60.627862],[32.569448,60.627607],[32.568438,60.627149],[32.567242,60.626845]],[[32.599219,60.647938],[32.599373,60.648014],[32.599374,60.649233],[32.599251,60.649637],[32.598634,60.650782],[32.597347,60.65244],[32.595034,60.654537],[32.593119,60.656023],[32.592253,60.6565],[32.591547,60.656633],[32.590838,60.656526],[32.589492,60.655971],[32.587439,60.654789],[32.581505,60.65064],[32.580748,60.649715],[32.580646,60.649207],[32.580924,60.648612],[32.581728,60.647866]],[[32.603704,60.642397],[32.605081,60.641706],[32.606076,60.64098],[32.606759,60.640276],[32.607906,60.638564],[32.608731,60.637714],[32.610541,60.636795],[32.611751,60.636485],[32.613861,60.636135],[32.618026,60.635871],[32.620246,60.635542],[32.623752,60.634314],[32.624331,60.634195],[32.625926,60.634059],[32.627734,60.633757],[32.628911,60.633423],[32.630652,60.632692],[32.631884,60.632403],[32.63368,60.632387],[32.634501,60.6326],[32.635139,60.633027],[32.636607,60.634603],[32.637289,60.635028],[32.638554,60.635622],[32.640092,60.636089],[32.642932,60.637161],[32.644479,60.637447],[32.645111,60.637448],[32.645627,60.637357],[32.645975,60.637146],[32.646114,60.636867],[32.646052,60.636243],[32.6457,60.635836],[32.644249,60.635031],[32.642095,60.634332],[32.64043,60.633576],[32.639961,60.633126],[32.639609,60.632181],[32.640523,60.630668],[32.640524,60.630126],[32.640226,60.629277],[32.640349,60.628502],[32.640844,60.628241],[32.641378,60.628131],[32.643424,60.62817],[32.644357,60.62803],[32.64472,60.627811],[32.644869,60.627549],[32.644404,60.626828]],[[32.643939,60.626126],[32.644248,60.625487],[32.644991,60.62515],[32.64657,60.625081],[32.648861,60.625202],[32.649654,60.625069],[32.650254,60.624678],[32.65013,60.624207]],[[32.648684,60.623098],[32.648395,60.622816],[32.64824,60.622393],[32.648283,60.621615],[32.648533,60.62115],[32.649843,60.620384],[32.652134,60.619609],[32.652492,60.619367],[32.652709,60.618997],[32.652641,60.618379],[32.652417,60.617896],[32.650557,60.615998],[32.650433,60.615588],[32.650634,60.615208],[32.651253,60.614995],[32.652142,60.61508],[32.657277,60.61747]],[[32.662369,60.636694],[32.662289,60.635876],[32.661705,60.635479],[32.661078,60.635201],[32.65842,60.634443],[32.656336,60.634099],[32.654313,60.633615],[32.653728,60.633613],[32.653264,60.633758],[32.653078,60.634039],[32.653202,60.634365],[32.653698,60.634722],[32.656641,60.636088]],[[32.65925,60.618249],[32.661083,60.618854],[32.662713,60.619258],[32.663707,60.61942],[32.665139,60.619439],[32.66672,60.619164],[32.668859,60.618395],[32.669982,60.617561],[32.670078,60.616678],[32.669582,60.615985],[32.669321,60.615306],[32.669352,60.615007],[32.669646,60.614764],[32.670249,60.614673],[32.670853,60.614724],[32.672766,60.61547],[32.674245,60.615872],[32.675112,60.615939],[32.676148,60.615825],[32.677191,60.615494],[32.678128,60.61496],[32.680786,60.612474],[32.681612,60.612119],[32.683098,60.611861]],[[32.66699,60.838876],[32.666525,60.838298],[32.666571,60.8379],[32.666773,60.837617],[32.668538,60.83669],[32.670338,60.835908],[32.671979,60.83445],[32.672409,60.83375]],[[32.671017,60.837066],[32.671461,60.836893],[32.672906,60.836017],[32.675869,60.835282],[32.676715,60.834953],[32.677493,60.834493],[32.678201,60.833762],[32.678675,60.832687],[32.679355,60.831921],[32.682534,60.828877],[32.684436,60.827391],[32.685998,60.825909],[32.686665,60.824827],[32.686809,60.824153],[32.686808,60.823411],[32.686606,60.822735],[32.686009,60.821917],[32.684948,60.821233],[32.683615,60.820841],[32.683052,60.82078],[32.682011,60.820811],[32.681075,60.821082],[32.678964,60.822468],[32.677626,60.823771],[32.677242,60.824339],[32.677329,60.825102],[32.677845,60.825598],[32.678844,60.826295],[32.678957,60.826874],[32.678601,60.827115],[32.677704,60.827428],[32.67556,60.827679],[32.674806,60.828096],[32.674803,60.828247],[32.67543,60.828725],[32.675916,60.829304],[32.676124,60.829905],[32.676125,60.830583],[32.67597,60.830659]],[[32.69491,60.67401],[32.694755,60.674086],[32.690738,60.674314],[32.687778,60.674314],[32.686715,60.67439],[32.684679,60.674391],[32.68082,60.674225],[32.678666,60.673927],[32.677126,60.673541],[32.676075,60.673018],[32.675783,60.672667],[32.675803,60.672494],[32.676521,60.671985],[32.677025,60.671795],[32.678093,60.671669],[32.67961,60.671662],[32.684628,60.671964],[32.685983,60.672263],[32.686702,60.672116],[32.689945,60.672267],[32.693368,60.672267],[32.69505,60.672365],[32.695838,60.672494]],[[32.715483,60.615635],[32.712347,60.615233],[32.710547,60.615142],[32.709277,60.61522],[32.707902,60.615523],[32.705712,60.616569],[32.70459,60.617234],[32.702432,60.618756],[32.700419,60.620435],[32.699053,60.621186],[32.698388,60.621398],[32.697892,60.621307],[32.697703,60.62102],[32.698084,60.619722],[32.697848,60.618985],[32.697007,60.618244],[32.695489,60.617404]],[[32.704478,60.628489],[32.703326,60.628262],[32.701814,60.628201],[32.689768,60.628795],[32.68279,60.628796],[32.678932,60.628626],[32.677618,60.628502],[32.672415,60.628564],[32.669191,60.628411],[32.664947,60.628328],[32.662068,60.628116],[32.660491,60.628116],[32.659035,60.628268],[32.658047,60.628651],[32.65775,60.628906],[32.657577,60.629275],[32.65772,60.629673],[32.657937,60.629844],[32.658597,60.630115],[32.659361,60.630257],[32.663481,60.630363],[32.665786,60.630666],[32.6667,60.630859],[32.668853,60.631546],[32.670572,60.63243],[32.671059,60.632789],[32.672046,60.633858],[32.672741,60.634258],[32.673528,60.634483],[32.675225,60.63456],[32.675747,60.634457],[32.676091,60.634097],[32.676146,60.632744],[32.676331,60.632334],[32.676919,60.631909],[32.67808,60.631454],[32.678921,60.631378],[32.684825,60.631377],[32.688996,60.631224],[32.691318,60.631224],[32.692395,60.6313],[32.701081,60.631299],[32.702343,60.631222],[32.703884,60.631101],[32.704939,60.630835],[32.706003,60.630305],[32.706337,60.629704],[32.706492,60.629628]],[[32.710994,60.845649],[32.713628,60.845875],[32.716389,60.845856],[32.717495,60.845639],[32.718327,60.845171],[32.719967,60.84348],[32.721538,60.841185],[32.721978,60.840036],[32.72199,60.839609],[32.721648,60.838474],[32.721046,60.837793],[32.719722,60.83688],[32.719539,60.836488],[32.719817,60.836259],[32.720517,60.836077],[32.723341,60.835897],[32.723969,60.835682],[32.724155,60.835474]],[[32.732599,60.622996],[32.732457,60.622116],[32.731777,60.621353],[32.728023,60.619524],[32.727005,60.618827],[32.726925,60.618615],[32.727049,60.618289],[32.727957,60.617375],[32.728163,60.616953],[32.728107,60.616196],[32.727884,60.615911],[32.727388,60.615577],[32.72687,60.615402],[32.726082,60.615263],[32.724578,60.615198],[32.719782,60.615935],[32.717606,60.61592]],[[32.72585,60.824845],[32.725849,60.824082],[32.726356,60.822827],[32.728232,60.820659],[32.730053,60.819053],[32.73026,60.818525],[32.730879,60.817974],[32.731645,60.816651],[32.731862,60.815816],[32.732603,60.814692],[32.733438,60.814062],[32.73604,60.812925],[32.737066,60.812304],[32.737148,60.811561],[32.7369,60.810958],[32.736496,60.810521],[32.735339,60.809658],[32.735091,60.809387],[32.735095,60.809156],[32.735674,60.809005],[32.736208,60.809072],[32.737793,60.809819],[32.738875,60.810093],[32.740353,60.809952],[32.740787,60.809758],[32.740996,60.809493],[32.740879,60.808761],[32.739421,60.807735],[32.738894,60.806583],[32.738801,60.806072],[32.73827,60.805209],[32.736567,60.803255],[32.736606,60.802495],[32.737417,60.801204],[32.737149,60.799882],[32.737209,60.797169],[32.736773,60.796805],[32.735957,60.796576],[32.73543,60.796182],[32.734368,60.795705],[32.734019,60.795439],[32.733879,60.795145],[32.733904,60.794848],[32.734127,60.794591],[32.734557,60.794416],[32.734941,60.794386],[32.736241,60.794503],[32.740812,60.795739],[32.743202,60.796112],[32.744083,60.796153],[32.745181,60.796075],[32.746274,60.795721],[32.746819,60.795203],[32.746893,60.794891],[32.746707,60.794587],[32.745653,60.794005],[32.742433,60.792986],[32.740571,60.792171],[32.740228,60.79191],[32.740073,60.791533],[32.740166,60.791378],[32.740383,60.791306],[32.740538,60.791344]],[[32.770619,60.642374],[32.771356,60.641905],[32.771818,60.641229],[32.771857,60.640693],[32.771507,60.639795],[32.770477,60.638722],[32.767892,60.636965],[32.766736,60.635786],[32.766546,60.635421],[32.766174,60.635231],[32.757653,60.63317],[32.755109,60.632679],[32.75107,60.632218],[32.746158,60.631977],[32.743487,60.631977],[32.742446,60.632061],[32.738938,60.632125],[32.735143,60.63213],[32.732943,60.631887],[32.731293,60.631508],[32.72975,60.63084],[32.729195,60.630491],[32.728327,60.629701]],[[32.737617,60.62636],[32.738664,60.626457],[32.742359,60.627088],[32.745002,60.627669],[32.745424,60.627878],[32.745667,60.628136],[32.745848,60.628925],[32.74561,60.629138],[32.74436,60.629386],[32.740546,60.629396],[32.738267,60.629315],[32.736695,60.629164],[32.730495,60.629094]],[[32.739917,60.790665],[32.739772,60.790324],[32.739786,60.789794],[32.740009,60.789502],[32.740399,60.789269],[32.741087,60.789166],[32.743799,60.789219],[32.744615,60.789154],[32.745927,60.788761],[32.746112,60.788512],[32.745926,60.788251],[32.745423,60.788067],[32.743581,60.787694],[32.742708,60.787413],[32.741794,60.78695],[32.739576,60.785549],[32.738506,60.785189],[32.737692,60.785153],[32.736876,60.785259],[32.735389,60.785894],[32.734476,60.786173],[32.733665,60.786211],[32.731974,60.786126],[32.731212,60.786658],[32.730743,60.787336],[32.730245,60.787782],[32.726619,60.789463],[32.725425,60.790399],[32.725342,60.790579],[32.725572,60.790818],[32.72721,60.791426],[32.727866,60.791829],[32.728126,60.792214],[32.728145,60.792864],[32.727767,60.793906],[32.726884,60.794656],[32.725204,60.795483],[32.724228,60.795695],[32.723867,60.79568],[32.722595,60.795032],[32.721214,60.793659],[32.720819,60.793407],[32.719194,60.792856],[32.717057,60.792374],[32.715782,60.791713],[32.714859,60.79066],[32.714551,60.789229],[32.713642,60.787853],[32.713579,60.787422],[32.713734,60.787007],[32.713962,60.786842],[32.715503,60.786433],[32.717628,60.786289],[32.719685,60.786509],[32.72141,60.786509],[32.722371,60.78639],[32.723156,60.786132],[32.724111,60.785476],[32.724529,60.784847],[32.725022,60.78321],[32.725992,60.781911],[32.727047,60.780991],[32.728926,60.779867],[32.7326,60.778136],[32.733399,60.777545],[32.736179,60.77654],[32.73916,60.775184],[32.73927,60.774944],[32.738987,60.773913],[32.737134,60.772194],[32.736077,60.770155],[32.736025,60.768762],[32.736404,60.767541],[32.736875,60.767024],[32.737363,60.766888],[32.738472,60.766906],[32.740545,60.767444],[32.742226,60.767681],[32.743912,60.767756],[32.746581,60.767575],[32.747481,60.767319],[32.747828,60.767098],[32.747867,60.766835],[32.747685,60.76653],[32.746845,60.766056],[32.745347,60.765641],[32.74284,60.7652],[32.740772,60.764706],[32.739475,60.764136],[32.739056,60.763707],[32.739003,60.762947],[32.739451,60.762197],[32.743767,60.758577],[32.744514,60.757685],[32.744488,60.757146],[32.744209,60.756896],[32.743543,60.756632],[32.741136,60.756059],[32.740846,60.755816],[32.740885,60.755536],[32.741171,60.755256],[32.741751,60.754936],[32.743996,60.75428],[32.744914,60.753903],[32.74607,60.753729],[32.748553,60.753098],[32.749611,60.752521],[32.75021,60.751931],[32.750975,60.750504],[32.751283,60.750409],[32.752163,60.750374],[32.752561,60.750199],[32.752747,60.749743],[32.752503,60.749666],[32.751423,60.749685],[32.751072,60.749617],[32.750544,60.749046],[32.749494,60.748567],[32.748916,60.748151],[32.748753,60.747867],[32.748865,60.747249],[32.749501,60.746698],[32.750272,60.746326],[32.751333,60.746008],[32.756122,60.745462],[32.757567,60.745176],[32.758357,60.744843],[32.758465,60.744646],[32.758372,60.744449],[32.757676,60.744114],[32.757082,60.744018],[32.754619,60.743875],[32.753357,60.74358],[32.752918,60.74324],[32.753073,60.742862],[32.754014,60.74262],[32.757336,60.742604],[32.759079,60.742428],[32.760432,60.742062],[32.760848,60.741848],[32.761071,60.741575],[32.761026,60.741265],[32.76073,60.741024],[32.757825,60.740416],[32.756607,60.739955],[32.755389,60.739339],[32.754578,60.738563],[32.754304,60.737379],[32.755082,60.735573],[32.756652,60.733561],[32.759088,60.731339],[32.761813,60.729494],[32.763157,60.728355],[32.763634,60.72765],[32.764459,60.725688],[32.764466,60.724791],[32.763758,60.723993],[32.763069,60.72362],[32.761869,60.723154],[32.758342,60.722152],[32.757516,60.721799],[32.757144,60.721542],[32.756833,60.721142],[32.75674,60.720418],[32.756894,60.720033],[32.757374,60.719607],[32.758449,60.71908],[32.759675,60.718689],[32.760409,60.718317],[32.760743,60.717476],[32.761411,60.716961],[32.761911,60.716757],[32.763521,60.716333],[32.764464,60.715889],[32.764777,60.715612],[32.765378,60.714679],[32.765873,60.71265],[32.765872,60.711568],[32.765528,60.710591],[32.765096,60.70997],[32.763267,60.708395],[32.76269,60.707511],[32.762614,60.706197],[32.762899,60.704683],[32.762576,60.703475],[32.762038,60.702642],[32.761991,60.702103],[32.762153,60.701817],[32.762952,60.701362],[32.765218,60.700734],[32.766274,60.700201],[32.766778,60.699348],[32.766666,60.698372],[32.766428,60.69799],[32.765912,60.697527],[32.764926,60.696967],[32.763709,60.69657],[32.761573,60.696139],[32.758358,60.695744],[32.750241,60.695204],[32.748306,60.695035],[32.746706,60.694789],[32.745101,60.694344],[32.743972,60.69373],[32.743598,60.693388],[32.743579,60.69268],[32.74383,60.692405],[32.745316,60.691617],[32.746821,60.691145],[32.748753,60.690795],[32.75392,60.690316],[32.759074,60.690081],[32.764462,60.689678],[32.767074,60.6893],[32.768775,60.688841],[32.76988,60.688326],[32.770243,60.688066],[32.770823,60.687245],[32.770963,60.686811],[32.77055,60.685885],[32.76958,60.684837],[32.768988,60.683928],[32.769026,60.683305],[32.769464,60.682732],[32.770205,60.682188],[32.770804,60.681885],[32.772275,60.681449],[32.773528,60.681239],[32.776846,60.68096],[32.778692,60.680603],[32.779459,60.680276],[32.779949,60.679925],[32.780097,60.679621],[32.780097,60.67908]],[[32.779012,60.678322],[32.773462,60.67785],[32.770619,60.677734],[32.767247,60.677404],[32.765438,60.677093],[32.763064,60.676529],[32.761968,60.675967],[32.761753,60.675686],[32.761759,60.675282],[32.761938,60.674887],[32.762344,60.674488],[32.763998,60.673725],[32.764978,60.673537],[32.765829,60.673483],[32.767866,60.673536],[32.769329,60.673691],[32.773755,60.674434],[32.775873,60.674434],[32.778365,60.674049],[32.779844,60.673499],[32.781884,60.673026],[32.787017,60.672372],[32.788422,60.672265],[32.791844,60.671716],[32.792933,60.671413],[32.794178,60.670877],[32.794756,60.670412],[32.794962,60.670001],[32.794915,60.669385],[32.794555,60.668936],[32.793291,60.668314],[32.792538,60.668059],[32.78425,60.665975],[32.781256,60.665405],[32.774872,60.664347],[32.767819,60.663633],[32.761816,60.663236],[32.755683,60.663243],[32.753049,60.663591],[32.752099,60.663869],[32.751472,60.664169],[32.750724,60.664703],[32.749843,60.665574],[32.748944,60.666039],[32.748006,60.666312],[32.746487,60.66632],[32.744913,60.665961],[32.74215,60.664757],[32.741234,60.664439],[32.737376,60.663548],[32.735687,60.663277],[32.73268,60.662955],[32.724188,60.662396],[32.721517,60.662339],[32.7184,60.662122],[32.716741,60.66193],[32.715909,60.661749],[32.715225,60.661496],[32.714493,60.66103],[32.714432,60.660756],[32.714624,60.660465],[32.715681,60.659846],[32.716591,60.65962],[32.718429,60.659451],[32.730524,60.65952],[32.734833,60.659371],[32.737505,60.65937],[32.740923,60.659228],[32.748151,60.658756],[32.752374,60.658693],[32.753431,60.65861],[32.762583,60.65861],[32.766909,60.658761],[32.773115,60.658761],[32.774008,60.658685],[32.775514,60.658412],[32.776666,60.657923],[32.777372,60.657387],[32.777422,60.656667],[32.776942,60.6562],[32.775872,60.655827],[32.774168,60.65561],[32.7725,60.655499],[32.770462,60.655499],[32.766901,60.655358],[32.763929,60.655139],[32.759816,60.654711],[32.758196,60.654449],[32.75609,60.65382],[32.755473,60.653516],[32.754195,60.652479],[32.753265,60.65194],[32.751852,60.651338],[32.750231,60.650927],[32.748372,60.65061],[32.746307,60.650494],[32.739361,60.650472],[32.73799,60.650224],[32.737025,60.649869],[32.736278,60.649243],[32.736103,60.648936],[32.736104,60.648487],[32.736424,60.648083],[32.737963,60.647315],[32.740403,60.64647],[32.742724,60.645479],[32.744582,60.644265],[32.746312,60.642684],[32.747292,60.642254],[32.748314,60.642148]],[[32.749754,60.701509],[32.748704,60.701252],[32.747023,60.701213],[32.743152,60.701774],[32.739246,60.701988],[32.738172,60.702215],[32.737395,60.702753],[32.737054,60.703619],[32.737126,60.704679],[32.737556,60.705513],[32.738117,60.706009],[32.738528,60.70613],[32.739137,60.70618],[32.740142,60.706057],[32.740905,60.705732],[32.74202,60.704913],[32.743607,60.704109],[32.749559,60.702908],[32.750529,60.702494],[32.750993,60.702039]],[[32.771704,60.643588],[32.771859,60.643664],[32.772272,60.643654],[32.773325,60.643511],[32.775027,60.643098],[32.776971,60.642776],[32.778706,60.642753],[32.779961,60.64292],[32.781738,60.643753],[32.782729,60.64463],[32.783355,60.645757],[32.783604,60.647351],[32.782629,60.648405],[32.781292,60.6492],[32.77972,60.649871],[32.776656,60.650864],[32.772494,60.651828],[32.769077,60.652162],[32.766289,60.652162],[32.762591,60.651925],[32.759919,60.651868],[32.756391,60.65154],[32.751796,60.650081],[32.748483,60.649155],[32.746977,60.648496],[32.7465,60.648141],[32.746231,60.647775],[32.746428,60.646974],[32.74687,60.646523],[32.749749,60.644462],[32.750453,60.64368],[32.750638,60.643058]]]}},{"type":"Feature","properties":{"depth_m":20,"source":"ГУНиО МО, навигационная карта № 25068 «От маяка Кареджи до маяка Сухо», 1:50 000; скан ladoga-lake.ru (https://ladoga-lake.ru/maps/navi_su/navi-su-18.html)","chart":"25068","chart_sheet":"18","n_lines":12,"method":"полуавтоматическая векторизация чёрных изобат со скана (порог+скелетизация+сшивка), глубина подписана вручную по надписям на изобатах; привязка по картографической сетке","datum":"WGS84 (перевод СК-42 карты сдвигом по долготе, указанным на карте)","depth_datum":"от среднего многолетнего уровня Ладожского озера (+5,1 м БС)"},"geometry":{"type":"MultiLineString","coordinates":[[[31.429646,60.416105],[31.42979,60.415597],[31.431126,60.413007],[31.431857,60.411902],[31.434031,60.409817],[31.438542,60.40684],[31.43967,60.405801],[31.440872,60.40389],[31.441917,60.403101],[31.442326,60.402886],[31.442846,60.402787],[31.443661,60.402786],[31.444266,60.402886],[31.445005,60.403289],[31.445809,60.404285],[31.446504,60.404623]],[[31.448048,60.401926],[31.447183,60.401211],[31.446063,60.400043],[31.445895,60.399728],[31.445899,60.399278],[31.446235,60.398927],[31.447708,60.398371],[31.448502,60.39792],[31.448908,60.397442],[31.449348,60.396194],[31.449719,60.395681],[31.450704,60.395003],[31.451914,60.39454],[31.453054,60.39428],[31.455366,60.394006],[31.456658,60.3936],[31.457268,60.393188],[31.458786,60.3917],[31.45999,60.391102],[31.46053,60.390403],[31.462419,60.3889],[31.463673,60.387968],[31.465818,60.386725],[31.467724,60.385053],[31.46878,60.384499],[31.469524,60.384267],[31.471042,60.384004],[31.473209,60.383965],[31.474647,60.384211],[31.47603,60.384806],[31.477195,60.385682],[31.477848,60.386706],[31.478067,60.388968],[31.478424,60.390074],[31.478921,60.390498],[31.479642,60.390814],[31.480176,60.39089],[31.480858,60.390782],[31.48157,60.390265],[31.482239,60.38869],[31.482915,60.388045],[31.483554,60.387762],[31.485317,60.387311],[31.486416,60.386941],[31.487035,60.38664],[31.487562,60.386193],[31.487685,60.385877],[31.487617,60.385429],[31.486579,60.384501],[31.48617,60.38363],[31.486132,60.382633],[31.48643,60.381738],[31.48675,60.381277],[31.488008,60.380025],[31.48891,60.379477],[31.490694,60.377654],[31.491576,60.377023],[31.49264,60.376538],[31.493735,60.376264],[31.494997,60.376235],[31.496405,60.376363],[31.499315,60.376834],[31.501046,60.37698],[31.50318,60.377434],[31.505511,60.378457],[31.50664,60.378793],[31.507359,60.378813],[31.507979,60.378594],[31.508568,60.378188],[31.509176,60.377293],[31.509902,60.376634],[31.51166,60.375758],[31.512347,60.37523],[31.513382,60.373013],[31.513973,60.37219],[31.514824,60.371387],[31.516041,60.370823],[31.518357,60.370193],[31.519736,60.369729],[31.520526,60.369359],[31.522527,60.367807],[31.524578,60.366513],[31.531226,60.36319],[31.532824,60.362599],[31.53732,60.361574],[31.538328,60.361231],[31.539531,60.360308],[31.540518,60.357969],[31.541006,60.357395],[31.542688,60.355948],[31.543496,60.353997],[31.544108,60.35331],[31.544889,60.352838],[31.545735,60.35255],[31.547663,60.352168],[31.549043,60.352137],[31.549198,60.35206]],[[31.507827,60.38155],[31.507827,60.381434],[31.508384,60.381133],[31.511734,60.380478],[31.513709,60.379846],[31.515378,60.378981],[31.516769,60.377767],[31.51731,60.377465],[31.517991,60.377242],[31.518604,60.377159],[31.519748,60.377168],[31.521909,60.377475],[31.522976,60.37786],[31.52359,60.378461],[31.523945,60.379281],[31.523816,60.379792],[31.522529,60.380992],[31.52071,60.382084],[31.519747,60.383002],[31.519268,60.383826],[31.519028,60.384647],[31.519166,60.385221],[31.5196,60.385804],[31.520402,60.386462],[31.520645,60.386965],[31.52048,60.387369],[31.519447,60.387864],[31.518889,60.387959],[31.51766,60.387996],[31.516668,60.38769],[31.516006,60.387178],[31.515785,60.386304],[31.515102,60.385636],[31.51329,60.385087],[31.512639,60.384708],[31.512258,60.384301],[31.511519,60.383786],[31.510325,60.383249],[31.508949,60.382769],[31.508448,60.382474]],[[31.554161,60.353834],[31.554646,60.353751],[31.556579,60.353076],[31.558238,60.352967],[31.559138,60.353079],[31.561299,60.353897],[31.563016,60.354359],[31.56429,60.354519],[31.565532,60.354478],[31.566711,60.354218],[31.567938,60.353669],[31.569075,60.352684],[31.570011,60.352138],[31.570546,60.351984],[31.572222,60.35175],[31.576041,60.351742],[31.577473,60.351818],[31.579553,60.351996],[31.58271,60.352563],[31.584637,60.352592],[31.585925,60.352252],[31.587347,60.351583],[31.590314,60.34935],[31.591689,60.348585],[31.592309,60.348416]],[[31.651415,60.372553],[31.647668,60.372485],[31.642419,60.372227],[31.640057,60.3718],[31.639323,60.371549],[31.638734,60.371232],[31.63818,60.370649],[31.638114,60.370238],[31.638647,60.369369],[31.641115,60.366764],[31.641175,60.365614],[31.640865,60.365151]],[[31.641487,60.374098],[31.642238,60.373863],[31.642852,60.373789],[31.644366,60.373794],[31.645763,60.373936],[31.648456,60.374018],[31.650497,60.374018],[31.652129,60.373863],[31.652812,60.373632]],[[31.692374,60.382565],[31.691133,60.382873],[31.689069,60.3844],[31.687279,60.384974],[31.685557,60.385249],[31.683088,60.385418],[31.681041,60.385311],[31.679575,60.385072],[31.678024,60.38461],[31.677377,60.384315],[31.6769,60.383945],[31.676394,60.3828],[31.676394,60.381644],[31.676167,60.380768],[31.675582,60.379699],[31.675153,60.379331],[31.674362,60.379054],[31.673158,60.378968],[31.671855,60.378982],[31.670507,60.378725],[31.669766,60.37839],[31.668292,60.377342],[31.666879,60.376833],[31.664655,60.376456],[31.662258,60.376405],[31.661367,60.376471],[31.659895,60.376775],[31.654778,60.378672],[31.652345,60.37909],[31.650703,60.379158],[31.648911,60.378965],[31.647265,60.378462],[31.64551,60.377415],[31.642277,60.375871],[31.641953,60.375485]],[[31.717974,60.391421],[31.717819,60.391344],[31.717232,60.3913],[31.716123,60.391586],[31.715492,60.391652],[31.714097,60.391483],[31.712095,60.390866],[31.710061,60.389814],[31.70882,60.389294],[31.707579,60.389111]],[[31.728215,60.388568],[31.730401,60.387582],[31.732466,60.387042],[31.734249,60.386864],[31.73782,60.386777],[31.739205,60.386537],[31.73984,60.386252],[31.740287,60.3859],[31.74128,60.384333],[31.742354,60.383798],[31.745961,60.382742],[31.751266,60.381506],[31.751801,60.381321]],[[31.801749,60.409658],[31.801904,60.409581],[31.801812,60.4091],[31.800997,60.407283],[31.800545,60.406644],[31.79895,60.405341],[31.795252,60.403276],[31.794353,60.402183],[31.794152,60.401422],[31.794266,60.400801],[31.794784,60.400349],[31.796418,60.399497],[31.796872,60.398911],[31.796947,60.397566],[31.796578,60.396654],[31.795998,60.396195],[31.794912,60.395655],[31.790807,60.394235],[31.789057,60.393501],[31.786564,60.392638],[31.785142,60.391809],[31.784693,60.39136],[31.784538,60.390949],[31.78483,60.389341],[31.784714,60.388012],[31.784407,60.387386],[31.783729,60.386802],[31.782074,60.386028],[31.779437,60.385087],[31.77597,60.383332],[31.774293,60.382714],[31.773099,60.382379],[31.771354,60.382109],[31.769154,60.382089],[31.765994,60.382465],[31.764851,60.382444],[31.764082,60.382227],[31.762036,60.381025],[31.760926,60.380592],[31.759783,60.380402],[31.758412,60.3804],[31.757698,60.380472]],[[31.824706,60.415044],[31.825482,60.41489],[31.828917,60.413054],[31.830107,60.412566],[31.830883,60.412382],[31.832401,60.412232],[31.83364,60.412397],[31.834526,60.412812],[31.835303,60.413497],[31.836032,60.41389],[31.836753,60.414136],[31.83735,60.414197],[31.837923,60.414142],[31.838657,60.413948],[31.840839,60.412972],[31.842034,60.412637],[31.844192,60.412309],[31.846515,60.412198],[31.848337,60.411942]],[[31.850617,60.411505],[31.852403,60.41128],[31.855426,60.411274],[31.856331,60.411338],[31.858712,60.411714],[31.860699,60.412203],[31.861963,60.412707],[31.865088,60.413437],[31.867483,60.413912],[31.872259,60.414573],[31.874316,60.414684],[31.876436,60.414654],[31.880135,60.414118],[31.881701,60.413984],[31.882508,60.413979],[31.88319,60.414123]]]}},{"type":"Feature","properties":{"depth_m":20,"source":"ГУНиО МО, навигационная карта № 25069 «Волховская губа», 1:50 000; скан ladoga-lake.ru (https://ladoga-lake.ru/maps/navi_su/navi-su-16.html)","chart":"25069","chart_sheet":"16","n_lines":10,"method":"полуавтоматическая векторизация чёрных изобат со скана (порог+скелетизация+сшивка), глубина подписана вручную по надписям на изобатах; привязка по картографической сетке","datum":"WGS84 (перевод СК-42 карты сдвигом по долготе, указанным на карте)","depth_datum":"от среднего многолетнего уровня Ладожского озера (+5,1 м БС)"},"geometry":{"type":"MultiLineString","coordinates":[[[32.245368,60.421149],[32.245211,60.421071],[32.244801,60.421087],[32.244264,60.421226],[32.241882,60.422838],[32.23892,60.426111],[32.238027,60.427535],[32.23767,60.429284],[32.237947,60.430581],[32.237929,60.432401],[32.237502,60.433222],[32.236247,60.434693],[32.235891,60.435747],[32.235979,60.436489],[32.237106,60.438167],[32.237078,60.438923],[32.236023,60.439708],[32.231655,60.441724],[32.23047,60.442595],[32.22991,60.4435],[32.229631,60.444446],[32.228586,60.446811],[32.227672,60.447838],[32.226087,60.448896],[32.225555,60.449439],[32.224993,60.450452],[32.225055,60.451156],[32.224865,60.452137],[32.224338,60.452996],[32.223118,60.454329],[32.221043,60.456232],[32.218421,60.458997],[32.216016,60.461307],[32.214727,60.462289],[32.212012,60.46373],[32.208102,60.465218],[32.206348,60.466438],[32.203836,60.467669],[32.201146,60.468599],[32.197983,60.469844],[32.194221,60.471693],[32.191962,60.473062],[32.190836,60.47437],[32.189747,60.477081],[32.189131,60.477626],[32.18818,60.478174],[32.186506,60.478658],[32.18449,60.478842],[32.183136,60.478808],[32.180577,60.478507],[32.177933,60.478557],[32.176269,60.478709],[32.17568,60.478838],[32.173535,60.479641],[32.172327,60.480337],[32.168751,60.482869],[32.165306,60.484639],[32.163032,60.485147],[32.160859,60.485505],[32.158166,60.48569],[32.155643,60.486013],[32.152135,60.486778],[32.148432,60.487972],[32.144831,60.489739],[32.143187,60.490816],[32.141168,60.491739],[32.139559,60.492274],[32.137894,60.49262],[32.135556,60.492883],[32.134071,60.49297],[32.128607,60.492906],[32.125513,60.493258],[32.123249,60.493263],[32.122688,60.493126],[32.122143,60.4928],[32.121929,60.49187],[32.121714,60.491588],[32.121194,60.491443],[32.120548,60.491439],[32.119927,60.491543],[32.118579,60.491971],[32.113829,60.494271],[32.110878,60.495354],[32.108896,60.495749],[32.107238,60.495897],[32.105449,60.495896],[32.103169,60.496047],[32.100935,60.496461],[32.100296,60.496511],[32.099487,60.496457],[32.099022,60.496279],[32.098718,60.495971],[32.098838,60.495721],[32.100109,60.494969],[32.102602,60.49396],[32.103321,60.493581],[32.103924,60.492931],[32.103902,60.49254],[32.103586,60.492278],[32.103258,60.49217],[32.102046,60.492146],[32.100556,60.492416],[32.09828,60.493147],[32.097585,60.493271]],[[32.188829,60.48242],[32.190028,60.482564],[32.191354,60.482266],[32.192437,60.481709],[32.194521,60.480349],[32.195121,60.479764],[32.195302,60.479334],[32.194987,60.478978],[32.194451,60.478881],[32.193425,60.478901],[32.192673,60.479076],[32.191042,60.47973],[32.189621,60.480475],[32.189115,60.480806],[32.188989,60.481107]],[[32.245053,60.420916],[32.245369,60.420596],[32.246947,60.419767],[32.24995,60.417905],[32.25123,60.417292],[32.25231,60.417049]],[[32.257357,60.41643],[32.258828,60.416376],[32.261312,60.415828],[32.262356,60.415475],[32.263069,60.414918],[32.265452,60.41411],[32.266409,60.413946],[32.268123,60.413828],[32.270259,60.413547],[32.271702,60.413096],[32.274138,60.412137],[32.276693,60.41161],[32.278708,60.411398],[32.28082,60.411237],[32.283467,60.411178],[32.287215,60.411372],[32.290404,60.411984],[32.291525,60.412299],[32.294405,60.413717],[32.295193,60.41388],[32.295871,60.413818],[32.296444,60.413643],[32.297382,60.413179],[32.298826,60.412257],[32.300082,60.411636],[32.300813,60.411382],[32.301595,60.411234],[32.303527,60.411095],[32.305778,60.411095],[32.308619,60.411237],[32.312501,60.41156],[32.313362,60.41152],[32.314554,60.411301],[32.31518,60.411018],[32.316095,60.410161],[32.316143,60.409578],[32.315828,60.409248],[32.314898,60.408833],[32.314142,60.408613],[32.311499,60.408124],[32.309444,60.407927],[32.306986,60.407463],[32.304858,60.406746],[32.303869,60.406295],[32.303359,60.405933],[32.303145,60.405506],[32.303214,60.405187],[32.303871,60.404592],[32.304419,60.404434],[32.305251,60.404354],[32.306644,60.404438],[32.309919,60.405133],[32.311635,60.405198],[32.312475,60.405104],[32.313566,60.404574],[32.314146,60.403881],[32.314252,60.402919],[32.313791,60.40243],[32.313265,60.402239],[32.312213,60.402054],[32.30903,60.401828],[32.303927,60.400621],[32.301815,60.400277],[32.299792,60.400276],[32.297357,60.400719],[32.295694,60.400754],[32.294772,60.400469],[32.294245,60.400124],[32.293872,60.399378],[32.294167,60.398889],[32.294775,60.398658],[32.296929,60.398469],[32.302219,60.398408],[32.303372,60.398587],[32.304978,60.399413],[32.306577,60.399648],[32.307473,60.399702],[32.30926,60.39965],[32.312625,60.399864],[32.314276,60.39987],[32.316629,60.399625],[32.321689,60.398333],[32.324759,60.397855],[32.327975,60.397613],[32.334316,60.397471],[32.338662,60.397239],[32.339927,60.396991],[32.340732,60.396678],[32.341148,60.396245],[32.341213,60.395643],[32.341032,60.395289],[32.340185,60.394497],[32.338417,60.393286],[32.3378,60.392708],[32.337631,60.392087],[32.337884,60.391817],[32.338902,60.391289],[32.339877,60.390999],[32.340733,60.390866],[32.342449,60.390733],[32.343909,60.390736],[32.348175,60.391012],[32.349645,60.39132],[32.35016,60.391609],[32.350065,60.392143],[32.348457,60.393504],[32.347933,60.394426],[32.347614,60.395719],[32.346541,60.397644],[32.34591,60.39917],[32.345668,60.40065],[32.345278,60.401488],[32.344795,60.401953],[32.343091,60.40271],[32.341676,60.402949],[32.337106,60.402999],[32.330107,60.402897],[32.324983,60.402962],[32.322032,60.403256],[32.321364,60.40351],[32.320986,60.40385],[32.321048,60.404322],[32.321836,60.404826],[32.322545,60.405058],[32.323955,60.40529],[32.325959,60.405355],[32.327863,60.40529],[32.332826,60.404981],[32.336948,60.40484],[32.338991,60.404923],[32.339593,60.405028],[32.340088,60.405217],[32.340365,60.40557],[32.340183,60.405927],[32.339143,60.406605],[32.33545,60.408325],[32.334955,60.408785],[32.334535,60.409839],[32.334069,60.410167],[32.333568,60.410307],[32.33293,60.41031],[32.331758,60.410012]],[[32.330495,60.413341],[32.328553,60.413128],[32.326077,60.412492],[32.324383,60.411777],[32.323354,60.410908],[32.323129,60.410478],[32.323092,60.409838],[32.323206,60.409535],[32.323603,60.409178],[32.324361,60.408843],[32.325105,60.408665],[32.32614,60.408619],[32.326875,60.408774]],[[32.336798,60.413263],[32.336955,60.413186],[32.347827,60.413186],[32.349205,60.413051],[32.352293,60.413233],[32.354936,60.413637],[32.360334,60.415028],[32.365007,60.415656],[32.367438,60.415882],[32.370654,60.416396],[32.372377,60.416904],[32.3761,60.417733],[32.378403,60.418042],[32.381218,60.418061],[32.383273,60.417892],[32.385626,60.41751],[32.387676,60.416978]],[[32.390514,60.413573],[32.390356,60.413496],[32.390214,60.412743],[32.38936,60.411587],[32.388626,60.411004],[32.387171,60.410265],[32.386207,60.409974],[32.384737,60.409678],[32.383204,60.409466],[32.380532,60.409282],[32.378585,60.408994],[32.377813,60.408697],[32.377283,60.408272],[32.377225,60.407799],[32.377604,60.407459],[32.379941,60.406668],[32.3815,60.405746],[32.382401,60.404541],[32.382646,60.403511],[32.382241,60.401412],[32.38056,60.399177],[32.379639,60.398339],[32.379576,60.397775],[32.379092,60.397162],[32.379092,60.396852],[32.379502,60.39646],[32.381996,60.394983],[32.382842,60.394167],[32.383112,60.393452],[32.382985,60.391424],[32.383337,60.390271],[32.383996,60.389301],[32.386141,60.388114],[32.387288,60.387761],[32.389001,60.387474],[32.392085,60.387171],[32.39384,60.387093],[32.396674,60.387093],[32.40187,60.387326],[32.403933,60.387279],[32.404847,60.38707],[32.405642,60.386702],[32.406138,60.386334],[32.406369,60.385817],[32.406292,60.385504],[32.406018,60.385234],[32.405447,60.38494],[32.404848,60.3848],[32.402975,60.384769],[32.39922,60.385071],[32.395864,60.38501],[32.392456,60.384661],[32.391088,60.384404],[32.390325,60.384072],[32.390089,60.383793],[32.390372,60.383008],[32.390693,60.382777],[32.391334,60.382517],[32.392536,60.382259],[32.39856,60.38198],[32.402512,60.38198],[32.404813,60.382133],[32.407682,60.382481],[32.411155,60.383382],[32.412573,60.384075],[32.413706,60.384769],[32.415592,60.3856],[32.418041,60.386117],[32.420123,60.386336],[32.422607,60.386775],[32.423701,60.387112],[32.425019,60.387356],[32.426816,60.388208],[32.427358,60.388822],[32.427533,60.389246],[32.42748,60.39011],[32.42692,60.390836],[32.426544,60.391101],[32.424397,60.391902],[32.422827,60.392679],[32.422329,60.393038],[32.421761,60.393865],[32.422001,60.394381],[32.423401,60.395459],[32.423737,60.396039],[32.423749,60.397398],[32.423434,60.398548],[32.423433,60.399567],[32.424557,60.402497],[32.42469,60.403974],[32.424688,60.405832],[32.42433,60.406905],[32.423758,60.407635],[32.423113,60.408076],[32.422235,60.408397],[32.421004,60.408621],[32.419298,60.408647],[32.418459,60.408498],[32.415448,60.407593],[32.412495,60.406443],[32.410934,60.406151],[32.409579,60.406204],[32.409038,60.406452],[32.408691,60.406769],[32.408627,60.408546],[32.408135,60.409771],[32.407511,60.410325],[32.405236,60.411578],[32.404436,60.412427],[32.404237,60.41302],[32.404463,60.414448],[32.404969,60.415061],[32.405481,60.415426],[32.406307,60.41577],[32.407483,60.416002],[32.408517,60.416048],[32.409346,60.415971],[32.41077,60.415692],[32.412378,60.415105],[32.414613,60.413968],[32.416654,60.413107],[32.417186,60.412749],[32.418732,60.411338],[32.420458,60.410414],[32.422387,60.409872],[32.423552,60.409753],[32.424214,60.409779]],[[32.407212,60.404904],[32.405708,60.404822],[32.404228,60.404431],[32.403182,60.403877],[32.402277,60.403012],[32.402055,60.402582],[32.401986,60.401842],[32.402136,60.399528],[32.40191,60.398838],[32.401102,60.39791],[32.400919,60.397471],[32.401064,60.397024],[32.401821,60.39584],[32.401818,60.394927],[32.401075,60.394062],[32.398791,60.39273],[32.398403,60.392128]],[[32.408001,60.403046],[32.407865,60.401569],[32.40816,60.400444],[32.40857,60.399949],[32.410788,60.398235],[32.411109,60.397427],[32.410947,60.396927],[32.410029,60.396011],[32.408337,60.394985],[32.407015,60.393932],[32.404825,60.39253],[32.402201,60.391276],[32.401238,60.391044]],[[32.524259,60.532668],[32.524012,60.53188],[32.520579,60.526828],[32.520196,60.525828],[32.519619,60.524848],[32.518929,60.522849],[32.517916,60.521124],[32.517056,60.520008],[32.515755,60.518812],[32.514507,60.518222],[32.51372,60.518037],[32.511675,60.517344],[32.511172,60.517036],[32.510653,60.516356],[32.510692,60.51563],[32.510866,60.51522],[32.511316,60.514621],[32.512754,60.513179],[32.51375,60.51155],[32.514037,60.510639],[32.514038,60.509483],[32.51328,60.507587],[32.512567,60.506635],[32.511062,60.505549],[32.509851,60.504509],[32.509169,60.504117],[32.507846,60.502678],[32.507471,60.502074],[32.507302,60.501334],[32.507589,60.499292],[32.507904,60.498151],[32.507906,60.494449],[32.506606,60.491446],[32.506308,60.489978],[32.505671,60.489087],[32.505417,60.488453],[32.50539,60.487727],[32.505825,60.48649],[32.505863,60.485809],[32.505517,60.484891],[32.50417,60.482791],[32.503621,60.480558],[32.503138,60.479487],[32.501259,60.476946],[32.500564,60.475469],[32.500386,60.474787],[32.500491,60.473912],[32.500927,60.472904],[32.501415,60.472215],[32.501418,60.470848],[32.501239,60.470186],[32.50041,60.468634],[32.499121,60.467312],[32.498716,60.466691],[32.498475,60.466062],[32.498439,60.464859],[32.498259,60.464694],[32.497174,60.464265],[32.496981,60.463587],[32.496257,60.463052],[32.494479,60.462205],[32.491396,60.461032],[32.489989,60.460333],[32.48887,60.459492],[32.487872,60.459056],[32.48699,60.458948],[32.485726,60.459007],[32.484661,60.45935],[32.483496,60.45986],[32.482883,60.459999],[32.482285,60.459937],[32.481529,60.459559],[32.481026,60.458909],[32.480956,60.457564],[32.479928,60.456209],[32.47987,60.455319],[32.479452,60.454434],[32.479439,60.452991],[32.479052,60.451708],[32.477995,60.451077],[32.474625,60.450101],[32.473605,60.449595],[32.472491,60.448099],[32.47217,60.447369],[32.47151,60.446588],[32.471124,60.446268],[32.469526,60.445355],[32.468781,60.444695],[32.468427,60.443967],[32.468333,60.442623],[32.467924,60.442121],[32.467431,60.441797],[32.466815,60.441526],[32.465375,60.441117],[32.461359,60.440779],[32.458603,60.44034],[32.456373,60.439464],[32.453013,60.438405],[32.451809,60.437834],[32.45072,60.436715],[32.450523,60.435949],[32.45061,60.435434],[32.451485,60.434225],[32.45267,60.433288],[32.453376,60.432468],[32.45346,60.431934],[32.452998,60.431444],[32.452348,60.431176],[32.450491,60.430704],[32.447926,60.429453],[32.445303,60.428872],[32.441457,60.42748],[32.438493,60.426948],[32.434137,60.426399],[32.430474,60.425562],[32.428455,60.42479],[32.427126,60.423956],[32.426818,60.423567],[32.426818,60.423261],[32.427102,60.42301],[32.427597,60.422827],[32.431589,60.422152],[32.43995,60.420348],[32.44058,60.42007],[32.440926,60.419806],[32.441183,60.418795],[32.440648,60.418235],[32.439946,60.417888],[32.438865,60.41764],[32.437141,60.417517],[32.434267,60.417654],[32.428665,60.418331],[32.427059,60.418446],[32.425293,60.418384],[32.423893,60.417905],[32.42322,60.417374],[32.42299,60.416454],[32.423881,60.413969],[32.423792,60.411872],[32.424843,60.410398]]]}},{"type":"Feature","properties":{"depth_m":20,"source":"ГУНиО МО, навигационная карта № 25070 «Свирская губа», 1:50 000; скан ladoga-lake.ru (https://ladoga-lake.ru/maps/navi_su/navi-su-13.html)","chart":"25070","chart_sheet":"13","n_lines":7,"method":"полуавтоматическая векторизация чёрных изобат со скана (порог+скелетизация+сшивка), глубина подписана вручную по надписям на изобатах; привязка по картографической сетке","datum":"WGS84 (перевод СК-42 карты сдвигом по долготе, указанным на карте)","depth_datum":"от среднего многолетнего уровня Ладожского озера (+5,1 м БС)"},"geometry":{"type":"MultiLineString","coordinates":[[[32.532341,60.623135],[32.531501,60.622224],[32.529619,60.621283],[32.529522,60.620873],[32.531068,60.618871],[32.532386,60.615705],[32.532592,60.614844],[32.53422,60.611746],[32.535202,60.610555],[32.53606,60.610097],[32.536415,60.609166],[32.537108,60.607935],[32.538194,60.604645],[32.538359,60.601854],[32.53856,60.601116],[32.539394,60.599353],[32.54004,60.59688],[32.540462,60.596123],[32.54141,60.595104],[32.542067,60.594047],[32.541942,60.593322],[32.540776,60.592105],[32.540088,60.590851],[32.539585,60.587819],[32.539739,60.587196],[32.539737,60.585143],[32.539065,60.583294],[32.538157,60.582296],[32.537567,60.580894],[32.537565,60.57913],[32.537719,60.578206],[32.538053,60.577083],[32.53888,60.575595],[32.539726,60.573282],[32.539725,60.572369],[32.538774,60.570103],[32.538666,60.568825],[32.539257,60.567867],[32.540533,60.56669],[32.540989,60.565905],[32.541672,60.565131],[32.542192,60.56302],[32.542191,60.561255],[32.542023,60.56039],[32.541311,60.559011],[32.539492,60.556855],[32.535398,60.552616],[32.534612,60.551176],[32.53475,60.549687],[32.53447,60.548989],[32.534223,60.548847],[32.533874,60.548798],[32.533279,60.548901],[32.521674,60.552],[32.519407,60.552551],[32.518657,60.552597]],[[32.534129,60.548558],[32.533637,60.547965],[32.532632,60.547163],[32.531647,60.545868],[32.531339,60.544754],[32.531336,60.541785],[32.530874,60.540822],[32.527972,60.537796],[32.526351,60.53642],[32.525058,60.534879],[32.524672,60.533729],[32.524731,60.533133]],[[32.540555,60.639719],[32.539209,60.637962],[32.537014,60.636025],[32.534195,60.634005],[32.533474,60.63323],[32.531611,60.630264],[32.531442,60.629196],[32.531056,60.628088],[32.53059,60.627429],[32.52917,60.626089],[32.529093,60.625692],[32.529324,60.625338],[32.531877,60.624122]],[[32.588772,60.827433],[32.589298,60.827172],[32.591711,60.826446],[32.597639,60.824371],[32.60375,60.82281],[32.607663,60.821312],[32.609807,60.820173],[32.612793,60.818171],[32.61593,60.81626],[32.616378,60.815888],[32.619426,60.814088],[32.620409,60.813119],[32.620965,60.811707],[32.621442,60.811386],[32.62198,60.811314],[32.622611,60.811358],[32.624131,60.811773],[32.62517,60.811944],[32.629663,60.811965],[32.633361,60.81172],[32.636614,60.811411],[32.638158,60.810979],[32.638755,60.810576],[32.638879,60.810123],[32.638569,60.809655],[32.637846,60.809253],[32.636875,60.808972],[32.633369,60.808435],[32.629145,60.808269],[32.626205,60.808],[32.625157,60.807666],[32.624816,60.80744],[32.624702,60.807183],[32.624816,60.806806],[32.625208,60.806333],[32.62867,60.802957],[32.631537,60.800597],[32.632861,60.799188],[32.633286,60.798566],[32.633515,60.797789],[32.633514,60.796711],[32.633289,60.795984],[32.632866,60.795062],[32.632133,60.794135],[32.631579,60.793117],[32.631344,60.792273],[32.631342,60.78849],[32.631176,60.787971],[32.631042,60.785317],[32.63072,60.783586],[32.63072,60.782],[32.630565,60.781479],[32.630564,60.779952],[32.631027,60.776637],[32.631026,60.775051],[32.631334,60.772488],[32.631333,60.770285],[32.63147,60.769775],[32.631351,60.768389],[32.631022,60.767363],[32.630985,60.766748],[32.630602,60.76581],[32.629204,60.76424],[32.628821,60.762774],[32.628491,60.762067],[32.627721,60.761462],[32.626575,60.760835],[32.626312,60.760561],[32.626064,60.759873],[32.626063,60.758569],[32.626187,60.75817],[32.626062,60.756377],[32.625519,60.754931],[32.624297,60.753323],[32.622078,60.751319],[32.621765,60.750513],[32.621677,60.749746],[32.621074,60.748981],[32.61955,60.747934],[32.618451,60.747471],[32.61662,60.746859],[32.615118,60.746093],[32.614578,60.745658],[32.613874,60.744645],[32.612726,60.743463],[32.609614,60.741056],[32.607992,60.739654],[32.60592,60.738244],[32.603111,60.736524],[32.600211,60.734372],[32.595072,60.730994],[32.592874,60.729188],[32.590715,60.727756],[32.590132,60.7272],[32.589203,60.726746],[32.588568,60.726216],[32.585563,60.724752],[32.58474,60.723866],[32.584133,60.722712],[32.583308,60.721909],[32.582214,60.721078],[32.580392,60.720084],[32.579643,60.719547],[32.579318,60.719029],[32.578945,60.717599],[32.578723,60.717226],[32.575652,60.714614],[32.574453,60.713053],[32.573795,60.712481],[32.573205,60.712152],[32.571416,60.711464],[32.56906,60.711032],[32.56642,60.711007],[32.563801,60.711216],[32.562418,60.711235],[32.560777,60.711144],[32.558276,60.710825],[32.556677,60.710405],[32.555004,60.709714],[32.553292,60.708745],[32.551344,60.707204],[32.550281,60.706067],[32.549311,60.704331],[32.548316,60.703177],[32.548213,60.702776],[32.548379,60.702161],[32.549113,60.701548],[32.550402,60.700969],[32.551856,60.700682],[32.554288,60.700695],[32.554906,60.700635],[32.555887,60.70025],[32.556169,60.699758],[32.556066,60.699461],[32.555851,60.69929],[32.552815,60.69806],[32.551663,60.69732],[32.551284,60.696949],[32.550802,60.69602],[32.550802,60.694798],[32.551063,60.693473],[32.550823,60.692967],[32.55028,60.692481],[32.548607,60.691734],[32.547381,60.691586],[32.5464,60.691601],[32.544627,60.691946],[32.542905,60.692673],[32.54168,60.693078],[32.539566,60.693471],[32.537865,60.693442],[32.535454,60.692724],[32.533971,60.692723],[32.533322,60.692935],[32.532374,60.693593],[32.5316,60.69397],[32.530844,60.694172],[32.530086,60.694189],[32.529598,60.694068],[32.52855,60.693578],[32.527044,60.69212],[32.524335,60.690088],[32.523839,60.689416],[32.523715,60.688988],[32.524178,60.687253],[32.524147,60.686738],[32.523817,60.686028],[32.522201,60.684174],[32.522054,60.683759],[32.522216,60.683229],[32.523118,60.682396],[32.523247,60.682089],[32.523205,60.681327],[32.522515,60.68018],[32.522532,60.679514],[32.524241,60.677728],[32.525396,60.675905],[32.525374,60.67458],[32.524661,60.673215],[32.524577,60.672205],[32.525287,60.671324],[32.527092,60.670098],[32.528636,60.668659],[32.529197,60.667854],[32.529518,60.666875],[32.529955,60.666099],[32.532063,60.665025],[32.534829,60.663954],[32.53618,60.663056]],[[32.539329,60.658953],[32.539793,60.657517],[32.539792,60.656519],[32.539326,60.653264],[32.539559,60.652177],[32.540407,60.650722]],[[32.610923,60.849434],[32.611124,60.848451],[32.611645,60.847525],[32.613926,60.844628],[32.613998,60.843754],[32.613523,60.843181],[32.612332,60.84285],[32.610594,60.842805],[32.608757,60.842974],[32.607176,60.843267],[32.603766,60.84356],[32.602912,60.843474],[32.600166,60.842953],[32.598229,60.842815],[32.594587,60.842871],[32.593281,60.842635],[32.592516,60.842278],[32.592239,60.841842],[32.592677,60.841045],[32.593966,60.840148],[32.594914,60.839107],[32.594927,60.838141],[32.594348,60.837231]],[[32.615017,60.795976],[32.614568,60.795684],[32.613775,60.795518],[32.612437,60.79546],[32.610269,60.795577],[32.608885,60.7957],[32.607437,60.795942],[32.606694,60.796274],[32.606632,60.796606],[32.607194,60.797025],[32.608785,60.79752],[32.610559,60.797885],[32.612076,60.797926],[32.613508,60.797692],[32.614437,60.797314],[32.615025,60.796793],[32.615063,60.796061]]]}},{"type":"Feature","properties":{"depth_m":30,"source":"ГУНиО МО, навигационная карта № 25069 «Волховская губа», 1:50 000; скан ladoga-lake.ru (https://ladoga-lake.ru/maps/navi_su/navi-su-16.html)","chart":"25069","chart_sheet":"16","n_lines":8,"method":"полуавтоматическая векторизация чёрных изобат со скана (порог+скелетизация+сшивка), глубина подписана вручную по надписям на изобатах; привязка по картографической сетке","datum":"WGS84 (перевод СК-42 карты сдвигом по долготе, указанным на карте)","depth_datum":"от среднего многолетнего уровня Ладожского озера (+5,1 м БС)"},"geometry":{"type":"MultiLineString","coordinates":[[[32.097214,60.527342],[32.097899,60.527214],[32.099762,60.526588],[32.104481,60.525564],[32.106368,60.524948],[32.107957,60.524265]],[[32.161104,60.518683],[32.1587,60.518946],[32.156737,60.519256],[32.154254,60.519335],[32.153667,60.519235],[32.152516,60.518868],[32.151047,60.517987],[32.149276,60.517192],[32.148312,60.517057],[32.145667,60.51717],[32.144283,60.517365],[32.142805,60.517854],[32.13675,60.519439],[32.133597,60.520148],[32.130802,60.520935],[32.12907,60.521238],[32.126986,60.521499],[32.12479,60.521298],[32.123029,60.521004],[32.121382,60.52088],[32.120277,60.521034]],[[32.216548,60.52114],[32.214182,60.521139],[32.212249,60.521004],[32.209901,60.52069],[32.207679,60.519982],[32.204073,60.518217],[32.201828,60.517309],[32.200614,60.516987],[32.198934,60.516706],[32.195896,60.516522],[32.19335,60.516577],[32.187979,60.517172],[32.184839,60.517356],[32.181548,60.517132],[32.177715,60.517193],[32.174183,60.517423],[32.171793,60.517678],[32.163259,60.518362]],[[32.222701,60.520602],[32.223411,60.520486],[32.226023,60.519627],[32.228962,60.519098],[32.231736,60.518776],[32.233537,60.518335],[32.23422,60.518061],[32.234599,60.517806],[32.234804,60.517513],[32.234869,60.515864],[32.235012,60.515569],[32.235501,60.515128],[32.237225,60.514218],[32.239431,60.51336],[32.241041,60.512067],[32.242283,60.511505],[32.243903,60.511074],[32.248246,60.510247],[32.249666,60.509661],[32.250508,60.508844],[32.251028,60.507242],[32.251613,60.506274],[32.2524,60.505594],[32.253649,60.505034],[32.25492,60.504794],[32.255844,60.504728],[32.258682,60.504728],[32.260531,60.504879],[32.261137,60.504993],[32.261626,60.505217],[32.262164,60.50569],[32.262899,60.507729],[32.263741,60.508124],[32.264356,60.508198],[32.264782,60.50816],[32.265738,60.507791],[32.26675,60.506825],[32.268184,60.506058],[32.269326,60.505712],[32.273093,60.504836],[32.27525,60.504141],[32.276189,60.504014],[32.27816,60.503591],[32.283452,60.503716],[32.285367,60.503605],[32.286728,60.503325],[32.288005,60.502788],[32.288831,60.502129],[32.289312,60.501192],[32.289729,60.499498],[32.290196,60.498853],[32.290856,60.498424],[32.291995,60.497962],[32.293706,60.497659],[32.298424,60.497636],[32.300935,60.497453],[32.301868,60.49709],[32.302209,60.496479]],[[32.301894,60.496017],[32.301468,60.495924],[32.299551,60.495158],[32.298354,60.49445],[32.298301,60.494137],[32.298585,60.493887],[32.299453,60.493625],[32.300086,60.493556],[32.303796,60.493548],[32.306819,60.493691],[32.321756,60.49486],[32.325066,60.49486],[32.326577,60.494773],[32.329375,60.494389],[32.330583,60.494089]],[[32.399117,60.499639],[32.398316,60.498872],[32.397158,60.498362],[32.39539,60.497874],[32.394125,60.497675],[32.392975,60.497634],[32.392093,60.497727],[32.390283,60.498157],[32.385938,60.499656],[32.385304,60.499717],[32.382235,60.499662],[32.381296,60.499416],[32.378941,60.498574],[32.376883,60.498044],[32.375064,60.497697],[32.371255,60.497231],[32.367087,60.497019],[32.365261,60.496786],[32.364153,60.496312],[32.363611,60.49597],[32.362504,60.494738],[32.361627,60.494088],[32.360792,60.493737],[32.359816,60.49349],[32.358147,60.493263],[32.349953,60.492945],[32.348024,60.493051],[32.347199,60.493174],[32.345807,60.493518],[32.342339,60.494876],[32.341753,60.494987],[32.340902,60.495015],[32.340117,60.494937],[32.339408,60.494706],[32.338022,60.493996],[32.336998,60.493175],[32.336403,60.492864],[32.335382,60.492666],[32.334209,60.492777]],[[32.389328,60.53278],[32.389747,60.532592],[32.390206,60.532208],[32.390432,60.531794],[32.390306,60.531369],[32.389613,60.530646],[32.389188,60.529822],[32.389173,60.529295],[32.389526,60.528085],[32.390255,60.527219],[32.390914,60.526775],[32.392446,60.525992],[32.392843,60.525628],[32.392957,60.525323],[32.392881,60.524892],[32.392614,60.524465],[32.390504,60.522456],[32.390451,60.521943],[32.39071,60.521416],[32.391558,60.520529],[32.393648,60.518813],[32.394729,60.516761],[32.395988,60.515533],[32.397702,60.514607],[32.400361,60.513591],[32.402877,60.512508],[32.405562,60.511129],[32.409682,60.508213],[32.410749,60.507014],[32.410736,60.506608],[32.410209,60.506126],[32.409278,60.505856],[32.407936,60.505672],[32.406201,60.505576],[32.399125,60.506039],[32.39406,60.50604],[32.390764,60.505786],[32.390166,60.505639],[32.389363,60.505269],[32.389086,60.504924],[32.389266,60.504513],[32.390773,60.503662],[32.393807,60.502677],[32.396237,60.502082],[32.398475,60.501635],[32.399475,60.501086],[32.399747,60.50041]],[[32.476415,60.532762],[32.472415,60.531966],[32.468028,60.531328],[32.466212,60.530904],[32.465249,60.530513],[32.464788,60.530028],[32.464767,60.529222],[32.465404,60.52788],[32.465499,60.52693],[32.465351,60.526773],[32.464406,60.526318],[32.463855,60.526188],[32.463194,60.526142],[32.460833,60.526142],[32.456128,60.52647],[32.4541,60.526665],[32.446338,60.527669],[32.44343,60.527764],[32.442444,60.527897],[32.440707,60.528621],[32.439858,60.529351],[32.439574,60.530147],[32.439731,60.532001]]]}},{"type":"Feature","properties":{"depth_m":30,"source":"ГУНиО МО, навигационная карта № 25070 «Свирская губа», 1:50 000; скан ladoga-lake.ru (https://ladoga-lake.ru/maps/navi_su/navi-su-13.html)","chart":"25070","chart_sheet":"13","n_lines":10,"method":"полуавтоматическая векторизация чёрных изобат со скана (порог+скелетизация+сшивка), глубина подписана вручную по надписям на изобатах; привязка по картографической сетке","datum":"WGS84 (перевод СК-42 карты сдвигом по долготе, указанным на карте)","depth_datum":"от среднего многолетнего уровня Ладожского озера (+5,1 м БС)"},"geometry":{"type":"MultiLineString","coordinates":[[[32.387724,60.547102],[32.387451,60.54657],[32.387431,60.546145],[32.388077,60.545365],[32.3905,60.544213],[32.393253,60.543346],[32.394218,60.542913],[32.394939,60.542405],[32.395299,60.541703],[32.395283,60.54105],[32.395087,60.540781],[32.393582,60.540116],[32.391125,60.539483],[32.390235,60.539022],[32.389925,60.538642],[32.390002,60.538341],[32.390407,60.537984],[32.392168,60.537204],[32.392928,60.536739],[32.393205,60.536378],[32.39331,60.535956],[32.39331,60.535576],[32.393061,60.535228],[32.390336,60.534085],[32.389995,60.533857],[32.389881,60.533595],[32.389927,60.533133]],[[32.394224,60.547175],[32.395034,60.547117],[32.396367,60.546773],[32.398543,60.545652],[32.400062,60.544175],[32.400426,60.543544],[32.401259,60.542643],[32.402117,60.541991],[32.403671,60.541177],[32.404561,60.540909],[32.407162,60.540376],[32.408817,60.540191],[32.411513,60.53962],[32.414786,60.538632],[32.417888,60.537344],[32.419267,60.536651],[32.420184,60.536039],[32.422871,60.53317],[32.422947,60.533133]],[[32.512983,60.573473],[32.512276,60.572939],[32.510586,60.571338],[32.509266,60.569488],[32.508923,60.568349],[32.509074,60.564314],[32.508903,60.563446],[32.508218,60.561854],[32.5072,60.560364],[32.505441,60.558414],[32.504043,60.557343],[32.501779,60.555964],[32.499489,60.554801],[32.498625,60.55416],[32.497321,60.552801],[32.497041,60.552199],[32.496442,60.551494],[32.494653,60.549949],[32.492301,60.548221],[32.490652,60.546515],[32.488682,60.543683],[32.488016,60.542909],[32.487275,60.541628],[32.486482,60.540734],[32.48557,60.538889],[32.484242,60.537011],[32.483544,60.536151],[32.482627,60.535295],[32.481163,60.534289],[32.479439,60.533453],[32.478464,60.533133]],[[32.542161,60.849372],[32.541913,60.849131],[32.541697,60.848544],[32.542394,60.847319],[32.543253,60.846737],[32.544801,60.845985],[32.547561,60.845072],[32.548811,60.844537],[32.549617,60.843952],[32.549749,60.843419],[32.549388,60.843067],[32.548454,60.842814],[32.543767,60.842448],[32.542663,60.842245],[32.542213,60.842064],[32.541661,60.841688],[32.541598,60.840872],[32.542044,60.840421],[32.542936,60.840011],[32.545097,60.839435],[32.545971,60.839017],[32.546168,60.838719],[32.546188,60.838202],[32.545737,60.837211],[32.54584,60.836333],[32.546831,60.835515],[32.550184,60.833671],[32.550741,60.833205],[32.551531,60.832755],[32.552824,60.831432],[32.554488,60.828948],[32.555303,60.827367],[32.555823,60.825957],[32.556109,60.824959],[32.556243,60.822229],[32.557169,60.81917],[32.559177,60.816766],[32.559153,60.815985],[32.558607,60.815069],[32.558451,60.814227],[32.558722,60.813215],[32.559161,60.812509],[32.559656,60.811265],[32.559797,60.809553],[32.559968,60.809052],[32.559813,60.807729],[32.560277,60.804892],[32.560277,60.802014],[32.560586,60.799691],[32.560431,60.79885],[32.560431,60.796585],[32.560276,60.796057],[32.560276,60.794925],[32.560585,60.793352],[32.560415,60.791785],[32.559787,60.790645],[32.557741,60.788309],[32.556051,60.785713],[32.5538,60.783371],[32.551881,60.781052],[32.549953,60.77918],[32.544947,60.775463],[32.543629,60.77498],[32.540194,60.774574],[32.539528,60.774359],[32.539033,60.774035],[32.538445,60.772677],[32.53798,60.770782],[32.537928,60.76958],[32.53767,60.768875],[32.538443,60.76457],[32.538443,60.761316],[32.538164,60.760169],[32.537583,60.758948],[32.536657,60.757719],[32.535135,60.756229],[32.534533,60.755461],[32.528573,60.749868],[32.527804,60.748823],[32.526851,60.74793],[32.525422,60.746961],[32.523473,60.745876],[32.520997,60.744133],[32.515364,60.739335],[32.513215,60.737881],[32.511234,60.736723],[32.505151,60.732679],[32.504008,60.731256],[32.503581,60.729948],[32.502945,60.729125],[32.501429,60.728292],[32.499009,60.72737],[32.497512,60.726405],[32.497109,60.72603],[32.496118,60.72468],[32.49522,60.722606],[32.493592,60.720418],[32.491783,60.717582],[32.491495,60.716324],[32.491009,60.715349],[32.488987,60.713385],[32.489251,60.712546],[32.490584,60.711148],[32.49059,60.710528],[32.490295,60.710067],[32.489779,60.709765],[32.488828,60.709525],[32.487952,60.709513],[32.486689,60.709649],[32.485343,60.710044],[32.484593,60.710434],[32.483332,60.711331],[32.482836,60.711513],[32.482463,60.711543],[32.481919,60.711407],[32.479609,60.710355],[32.47731,60.709505],[32.475903,60.708773],[32.475531,60.708426],[32.47555,60.708163],[32.475763,60.708017],[32.476367,60.707926],[32.477032,60.707986],[32.477571,60.708158],[32.480069,60.709355],[32.481177,60.709572],[32.482578,60.709529],[32.483439,60.709272],[32.483733,60.709037],[32.483721,60.708274],[32.483155,60.707515],[32.482711,60.706425],[32.48258,60.70581],[32.482687,60.704814],[32.482463,60.704229],[32.481782,60.703846],[32.480809,60.703554],[32.479821,60.70313],[32.4785,60.701595],[32.477756,60.698241],[32.477802,60.697487],[32.478243,60.696952],[32.478847,60.696578],[32.479975,60.696134],[32.482698,60.695348],[32.48345,60.694958],[32.483976,60.694466],[32.484099,60.693231],[32.483396,60.691104],[32.483411,60.690788],[32.483818,60.690202],[32.484485,60.689632],[32.48638,60.688371],[32.487099,60.687426],[32.487171,60.686367],[32.486299,60.684735],[32.486262,60.683608],[32.486812,60.682215],[32.48787,60.680758],[32.488774,60.678451],[32.489337,60.677746],[32.489818,60.677392],[32.490616,60.677027],[32.49447,60.675964],[32.495998,60.67541],[32.49709,60.674888]],[[32.49941,60.671855],[32.501061,60.670631],[32.501688,60.669316],[32.502317,60.668374],[32.503131,60.667243],[32.503674,60.666807],[32.504937,60.664645],[32.505131,60.663827],[32.505131,60.663069]],[[32.504975,60.661821],[32.504974,60.659715],[32.505448,60.657148],[32.505579,60.654482],[32.506127,60.652486],[32.506597,60.651637],[32.50698,60.650466]],[[32.50883,60.639995],[32.509138,60.638099],[32.509135,60.633465],[32.508825,60.632253],[32.508824,60.63157],[32.509121,60.630791],[32.50917,60.629792],[32.509519,60.629178],[32.510751,60.628284],[32.51128,60.627731],[32.511452,60.62709]],[[32.510987,60.625951],[32.511106,60.625341],[32.512732,60.624226],[32.512981,60.623935],[32.513305,60.62185],[32.513304,60.620711],[32.513612,60.61942]],[[32.514504,60.577321],[32.514658,60.576788],[32.514657,60.575648],[32.514347,60.575268]],[[32.51453,60.606032],[32.51484,60.607111],[32.514842,60.609245],[32.514997,60.609849]]]}},{"type":"Feature","properties":{"depth_m":50,"source":"ГУНиО МО, навигационная карта № 25070 «Свирская губа», 1:50 000; скан ladoga-lake.ru (https://ladoga-lake.ru/maps/navi_su/navi-su-13.html)","chart":"25070","chart_sheet":"13","n_lines":8,"method":"полуавтоматическая векторизация чёрных изобат со скана (порог+скелетизация+сшивка), глубина подписана вручную по надписям на изобатах; привязка по картографической сетке","datum":"WGS84 (перевод СК-42 карты сдвигом по долготе, указанным на карте)","depth_datum":"от среднего многолетнего уровня Ладожского озера (+5,1 м БС)"},"geometry":{"type":"MultiLineString","coordinates":[[[32.379025,60.694706],[32.379427,60.694312],[32.380555,60.693571],[32.383652,60.692049],[32.38559,60.690873],[32.386378,60.690017],[32.386465,60.688229],[32.386948,60.687438],[32.394199,60.682664],[32.396413,60.680653],[32.397395,60.679097],[32.39759,60.678422],[32.397602,60.677459],[32.397775,60.677075],[32.3984,60.676443],[32.400003,60.675532],[32.40025,60.675088],[32.400281,60.674035],[32.398238,60.672944],[32.397649,60.672408],[32.397599,60.671096],[32.398051,60.670435],[32.399467,60.669548],[32.402039,60.668469],[32.404611,60.667597],[32.405638,60.667369],[32.407365,60.667338],[32.40817,60.667444],[32.409644,60.667882],[32.411664,60.668772],[32.412434,60.668974],[32.413014,60.668991],[32.413525,60.668874],[32.414112,60.668604],[32.414357,60.668338],[32.414301,60.66721],[32.413597,60.665928],[32.413213,60.664539],[32.413197,60.663886],[32.41281,60.663335],[32.412439,60.663112],[32.411436,60.662755],[32.407368,60.661932],[32.405194,60.661753],[32.403316,60.661194],[32.401943,60.660507],[32.400961,60.659693],[32.400563,60.658902],[32.400795,60.658226],[32.401635,60.657493],[32.402718,60.656997],[32.403857,60.656807],[32.405426,60.656836],[32.406091,60.657051],[32.406481,60.657274],[32.407441,60.658515],[32.407794,60.658769],[32.408305,60.658951],[32.408901,60.65905],[32.409806,60.659072],[32.413204,60.65871],[32.414592,60.658721],[32.415266,60.658897],[32.416264,60.659299],[32.417247,60.660119],[32.418668,60.66087],[32.419624,60.661104],[32.420447,60.661093],[32.420778,60.661009],[32.421309,60.660685],[32.421541,60.660405],[32.422093,60.658541],[32.423402,60.657549],[32.423849,60.657086],[32.424195,60.656269],[32.424195,60.655721],[32.423767,60.654798],[32.420965,60.652036],[32.420209,60.650796],[32.420168,60.649587]],[[32.398002,60.849324],[32.39816,60.848376],[32.398822,60.847292],[32.399988,60.846073],[32.403304,60.843191],[32.40471,60.841731],[32.405478,60.840491],[32.405753,60.839641],[32.406492,60.839014],[32.406631,60.838449],[32.407265,60.837641],[32.407614,60.836596],[32.407614,60.835604],[32.407038,60.833831],[32.407108,60.833188],[32.407414,60.832799],[32.408706,60.831927],[32.409259,60.831223],[32.410252,60.828562],[32.410982,60.827846],[32.414103,60.826325],[32.414967,60.825751],[32.416872,60.823897],[32.417886,60.822505],[32.419007,60.820359],[32.419775,60.819271],[32.420059,60.81835],[32.420673,60.817681],[32.420811,60.817369],[32.421077,60.81587],[32.420943,60.814606],[32.420542,60.81356],[32.419907,60.812612],[32.419506,60.811017],[32.419659,60.810554],[32.420226,60.809866],[32.420875,60.808718],[32.420948,60.807096],[32.420643,60.80571],[32.419711,60.802956],[32.419712,60.802277],[32.42018,60.800959],[32.420306,60.8],[32.419883,60.798448],[32.419287,60.797294],[32.41925,60.796308],[32.419843,60.794692],[32.420805,60.792816],[32.421118,60.791712],[32.421258,60.787783],[32.42139,60.787377],[32.421929,60.786419],[32.42257,60.785716],[32.423353,60.784568],[32.423899,60.782876],[32.4239,60.781743],[32.42331,60.779121],[32.423893,60.776491],[32.424199,60.775741],[32.424212,60.773429],[32.423594,60.770727],[32.423687,60.769281],[32.423411,60.768848],[32.423249,60.767919],[32.422134,60.766217],[32.421892,60.76544],[32.421893,60.764584],[32.422183,60.763095],[32.422073,60.761683],[32.422937,60.760064],[32.422946,60.759022],[32.422647,60.758702],[32.420702,60.757697],[32.420259,60.757135],[32.420398,60.756855],[32.421027,60.756302],[32.422642,60.755368],[32.423322,60.754793],[32.423937,60.753909],[32.424365,60.752688],[32.424866,60.751898],[32.425159,60.751579],[32.426572,60.750585],[32.42679,60.749807],[32.42613,60.748936],[32.426099,60.748387],[32.426325,60.748089],[32.427834,60.747012],[32.428061,60.746719],[32.428086,60.746067],[32.427958,60.745752],[32.425889,60.743929],[32.425146,60.743128]],[[32.420709,60.648512],[32.421585,60.647207],[32.422177,60.645643],[32.422174,60.641238],[32.422019,60.639943],[32.421817,60.639043],[32.420934,60.637002],[32.420953,60.63581],[32.421396,60.634866]],[[32.436239,60.618765],[32.435372,60.619396],[32.434273,60.620469],[32.43295,60.62208],[32.430116,60.625024],[32.4299,60.625373]],[[32.431182,60.73995],[32.432398,60.73875],[32.432884,60.737535],[32.432884,60.735329],[32.432692,60.734366],[32.43242,60.733783],[32.432286,60.732456],[32.433494,60.727469],[32.433356,60.723984],[32.433533,60.723266],[32.4339,60.722303],[32.434462,60.721829],[32.43485,60.721279],[32.437211,60.719902],[32.43768,60.71947],[32.438369,60.718086],[32.438852,60.717487],[32.439614,60.715631],[32.441209,60.713234],[32.441569,60.712182],[32.441682,60.71096],[32.441417,60.708952],[32.441827,60.708092],[32.442166,60.706877],[32.442125,60.704512],[32.44236,60.703703],[32.443153,60.702753],[32.443791,60.701682],[32.444112,60.69959],[32.444572,60.699023],[32.445475,60.698348],[32.446402,60.697459],[32.447619,60.695298],[32.449107,60.694223],[32.449883,60.693461],[32.453236,60.688275],[32.454602,60.686671],[32.455259,60.685619],[32.456339,60.684262],[32.456855,60.683759],[32.458738,60.680659],[32.464416,60.674779],[32.464668,60.674386],[32.464871,60.673428],[32.46516,60.672866],[32.466167,60.672026],[32.468905,60.670655],[32.469892,60.669896],[32.470006,60.669287],[32.469402,60.667338],[32.469943,60.666019],[32.470994,60.664389],[32.47155,60.663145]],[[32.442528,60.614332],[32.441595,60.615239],[32.440408,60.616112],[32.43794,60.617612]],[[32.472309,60.639248],[32.472309,60.638489],[32.472733,60.636658],[32.473698,60.633479],[32.473838,60.63204],[32.473709,60.629908],[32.473192,60.627335],[32.472932,60.626687],[32.472918,60.625352],[32.47399,60.62263],[32.473851,60.619427],[32.474612,60.615186],[32.47461,60.612744],[32.474284,60.610862],[32.474158,60.609017],[32.473988,60.608535],[32.474142,60.608045],[32.474141,60.606365],[32.473613,60.604622],[32.472521,60.603145],[32.470422,60.601497],[32.468696,60.600612],[32.467362,60.600208],[32.465027,60.599991],[32.464364,60.599991],[32.46313,60.600134],[32.46148,60.600626],[32.458836,60.601976],[32.456336,60.60379],[32.454945,60.604473],[32.45219,60.605478],[32.450723,60.606429],[32.449877,60.607302],[32.448804,60.609205],[32.44834,60.609684],[32.444918,60.612007],[32.443456,60.613361]],[[32.471945,60.661956],[32.472316,60.660115],[32.472171,60.654873],[32.472782,60.652222],[32.472781,60.651085],[32.472936,60.650629]]]}}]}