<?xml version="1.0" encoding="UTF-8"?>
<gpx version="1.1" creator="ladoga-fishing-map" xmlns="http://www.topografix.com/GPX/1/1">
  <wpt lat="60.298663" lon="32.408142">
    <name>L0001 Судак</name>
    <desc>2017-07-11 FisherMap: Фото улова (судак) из поста ВК; снасть и глубина не указаны.</desc>
    <type>Рыбалка</type>
  </wpt>
  <wpt lat="60.193632" lon="32.171358">
    <name>L0002 Окунь, Щука</name>
    <desc>2016-01-09 FisherMap: Фото улова (щука, окунь) из поста ВК; снасть и глубина не указаны.</desc>
    <type>Рыбалка</type>
  </wpt>
  <wpt lat="60.505675" lon="32.808612">
    <name>L0003 Лещ, Окунь</name>
    <desc>2019-03-11 FisherMap: Фото улова (лещ, окунь) из поста ВК; снасть и глубина не указаны.</desc>
    <type>Рыбалка</type>
  </wpt>
  <wpt lat="60.311449" lon="32.587162">
    <name>L0004 Плотва</name>
    <desc>2019-03-02 FisherMap: Фото улова (плотва) из поста ВК; снасть и глубина не указаны.</desc>
    <type>Рыбалка</type>
  </wpt>
  <wpt lat="60.506904" lon="32.807998">
    <name>L0005 Лещ, Окунь</name>
    <desc>2019-02-24 FisherMap: Фото улова (лещ, окунь) из поста ВК; снасть и глубина не указаны.</desc>
    <type>Рыбалка</type>
  </wpt>
  <wpt lat="59.972784" lon="31.53913">
    <name>L0006 Окунь</name>
    <desc>2018-12-18 FisherMap: Фото улова (окунь) из поста ВК; снасть и глубина не указаны.</desc>
    <type>Рыбалка</type>
  </wpt>
  <wpt lat="60.227002" lon="32.135144">
    <name>L0007 Окунь</name>
    <desc>2018-03-28 FisherMap: Фото улова (окунь) из поста ВК; снасть и глубина не указаны.</desc>
    <type>Рыбалка</type>
  </wpt>
  <wpt lat="60.46125" lon="32.795655">
    <name>L0008 Щука</name>
    <desc>2017-12-24 FisherMap: Фото улова (щука) из поста ВК; снасть и глубина не указаны.</desc>
    <type>Рыбалка</type>
  </wpt>
  <wpt lat="60.552333" lon="32.875454">
    <name>L0009 Окунь</name>
    <desc>2017-04-02 FisherMap: Фото улова (окунь) из поста ВК; снасть и глубина не указаны.</desc>
    <type>Рыбалка</type>
  </wpt>
  <wpt lat="60.465314" lon="32.805344">
    <name>L0010 Щука</name>
    <desc>2017-12-22 FisherMap: Фото улова (щука) из поста ВК; снасть и глубина не указаны.</desc>
    <type>Рыбалка</type>
  </wpt>
  <wpt lat="60.241982" lon="31.949552">
    <name>L0011 Окунь</name>
    <desc>2017-02-13 FisherMap: Фото улова (окунь) из поста ВК; снасть и глубина не указаны.</desc>
    <type>Рыбалка</type>
  </wpt>
  <wpt lat="60.246687" lon="32.003599">
    <name>L0012 Окунь</name>
    <desc>2017-01-24 FisherMap: Фото улова (окунь) из поста ВК; снасть и глубина не указаны.</desc>
    <type>Рыбалка</type>
  </wpt>
  <wpt lat="60.512406" lon="32.714954">
    <name>L0013 Окунь</name>
    <desc>2016-02-28 FisherMap: Фото улова (окунь) из поста ВК; геометка в ~0,2 км от уреза на берегу — вероятно, ловля с берега поблизости; снасть и глубина не указаны.</desc>
    <type>Рыбалка</type>
  </wpt>
  <wpt lat="60.479217" lon="32.892208">
    <name>L0014 Окунь</name>
    <desc>2018-03-06 FisherMap: Фото улова (окунь) из поста ВК; снасть и глубина не указаны.</desc>
    <type>Рыбалка</type>
  </wpt>
  <wpt lat="60.333406" lon="32.599869">
    <name>L0015 Плотва</name>
    <desc>2018-01-28 FisherMap: Фото улова (плотва) из поста ВК; геометка в ~0,2 км от уреза на берегу — вероятно, ловля с берега поблизости; снасть и глубина не указаны.</desc>
    <type>Рыбалка</type>
  </wpt>
  <wpt lat="60.171751" lon="32.203801">
    <name>L0016 Плотва</name>
    <desc>2017-01-14 FisherMap: Фото улова (плотва) из поста ВК; снасть и глубина не указаны.</desc>
    <type>Рыбалка</type>
  </wpt>
  <wpt lat="60.159002" lon="32.22014">
    <name>L0017 Окунь</name>
    <desc>2017-01-12 FisherMap: Фото улова (окунь) из поста ВК; снасть и глубина не указаны.</desc>
    <type>Рыбалка</type>
  </wpt>
  <wpt lat="60.305559" lon="32.590264">
    <name>L0018 Окунь, Плотва</name>
    <desc>2017-01-10 FisherMap: Фото улова (окунь, плотва) из поста ВК; снасть и глубина не указаны.</desc>
    <type>Рыбалка</type>
  </wpt>
  <wpt lat="60.310807" lon="32.591105">
    <name>L0019 Густера, Плотва</name>
    <desc>2017-03-02 FisherMap: Фото улова (густера, плотва) из поста ВК; снасть и глубина не указаны.</desc>
    <type>Рыбалка</type>
  </wpt>
  <wpt lat="60.205171" lon="32.179475">
    <name>L0020 Плотва</name>
    <desc>2017-02-06 FisherMap: Фото улова (плотва) из поста ВК; снасть и глубина не указаны.</desc>
    <type>Рыбалка</type>
  </wpt>
  <wpt lat="60.274365" lon="32.62844">
    <name>L0021 Плотва</name>
    <desc>2019-04-30 FisherMap: Фото улова (плотва) из поста ВК; точка у впадения р. Воронежка в Ладогу; снасть и глубина не указаны.</desc>
    <type>Рыбалка</type>
  </wpt>
  <wpt lat="60.081226" lon="32.323061">
    <name>L0022 Окунь</name>
    <desc>2018-06-13 FisherMap: Фото улова (окунь) из поста ВК; снасть и глубина не указаны.</desc>
    <type>Рыбалка</type>
  </wpt>
  <wpt lat="59.964667" lon="31.525056">
    <name>L0023 Окунь</name>
    <desc>2018-02-18 FisherMap: Фото улова (окунь) из поста ВК; снасть и глубина не указаны.</desc>
    <type>Рыбалка</type>
  </wpt>
  <wpt lat="60.073141" lon="32.332707">
    <name>L0024 Жерех</name>
    <desc>2017-07-09 FisherMap: Фото улова (жерех) из поста ВК; снасть и глубина не указаны.</desc>
    <type>Рыбалка</type>
  </wpt>
  <wpt lat="60.131645" lon="31.609533">
    <name>L0025 Густера, Краснопёрка</name>
    <desc>2019-05-20 FisherMap: Фото улова (густера, краснопёрка, плотва) из поста ВК; точка на Новоладожском канале в ~0,1 км от уреза Ладоги, а не в самом озере; снасть и глубина не указаны.</desc>
    <type>Рыбалка</type>
  </wpt>
  <wpt lat="59.96152" lon="31.15044">
    <name>L0026 Елец, Окунь</name>
    <desc>2019-08-21 FisherMap: Фото улова (елец, окунь, плотва) из поста ВК; снасть и глубина не указаны.</desc>
    <type>Рыбалка</type>
  </wpt>
  <wpt lat="60.481557" lon="32.876346">
    <name>L0027 Щука</name>
    <desc>2019-08-20 FisherMap: Фото улова (щука) из поста ВК; снасть и глубина не указаны.</desc>
    <type>Рыбалка</type>
  </wpt>
  <wpt lat="60.435379" lon="32.767295">
    <name>L0028 Карась</name>
    <desc>2019-06-30 FisherMap: Фото улова (карась) из поста ВК; точка на канале у д. Загубье в ~0,6 км от Загубской губы, ~4,7 км от открытой Ладоги; снасть и глубина не указаны.</desc>
    <type>Рыбалка</type>
  </wpt>
  <wpt lat="60.469917" lon="32.912004">
    <name>L0029 Судак</name>
    <desc>2018-07-10 FisherMap: Фото улова (судак) из поста ВК; точка у протоки в пос. Свирица у впадения Паши; снасть и глубина не указаны.</desc>
    <type>Рыбалка</type>
  </wpt>
  <wpt lat="60.239054" lon="32.136795">
    <name>L0030 Густера, Окунь</name>
    <desc>2019-03-17 FisherMap: Фото улова (густера, окунь, плотва) из поста ВК; снасть и глубина не указаны.</desc>
    <type>Рыбалка</type>
  </wpt>
  <wpt lat="60.050132" lon="31.407762">
    <name>L0031 Плотва</name>
    <desc>2018-02-16 FisherMap: Фото улова (плотва) из поста ВК; снасть и глубина не указаны.</desc>
    <type>Рыбалка</type>
  </wpt>
  <wpt lat="60.150018" lon="32.297909">
    <name>L0032 Плотва</name>
    <desc>2018-03-18 FisherMap: Фото улова (плотва) из поста ВК; снасть и глубина не указаны.</desc>
    <type>Рыбалка</type>
  </wpt>
  <wpt lat="60.140461" lon="31.615558">
    <name>L0033 Плотва</name>
    <desc>2017-05-04 FisherMap: Фото улова (плотва) из поста ВК; точка на Новоладожском канале в ~0,4 км от уреза Ладоги, а не в самом озере; снасть и глубина не указаны.</desc>
    <type>Рыбалка</type>
  </wpt>
  <wpt lat="60.271413" lon="31.949505">
    <name>L0034 Судак</name>
    <desc>2014-06-02 FisherMap: Фото улова (судак) из поста ВК; снасть и глубина не указаны.</desc>
    <type>Рыбалка</type>
  </wpt>
  <wpt lat="59.987311" lon="31.438751">
    <name>L0035 Окунь</name>
    <desc>2014-02-05 FisherMap: Фото улова (окунь) из поста ВК; снасть и глубина не указаны.</desc>
    <type>Рыбалка</type>
  </wpt>
  <wpt lat="59.910907" lon="31.480048">
    <name>L0036 Окунь</name>
    <desc>2014-01-12 FisherMap: Фото улова (окунь) из поста ВК; снасть и глубина не указаны.</desc>
    <type>Рыбалка</type>
  </wpt>
  <wpt lat="60.088915" lon="32.304618">
    <name>L0037 Судак</name>
    <desc>2014-07-02 FisherMap: Фото улова (судак) из поста ВК; снасть и глубина не указаны.</desc>
    <type>Рыбалка</type>
  </wpt>
  <wpt lat="60.188431" lon="32.222266">
    <name>L0038 Щука</name>
    <desc>2019-09-07 FisherMap: Фото улова (щука) из поста ВК; снасть и глубина не указаны.</desc>
    <type>Рыбалка</type>
  </wpt>
  <wpt lat="60.302495" lon="32.604719">
    <name>L0039 Судак</name>
    <desc>2019-06-23 FisherMap: Фото улова (судак) из поста ВК; снасть и глубина не указаны.</desc>
    <type>Рыбалка</type>
  </wpt>
  <wpt lat="59.923275" lon="31.225488">
    <name>L0040 Щука</name>
    <desc>2019-06-01 FisherMap: Фото улова (щука) из поста ВК; точка на Новоладожском канале в ~0,3 км от уреза Ладоги, а не в самом озере; снасть и глубина не указаны.</desc>
    <type>Рыбалка</type>
  </wpt>
  <wpt lat="60.120446" lon="31.586564">
    <name>L0041 Щука</name>
    <desc>2019-05-23 FisherMap: Фото улова (щука) из поста ВК; снасть и глубина не указаны.</desc>
    <type>Рыбалка</type>
  </wpt>
  <wpt lat="59.901079" lon="31.347414">
    <name>L0042 Окунь, Судак</name>
    <desc>2019-05-16 FisherMap: Фото улова (щука, окунь, судак) из поста ВК; точка на р. Назия у пересечения с Ладожскими каналами, ~0,6 км от озера; снасть и глубина не указаны.</desc>
    <type>Рыбалка</type>
  </wpt>
  <wpt lat="60.483548" lon="32.841609">
    <name>L0043 Окунь</name>
    <desc>2019-03-29 FisherMap: Фото улова (окунь) из поста ВК; снасть и глубина не указаны.</desc>
    <type>Рыбалка</type>
  </wpt>
  <wpt lat="60.019048" lon="31.441577">
    <name>L0044 Ряпушка</name>
    <desc>2019-02-24 FisherMap: Фото улова (ряпушка) из поста ВК; снасть и глубина не указаны.</desc>
    <type>Рыбалка</type>
  </wpt>
  <wpt lat="60.110724" lon="31.528745">
    <name>L0045 Окунь, Щука</name>
    <desc>2019-02-26 FisherMap: Фото улова (щука, окунь) из поста ВК; снасть и глубина не указаны.</desc>
    <type>Рыбалка</type>
  </wpt>
  <wpt lat="60.486467" lon="32.814823">
    <name>L0046 Щука</name>
    <desc>2019-02-02 FisherMap: Фото улова (щука) из поста ВК; снасть и глубина не указаны.</desc>
    <type>Рыбалка</type>
  </wpt>
  <wpt lat="59.981948" lon="31.513851">
    <name>L0047 Окунь</name>
    <desc>2018-12-24 FisherMap: Фото улова (окунь) из поста ВК; снасть и глубина не указаны.</desc>
    <type>Рыбалка</type>
  </wpt>
  <wpt lat="59.974345" lon="31.524014">
    <name>L0048 Окунь</name>
    <desc>2018-12-20 FisherMap: Фото улова (окунь) из поста ВК; снасть и глубина не указаны.</desc>
    <type>Рыбалка</type>
  </wpt>
  <wpt lat="59.936183" lon="31.442239">
    <name>L0049 Окунь</name>
    <desc>2018-12-16 FisherMap: Фото улова (окунь) из поста ВК; снасть и глубина не указаны.</desc>
    <type>Рыбалка</type>
  </wpt>
  <wpt lat="60.131684" lon="32.231764">
    <name>L0050 Щука</name>
    <desc>2018-12-13 FisherMap: Фото улова (щука) из поста ВК; снасть и глубина не указаны.</desc>
    <type>Рыбалка</type>
  </wpt>
  <wpt lat="60.120491" lon="32.319319">
    <name>L0051 Окунь, Плотва</name>
    <desc>2018-11-17 FisherMap: Фото улова (щука) из поста ВК; снасть и глубина не указаны.; 2025-04-20 Telegram: Отчёты Рыбалка СПб: Метка «На карте» канала-агрегатора к 10 отчётам (2024-04-28…2025-04-20): плотва, щука, окунь, язь.</desc>
    <type>Рыбалка</type>
  </wpt>
  <wpt lat="60.254085" lon="31.69197">
    <name>L0052 Судак, Щука</name>
    <desc>2018-08-17 FisherMap: Фото улова (щука) из поста ВК; снасть и глубина не указаны.; 2018-08-16 FisherMap: Фото улова (щука) из поста ВК; снасть и глубина не указаны.; 2018-08-27 FisherMap: Фото улова (щука, судак) из поста ВК; снасть и глубина не указаны.</desc>
    <type>Рыбалка</type>
  </wpt>
  <wpt lat="60.13338" lon="31.108066">
    <name>L0053 Щука</name>
    <desc>2018-05-27 FisherMap: Фото улова (щука) из поста ВК; снасть и глубина не указаны.</desc>
    <type>Рыбалка</type>
  </wpt>
  <wpt lat="60.025646" lon="31.533428">
    <name>L0054 Окунь</name>
    <desc>2018-05-15 FisherMap: Фото улова (окунь) из поста ВК; снасть и глубина не указаны.</desc>
    <type>Рыбалка</type>
  </wpt>
  <wpt lat="60.021826" lon="31.486249">
    <name>L0055 Окунь</name>
    <desc>2018-05-12 FisherMap: Фото улова (окунь) из поста ВК; снасть и глубина не указаны.</desc>
    <type>Рыбалка</type>
  </wpt>
  <wpt lat="60.342155" lon="32.616426">
    <name>L0056 Окунь</name>
    <desc>2018-02-16 FisherMap: Фото улова (окунь) из поста ВК; снасть и глубина не указаны.</desc>
    <type>Рыбалка</type>
  </wpt>
  <wpt lat="59.997778" lon="31.43971">
    <name>L0057 Окунь</name>
    <desc>2018-01-30 FisherMap: Фото улова (окунь) из поста ВК; снасть и глубина не указаны.</desc>
    <type>Рыбалка</type>
  </wpt>
  <wpt lat="59.986953" lon="31.531942">
    <name>L0058 Окунь</name>
    <desc>2018-01-27 FisherMap: Фото улова (окунь) из поста ВК; снасть и глубина не указаны.</desc>
    <type>Рыбалка</type>
  </wpt>
  <wpt lat="60.480681" lon="32.823847">
    <name>L0059 Окунь, Щука</name>
    <desc>2018-01-27 FisherMap: Фото улова (щука, окунь) из поста ВК; снасть и глубина не указаны.</desc>
    <type>Рыбалка</type>
  </wpt>
  <wpt lat="60.541373" lon="32.686407">
    <name>L0060 Судак</name>
    <desc>2017-08-22 FisherMap: Фото улова (судак) из поста ВК; снасть и глубина не указаны.</desc>
    <type>Рыбалка</type>
  </wpt>
  <wpt lat="59.975585" lon="31.068782">
    <name>L0061 Плотва</name>
    <desc>2017-05-19 FisherMap: Фото улова (плотва) из поста ВК; снасть и глубина не указаны.</desc>
    <type>Рыбалка</type>
  </wpt>
  <wpt lat="60.175403" lon="32.212548">
    <name>L0062 Окунь, Плотва</name>
    <desc>2017-03-19 FisherMap: Фото улова (окунь, плотва) из поста ВК; снасть и глубина не указаны.</desc>
    <type>Рыбалка</type>
  </wpt>
  <wpt lat="60.406806" lon="32.090174">
    <name>L0063 Окунь, Судак</name>
    <desc>2014-07-15 FisherMap: Фото улова (окунь, судак) из поста ВК; снасть и глубина не указаны.</desc>
    <type>Рыбалка</type>
  </wpt>
  <wpt lat="59.911673" lon="31.157517">
    <name>L0064 Окунь</name>
    <desc>2013-08-04 FisherMap: Фото улова (окунь) из поста ВК; точка на Староладожском канале в ~0,4 км от уреза Ладоги, а не в самом озере; снасть и глубина не указаны.</desc>
    <type>Рыбалка</type>
  </wpt>
  <wpt lat="60.114413" lon="32.24307">
    <name>L0065 Карась</name>
    <desc>2019-08-12 FisherMap: Фото улова (карась) из поста ВК; точка на Новоладожском канале в ~0,6 км от уреза Ладоги, а не в самом озере; снасть и глубина не указаны.</desc>
    <type>Рыбалка</type>
  </wpt>
  <wpt lat="59.90166" lon="31.34714">
    <name>L0066 Щука</name>
    <desc>2019-05-13 FisherMap: Фото улова (щука) из поста ВК; точка на р. Назия у пересечения с Ладожскими каналами, ~0,5 км от озера; снасть и глубина не указаны.</desc>
    <type>Рыбалка</type>
  </wpt>
  <wpt lat="60.118082" lon="32.324377">
    <name>L0067 Окунь, Судак</name>
    <desc>2018-09-08 FisherMap: Фото улова (окунь, судак) из поста ВК; снасть и глубина не указаны.</desc>
    <type>Рыбалка</type>
  </wpt>
  <wpt lat="60.099401" lon="32.310595">
    <name>L0068 Щука</name>
    <desc>2018-08-18 FisherMap: Фото улова (щука) из поста ВК; снасть и глубина не указаны.</desc>
    <type>Рыбалка</type>
  </wpt>
  <wpt lat="59.903125" lon="31.408314">
    <name>L0069 Окунь</name>
    <desc>2017-12-23 FisherMap: Фото улова (окунь) из поста ВК; снасть и глубина не указаны.</desc>
    <type>Рыбалка</type>
  </wpt>
  <wpt lat="59.975496" lon="31.524648">
    <name>L0070 Окунь</name>
    <desc>2019-02-20 FisherMap: Фото улова (окунь) из поста ВК; снасть и глубина не указаны.</desc>
    <type>Рыбалка</type>
  </wpt>
  <wpt lat="60.192721" lon="31.636649">
    <name>L0071 Плотва</name>
    <desc>2019-03-05 FisherMap: Фото улова (плотва) из поста ВК; снасть и глубина не указаны.</desc>
    <type>Рыбалка</type>
  </wpt>
  <wpt lat="60.135523" lon="31.571449">
    <name>L0072 Щука</name>
    <desc>2019-03-19 FisherMap: Фото улова (щука) из поста ВК; снасть и глубина не указаны.</desc>
    <type>Рыбалка</type>
  </wpt>
  <wpt lat="59.948412" lon="31.032891">
    <name>L0073 Плотва, Язь</name>
    <desc>2019-05-03 FisherMap: Фото улова (плотва) из поста ВК; точка у начала Новоладожского канала у истока Невы, ~0,2 км от уреза Ладоги; снасть и глубина не указаны.; 2019-05-09 FisherMap: Фото улова (язь) из поста ВК; точка у начала Новоладожского канала у истока Невы, ~0,2 км от уреза Ладоги; снасть и глубина не указаны.</desc>
    <type>Рыбалка</type>
  </wpt>
  <wpt lat="60.132292" lon="31.589045">
    <name>L0074 Плотва</name>
    <desc>2019-04-22 FisherMap: Фото улова (плотва) из поста ВК; снасть и глубина не указаны.</desc>
    <type>Рыбалка</type>
  </wpt>
  <wpt lat="60.080443" lon="32.324443">
    <name>L0075 Густера, Елец</name>
    <desc>2019-05-26 FisherMap: Фото улова (густера, елец, лещ) из поста ВК; снасть и глубина не указаны.</desc>
    <type>Рыбалка</type>
  </wpt>
  <wpt lat="60.288713" lon="32.545015">
    <name>L0076 Судак</name>
    <desc>2019-06-22 FisherMap: Фото улова (судак) из поста ВК; снасть и глубина не указаны.</desc>
    <type>Рыбалка</type>
  </wpt>
  <wpt lat="59.907528" lon="31.338184">
    <name>L0077 Густера, Щука</name>
    <desc>2019-07-03 FisherMap: Фото улова (щука, густера) из поста ВК; точка на Новоладожском канале в ~0,2 км от уреза Ладоги, а не в самом озере; снасть и глубина не указаны.</desc>
    <type>Рыбалка</type>
  </wpt>
  <wpt lat="60.160774" lon="32.241598">
    <name>L0078 Щука</name>
    <desc>2019-07-07 FisherMap: Фото улова (щука) из поста ВК; снасть и глубина не указаны.</desc>
    <type>Рыбалка</type>
  </wpt>
  <wpt lat="60.023129" lon="31.549124">
    <name>L0079 Окунь, Щука</name>
    <desc>2019-07-16 FisherMap: Фото улова (щука) из поста ВК; точка на Новоладожском канале в ~0,4 км от уреза Ладоги, а не в самом озере; снасть и глубина не указаны.; 2024-07-17 Telegram: Отчёты Рыбалка СПб: Метка «На карте» канала-агрегатора к 2 отчётам (2024-04-29…2024-07-17): щука, окунь.</desc>
    <type>Рыбалка</type>
  </wpt>
  <wpt lat="60.095423" lon="32.315172">
    <name>L0080 Густера, Лещ</name>
    <desc>2019-07-20 FisherMap: Фото улова (язь) из поста ВК; снасть и глубина не указаны.; 2019-10-14 FisherMap: Фото улова (лещ) из поста ВК; снасть и глубина не указаны.; 2025-03-16 Telegram: Рыболовная сводка СПб: фидер/донка</desc>
    <type>Рыбалка</type>
  </wpt>
  <wpt lat="60.129187" lon="31.607879">
    <name>L0081 Окунь, Щука</name>
    <desc>2019-07-27 FisherMap: Фото улова (щука, окунь) из поста ВК; точка на Новоладожском канале в ~0,3 км от уреза Ладоги, а не в самом озере; снасть и глубина не указаны.</desc>
    <type>Рыбалка</type>
  </wpt>
  <wpt lat="60.146076" lon="31.619132">
    <name>L0082 Судак</name>
    <desc>2019-08-27 FisherMap: Фото улова (судак) из поста ВК; точка на Новоладожском канале в ~0,9 км от уреза Ладоги, а не в самом озере; снасть и глубина не указаны.</desc>
    <type>Рыбалка</type>
  </wpt>
  <wpt lat="60.211948" lon="32.208028">
    <name>L0083 Щука</name>
    <desc>2019-09-08 FisherMap: Фото улова (щука) из поста ВК; снасть и глубина не указаны.</desc>
    <type>Рыбалка</type>
  </wpt>
  <wpt lat="60.260922" lon="32.641088">
    <name>L0084 Линь, Окунь</name>
    <desc>2019-09-14 FisherMap: Фото улова (щука, окунь, линь) из поста ВК; точка на Новоладожском канале в ~0,6 км от уреза Ладоги, а не в самом озере; снасть и глубина не указаны.</desc>
    <type>Рыбалка</type>
  </wpt>
  <wpt lat="60.483933" lon="32.823661">
    <name>L0085 Окунь</name>
    <desc>2019-11-02 FisherMap: Фото улова (окунь) из поста ВК; снасть и глубина не указаны.</desc>
    <type>Рыбалка</type>
  </wpt>
  <wpt lat="59.909624" lon="31.345093">
    <name>L0086 Густера, Плотва</name>
    <desc>2019-11-18 FisherMap: Фото улова (густера, плотва) из поста ВК; снасть и глубина не указаны.</desc>
    <type>Рыбалка</type>
  </wpt>
  <wpt lat="60.48896" lon="32.838545">
    <name>L0087 Налим</name>
    <desc>2019-11-23 FisherMap: Фото улова (налим) из поста ВК; снасть и глубина не указаны.</desc>
    <type>Рыбалка</type>
  </wpt>
  <wpt lat="60.549568" lon="32.846512">
    <name>L0088 Щука</name>
    <desc>2019-07-29 FisherMap: Фото улова (щука) из поста ВК; снасть и глубина не указаны.</desc>
    <type>Рыбалка</type>
  </wpt>
  <wpt lat="60.135009" lon="31.609383">
    <name>L0089 Окунь</name>
    <desc>2019-10-01 FisherMap: Фото улова (окунь) из поста ВК; снасть и глубина не указаны.</desc>
    <type>Рыбалка</type>
  </wpt>
  <wpt lat="60.016226" lon="31.091047">
    <name>L0090 Щука</name>
    <desc>2019-10-25 FisherMap: Фото улова (щука) из поста ВК; снасть и глубина не указаны.</desc>
    <type>Рыбалка</type>
  </wpt>
  <wpt lat="60.113432" lon="32.287226">
    <name>L0091 Окунь</name>
    <desc>2019-09-29 FisherMap: Фото улова (окунь) из поста ВК; точка на Новоладожском канале в ~1,2 км от уреза Ладоги, а не в самом озере; снасть и глубина не указаны.</desc>
    <type>Рыбалка</type>
  </wpt>
  <wpt lat="60.52526" lon="32.839345">
    <name>L0092 Окунь, Щука</name>
    <desc>2018-08-28 FisherMap: Фото улова (щука, окунь) из поста ВК; снасть и глубина не указаны.</desc>
    <type>Рыбалка</type>
  </wpt>
  <wpt lat="60.527016" lon="32.846841">
    <name>L0093 Окунь</name>
    <desc>2018-09-01 FisherMap: Фото улова (окунь) из поста ВК; снасть и глубина не указаны.</desc>
    <type>Рыбалка</type>
  </wpt>
  <wpt lat="60.121404" lon="31.563588">
    <name>L0094 Щука</name>
    <desc>2019-07-05 FisherMap: Фото улова (щука) из поста ВК; снасть и глубина не указаны.</desc>
    <type>Рыбалка</type>
  </wpt>
  <wpt lat="59.901404" lon="31.347781">
    <name>L0095 Ёрш, Елец</name>
    <desc>2019-07-22 FisherMap: Фото улова (щука) из поста ВК; точка на р. Назия у пересечения с Ладожскими каналами, ~0,5 км от озера; снасть и глубина не указаны.; 2024-03-02 Telegram: Рыболовная сводка СПб: Отчёт с координатами места ловли.; 2024-04-13 Telegram: Рыболовная сводка СПб: Отчёт с координатами места ловли.; 2024-04-21 Telegram: Рыболовная сводка СПб: 5 шт; фидер/донка, поплавок; 2024-06-23 Telegram: Рыболовная сводка СПб: спиннинг, поплавок, мормышка</desc>
    <type>Рыбалка</type>
  </wpt>
  <wpt lat="60.527898" lon="32.822223">
    <name>L0096 Щука</name>
    <desc>2019-09-11 FisherMap: Фото улова (щука) из поста ВК; снасть и глубина не указаны.</desc>
    <type>Рыбалка</type>
  </wpt>
  <wpt lat="60.104283" lon="32.272784">
    <name>L0097 Карась</name>
    <desc>2019-08-12 FisherMap: Фото улова (карась) из поста ВК; точка у широкого участка Староладожского канала в западной части Новой Ладоги, ~2 км от озера; снасть и глубина не указаны.</desc>
    <type>Рыбалка</type>
  </wpt>
  <wpt lat="60.503024" lon="32.991103">
    <name>L0098 Лещ</name>
    <desc>2019-05-15 FisherMap: Фото улова (лещ) из поста ВК; снасть и глубина не указаны.</desc>
    <type>Рыбалка</type>
  </wpt>
  <wpt lat="59.910414" lon="31.368193">
    <name>L0099 Щука</name>
    <desc>2019-06-10 FisherMap: Фото улова (щука) из поста ВК; снасть и глубина не указаны.</desc>
    <type>Рыбалка</type>
  </wpt>
  <wpt lat="60.102013" lon="32.326021">
    <name>L0100 Судак</name>
    <desc>2019-08-18 FisherMap: Фото улова (судак) из поста ВК; снасть и глубина не указаны.</desc>
    <type>Рыбалка</type>
  </wpt>
  <wpt lat="60.110836" lon="32.325533">
    <name>L0101 Щука</name>
    <desc>2019-10-23 FisherMap: Фото улова (щука) из поста ВК; снасть и глубина не указаны.</desc>
    <type>Рыбалка</type>
  </wpt>
  <wpt lat="60.513022" lon="33.059088">
    <name>L0102 Щука</name>
    <desc>2013-10-31 FisherMap: Фото улова (щука) из поста ВК; снасть и глубина не указаны.</desc>
    <type>Рыбалка</type>
  </wpt>
  <wpt lat="59.984857" lon="31.136785">
    <name>L0103 Окунь</name>
    <desc>2019-09-04 FisherMap: Фото улова (окунь) из поста ВК; снасть и глубина не указаны.</desc>
    <type>Рыбалка</type>
  </wpt>
  <wpt lat="60.191962" lon="32.223892">
    <name>L0104 Щука</name>
    <desc>2019-09-09 FisherMap: Фото улова (щука) из поста ВК; снасть и глубина не указаны.</desc>
    <type>Рыбалка</type>
  </wpt>
  <wpt lat="60.081712" lon="31.069336">
    <name>L0105 Налим, Щука</name>
    <desc>2019-11-07 FisherMap: Фото улова (щука, налим) из поста ВК; точка у самого уреза (ловля с берега или у кромки); снасть и глубина не указаны.</desc>
    <type>Рыбалка</type>
  </wpt>
  <wpt lat="59.902643" lon="31.345776">
    <name>L0106 Налим</name>
    <desc>2019-11-29 FisherMap: Фото улова (налим) из поста ВК; точка на Новоладожском канале в ~0,4 км от уреза Ладоги, а не в самом озере; снасть и глубина не указаны.</desc>
    <type>Рыбалка</type>
  </wpt>
  <wpt lat="60.099086" lon="31.074211">
    <name>L0107 Налим</name>
    <desc>2019-11-20 FisherMap: Фото улова (налим) из поста ВК; снасть и глубина не указаны.</desc>
    <type>Рыбалка</type>
  </wpt>
  <wpt lat="60.126973" lon="31.603889">
    <name>L0108 Окунь</name>
    <desc>2019-11-26 FisherMap: Фото улова (окунь) из поста ВК; точка на Новоладожском канале в ~0,3 км от уреза Ладоги, а не в самом озере; снасть и глубина не указаны.</desc>
    <type>Рыбалка</type>
  </wpt>
  <wpt lat="60.453156" lon="32.811084">
    <name>L0109 Плотва</name>
    <desc>2019-05-15 FisherMap: Фото улова (плотва) из поста ВК; снасть и глубина не указаны.</desc>
    <type>Рыбалка</type>
  </wpt>
  <wpt lat="60.267281" lon="32.048983">
    <name>L0110 Щука</name>
    <desc>2019-06-03 FisherMap: Фото улова (щука) из поста ВК; снасть и глубина не указаны.</desc>
    <type>Рыбалка</type>
  </wpt>
  <wpt lat="60.207024" lon="32.204395">
    <name>L0111 Щука</name>
    <desc>2019-06-08 FisherMap: Фото улова (щука) из поста ВК; снасть и глубина не указаны.</desc>
    <type>Рыбалка</type>
  </wpt>
  <wpt lat="60.115556" lon="32.338514">
    <name>L0112 Щука</name>
    <desc>2019-07-24 FisherMap: Фото улова (щука) из поста ВК; снасть и глубина не указаны.</desc>
    <type>Рыбалка</type>
  </wpt>
  <wpt lat="60.013785" lon="32.324611">
    <name>L0113 Густера, Лещ</name>
    <desc>2019-06-18 FisherMap: Фото улова (густера, лещ) из поста ВК; на южной границе зоны — Волхов у Старой Ладоги; снасть и глубина не указаны.</desc>
    <type>Рыбалка</type>
  </wpt>
  <wpt lat="60.482262" lon="32.918215">
    <name>L0114 Окунь</name>
    <desc>2019-11-04 FisherMap: Фото улова (окунь) из поста ВК; снасть и глубина не указаны.</desc>
    <type>Рыбалка</type>
  </wpt>
  <wpt lat="60.011947" lon="32.325845">
    <name>L0115 Лещ</name>
    <desc>2019-10-17 FisherMap: Фото улова (лещ) из поста ВК; на южной границе зоны — Волхов у Старой Ладоги; снасть и глубина не указаны.</desc>
    <type>Рыбалка</type>
  </wpt>
  <wpt lat="60.068341" lon="32.338351">
    <name>L0116 Лещ</name>
    <desc>2019-09-17 FisherMap: Фото улова (лещ) из поста ВК; снасть и глубина не указаны.</desc>
    <type>Рыбалка</type>
  </wpt>
  <wpt lat="60.120745" lon="32.318611">
    <name>L0117 Ёрш, Карп</name>
    <desc>2019-09-02 FisherMap: Фото улова (щука, карп, лещ) из поста ВК; снасть и глубина не указаны.; 2024-06-19 Telegram: Рыболовная сводка СПб: троллинг; 2024-06-24 Telegram: Рыболовная сводка СПб: Отчёт с координатами места ловли.; 2024-06-25 Telegram: Рыболовная сводка СПб: Отчёт с координатами места ловли.; 2024-06-28 Telegram: Рыболовная сводка СПб: Отчёт с координатами места ловли.</desc>
    <type>Рыбалка</type>
  </wpt>
  <wpt lat="60.15183" lon="32.258078">
    <name>L0118 Окунь, Щука</name>
    <desc>2019-09-05 FisherMap: Фото улова (щука, окунь) из поста ВК; снасть и глубина не указаны.</desc>
    <type>Рыбалка</type>
  </wpt>
  <wpt lat="60.100498" lon="32.313622">
    <name>L0119 Лещ</name>
    <desc>2016-05-22 FisherMap: Фото улова (лещ) из поста ВК; снасть и глубина не указаны.</desc>
    <type>Рыбалка</type>
  </wpt>
  <wpt lat="60.10428" lon="31.535041">
    <name>L0120 Плотва</name>
    <desc>2016-12-24 FisherMap: Фото улова (плотва) из поста ВК; снасть и глубина не указаны.</desc>
    <type>Рыбалка</type>
  </wpt>
  <wpt lat="59.95145" lon="31.024484">
    <name>L0121 Налим</name>
    <desc>2017-11-17 FisherMap: Фото улова (налим) из поста ВК; снасть и глубина не указаны.</desc>
    <type>Рыбалка</type>
  </wpt>
  <wpt lat="59.978681" lon="31.072035">
    <name>L0122 Щука</name>
    <desc>2019-04-19 FisherMap: Фото улова (щука) из поста ВК; снасть и глубина не указаны.</desc>
    <type>Рыбалка</type>
  </wpt>
  <wpt lat="60.013385" lon="32.323682">
    <name>L0123 Лещ</name>
    <desc>2017-12-28 FisherMap: Фото улова (лещ) из поста ВК; на южной границе зоны — Волхов у Старой Ладоги; снасть и глубина не указаны.</desc>
    <type>Рыбалка</type>
  </wpt>
  <wpt lat="60.505005" lon="32.80718">
    <name>L0124 Чехонь</name>
    <desc>2019-02-27 FisherMap: Фото улова (чехонь) из поста ВК; снасть и глубина не указаны.</desc>
    <type>Рыбалка</type>
  </wpt>
  <wpt lat="60.165785" lon="32.248314">
    <name>L0125 Щука</name>
    <desc>2019-06-17 FisherMap: Фото улова (щука) из поста ВК; снасть и глубина не указаны.</desc>
    <type>Рыбалка</type>
  </wpt>
  <wpt lat="59.946064" lon="31.578757">
    <name>L0126 Лещ, Щука</name>
    <desc>2019-06-28 FisherMap: Фото улова (щука, лещ) из поста ВК; точка на Староладожском канале в ~1,5 км от уреза Ладоги, а не в самом озере; снасть и глубина не указаны.; 2019-07-22 FisherMap: Фото улова (щука) из поста ВК; точка на Староладожском канале в ~1,5 км от уреза Ладоги, а не в самом озере; снасть и глубина не указаны.</desc>
    <type>Рыбалка</type>
  </wpt>
  <wpt lat="59.982637" lon="31.55379">
    <name>L0127 Судак, Щука</name>
    <desc>2019-07-07 FisherMap: Фото улова (щука, судак) из поста ВК; снасть и глубина не указаны.</desc>
    <type>Рыбалка</type>
  </wpt>
  <wpt lat="60.20561" lon="32.41823">
    <name>L0128 Судак</name>
    <desc>2019-07-08 FisherMap: Фото улова (судак) из поста ВК; снасть и глубина не указаны.</desc>
    <type>Рыбалка</type>
  </wpt>
  <wpt lat="60.213908" lon="32.2246">
    <name>L0129 Судак, Щука</name>
    <desc>2019-07-12 FisherMap: Фото улова (щука, судак) из поста ВК; снасть и глубина не указаны.</desc>
    <type>Рыбалка</type>
  </wpt>
  <wpt lat="60.150206" lon="31.622075">
    <name>L0130 Щука</name>
    <desc>2019-07-14 FisherMap: Фото улова (щука) из поста ВК; точка на Новоладожском канале в ~1,3 км от уреза Ладоги, а не в самом озере; снасть и глубина не указаны.</desc>
    <type>Рыбалка</type>
  </wpt>
  <wpt lat="60.213078" lon="32.448773">
    <name>L0131 Судак, Щука</name>
    <desc>2019-07-15 FisherMap: Фото улова (щука, судак) из поста ВК; снасть и глубина не указаны.</desc>
    <type>Рыбалка</type>
  </wpt>
  <wpt lat="60.083858" lon="32.30831">
    <name>L0132 Лещ, Сом</name>
    <desc>2019-07-28 FisherMap: Фото улова (лещ, сом) из поста ВК; снасть и глубина не указаны.</desc>
    <type>Рыбалка</type>
  </wpt>
  <wpt lat="60.238105" lon="31.97625">
    <name>L0133 Окунь</name>
    <desc>2019-08-08 FisherMap: Фото улова (окунь) из поста ВК; снасть и глубина не указаны.</desc>
    <type>Рыбалка</type>
  </wpt>
  <wpt lat="59.979034" lon="31.085963">
    <name>L0134 Густера, Плотва</name>
    <desc>2019-08-10 FisherMap: Фото улова (густера, плотва) из поста ВК; снасть и глубина не указаны.</desc>
    <type>Рыбалка</type>
  </wpt>
  <wpt lat="60.097415" lon="32.310195">
    <name>L0135 Судак, Щука</name>
    <desc>2019-08-12 FisherMap: Фото улова (щука, судак) из поста ВК; снасть и глубина не указаны.</desc>
    <type>Рыбалка</type>
  </wpt>
  <wpt lat="60.153482" lon="32.484413">
    <name>L0136 Судак, Щука</name>
    <desc>2019-10-01 FisherMap: Фото улова (щука, судак) из поста ВК; точка у впадения р. Сясь в Ладогу; снасть и глубина не указаны.</desc>
    <type>Рыбалка</type>
  </wpt>
  <wpt lat="59.981745" lon="31.4043">
    <name>L0137 Окунь, Щука</name>
    <desc>2019-10-18 FisherMap: Фото улова (щука, окунь) из поста ВК; снасть и глубина не указаны.</desc>
    <type>Рыбалка</type>
  </wpt>
  <wpt lat="60.077761" lon="31.070175">
    <name>L0138 Налим</name>
    <desc>2019-11-14 FisherMap: Фото улова (налим) из поста ВК; снасть и глубина не указаны.</desc>
    <type>Рыбалка</type>
  </wpt>
  <wpt lat="60.232853" lon="32.055904">
    <name>L0139 Голавль, Окунь</name>
    <desc>2019-11-26 FisherMap: Фото улова (щука, голавль, окунь) из поста ВК; снасть и глубина не указаны.</desc>
    <type>Рыбалка</type>
  </wpt>
  <wpt lat="59.985343" lon="31.526859">
    <name>L0140 Щука</name>
    <desc>2017-09-27 FisherMap: Фото улова (щука) из поста ВК; снасть и глубина не указаны.</desc>
    <type>Рыбалка</type>
  </wpt>
  <wpt lat="60.127233" lon="31.595003">
    <name>L0141 Окунь</name>
    <desc>2017-12-24 FisherMap: Фото улова (окунь) из поста ВК; снасть и глубина не указаны.</desc>
    <type>Рыбалка</type>
  </wpt>
  <wpt lat="59.895486" lon="31.389971">
    <name>L0142 Окунь</name>
    <desc>2017-12-26 FisherMap: Фото улова (окунь) из поста ВК; точка на Новоладожском канале в ~0,2 км от уреза Ладоги, а не в самом озере; снасть и глубина не указаны.</desc>
    <type>Рыбалка</type>
  </wpt>
  <wpt lat="59.979758" lon="31.494377">
    <name>L0143 Окунь, Плотва</name>
    <desc>2018-01-23 FisherMap: Фото улова (окунь, плотва) из поста ВК; снасть и глубина не указаны.</desc>
    <type>Рыбалка</type>
  </wpt>
  <wpt lat="60.475868" lon="32.872527">
    <name>L0144 Налим, Окунь</name>
    <desc>2018-01-28 FisherMap: Фото улова (окунь) из поста ВК; снасть и глубина не указаны.; 2021-03 fishing-report.ru: Щука и налим с Ново-Свирского канала у устья Свири (вид по фото).</desc>
    <type>Рыбалка</type>
  </wpt>
  <wpt lat="60.141119" lon="32.215248">
    <name>L0145 Щука</name>
    <desc>2018-02-17 FisherMap: Фото улова (щука) из поста ВК; снасть и глубина не указаны.</desc>
    <type>Рыбалка</type>
  </wpt>
  <wpt lat="60.188581" lon="32.172667">
    <name>L0146 Окунь</name>
    <desc>2018-03-29 FisherMap: Фото улова (окунь) из поста ВК; снасть и глубина не указаны.</desc>
    <type>Рыбалка</type>
  </wpt>
  <wpt lat="60.269817" lon="32.609065">
    <name>L0147 Лещ, Плотва</name>
    <desc>2018-04-08 FisherMap: Фото улова (лещ, плотва) из поста ВК; снасть и глубина не указаны.</desc>
    <type>Рыбалка</type>
  </wpt>
  <wpt lat="60.04905" lon="32.344292">
    <name>L0148 Густера, Лещ</name>
    <desc>2018-08-02 FisherMap: Фото улова (лещ) из поста ВК; снасть и глубина не указаны.; 2024-08-01 Telegram: Рыболовная сводка СПб: леща 1,25 кг; 2024-08-10 Telegram: Рыболовная сводка СПб: Отчёт с координатами места ловли.; 2024-08-14 Telegram: Рыболовная сводка СПб: Отчёт с координатами места ловли.; 2024-08-20 Telegram: Рыболовная сводка СПб: Отчёт с координатами места ловли.</desc>
    <type>Рыбалка</type>
  </wpt>
  <wpt lat="60.028505" lon="31.452973">
    <name>L0149 Окунь</name>
    <desc>2019-02-16 FisherMap: Фото улова (окунь) из поста ВК; снасть и глубина не указаны.</desc>
    <type>Рыбалка</type>
  </wpt>
  <wpt lat="60.015231" lon="31.407798">
    <name>L0150 Плотва</name>
    <desc>2019-03-26 FisherMap: Фото улова (плотва) из поста ВК; снасть и глубина не указаны.</desc>
    <type>Рыбалка</type>
  </wpt>
  <wpt lat="60.48387" lon="32.915201">
    <name>L0151 Голавль, Жерех</name>
    <desc>2019-11-10 FisherMap: Фото улова (щука, окунь) из поста ВК; снасть и глубина не указаны.; 2024-01-29 Telegram: Рыболовная сводка СПб: жерлицы; 2024-02-01 Telegram: Рыболовная сводка СПб: Отчёт с координатами места ловли.; 2024-06-18 Telegram: Рыболовная сводка СПб: Отчёт с координатами места ловли.; 2024-07-10 Telegram: Рыболовная сводка СПб: Отчёт с координатами места ловли.</desc>
    <type>Рыбалка</type>
  </wpt>
  <wpt lat="59.921581" lon="31.113394">
    <name>L0152 Окунь, Плотва</name>
    <desc>2019-04-27 FisherMap: Фото улова (язь, окунь, плотва) из поста ВК; точка на Новоладожском канале в ~0,4 км от уреза Ладоги, а не в самом озере; снасть и глубина не указаны.</desc>
    <type>Рыбалка</type>
  </wpt>
  <wpt lat="59.97432" lon="31.511137">
    <name>L0153 Окунь</name>
    <desc>2018-12-16 FisherMap: Фото улова (окунь) из поста ВК; снасть и глубина не указаны.</desc>
    <type>Рыбалка</type>
  </wpt>
  <wpt lat="59.974928" lon="31.517438">
    <name>L0154 Окунь</name>
    <desc>2018-12-19 FisherMap: Фото улова (окунь) из поста ВК; снасть и глубина не указаны.</desc>
    <type>Рыбалка</type>
  </wpt>
  <wpt lat="60.483772" lon="32.819193">
    <name>L0155 Окунь</name>
    <desc>2018-12-23 FisherMap: Фото улова (окунь) из поста ВК; снасть и глубина не указаны.</desc>
    <type>Рыбалка</type>
  </wpt>
  <wpt lat="59.978596" lon="31.52809">
    <name>L0156 Окунь</name>
    <desc>2018-12-26 FisherMap: Фото улова (окунь) из поста ВК; снасть и глубина не указаны.</desc>
    <type>Рыбалка</type>
  </wpt>
  <wpt lat="60.482509" lon="32.895131">
    <name>L0157 Лещ</name>
    <desc>2018-12-29 FisherMap: Фото улова (лещ) из поста ВК; снасть и глубина не указаны.</desc>
    <type>Рыбалка</type>
  </wpt>
  <wpt lat="60.480738" lon="32.827686">
    <name>L0158 Окунь, Щука</name>
    <desc>2019-01-02 FisherMap: Фото улова (щука, окунь) из поста ВК; снасть и глубина не указаны.</desc>
    <type>Рыбалка</type>
  </wpt>
  <wpt lat="60.184477" lon="32.214768">
    <name>L0159 Окунь</name>
    <desc>2019-01-07 FisherMap: Фото улова (окунь) из поста ВК; снасть и глубина не указаны.</desc>
    <type>Рыбалка</type>
  </wpt>
  <wpt lat="60.072712" lon="31.101317">
    <name>L0160 Плотва</name>
    <desc>2019-01-08 FisherMap: Фото улова (плотва) из поста ВК; снасть и глубина не указаны.</desc>
    <type>Рыбалка</type>
  </wpt>
  <wpt lat="60.187433" lon="31.633171">
    <name>L0161 Налим, Плотва</name>
    <desc>2019-02-01 FisherMap: Фото улова (налим, плотва) из поста ВК; снасть и глубина не указаны.</desc>
    <type>Рыбалка</type>
  </wpt>
  <wpt lat="60.483719" lon="32.913767">
    <name>L0162 Окунь, Щука</name>
    <desc>2019-02-09 FisherMap: Фото улова (щука, окунь) из поста ВК; снасть и глубина не указаны.</desc>
    <type>Рыбалка</type>
  </wpt>
  <wpt lat="60.226807" lon="31.788919">
    <name>L0163 Плотва, Щука</name>
    <desc>2019-04-22 FisherMap: Фото улова (щука, язь, плотва) из поста ВК; точка на Новоладожском канале в ~0,1 км от уреза Ладоги, а не в самом озере; снасть и глубина не указаны.</desc>
    <type>Рыбалка</type>
  </wpt>
  <wpt lat="60.064805" lon="32.345053">
    <name>L0164 Лещ, Язь</name>
    <desc>2019-05-09 FisherMap: Фото улова (язь, лещ) из поста ВК; снасть и глубина не указаны.</desc>
    <type>Рыбалка</type>
  </wpt>
  <wpt lat="60.148447" lon="32.242821">
    <name>L0165 Окунь, Судак</name>
    <desc>2019-08-13 FisherMap: Фото улова (окунь, судак) из поста ВК; снасть и глубина не указаны.</desc>
    <type>Рыбалка</type>
  </wpt>
  <wpt lat="60.037685" lon="32.340819">
    <name>L0166 Ёрш, Лещ</name>
    <desc>2019-09-01 FisherMap: Фото улова (лещ) из поста ВК; снасть и глубина не указаны.; 2024-10-20 Telegram: Рыболовная сводка СПб: Отчёт с координатами места ловли.; 2024-10-23 Telegram: Рыболовная сводка СПб: Отчёт с координатами места ловли.; 2024-10-24 Telegram: Рыболовная сводка СПб: Отчёт с координатами места ловли.; 2024-11-17 Telegram: Рыболовная сводка СПб: Отчёт с координатами места ловли.</desc>
    <type>Рыбалка</type>
  </wpt>
  <wpt lat="60.225864" lon="31.982064">
    <name>L0167 Щука</name>
    <desc>2019-09-11 FisherMap: Фото улова (щука) из поста ВК; снасть и глубина не указаны.</desc>
    <type>Рыбалка</type>
  </wpt>
  <wpt lat="59.920712" lon="31.419913">
    <name>L0168 Окунь</name>
    <desc>2019-10-20 FisherMap: Фото улова (окунь) из поста ВК; снасть и глубина не указаны.</desc>
    <type>Рыбалка</type>
  </wpt>
  <wpt lat="60.501492" lon="32.992019">
    <name>L0169 Карась</name>
    <desc>2019-06-07 FisherMap: Фото улова (карась) со ссылкой на сайт fishingmaniya.ru (без адреса отчёта); снасть и глубина не указаны.</desc>
    <type>Рыбалка</type>
  </wpt>
  <wpt lat="60.5019" lon="32.992353">
    <name>L0170 Карась</name>
    <desc>2019-06-07 FisherMap: Фото улова (карась) со ссылкой на сайт fishingmaniya.ru (без адреса отчёта); снасть и глубина не указаны.; 2019-06-07 FisherMap: Фото улова (карась) со ссылкой на сайт fishingmaniya.ru (без адреса отчёта); снасть и глубина не указаны.</desc>
    <type>Рыбалка</type>
  </wpt>
  <wpt lat="59.948211" lon="31.032381">
    <name>L0171 Лещ, Уклейка</name>
    <desc>2019-05-18 FisherMap: Фото улова (лещ) со ссылкой на сайт fishingmaniya.ru (без адреса отчёта); точка у начала Новоладожского канала у истока Невы, ~0,2 км от уреза Ладоги; снасть и глубина не указаны.; 2019-05-18 FisherMap: Фото улова (лещ, уклейка) со ссылкой на сайт fishingmaniya.ru (без адреса отчёта); точка у начала Новоладожского канала у истока Невы, ~0,2 км от уреза Ладоги; снасть и глубина не указаны.</desc>
    <type>Рыбалка</type>
  </wpt>
  <wpt lat="60.130917" lon="32.333886">
    <name>L0172 Густера, Плотва</name>
    <desc>2019-08-09 FisherMap: Фото улова (густера, плотва) со ссылкой на сайт fishingmaniya.ru (без адреса отчёта); снасть и глубина не указаны.</desc>
    <type>Рыбалка</type>
  </wpt>
  <wpt lat="60.120908" lon="32.318092">
    <name>L0173 Судак</name>
    <desc>2021-06-20 FisherMap: Фото улова (судак) из поста ВК; снасть и глубина не указаны.</desc>
    <type>Рыбалка</type>
  </wpt>
  <wpt lat="60.225408" lon="32.129243">
    <name>L0174 Окунь</name>
    <desc>2022-01-04 FisherMap: Фото улова (окунь) из поста ВК; снасть и глубина не указаны.</desc>
    <type>Рыбалка</type>
  </wpt>
  <wpt lat="60.497071" lon="32.815127">
    <name>L0175 Окунь</name>
    <desc>2022-02-02 FisherMap: Фото улова (окунь) из поста ВК; снасть и глубина не указаны.</desc>
    <type>Рыбалка</type>
  </wpt>
  <wpt lat="60.173055" lon="31.660429">
    <name>L0176 Окунь</name>
    <desc>2022-02-18 FisherMap: Фото улова (окунь) из поста ВК; геометка стоит на заболоченной суше между двумя каналами ~1,4 км от Ладоги — место ловли неточно; снасть и глубина не указаны. Место под сомнением: координата легла на сушу.</desc>
    <type>Рыбалка</type>
  </wpt>
  <wpt lat="60.119097" lon="32.340207">
    <name>L0177 Плотва</name>
    <desc>2022-04-06 FisherMap: Фото улова (плотва) из поста ВК; снасть и глубина не указаны.</desc>
    <type>Рыбалка</type>
  </wpt>
  <wpt lat="60.122309" lon="32.315084">
    <name>L0178 Судак</name>
    <desc>2022-06-27 FisherMap: Фото улова (судак) из поста ВК; снасть и глубина не указаны.</desc>
    <type>Рыбалка</type>
  </wpt>
  <wpt lat="60.285915" lon="32.601296">
    <name>L0179 Густера, Налим</name>
    <desc>2022-11-29 FisherMap: Фото улова (густера, налим, плотва) из поста ВК; снасть и глубина не указаны.; 2022-12 fishing-report.ru: Отчёт с Ладоги у Вороново без подробностей.</desc>
    <type>Рыбалка</type>
  </wpt>
  <wpt lat="60.000912" lon="31.090795">
    <name>L0180 Щука</name>
    <desc>2022-12-26 FisherMap: Фото улова (щука) из поста ВК; снасть и глубина не указаны.</desc>
    <type>Рыбалка</type>
  </wpt>
  <wpt lat="60.012707" lon="31.098475">
    <name>L0181 Окунь</name>
    <desc>2022-12-26 FisherMap: Фото улова (окунь) из поста ВК; снасть и глубина не указаны.</desc>
    <type>Рыбалка</type>
  </wpt>
  <wpt lat="59.96051" lon="31.184762">
    <name>L0182 Окунь, Щука</name>
    <desc>2023-01-01 FisherMap: Фото улова (окунь, щука) из поста ВК; снасть и глубина не указаны.</desc>
    <type>Рыбалка</type>
  </wpt>
  <wpt lat="60.000811" lon="31.091625">
    <name>L0183 Щука</name>
    <desc>2023-01-09 FisherMap: Фото улова (щука) из поста ВК; снасть и глубина не указаны.</desc>
    <type>Рыбалка</type>
  </wpt>
  <wpt lat="60.021502" lon="31.475682">
    <name>L0184 Окунь, Сиг</name>
    <desc>2023-01-14 FisherMap: Фото улова (окунь, сиг) из поста ВК; снасть и глубина не указаны.</desc>
    <type>Рыбалка</type>
  </wpt>
  <wpt lat="60.129703" lon="32.242394">
    <name>L0185 Щука</name>
    <desc>2023-02-05 FisherMap: Фото улова (щука) из поста ВК; снасть и глубина не указаны.</desc>
    <type>Рыбалка</type>
  </wpt>
  <wpt lat="60.028511" lon="31.469672">
    <name>L0186 Окунь, Плотва</name>
    <desc>2023-02-15 FisherMap: Фото улова (окунь, плотва) из поста ВК; снасть и глубина не указаны.</desc>
    <type>Рыбалка</type>
  </wpt>
  <wpt lat="60.132812" lon="32.239792">
    <name>L0187 Щука</name>
    <desc>2023-02-16 FisherMap: Фото улова (щука) из поста ВК; снасть и глубина не указаны.</desc>
    <type>Рыбалка</type>
  </wpt>
  <wpt lat="60.070309" lon="31.382218">
    <name>L0188 Окунь</name>
    <desc>2023-02-25 FisherMap: Фото улова (окунь) из поста ВК; снасть и глубина не указаны.; 2023-02-25 fishing-report.ru: Кобона: неожиданный выход на глубину 7,5 м, окунь.</desc>
    <type>Рыбалка</type>
  </wpt>
  <wpt lat="60.028196" lon="31.529794">
    <name>L0189 Плотва</name>
    <desc>2023-04-04 FisherMap: Фото улова (плотва) из поста ВК; снасть и глубина не указаны.</desc>
    <type>Рыбалка</type>
  </wpt>
  <wpt lat="60.058404" lon="32.339714">
    <name>L0190 Лещ</name>
    <desc>2023-09-17 FisherMap: Фото улова (лещ) из поста ВК; снасть и глубина не указаны.</desc>
    <type>Рыбалка</type>
  </wpt>
  <wpt lat="59.9217" lon="31.112409">
    <name>L0191 Рыбец</name>
    <desc>2021-04-27 FisherMap: Фото улова (рыбец) из поста ВК; точка на Новоладожском канале в ~0,4 км от уреза Ладоги, а не в самом озере; снасть и глубина не указаны.</desc>
    <type>Рыбалка</type>
  </wpt>
  <wpt lat="60.135595" lon="32.455839">
    <name>L0192 Лещ</name>
    <desc>2021-05-10 FisherMap: Фото улова (лещ) из поста ВК; точка на Новоладожском канале в ~1,3 км от уреза Ладоги, а не в самом озере; снасть и глубина не указаны.</desc>
    <type>Рыбалка</type>
  </wpt>
  <wpt lat="59.933218" lon="31.236509">
    <name>L0193 Лещ, Плотва</name>
    <desc>2022-05-09 FisherMap: Фото улова (лещ, плотва, хариус) из поста ВК; точка на Новоладожском канале в ~0,8 км от уреза Ладоги, а не в самом озере; снасть и глубина не указаны.</desc>
    <type>Рыбалка</type>
  </wpt>
  <wpt lat="59.942811" lon="31.050391">
    <name>L0194 Плотва</name>
    <desc>2023-04-22 FisherMap: Фото улова (плотва) из поста ВК; точка на Новоладожском канале в ~0,1 км от уреза Ладоги, а не в самом озере; снасть и глубина не указаны.</desc>
    <type>Рыбалка</type>
  </wpt>
  <wpt lat="60.105391" lon="31.57502">
    <name>L0195 Окунь, Плотва</name>
    <desc>2022-02-12 FisherMap: Фото улова (окунь, плотва) из поста ВК; снасть и глубина не указаны.</desc>
    <type>Рыбалка</type>
  </wpt>
  <wpt lat="60.041804" lon="32.336191">
    <name>L0196 Белоглазка</name>
    <desc>2022-05-05 FisherMap: Фото улова (белоглазка) из поста ВК; снасть и глубина не указаны.</desc>
    <type>Рыбалка</type>
  </wpt>
  <wpt lat="60.074801" lon="32.324106">
    <name>L0197 Судак</name>
    <desc>2023-04-19 FisherMap: Фото улова (судак) из поста ВК; снасть и глубина не указаны.</desc>
    <type>Рыбалка</type>
  </wpt>
  <wpt lat="60.11502" lon="32.306801">
    <name>L0198 Карась</name>
    <desc>2023-05-12 FisherMap: Фото улова (карась) из поста ВК; точка на Новоладожском канале в ~1,4 км от уреза Ладоги, а не в самом озере; снасть и глубина не указаны.; 2023-05 fishing-report.ru: Рыбалка на канале в Новой Ладоге (без подробностей).</desc>
    <type>Рыбалка</type>
  </wpt>
  <wpt lat="60.085507" lon="32.314274">
    <name>L0199 Карась</name>
    <desc>2023-05-12 FisherMap: Фото улова (карась) из поста ВК; снасть и глубина не указаны.; 2023-05 fishing-report.ru: Открытие сезона: кемпинг на берегу Волхова.</desc>
    <type>Рыбалка</type>
  </wpt>
  <wpt lat="60.262203" lon="31.943687">
    <name>L0200 Окунь</name>
    <desc>2024-02-10 FisherMap: Фото улова (окунь) из поста ВК; снасть и глубина не указаны.; 2024-02 fishing-report.ru: Дубно: хорошая погода и удачная рыбалка.</desc>
    <type>Рыбалка</type>
  </wpt>
  <wpt lat="60.011217" lon="31.090482">
    <name>L0201 Щука</name>
    <desc>2023-11-29 FisherMap: Фото улова (щука) из поста ВК; снасть и глубина не указаны.</desc>
    <type>Рыбалка</type>
  </wpt>
  <wpt lat="60.647409" lon="33.231593">
    <name>L0202 Налим</name>
    <desc>2024-01-05 FisherMap: Фото улова (налим) из поста ВК; снасть и глубина не указаны.</desc>
    <type>Рыбалка</type>
  </wpt>
  <wpt lat="59.978608" lon="31.418379">
    <name>L0203 Окунь, Плотва</name>
    <desc>2023-12-17 FisherMap: Фото улова (окунь, плотва) из поста ВК; снасть и глубина не указаны.</desc>
    <type>Рыбалка</type>
  </wpt>
  <wpt lat="60.029512" lon="31.508122">
    <name>L0204 Плотва</name>
    <desc>2024-03-11 FisherMap: Фото улова (плотва) из поста ВК; снасть и глубина не указаны.</desc>
    <type>Рыбалка</type>
  </wpt>
  <wpt lat="59.980114" lon="31.097081">
    <name>L0205 Окунь, Плотва</name>
    <desc>2023-05-24 FisherMap: Фото улова (окунь, плотва) из поста ВК; снасть и глубина не указаны.</desc>
    <type>Рыбалка</type>
  </wpt>
  <wpt lat="60.268015" lon="32.321594">
    <name>L0206 Судак</name>
    <desc>2023-07-31 FisherMap: Фото улова (судак) из поста ВК; снасть и глубина не указаны.</desc>
    <type>Рыбалка</type>
  </wpt>
  <wpt lat="60.146112" lon="32.306103">
    <name>L0207 Окунь, Щука</name>
    <desc>2023-09-04 FisherMap: Фото улова (окунь, щука) из поста ВК; снасть и глубина не указаны.</desc>
    <type>Рыбалка</type>
  </wpt>
  <wpt lat="60.509412" lon="32.826722">
    <name>L0208 Щука</name>
    <desc>2023-10-23 FisherMap: Фото улова (щука) из поста ВК; точка у протоки в дельте Свири между островами; снасть и глубина не указаны.</desc>
    <type>Рыбалка</type>
  </wpt>
  <wpt lat="60.027102" lon="31.490503">
    <name>L0209 Плотва</name>
    <desc>2023-12-09 FisherMap: Фото улова (плотва) из поста ВК; снасть и глубина не указаны.</desc>
    <type>Рыбалка</type>
  </wpt>
  <wpt lat="60.181919" lon="32.176908">
    <name>L0210 Щука</name>
    <desc>2023-12-17 FisherMap: Фото улова (щука) из поста ВК; снасть и глубина не указаны.</desc>
    <type>Рыбалка</type>
  </wpt>
  <wpt lat="60.024504" lon="31.495277">
    <name>L0211 Окунь</name>
    <desc>2024-01-27 FisherMap: Фото улова (окунь) из поста ВК; снасть и глубина не указаны.</desc>
    <type>Рыбалка</type>
  </wpt>
  <wpt lat="59.9281" lon="31.312302">
    <name>L0212 Окунь</name>
    <desc>2024-02-03 FisherMap: Фото улова (окунь) из поста ВК; точка на Новоладожском канале в ~0,4 км от уреза Ладоги, а не в самом озере; снасть и глубина не указаны.</desc>
    <type>Рыбалка</type>
  </wpt>
  <wpt lat="60.051801" lon="31.412675">
    <name>L0213 Окунь, Плотва</name>
    <desc>2024-02-21 FisherMap: Фото улова (окунь, плотва) из поста ВК; снасть и глубина не указаны.</desc>
    <type>Рыбалка</type>
  </wpt>
  <wpt lat="60.023499" lon="31.549111">
    <name>L0214 Плотва</name>
    <desc>2024-03-12 FisherMap: Фото улова (плотва) из поста ВК; точка на Новоладожском канале в ~0,4 км от уреза Ладоги, а не в самом озере; снасть и глубина не указаны.</desc>
    <type>Рыбалка</type>
  </wpt>
  <wpt lat="60.185097" lon="32.173108">
    <name>L0215 Плотва, Щука</name>
    <desc>2024-03-13 FisherMap: Фото улова (плотва, щука) из поста ВК; снасть и глубина не указаны.</desc>
    <type>Рыбалка</type>
  </wpt>
  <wpt lat="60.161998" lon="32.21751">
    <name>L0216 Плотва</name>
    <desc>2024-03-19 FisherMap: Фото улова (плотва) из поста ВК; снасть и глубина не указаны.</desc>
    <type>Рыбалка</type>
  </wpt>
  <wpt lat="60.178317" lon="31.667315">
    <name>L0217 Щука</name>
    <desc>2024-02-21 FisherMap: Фото улова (щука) из поста ВК; геометка стоит на заболоченной суше между двумя каналами ~1,3 км от Ладоги — место ловли неточно; снасть и глубина не указаны. Место под сомнением: координата легла на сушу.</desc>
    <type>Рыбалка</type>
  </wpt>
  <wpt lat="59.95391" lon="31.046627">
    <name>L0218 Густера, Плотва</name>
    <desc>2024-04-16 FisherMap: Фото улова (густера, плотва) из поста ВК; снасть и глубина не указаны.</desc>
    <type>Рыбалка</type>
  </wpt>
  <wpt lat="59.926415" lon="31.228691">
    <name>L0219 Налим, Плотва</name>
    <desc>2024-04-26 FisherMap: Фото улова (налим, плотва) из поста ВК; точка на Новоладожском канале в ~0,4 км от уреза Ладоги, а не в самом озере; снасть и глубина не указаны.</desc>
    <type>Рыбалка</type>
  </wpt>
  <wpt lat="60.002608" lon="31.090698">
    <name>L0220 Щука</name>
    <desc>2024-03-17 FisherMap: Щука активно брала со льда у тростника; автор предупреждает, что у камышей лёд уже подмыт.; 2024-03 fishing-report.ru: Щука активна в марте; лёд держит, но у камышей подмывает.</desc>
    <type>Рыбалка</type>
  </wpt>
  <wpt lat="60.131007" lon="31.608684">
    <name>L0221 Густера</name>
    <desc>2024-06-07 FisherMap: Пост ВК с фото густеры, текст — благодарность хозяевам за приём, деталей ловли нет.</desc>
    <type>Рыбалка</type>
  </wpt>
  <wpt lat="59.920009" lon="31.224273">
    <name>L0222 Густера, Лещ</name>
    <desc>2024-06-07 FisherMap: Отчёт о четырёх выездах на Новоладожский канал: плотва, густера, подлещик, окунь и уклейка на опарыша и червя, всего около 2,5 кг.; 2024-05 fishing-report.ru: За 4 выезда около 2,5 кг: плотва, густера, подлещик, окунь, уклейка на опарыша и червя.</desc>
    <type>Рыбалка</type>
  </wpt>
  <wpt lat="60.483011" lon="32.921424">
    <name>L0223 Окунь, Щука</name>
    <desc>2024-10-19 FisherMap: Фото улова (окунь, щука) из поста ВК, в описании указано только «Свирь».</desc>
    <type>Рыбалка</type>
  </wpt>
  <wpt lat="60.012398" lon="32.320984">
    <name>L0224 Лещ, Сырть</name>
    <desc>2024-10-02 FisherMap: Хороший улов леща на Волхове напротив Ивановского острова у Старой Ладоги в начале октября.; 2024-10-02 Telegram: Отчёты Рыбалка СПб: Метка «На карте» канала-агрегатора к отчёту (2024-10-02): улов не указан; указано «точное место».; 2024-05-13 Telegram: Рыболовная сводка СПб: Отчёт с координатами места ловли.; 2025-05-17 Telegram: Рыболовная сводка СПб: Отчёт с координатами места ловли.</desc>
    <type>Рыбалка</type>
  </wpt>
  <wpt lat="59.958363" lon="31.034803">
    <name>L0225 Ёрш, Голавль</name>
    <desc>2025-09-09 FisherMap: Фото улова (уклейка) в карточке FisherMap без ссылки на первоисточник; точка у самого уреза (ловля с берега или у кромки); снасть и глубина не указаны.; 2024-06-08 Telegram: Отчёты Рыбалка СПб: Метка «На карте» канала-агрегатора к 3 отчётам (2024-05-06…2024-06-08): плотва, ёрш, щука, окунь.; 2025-05-15 Telegram: Рыболовная сводка СПб: фидер/донка; 2026-08-01 Telegram: Рыболовная сводка СПб: Отчёт с координатами места ловли.</desc>
    <type>Рыбалка</type>
  </wpt>
  <wpt lat="60.052061" lon="31.0846">
    <name>L0226 Окунь, Щука</name>
    <desc>2022-06-18 FisherMap: Фото улова (окунь, щука) из наблюдения iNaturalist; точка у самого уреза (ловля с берега или у кромки); снасть и глубина не указаны.; 2022-06-18 iNaturalist: Молодая щука в руке над ведром у берега Коккорево.; 2026-08-30 iNaturalist: Скопа несёт пойманную щуку.</desc>
    <type>Рыбалка</type>
  </wpt>
  <wpt lat="60.2244" lon="31.75715">
    <name>L0227 Опасность</name>
    <desc>2017-06-23 fisher.spb.ru (Питерский клуб рыбаков): Автор отметил GPS-точки топляков (притопленных брёвен) по дороге от Сумской к Кобоне; плавающая опасность, положение могло измениться.</desc>
    <type>Опасность</type>
  </wpt>
  <wpt lat="60.104817" lon="31.583467">
    <name>L0228 Опасность</name>
    <desc>2017-06-23 fisher.spb.ru (Питерский клуб рыбаков): Автор отметил GPS-точки топляков (притопленных брёвен) по дороге от Сумской к Кобоне; плавающая опасность, положение могло измениться.</desc>
    <type>Опасность</type>
  </wpt>
  <wpt lat="60.09415" lon="31.5759">
    <name>L0229 Опасность</name>
    <desc>2017-06-23 fisher.spb.ru (Питерский клуб рыбаков): Автор отметил GPS-точки топляков (притопленных брёвен) по дороге от Сумской к Кобоне; плавающая опасность, положение могло измениться.</desc>
    <type>Опасность</type>
  </wpt>
  <wpt lat="60.087533" lon="31.564417">
    <name>L0230 Опасность</name>
    <desc>2017-06-23 fisher.spb.ru (Питерский клуб рыбаков): Автор отметил GPS-точки топляков (притопленных брёвен) по дороге от Сумской к Кобоне; плавающая опасность, положение могло измениться.</desc>
    <type>Опасность</type>
  </wpt>
  <wpt lat="60.08415" lon="31.556733">
    <name>L0231 Опасность</name>
    <desc>2017-06-23 fisher.spb.ru (Питерский клуб рыбаков): Автор отметил GPS-точки топляков (притопленных брёвен) по дороге от Сумской к Кобоне; плавающая опасность, положение могло измениться.</desc>
    <type>Опасность</type>
  </wpt>
  <wpt lat="60.012506" lon="31.445052">
    <name>L0232 Окунь, Плотва</name>
    <desc>2016-02-13 fisher.spb.ru (Питерский клуб рыбаков): Ночная ловля плотвы с прикормом в палатке на «прошлогодней точке» между Кобоной и Зеленцами; клёв редкий, мелочь.</desc>
    <type>Рыбалка</type>
  </wpt>
  <wpt lat="60.005111" lon="31.495306">
    <name>L0233 Происшествие на льду</name>
    <desc>2010-02-23 fisher.spb.ru (Питерский клуб рыбаков): Автомобиль застрял примерно в 3 км от берега, не успев выехать до пурги; просили помощи внедорожником.</desc>
    <type>Происшествие на льду</type>
  </wpt>
  <wpt lat="60.01393" lon="31.49568">
    <name>L0234 Плотва</name>
    <desc>2010-02-27 fisher.spb.ru (Питерский клуб рыбаков): Около 2 кг средне-мелкой плотвы на бутерброд мотыль+опарыш, окуня нет; место прикормлено, автор «сдал точку».</desc>
    <type>Рыбалка</type>
  </wpt>
  <wpt lat="60.022883" lon="31.462967">
    <name>L0235 Ёрш, Окунь</name>
    <desc>2005-01-29 fisher.spb.ru (Питерский клуб рыбаков): Слабый утренний клёв: пара окуней 150–200 г, рипус и ерши; по льду можно было ехать на машине.</desc>
    <type>Рыбалка</type>
  </wpt>
  <wpt lat="60.04605" lon="31.223817">
    <name>L0236 Окунь, Плотва</name>
    <desc>2013-01-20 fisher.spb.ru (Питерский клуб рыбаков): Плотва клевала весь день на мотыля и опарыша на глубине 4 м, у автора ~12 кг.</desc>
    <type>Рыбалка</type>
  </wpt>
  <wpt lat="60.039" lon="31.203283">
    <name>L0237 Плотва</name>
    <desc>2006-03-30 fisher.spb.ru (Питерский клуб рыбаков): Вечерний клёв крупной ладожской плотвы на мотыля и опарыша, 12–15 кг; жмых в лунке усиливал клёв.</desc>
    <type>Рыбалка</type>
  </wpt>
  <wpt lat="59.988131" lon="31.10045">
    <name>L0238 Окунь, Плотва</name>
    <desc>2022-08-07 fisher.spb.ru (Питерский клуб рыбаков): Утренняя ловля на поплавок в 30 м от берега у 82-го бакена: плотва, на следующий день хорошо брал окунь.</desc>
    <type>Рыбалка</type>
  </wpt>
  <wpt lat="60.11639" lon="32.326833">
    <name>L0239 Густера, Лещ</name>
    <desc>2018-10-15 fisher.spb.ru (Питерский клуб рыбаков): Ловля с берега на донку с кормушкой, активный клёв мелочи до 350 г, всего ~8 кг за несколько дней; подъезд к месту.; 2024-05-10 Telegram: Рыболовная сводка СПб: Отчёт с координатами места ловли.</desc>
    <type>Рыбалка</type>
  </wpt>
  <wpt lat="60.228772" lon="32.161988">
    <name>L0240 Плотва</name>
    <desc>2015-01-27 fisher.spb.ru (Питерский клуб рыбаков): Ночная ловля плотвы на глубине 2,5 м с прикормом, у автора 19,5 кг плотвы 150–350 г.</desc>
    <type>Рыбалка</type>
  </wpt>
  <wpt lat="60.177483" lon="32.252517">
    <name>L0241 Окунь</name>
    <desc>2011-04-09 fisher.spb.ru (Питерский клуб рыбаков): Утренняя «раздача» окуня на балансир у дна, по 3–4 кг на человека.; Прежнее исследование (ChatGPT): Координата восстановлена из ladoga_points_preliminary.csv предыдущего чата; исходная публичная ссылка в файле не сохранена. Креницы — окунь</desc>
    <type>Рыбалка</type>
  </wpt>
  <wpt lat="60.171933" lon="32.27465">
    <name>L0242 Плотва</name>
    <desc>2011-04-09 fisher.spb.ru (Питерский клуб рыбаков): Прикормленный пятачок, где плотва брала с утра, по паре кг на человека.; Прежнее исследование (ChatGPT): Координата восстановлена из ladoga_points_preliminary.csv предыдущего чата; исходная публичная ссылка в файле не сохранена. Креницы — плотва</desc>
    <type>Рыбалка</type>
  </wpt>
  <wpt lat="60.1565" lon="32.278783">
    <name>L0243 Плотва</name>
    <desc>2011-04-09 fisher.spb.ru (Питерский клуб рыбаков): По дороге к берегу народ активно ловил плотву, примерно 4,5 км от сараев.; Прежнее исследование (ChatGPT): Координата восстановлена из ladoga_points_preliminary.csv предыдущего чата; исходная публичная ссылка в файле не сохранена. Креницы — плотва</desc>
    <type>Рыбалка</type>
  </wpt>
  <wpt lat="60.182467" lon="32.228">
    <name>L0244 Окунь</name>
    <desc>2011-04-06 fisher.spb.ru (Питерский клуб рыбаков): Окунь брал на балансир на глубине около 3 м, поднимаясь до самого льда; ~6 км на СЗ от сараев.</desc>
    <type>Рыбалка</type>
  </wpt>
  <wpt lat="60.170433" lon="32.25165">
    <name>L0245 Окунь</name>
    <desc>2011-04-06 fisher.spb.ru (Питерский клуб рыбаков): Вторая точка, где брал небольшой окунь на балансир; на 12 км рыбы не было.</desc>
    <type>Рыбалка</type>
  </wpt>
  <wpt lat="60.162306" lon="32.292472">
    <name>L0246 Плотва</name>
    <desc>2009-02-24 fisher.spb.ru (Питерский клуб рыбаков): Ночная ловля плотвы на маленькую медную мормышку со стуком по дну, 20 кг с одной лунки.; Прежнее исследование (ChatGPT): Координата восстановлена из ladoga_points_preliminary.csv предыдущего чата; исходная публичная ссылка в файле не сохранена. Креницы — плотва 20 кг</desc>
    <type>Рыбалка</type>
  </wpt>
  <wpt lat="60.228933" lon="32.2831">
    <name>L0247 Окунь</name>
    <desc>2006-02-18 fisher.spb.ru (Питерский клуб рыбаков): Точка последней стоянки на льду; рядом у толпы на блесну взяли десятки окуней до 400 г.</desc>
    <type>Рыбалка</type>
  </wpt>
  <wpt lat="60.197533" lon="32.189567">
    <name>L0248 Окунь</name>
    <desc>2006-01-05 fisher.spb.ru (Питерский клуб рыбаков): Окунь 100–300 г, у автора 18 кг; дорога шла вдоль берега.; Прежнее исследование (ChatGPT): Координата восстановлена из ladoga_points_preliminary.csv предыдущего чата; исходная публичная ссылка в файле не сохранена. Креницы — окунь 18 кг</desc>
    <type>Рыбалка</type>
  </wpt>
  <wpt lat="60.191217" lon="32.276067">
    <name>L0249 Опасность</name>
    <desc>2005-02-25 fisher.spb.ru (Питерский клуб рыбаков): После подвижки льда образовалась трещина шириной ~10 м вдоль берега примерно в 6 км от него (координаты примерные).</desc>
    <type>Опасность</type>
  </wpt>
  <wpt lat="59.987667" lon="31.492117">
    <name>L0250 Происшествие на льду</name>
    <desc>2009-01-03 fisher.spb.ru (Питерский клуб рыбаков): Проход между двумя крупными промоинами, в одну провалился рыбак (спасён); автор советует обходить точку на 200 м.</desc>
    <type>Происшествие на льду</type>
  </wpt>
  <wpt lat="60.130556" lon="31.480556">
    <name>L0251 Рыбалка</name>
    <desc>2016-02-19 fisher.spb.ru (Питерский клуб рыбаков): Стартовая точка ловли в толпе в 6 км от берега, у автора 3,5 кг.</desc>
    <type>Рыбалка</type>
  </wpt>
  <wpt lat="60.15115" lon="31.509217">
    <name>L0252 Ёрш, Плотва</name>
    <desc>2011-01-23 fisher.spb.ru (Питерский клуб рыбаков): Машину оставили в этой точке, ловили в 70 м от неё на три прикормленные лунки; 2,3 кг плотвы и ёрш.</desc>
    <type>Рыбалка</type>
  </wpt>
  <wpt lat="60.101472" lon="31.525">
    <name>L0253 Окунь</name>
    <desc>2009-01-17 fisher.spb.ru (Питерский клуб рыбаков): Три окуня на мормышку, балансир и блесна не работали; живых трещин не было.</desc>
    <type>Рыбалка</type>
  </wpt>
  <wpt lat="60.113867" lon="31.539517">
    <name>L0254 Происшествие на льду</name>
    <desc>2008-02-02 fisher.spb.ru (Питерский клуб рыбаков): Легковая машина с тремя рыбаками провалилась под лёд правее выезда в сторону Черного; двоих спасли, один погиб.</desc>
    <type>Происшествие на льду</type>
  </wpt>
  <wpt lat="60.106283" lon="31.546083">
    <name>L0255 Опасность</name>
    <desc>2008-01-26 fisher.spb.ru (Питерский клуб рыбаков): У первой площадки трещины до 30 см, присыпанные снегом, с тонким льдом 1–1,5 см.</desc>
    <type>Опасность</type>
  </wpt>
  <wpt lat="60.100183" lon="31.470133">
    <name>L0256 Окунь</name>
    <desc>2008-01-17 fisher.spb.ru (Питерский клуб рыбаков): 18 кг окуня на балансир левее второй стоянки вдоль косы почти до воды; видна свежая трещина параллельно косе.</desc>
    <type>Рыбалка</type>
  </wpt>
  <wpt lat="60.113167" lon="31.519217">
    <name>L0257 Окунь</name>
    <desc>2008-01-11 fisher.spb.ru (Питерский клуб рыбаков): По словам знакомых, в пятницу здесь окунь брал на всё; на следующий день клёв был только утром.</desc>
    <type>Рыбалка</type>
  </wpt>
  <wpt lat="60.105933" lon="31.530833">
    <name>L0258 Плотва</name>
    <desc>2008-01-12 fisher.spb.ru (Питерский клуб рыбаков): Точка, где у знакомых ловилась плотва, пока их не «обрубили» соседи.</desc>
    <type>Рыбалка</type>
  </wpt>
  <wpt lat="60.103367" lon="31.550717">
    <name>L0259 Окунь</name>
    <desc>2008-01-12 fisher.spb.ru (Питерский клуб рыбаков): На обратном пути около 16 ч рыбаки ловили здесь окуня.</desc>
    <type>Рыбалка</type>
  </wpt>
  <wpt lat="60.271567" lon="31.798733">
    <name>L0260 Окунь, Плотва</name>
    <desc>2012-02-19 fisher.spb.ru (Питерский клуб рыбаков): Мелко (1,5–2 м) с камнями; окуня пришлось раскачивать блесной, рядом ловили плотву; сильная метель.</desc>
    <type>Рыбалка</type>
  </wpt>
  <wpt lat="60.000317" lon="31.411083">
    <name>L0261 Окунь</name>
    <desc>2008-01-31 fisher.spb.ru (Питерский клуб рыбаков): Точка парковки у Зеленца; лёд ~20 см, мокрый и с трещинами, автор предупреждал дальше не ехать.</desc>
    <type>Опасность</type>
  </wpt>
  <wpt lat="60.122767" lon="32.264517">
    <name>L0262 Происшествие на льду</name>
    <desc>2009-01-08 fisher.spb.ru (Питерский клуб рыбаков): Вдоль камышей между 7 и 8 км машина провалилась под лёд, её вытащили местные; координаты примерные.</desc>
    <type>Происшествие на льду</type>
  </wpt>
  <wpt lat="60.483212" lon="32.898614">
    <name>L0263 Судак</name>
    <desc>2017-03-20 fisher.spb.ru (Питерский клуб рыбаков): Отличный лёд на Свири, по реке шёл судак и собирал толпу рыбаков; координаты примерные.</desc>
    <type>Рыбалка</type>
  </wpt>
  <wpt lat="59.948739" lon="31.039084">
    <name>L0264 Окунь, Плотва</name>
    <desc>2025-05-14 fisher.spb.ru (Питерский клуб рыбаков): Ловля на проводку поплавком, клёв вялый, к 14 ч поднялся ветер с волной.; 2025-05-14 Telegram: Рыболовная сводка СПб: поплавок</desc>
    <type>Рыбалка</type>
  </wpt>
  <wpt lat="60.400665" lon="32.915198">
    <name>L0265 Рыбалка</name>
    <desc>2016-06-16 fisher.spb.ru (Питерский клуб рыбаков): Улов 47 рыб по 250–400 г (вид не указан); точка из отчёта по р. Паша, примерно в 8 км к югу от Свирицы.</desc>
    <type>Рыбалка</type>
  </wpt>
  <wpt lat="60.217083" lon="32.181783">
    <name>L0266 Ёрш, Окунь</name>
    <desc>2009-03-19 fisher.spb.ru (Питерский клуб рыбаков): Ночная ловля на своих старых лунках на 14-м км: к часу ночи 29,1 кг, в основном плотва; трещин на обратном пути не было.; Прежнее исследование (ChatGPT): Координата восстановлена из ladoga_points_preliminary.csv предыдущего чата; исходная публичная ссылка в файле не сохранена. Креницы — плотва</desc>
    <type>Рыбалка</type>
  </wpt>
  <wpt lat="60.2946" lon="32.0816">
    <name>L0267 Щука</name>
    <desc>1999-06 fisher.spb.ru (Питерский клуб рыбаков): По описанию 1999 г. банка лежит в 4 км строго к северу от о. Соболец у мыса Воронов, глубины до 9 м, там брали много хорошей щуки.</desc>
    <type>Структура</type>
  </wpt>
  <wpt lat="60.13112" lon="31.58318">
    <name>L0268 Происшествие на льду</name>
    <desc>2014-12-28 fisher.spb.ru (Питерский клуб рыбаков): Двое рыбаков провалились и утонули в 1,3 км по льду вдоль правого берега от выхода из Черного, в 50 м от камышового мыса; там яма и тонкий лёд.</desc>
    <type>Происшествие на льду</type>
  </wpt>
  <wpt lat="60.333583" lon="30.9005">
    <name>L0269 Окунь</name>
    <desc>2005-03-26 fisher.spb.ru (Питерский клуб рыбаков): Около 2 кг окуня за вечер среди плотной толпы рыбаков; машину ставили у шлагбаума.</desc>
    <type>Рыбалка</type>
  </wpt>
  <wpt lat="60.1145" lon="32.305583">
    <name>L0270 Спуск/база</name>
    <desc>2006-07-21 fisher.spb.ru (Питерский клуб рыбаков): Пешеходный мостик-лава через канал: при волне на Ладоге лодку спускают в канал с любой её стороны.</desc>
    <type>Спуск/база</type>
  </wpt>
  <wpt lat="59.9018" lon="31.463317">
    <name>L0271 Спуск/база</name>
    <desc>2009-01-12 fisher.spb.ru (Питерский клуб рыбаков): Точка съезда на лёд Новоладожского канала в Нижней Шальдихе из маршрутного описания для зимних выездов.</desc>
    <type>Спуск/база</type>
  </wpt>
  <wpt lat="60.024383" lon="31.555467">
    <name>L0272 Ориентир</name>
    <desc>2009-01-12 fisher.spb.ru (Питерский клуб рыбаков): Ориентир маршрута; перед магазинами поворот к парковке вдоль протоки между каналами.</desc>
    <type>Ориентир</type>
  </wpt>
  <wpt lat="60.08715" lon="31.564917">
    <name>L0273 Спуск/база</name>
    <desc>2009-01-12 fisher.spb.ru (Питерский клуб рыбаков): Парковка у Новоладожского канала, откуда съезжают на канал и в Ладогу.</desc>
    <type>Спуск/база</type>
  </wpt>
  <wpt lat="60.183667" lon="31.66005">
    <name>L0274 Рыбалка</name>
    <desc>2009-01-12 fisher.spb.ru (Питерский клуб рыбаков): Ближайшая к Черному протока по каналу, автор называет её хорошим местом; лучшие места дальше вплоть до Дубно.</desc>
    <type>Рыбалка</type>
  </wpt>
  <wpt lat="60.222483" lon="31.975183">
    <name>L0275 Спуск/база</name>
    <desc>2009-04-30 fisher.spb.ru (Питерский клуб рыбаков): Точка для навигатора на вход в Дубненскую протоку, дана в ответ на просьбу форумчанина.; 2001 fishing-club.ru (точки 2001 г.): Точка «Ладога – Дубно (канал)» на пути из Новоладожского канала в озеро.</desc>
    <type>Спуск/база</type>
  </wpt>
  <wpt lat="59.973417" lon="31.102133">
    <name>L0276 Структура</name>
    <desc>2009-08-04 fisher.spb.ru (Питерский клуб рыбаков): Примерный центр банки «Чайка» в районе Кошкино (у Кошкинского фарватера); второй форумчанин дал близкую точку.</desc>
    <type>Структура</type>
  </wpt>
  <wpt lat="60.07445" lon="31.169067">
    <name>L0277 Структура</name>
    <desc>2011-02-26 fisher.spb.ru (Питерский клуб рыбаков): Координаты банки Железница; при низкой воде там образуются торосы-«шапки», отсюда второе название.</desc>
    <type>Структура</type>
  </wpt>
  <wpt lat="60.071533" lon="31.19245">
    <name>L0278 Структура</name>
    <desc>2011-02-26 fisher.spb.ru (Питерский клуб рыбаков): Другой форумчанин дал «примерную» точку банки Железница, ~1,3 км от первой.</desc>
    <type>Структура</type>
  </wpt>
  <wpt lat="60.258983" lon="32.077783">
    <name>L0279 Ориентир</name>
    <desc>2015-10-27 fisher.spb.ru (Питерский клуб рыбаков): Точку приводили как «Варецкие банки», но форумчане уточнили, что это мыс Воронов; до банок ещё несколько км.</desc>
    <type>Ориентир</type>
  </wpt>
  <wpt lat="60.29855" lon="32.105399">
    <name>L0280 Структура</name>
    <desc>2015-10-28 fisher.spb.ru (Питерский клуб рыбаков): Координата района Варецких банок примерно в 5 км к северу от оконечности Птинова; банки обширные и каменистые.</desc>
    <type>Структура</type>
  </wpt>
  <wpt lat="60.02106" lon="31.54363">
    <name>L0281 Щука</name>
    <desc>2021-02-27 fisher.spb.ru (Питерский клуб рыбаков): Точка у Кобоны, которую советовали как старт для ловли щуки на жерлицы.</desc>
    <type>Спуск/база</type>
  </wpt>
  <wpt lat="59.972817" lon="31.068017">
    <name>L0282 Спуск/база</name>
    <desc>2009-09-30 fisher.spb.ru (Питерский клуб рыбаков): Точка спуска надувных лодок у базы в Кошкино / пляжа ближе к Орешку, дана по просьбе форумчанина.</desc>
    <type>Спуск/база</type>
  </wpt>
  <wpt lat="59.930724" lon="30.99668">
    <name>L0283 Спуск/база</name>
    <desc>2025-05-20 fisher.spb.ru (Питерский клуб рыбаков): Бесплатный спуск лодки перед Шлиссельбургом у АЗС (левый берег Невы), машину оставляют на парковке рядом.</desc>
    <type>Спуск/база</type>
  </wpt>
  <wpt lat="59.935325" lon="31.017037">
    <name>L0284 Спуск/база</name>
    <desc>2025-05-20 fisher.spb.ru (Питерский клуб рыбаков): Платный слип и стоянка машины в яхт-клубе; высокая рубка может не пройти под мостом.</desc>
    <type>Спуск/база</type>
  </wpt>
  <wpt lat="59.9063" lon="31.460217">
    <name>L0285 Спуск/база</name>
    <desc>2009-01-16 fisher.spb.ru (Питерский клуб рыбаков): Точка выезда из тростника на лёд, откуда машины шли к Зеленцам.</desc>
    <type>Спуск/база</type>
  </wpt>
  <wpt lat="59.914667" lon="31.4613">
    <name>L0286 Происшествие на льду</name>
    <desc>2009-01-16 fisher.spb.ru (Питерский клуб рыбаков): Машина провалилась примерно в 940 м от выезда из тростника на старой трещине с выдавленной водой; трое выбрались.</desc>
    <type>Происшествие на льду</type>
  </wpt>
  <wpt lat="59.896167" lon="31.411617">
    <name>L0287 Спуск/база</name>
    <desc>2022-12-14 fisher.spb.ru (Питерский клуб рыбаков): Прежнее место парковки у съезда к Староладожскому каналу; в последние годы поворот закрыт шлагбаумом.</desc>
    <type>Спуск/база</type>
  </wpt>
  <wpt lat="60.125" lon="31.541667">
    <name>L0288 Опасность</name>
    <desc>2008-03-14 fisher.spb.ru (Питерский клуб рыбаков): По первому и последнему льду опасно идти от скотника (2-я площадка) к «Сосне»: мелко, течение, промоины раньше; координата дана только до минут.</desc>
    <type>Опасность</type>
  </wpt>
  <wpt lat="60.27176" lon="32.657329">
    <name>L0289 Спуск/база</name>
    <desc>2015-05-19 rusfishing.ru: Слип, домики и парковка на левом берегу Воронежки на въезде в Вороново; до озера около 4 км по реке.</desc>
    <type>Спуск/база</type>
  </wpt>
  <wpt lat="60.044167" lon="31.25">
    <name>L0290 Ориентир</name>
    <desc>2001 fishing-club.ru (точки 2001 г.): Навигационные вехи на подходе к истоку Невы из списка GPS-точек клубного сайта 2001 г.</desc>
    <type>Ориентир</type>
  </wpt>
  <wpt lat="60.0175" lon="31.245">
    <name>L0291 Ориентир</name>
    <desc>2001 fishing-club.ru (точки 2001 г.): Маяк у входа в Кошкинский фарватер (исток Невы) по списку GPS-точек 2001 г.</desc>
    <type>Ориентир</type>
  </wpt>
  <wpt lat="60.077778" lon="31.235">
    <name>L0292 Ориентир</name>
    <desc>2001 fishing-club.ru (точки 2001 г.): Маяк на банке Железница по списку GPS-точек 2001 г.</desc>
    <type>Ориентир</type>
  </wpt>
  <wpt lat="60.408111" lon="32.0885">
    <name>L0293 Ориентир</name>
    <desc>2001 fishing-club.ru (точки 2001 г.): Искусственный остров с маяком у входа в Волховскую губу; вокруг мелководная банка.</desc>
    <type>Ориентир</type>
  </wpt>
  <wpt lat="60.22725" lon="31.981806">
    <name>L0294 Спуск/база</name>
    <desc>2001 fishing-club.ru (точки 2001 г.): Выход Дубненской протоки в Ладогу по списку GPS-точек 2001 г.</desc>
    <type>Спуск/база</type>
  </wpt>
  <wpt lat="60.136611" lon="32.226111">
    <name>L0295 Спуск/база</name>
    <desc>2001 fishing-club.ru (точки 2001 г.): Протока у 7-го км Новоладожского канала западнее Новой Ладоги, выход в озеро.</desc>
    <type>Спуск/база</type>
  </wpt>
  <wpt lat="60.120444" lon="31.379944">
    <name>L0296 Ориентир</name>
    <desc>2001 fishing-club.ru (точки 2001 г.): Остров с маяком Кареджи; к северу на ~5 миль тянется каменистый Кареджский риф.</desc>
    <type>Ориентир</type>
  </wpt>
  <wpt lat="60.000667" lon="31.353472">
    <name>L0297 Ориентир</name>
    <desc>2001 fishing-club.ru (точки 2001 г.): Остров из группы Зеленцы по списку GPS-точек 2001 г.</desc>
    <type>Ориентир</type>
  </wpt>
  <wpt lat="60.533889" lon="32.709722">
    <name>L0298 Ориентир</name>
    <desc>2001 fishing-club.ru (точки 2001 г.): Входной буй на подходе к устью Свири (Свирская губа) по списку GPS-точек 2001 г.</desc>
    <type>Ориентир</type>
  </wpt>
  <wpt lat="60.471667" lon="32.908056">
    <name>L0299 Ориентир</name>
    <desc>2001 fishing-club.ru (точки 2001 г.): Диспетчерский пункт в пос. Свирица на Свири по списку GPS-точек 2001 г.</desc>
    <type>Ориентир</type>
  </wpt>
  <wpt lat="60.061027" lon="31.49153">
    <name>L0300 Опасность</name>
    <desc>iv70.narod.ru: Подводная гряда из камней и бревенчатых клетей от военных ж/д пирсов у входа в Кобону, особенно опасна в низкую воду.</desc>
    <type>Опасность</type>
  </wpt>
  <wpt lat="60.053325" lon="31.505629">
    <name>L0301 Опасность</name>
    <desc>iv70.narod.ru: Подводная гряда из камней и бревенчатых клетей от военных ж/д пирсов у входа в Кобону, особенно опасна в низкую воду.</desc>
    <type>Опасность</type>
  </wpt>
  <wpt lat="60.05147" lon="31.506581">
    <name>L0302 Опасность</name>
    <desc>iv70.narod.ru: Подводная гряда из камней и бревенчатых клетей от военных ж/д пирсов у входа в Кобону, особенно опасна в низкую воду.</desc>
    <type>Опасность</type>
  </wpt>
  <wpt lat="60.049735" lon="31.507581">
    <name>L0303 Опасность</name>
    <desc>iv70.narod.ru: Подводная гряда из камней и бревенчатых клетей от военных ж/д пирсов у входа в Кобону, особенно опасна в низкую воду.</desc>
    <type>Опасность</type>
  </wpt>
  <wpt lat="60.531667" lon="32.628333">
    <name>L0304 Ориентир</name>
    <desc>iv70.narod.ru: Кирпичный маяк 1906 г. на мысе Стороженском (восточный край Волховской губы).</desc>
    <type>Ориентир</type>
  </wpt>
  <wpt lat="60.4081" lon="32.0885">
    <name>L0305 Окунь, Щука</name>
    <desc>2000-07 barque.ru: Вокруг маяка Сухо мелководная банка около 3×5 км с глубинами 2–5 м, вокруг 8–25 м; в июле 2000 г. дорожкой брали окуня ~400 г и щуку.</desc>
    <type>Структура</type>
  </wpt>
  <wpt lat="60.286092" lon="31.74029">
    <name>L0306 Структура</name>
    <desc>iv70.narod.ru: Банка, подписанная на схеме сетей: выступ 6-метровой изобаты к северу; привязка по схеме с форума, грубо.</desc>
    <type>Структура</type>
  </wpt>
  <wpt lat="60.284736" lon="32.039006">
    <name>L0307 Ориентир</name>
    <desc>iv70.narod.ru: Веха у Варецких банок по схеме сетей; положение вех меняется по годам, привязка грубая.</desc>
    <type>Ориентир</type>
  </wpt>
  <wpt lat="60.283618" lon="32.08811">
    <name>L0308 Ориентир</name>
    <desc>iv70.narod.ru: Буй у Варецких банок по схеме сетей; по лоции светящий буй ставят в 4,5 мили к NNE от мыса Воронов.</desc>
    <type>Ориентир</type>
  </wpt>
  <wpt lat="60.278194" lon="31.758909">
    <name>L0309 Опасность</name>
    <desc>iv70.narod.ru: На схеме с рыболовного форума официальные и браконьерские сети тянутся вдоль изобат 6–10 м, всего ~25 км.</desc>
    <type>Опасность</type>
  </wpt>
  <wpt lat="60.279889" lon="31.874849">
    <name>L0310 Опасность</name>
    <desc>iv70.narod.ru: Участок линий сетей между Лигово и Дубно по схеме с форума; сети без обозначений опасны для троллинга и винта.</desc>
    <type>Опасность</type>
  </wpt>
  <wpt lat="60.278194" lon="31.963509">
    <name>L0311 Опасность</name>
    <desc>iv70.narod.ru: Участок линий сетей западнее Птинова по схеме с форума; реальное положение меняется по годам.</desc>
    <type>Опасность</type>
  </wpt>
  <wpt lat="60.251074" lon="31.912359">
    <name>L0312 Опасность</name>
    <desc>iv70.narod.ru: Оранжевым на схеме отмечены сети без буёв и вех ближе к берегу.</desc>
    <type>Опасность</type>
  </wpt>
  <wpt lat="60.205022" lon="32.098313">
    <name>L0313 Структура</name>
    <desc>2010-01-08 fisher.spb.ru (Питерский клуб рыбаков): Два озера в южной части Птинова обведены на карте Генштаба в посте 2010 г.; проход к ним через тростник с Ладоги найти трудно.</desc>
    <type>Структура</type>
  </wpt>
  <wpt lat="60.27479" lon="32.066842">
    <name>L0314 Рыбалка</name>
    <desc>fisher.spb.ru (Питерский клуб рыбаков): Метка района из каталога «Рыбацкие места» ПКР, к ней привязано около 116 отчётов 2003–2026 гг.; это центр района, а не точка ловли.</desc>
    <type>Рыбалка</type>
  </wpt>
  <wpt lat="60.229273" lon="32.085666">
    <name>L0315 Лещ, Окунь</name>
    <desc>fisher.spb.ru (Питерский клуб рыбаков): Метка района из каталога «Рыбацкие места» ПКР, к ней привязано около 204 отчётов 2003–2026 гг.; это центр района, а не точка ловли.; 2024-08-26 Telegram: Отчёты Рыбалка СПб: Метка «На карте» канала-агрегатора к 3 отчётам (2024-07-08…2024-08-26): щука, окунь, судак, лещ.</desc>
    <type>Рыбалка</type>
  </wpt>
  <wpt lat="60.408378" lon="32.088586">
    <name>L0316 Окунь, Судак</name>
    <desc>fisher.spb.ru (Питерский клуб рыбаков): Метка района из каталога «Рыбацкие места» ПКР, к ней привязано около 19 отчётов 2003–2026 гг.; это центр района, а не точка ловли.; 2024-06-24 Telegram: Отчёты Рыбалка СПб: Метка «На карте» канала-агрегатора к отчёту (2024-06-24): судак, окунь.</desc>
    <type>Рыбалка</type>
  </wpt>
  <wpt lat="60.116799" lon="31.384782">
    <name>L0317 Рыбалка</name>
    <desc>fisher.spb.ru (Питерский клуб рыбаков): Метка района из каталога «Рыбацкие места» ПКР, к ней привязано около 82 отчётов 2003–2026 гг.; это центр района, а не точка ловли.</desc>
    <type>Рыбалка</type>
  </wpt>
  <wpt lat="60.155861" lon="32.337228">
    <name>L0318 Рыбалка</name>
    <desc>fisher.spb.ru (Питерский клуб рыбаков): Метка района из каталога «Рыбацкие места» ПКР, к ней привязано около 338 отчётов 2003–2026 гг.; это центр района, а не точка ловли.</desc>
    <type>Рыбалка</type>
  </wpt>
  <wpt lat="60.133145" lon="32.284981">
    <name>L0319 Рыбалка</name>
    <desc>fisher.spb.ru (Питерский клуб рыбаков): Метка района из каталога «Рыбацкие места» ПКР, к ней привязано около 2986 отчётов 2003–2026 гг.; это центр района, а не точка ловли.</desc>
    <type>Рыбалка</type>
  </wpt>
  <wpt lat="60.234609" lon="31.983349">
    <name>L0320 Рыбалка</name>
    <desc>fisher.spb.ru (Питерский клуб рыбаков): Метка района из каталога «Рыбацкие места» ПКР, к ней привязано около 960 отчётов 2003–2026 гг.; это центр района, а не точка ловли.</desc>
    <type>Рыбалка</type>
  </wpt>
  <wpt lat="60.240971" lon="31.778853">
    <name>L0321 Рыбалка</name>
    <desc>fisher.spb.ru (Питерский клуб рыбаков): Метка района из каталога «Рыбацкие места» ПКР, к ней привязано около 671 отчётов 2003–2026 гг.; это центр района, а не точка ловли.</desc>
    <type>Рыбалка</type>
  </wpt>
  <wpt lat="60.335524" lon="32.574507">
    <name>L0322 Рыбалка</name>
    <desc>fisher.spb.ru (Питерский клуб рыбаков): Метка района из каталога «Рыбацкие места» ПКР, к ней привязано около 495 отчётов 2003–2026 гг.; это центр района, а не точка ловли.</desc>
    <type>Рыбалка</type>
  </wpt>
  <wpt lat="60.018652" lon="31.511818">
    <name>L0323 Рыбалка</name>
    <desc>fisher.spb.ru (Питерский клуб рыбаков): Метка района из каталога «Рыбацкие места» ПКР, к ней привязано около 2353 отчётов 2003–2026 гг.; это центр района, а не точка ловли.</desc>
    <type>Рыбалка</type>
  </wpt>
  <wpt lat="60.10892" lon="31.485446">
    <name>L0324 Рыбалка</name>
    <desc>fisher.spb.ru (Питерский клуб рыбаков): Метка района из каталога «Рыбацкие места» ПКР, к ней привязано около 2732 отчётов 2003–2026 гг.; это центр района, а не точка ловли.</desc>
    <type>Рыбалка</type>
  </wpt>
  <wpt lat="60.133734" lon="31.568952">
    <name>L0325 Рыбалка</name>
    <desc>fisher.spb.ru (Питерский клуб рыбаков): Метка района из каталога «Рыбацкие места» ПКР, к ней привязано около 1402 отчётов 2003–2026 гг.; это центр района, а не точка ловли.</desc>
    <type>Рыбалка</type>
  </wpt>
  <wpt lat="59.959705" lon="31.517805">
    <name>L0326 Рыбалка</name>
    <desc>fisher.spb.ru (Питерский клуб рыбаков): Метка района из каталога «Рыбацкие места» ПКР, к ней привязано около 622 отчётов 2003–2026 гг.; это центр района, а не точка ловли.</desc>
    <type>Рыбалка</type>
  </wpt>
  <wpt lat="59.919122" lon="31.43934">
    <name>L0327 Рыбалка</name>
    <desc>fisher.spb.ru (Питерский клуб рыбаков): Метка района из каталога «Рыбацкие места» ПКР, к ней привязано около 522 отчётов 2003–2026 гг.; это центр района, а не точка ловли.</desc>
    <type>Рыбалка</type>
  </wpt>
  <wpt lat="59.927492" lon="31.347673">
    <name>L0328 Рыбалка</name>
    <desc>fisher.spb.ru (Питерский клуб рыбаков): Метка района из каталога «Рыбацкие места» ПКР, к ней привязано около 665 отчётов 2003–2026 гг.; это центр района, а не точка ловли.</desc>
    <type>Рыбалка</type>
  </wpt>
  <wpt lat="59.99108" lon="31.362801">
    <name>L0329 Рыбалка</name>
    <desc>fisher.spb.ru (Питерский клуб рыбаков): Метка района из каталога «Рыбацкие места» ПКР, к ней привязано около 463 отчётов 2003–2026 гг.; это центр района, а не точка ловли.</desc>
    <type>Рыбалка</type>
  </wpt>
  <wpt lat="59.953711" lon="31.060315">
    <name>L0330 Рыбалка</name>
    <desc>fisher.spb.ru (Питерский клуб рыбаков): Метка района из каталога «Рыбацкие места» ПКР, к ней привязано около 647 отчётов 2003–2026 гг.; это центр района, а не точка ловли.</desc>
    <type>Рыбалка</type>
  </wpt>
  <wpt lat="59.976375" lon="31.076845">
    <name>L0331 Рыбалка</name>
    <desc>fisher.spb.ru (Питерский клуб рыбаков): Метка района из каталога «Рыбацкие места» ПКР, к ней привязано около 1130 отчётов 2003–2026 гг.; это центр района, а не точка ловли.</desc>
    <type>Рыбалка</type>
  </wpt>
  <wpt lat="60.057129" lon="31.080278">
    <name>L0332 Рыбалка</name>
    <desc>fisher.spb.ru (Питерский клуб рыбаков): Метка района из каталога «Рыбацкие места» ПКР, к ней привязано около 1248 отчётов 2003–2026 гг.; это центр района, а не точка ловли.</desc>
    <type>Рыбалка</type>
  </wpt>
  <wpt lat="60.122426" lon="31.090732">
    <name>L0333 Рыбалка</name>
    <desc>fisher.spb.ru (Питерский клуб рыбаков): Метка района из каталога «Рыбацкие места» ПКР, к ней привязано около 263 отчётов 2003–2026 гг.; это центр района, а не точка ловли.</desc>
    <type>Рыбалка</type>
  </wpt>
  <wpt lat="60.011068" lon="31.100817">
    <name>L0334 Рыбалка</name>
    <desc>fisher.spb.ru (Питерский клуб рыбаков): Метка района из каталога «Рыбацкие места» ПКР, к ней привязано около 331 отчётов 2003–2026 гг.; это центр района, а не точка ловли.</desc>
    <type>Рыбалка</type>
  </wpt>
  <wpt lat="60.24514" lon="30.951229">
    <name>L0335 Рыбалка</name>
    <desc>fisher.spb.ru (Питерский клуб рыбаков): Метка района из каталога «Рыбацкие места» ПКР, к ней привязано около 227 отчётов 2003–2026 гг.; это центр района, а не точка ловли.</desc>
    <type>Рыбалка</type>
  </wpt>
  <wpt lat="60.518875" lon="32.799904">
    <name>L0336 Рыбалка</name>
    <desc>fisher.spb.ru (Питерский клуб рыбаков): Метка района из каталога «Рыбацкие места» ПКР, к ней привязано около 889 отчётов 2003–2026 гг.; это центр района, а не точка ловли.</desc>
    <type>Рыбалка</type>
  </wpt>
  <wpt lat="60.21127" lon="32.010948">
    <name>L0337 Рыбалка</name>
    <desc>fisher.spb.ru (Питерский клуб рыбаков): Метка района из каталога «Рыбацкие места» ПКР, к ней привязано около 237 отчётов 2003–2026 гг.; это центр района, а не точка ловли.</desc>
    <type>Рыбалка</type>
  </wpt>
  <wpt lat="60.096094" lon="32.571872">
    <name>L0338 Рыбалка</name>
    <desc>fisher.spb.ru (Питерский клуб рыбаков): Метка района из каталога «Рыбацкие места» ПКР, к ней привязано около 122 отчётов 2003–2026 гг.; это центр района, а не точка ловли.</desc>
    <type>Рыбалка</type>
  </wpt>
  <wpt lat="59.922987" lon="30.98135">
    <name>L0339 Окунь</name>
    <desc>2020-06-14 iNaturalist: Окунь в прозрачной ёмкости, Нева ниже истока.</desc>
    <type>Наблюдение</type>
  </wpt>
  <wpt lat="60.047729" lon="31.097436">
    <name>L0340 Уклейка</name>
    <desc>2020-08-15 iNaturalist: Мёртвая уклейка на песчаном пляже.</desc>
    <type>Наблюдение</type>
  </wpt>
  <wpt lat="59.957198" lon="31.032163">
    <name>L0341 Ёрш, Окунь</name>
    <desc>2021-03-13 iNaturalist: Три окуня на тарелке — улов у истока Невы (Морозовка).; 2021-03-13 iNaturalist: Три ерша на тарелке — улов у истока Невы (Морозовка).; 2021-03-13 iNaturalist: Уклейка на тарелке — улов у истока Невы (Морозовка).; 2021-03-13 iNaturalist: Колюшка на тарелке — мелочь из улова у истока Невы.; 2021-07-24 iNaturalist: Язь пойман на удочку (метод указан автором), сфотографирован в бутылке с водой.</desc>
    <type>Рыбалка</type>
  </wpt>
  <wpt lat="59.940844" lon="30.993756">
    <name>L0342 Плотва</name>
    <desc>2021-08-19 iNaturalist: Плотва лежала мёртвой на берегу Невы (по словам автора, не поймана).</desc>
    <type>Наблюдение</type>
  </wpt>
  <wpt lat="60.119685" lon="31.081559">
    <name>L0343 Окунь</name>
    <desc>2021-08-30 iNaturalist: Мелкий мёртвый окунь на песке у Осиновецкого маяка.</desc>
    <type>Наблюдение</type>
  </wpt>
  <wpt lat="60.071386" lon="31.07287">
    <name>L0344 Щука</name>
    <desc>2022-06-26 iNaturalist: Щука, сфотографирована в воде у берега.</desc>
    <type>Наблюдение</type>
  </wpt>
  <wpt lat="60.070027" lon="32.328238">
    <name>L0345 Ёрш, Щука</name>
    <desc>2023-07-15 iNaturalist: Ёрш на берегу Волхова, пойман в тот же день, что щука и плотва этого автора.; 2023-07-15 iNaturalist: Щука на траве берега Волхова — улов.</desc>
    <type>Рыбалка</type>
  </wpt>
  <wpt lat="60.067323" lon="32.321789">
    <name>L0346 Плотва</name>
    <desc>2023-07-15 iNaturalist: Плотва на леске, рядом спиннинг на берегу Волхова.</desc>
    <type>Рыбалка</type>
  </wpt>
  <wpt lat="59.96731" lon="31.10945">
    <name>L0347 Лещ</name>
    <desc>2023-07-20 iNaturalist: Крупный лещ в руках; точка в бухте Петрокрепость в 2 км от берега, вероятно лов с лодки.</desc>
    <type>Рыбалка</type>
  </wpt>
  <wpt lat="59.994717" lon="31.142031">
    <name>L0348 Густера</name>
    <desc>2023-07-20 iNaturalist: Куча пойманной густеры и леща; точка в бухте Петрокрепость (погрешность около 4 км).</desc>
    <type>Рыбалка</type>
  </wpt>
  <wpt lat="59.953483" lon="31.034661">
    <name>L0349 Окунь</name>
    <desc>2020-08-14 iNaturalist: Окунь в руке на каменистом берегу у крепости Орешек.</desc>
    <type>Рыбалка</type>
  </wpt>
  <wpt lat="60.060527" lon="32.352549">
    <name>L0350 Синец</name>
    <desc>2023-08-05 iNaturalist: Синец на траве берега Волхова — улов.</desc>
    <type>Рыбалка</type>
  </wpt>
  <wpt lat="59.965213" lon="31.051272">
    <name>L0351 Щука</name>
    <desc>2024-05-11 iNaturalist: Щуку поймала чомга (связанное наблюдение птицы).</desc>
    <type>Наблюдение</type>
  </wpt>
  <wpt lat="60.121231" lon="31.078692">
    <name>L0352 Корюшка</name>
    <desc>2024-05-26 iNaturalist: Мёртвая корюшка на песчаном пляже в конце мая. (iNat: needs_id)</desc>
    <type>Наблюдение</type>
  </wpt>
  <wpt lat="60.026146" lon="31.108322">
    <name>L0353 Уклейка, Щука</name>
    <desc>2024-05-19 iNaturalist: Уклейка на мелководье у берега. (iNat: needs_id); 2024-05-19 iNaturalist: Молодь щуки на мелководье среди травы.</desc>
    <type>Наблюдение</type>
  </wpt>
  <wpt lat="60.072363" lon="31.065694">
    <name>L0354 Окунь</name>
    <desc>2024-07-22 iNaturalist: Окунь в воде у берега.</desc>
    <type>Наблюдение</type>
  </wpt>
  <wpt lat="60.072191" lon="31.064107">
    <name>L0355 Трехиглая колюшка</name>
    <desc>2024-08-14 iNaturalist: Колюшка в воде у берега.</desc>
    <type>Наблюдение</type>
  </wpt>
  <wpt lat="60.072831" lon="31.062364">
    <name>L0356 Ротан</name>
    <desc>2024-10-19 iNaturalist: Ротан на траве у берега Коккорево — пойман.</desc>
    <type>Рыбалка</type>
  </wpt>
  <wpt lat="59.962207" lon="31.038868">
    <name>L0357 Сиг</name>
    <desc>2025-05-24 iNaturalist: Крачка несёт в клюве сиговую рыбу (молодь сига или ряпушки).</desc>
    <type>Наблюдение</type>
  </wpt>
  <wpt lat="60.080803" lon="32.322463">
    <name>L0358 Судак</name>
    <desc>2025-06-01 iNaturalist: Судак в руке, снят с лодки на Волхове.</desc>
    <type>Рыбалка</type>
  </wpt>
  <wpt lat="60.156697" lon="31.053904">
    <name>L0359 Подкаменщик</name>
    <desc>2025-05-25 iNaturalist: Подкаменщик пойман руками/сачком на каменистом берегу.</desc>
    <type>Наблюдение</type>
  </wpt>
  <wpt lat="60.144862" lon="31.05421">
    <name>L0360 Усатый голец</name>
    <desc>2025-05-25 iNaturalist: Усатый голец в сачке на каменистом берегу.</desc>
    <type>Наблюдение</type>
  </wpt>
  <wpt lat="59.995675" lon="31.148508">
    <name>L0361 Уклейка</name>
    <desc>2025-07-07 iNaturalist: Мёртвая уклейка на галечном берегу бухты Петрокрепость. (iNat: needs_id)</desc>
    <type>Наблюдение</type>
  </wpt>
  <wpt lat="60.0393" lon="31.107842">
    <name>L0362 Верховка</name>
    <desc>2025-07-30 iNaturalist: Мёртвая верховка на песке. (iNat: needs_id)</desc>
    <type>Наблюдение</type>
  </wpt>
  <wpt lat="60.125382" lon="32.304562">
    <name>L0363 Судак</name>
    <desc>2025-07-31 iNaturalist: Два судака на газете, автор отметил как 'ладожский' (улов или покупка); координата грубая, около 10 км. (iNat: casual)</desc>
    <type>Наблюдение</type>
  </wpt>
  <wpt lat="60.060631" lon="31.067703">
    <name>L0364 Елец, Уклейка</name>
    <desc>2025-08-11 iNaturalist: Елец в руке над ведром, берег у Коккорево.; 2025-08-12 iNaturalist: Уклейка в руке, берег у Коккорево. (iNat: needs_id)</desc>
    <type>Рыбалка</type>
  </wpt>
  <wpt lat="60.053625" lon="31.080689">
    <name>L0365 Язь</name>
    <desc>2025-08-12 iNaturalist: Язь в руке на песчаном берегу у Коккорево.</desc>
    <type>Рыбалка</type>
  </wpt>
  <wpt lat="60.058053" lon="31.071422">
    <name>L0366 Плотва</name>
    <desc>2025-08-12 iNaturalist: Плотва в руке, берег у Коккорево.</desc>
    <type>Рыбалка</type>
  </wpt>
  <wpt lat="60.088013" lon="31.066043">
    <name>L0367 Окунь</name>
    <desc>2025-08-12 iNaturalist: Окунь в руке, песчаный берег у Коккорево.</desc>
    <type>Рыбалка</type>
  </wpt>
  <wpt lat="60.048193" lon="31.098546">
    <name>L0368 Лещ</name>
    <desc>2025-08-24 iNaturalist: Лещ у поверхности воды (слабый или снулый). (iNat: needs_id)</desc>
    <type>Наблюдение</type>
  </wpt>
  <wpt lat="60.117108" lon="31.086951">
    <name>L0369 Окунь, Уклейка</name>
    <desc>2025-10-18 iNaturalist: Два окуня на траве у Осиновецкого маяка — улов.; 2025-10-18 iNaturalist: Уклейка на леске у Осиновецкого маяка.; 2025-10-28 iNaturalist: Гагара с уклейкой в клюве у Осиновецкого маяка.</desc>
    <type>Рыбалка</type>
  </wpt>
  <wpt lat="60.11686" lon="31.088883">
    <name>L0370 Плотва</name>
    <desc>2025-11-08 iNaturalist: Мёртвая плотва на камнях с водорослями.</desc>
    <type>Наблюдение</type>
  </wpt>
  <wpt lat="60.117037" lon="31.085443">
    <name>L0371 Окунь</name>
    <desc>2025-11-15 iNaturalist: Гагара с пойманным окунем у Осиновецкого маяка.; 2025-11-11 iNaturalist: Гагара с пойманным окунем.</desc>
    <type>Наблюдение</type>
  </wpt>
  <wpt lat="60.117159" lon="31.084722">
    <name>L0372 Окунь</name>
    <desc>2025-11-15 iNaturalist: Водоплавающая птица с пойманным окунем.</desc>
    <type>Наблюдение</type>
  </wpt>
  <wpt lat="60.070264" lon="31.063825">
    <name>L0373 Плотва</name>
    <desc>2026-05-01 iNaturalist: Мёртвая плотва на берегу. (iNat: needs_id)</desc>
    <type>Наблюдение</type>
  </wpt>
  <wpt lat="60.050811" lon="31.088472">
    <name>L0374 Девятииглая колюшка</name>
    <desc>2026-06-04 iNaturalist: Малёк девятииглой колюшки в ладони. (iNat: needs_id)</desc>
    <type>Наблюдение</type>
  </wpt>
  <wpt lat="59.960463" lon="31.066622">
    <name>L0375 Окунь, Плотва</name>
    <desc>2026-06-20 iNaturalist: Окунь на деревянном причале, по словам автора сразу отпущен.; 2026-06-20 iNaturalist: Плотва на деревянном причале, по словам автора сразу отпущена. (iNat: needs_id)</desc>
    <type>Рыбалка</type>
  </wpt>
  <wpt lat="60.06908" lon="32.321337">
    <name>L0376 Лещ</name>
    <desc>2026-07-20 iNaturalist: Вяленый лещ на верёвке в деревне на Волхове.</desc>
    <type>Наблюдение</type>
  </wpt>
  <wpt lat="59.90916" lon="31.205193">
    <name>L0377 Окунь</name>
    <desc>2026-07-22 iNaturalist: Окунь на гранитном камне у Новоладожского канала — улов.</desc>
    <type>Рыбалка</type>
  </wpt>
  <wpt lat="59.910702" lon="31.212885">
    <name>L0378 Плотва</name>
    <desc>2026-07-22 iNaturalist: Плотва на гранитном камне у Новоладожского канала — улов.</desc>
    <type>Рыбалка</type>
  </wpt>
  <wpt lat="60.076867" lon="31.059439">
    <name>L0379 Ротан</name>
    <desc>2026-07-25 iNaturalist: Молодь ротана в банке.</desc>
    <type>Наблюдение</type>
  </wpt>
  <wpt lat="59.939645" lon="31.054302">
    <name>L0380 Налим</name>
    <desc>2026-08-29 iNaturalist: Налим в руках, рядом видна удочка; берег у Шлиссельбурга.</desc>
    <type>Рыбалка</type>
  </wpt>
  <wpt lat="60.30367" lon="32.605103">
    <name>L0381 Минога</name>
    <desc>2026-07-25 iNaturalist: Мёртвая минога на каменистом берегу. (iNat: needs_id)</desc>
    <type>Наблюдение</type>
  </wpt>
  <wpt lat="59.94332" lon="31.01827">
    <name>L0382 Минога</name>
    <desc>2013-12-07 GBIF: Речная минога у истока Невы в Шлиссельбурге: 4 пробы, всего 75 экз. — осенне-зимний ход (образцы ИПЭЭ РАН).</desc>
    <type>Наблюдение</type>
  </wpt>
  <wpt lat="60.023" lon="31.553">
    <name>L0383 Бычок, Налим</name>
    <desc>2005-10-15 GBIF: Налим и четырёхрогий бычок (рогатка) у Кобоны — образцы ЗИН РАН с ДНК-штрихкодами.</desc>
    <type>Наблюдение</type>
  </wpt>
  <wpt lat="60.192" lon="31.137">
    <name>L0384 Бычок</name>
    <desc>2021-12-02 GBIF: Четырёхрогий бычок (рогатка, ледниковый реликт) — 2 образца ЗИН РАН с последовательностями ДНК.</desc>
    <type>Наблюдение</type>
  </wpt>
  <wpt lat="60.0" lon="31.5667">
    <name>L0385 Чехонь</name>
    <desc>2002-05-02 GBIF: Чехонь в 5 км от устья р. Кобона (южный берег), музейный экземпляр ZFMK; координата округлена до минут.</desc>
    <type>Наблюдение</type>
  </wpt>
  <wpt lat="60.10957" lon="32.32681">
    <name>L0386 Сиг</name>
    <desc>GBIF: Волховский сиг (Coregonus lavaretus baeri) из Новой Ладоги, получен музеем MCZ в 1891 г. — исторический промысловый вид.</desc>
    <type>Наблюдение</type>
  </wpt>
  <wpt lat="59.96" lon="31.06">
    <name>L0387 Щиповка</name>
    <desc>GBIF: Щиповка из истока Невы у Шлиссельбурга, экземпляр финского музея Luomus, дата не указана.</desc>
    <type>Наблюдение</type>
  </wpt>
  <wpt lat="59.9494" lon="31.0368">
    <name>L0388 Трехиглая колюшка</name>
    <desc>GBIF: Трёхиглая колюшка у истока Невы — 4 образца с ДНК-последовательностями (GenBank), дата не указана.</desc>
    <type>Наблюдение</type>
  </wpt>
  <wpt lat="60.65" lon="33.207">
    <name>L0389 Минога, Налим</name>
    <desc>GBIF: Нижняя Свирь у д. Горка: налим, минога, подкаменщик, плотва — сборы Р. Сиверса 1875 г. (Luomus).</desc>
    <type>Наблюдение</type>
  </wpt>
  <wpt lat="59.944584" lon="31.02959">
    <name>L0390 Рыбалка</name>
    <desc>1992 PastVu (старые фото): Рыбаки на висячем мосту в Шлиссельбурге (архивное фото 1992 г.).; 2024-03-02 Flickr: Несколько рыбаков на набережной у шлюзов; в начале марта вода здесь открыта.</desc>
    <type>Рыбалка</type>
  </wpt>
  <wpt lat="59.945248" lon="31.031712">
    <name>L0391 Рыбалка</name>
    <desc>1988 PastVu (старые фото): Рыбак на Староладожском канале в Шлиссельбурге (архивное фото 1988 г.).</desc>
    <type>Рыбалка</type>
  </wpt>
  <wpt lat="60.106004" lon="32.318483">
    <name>L0392 Ориентир</name>
    <desc>1975 PastVu (старые фото): Территория Новоладожского рыбокомбината на фото 1975 г. — база промыслового лова.</desc>
    <type>Ориентир</type>
  </wpt>
  <wpt lat="60.549261" lon="32.825775">
    <name>L0393 Рыбалка</name>
    <desc>2014-04-14 Flickr: Фоторепортаж: рыбаки Сясьстроя выходят на лодке в озеро, лёд уже сошёл (утро 14 апреля).</desc>
    <type>Рыбалка</type>
  </wpt>
  <wpt lat="60.542171" lon="32.816162">
    <name>L0394 Рыбалка</name>
    <desc>2014-04-14 Flickr: Тот же фоторепортаж: рыбак в деревянной лодке на открытой воде, днём 14 апреля.</desc>
    <type>Рыбалка</type>
  </wpt>
  <wpt lat="60.528661" lon="32.802944">
    <name>L0395 Рыбалка</name>
    <desc>2014-04-14 Flickr: Тот же фоторепортаж: возвращение лодки с промысла вечером 14 апреля.</desc>
    <type>Рыбалка</type>
  </wpt>
  <wpt lat="59.958963" lon="31.033973">
    <name>L0396 Ёрш, Уклейка</name>
    <desc>2010-05-03 Flickr: Рыболовы стоят на каменной гряде и ловят с лодок у выхода Невы из Ладоги.; 2024-05-30 Telegram: Отчёты Рыбалка СПб: Метка «На карте» канала-агрегатора к отчёту (2024-05-30): уклейка, ёрш.</desc>
    <type>Рыбалка</type>
  </wpt>
  <wpt lat="60.142102" lon="31.067104">
    <name>L0397 Рыбалка</name>
    <desc>2014-02-15 Flickr: Палатка рыбака-подлёдника и снасть на льду Ладоги севернее Осиновца.</desc>
    <type>Рыбалка</type>
  </wpt>
  <wpt lat="60.145606" lon="31.536941">
    <name>L0398 Рыбалка</name>
    <desc>2007-10-13 Flickr: Моторная лодка с удочками вытащена на песчаный пляж; геотег неточный (точка в воде).</desc>
    <type>Рыбалка</type>
  </wpt>
  <wpt lat="59.941398" lon="31.034299">
    <name>L0399 Рыбалка</name>
    <desc>2011-08-18 Flickr: Рыболов ловит, стоя в воде у берега в Шлиссельбурге.</desc>
    <type>Рыбалка</type>
  </wpt>
  <wpt lat="60.063812" lon="31.06985">
    <name>L0400 Рыбалка</name>
    <desc>2013-02-05 Flickr: Одинокая фигура (вероятно, рыбак-подлёдник) на льду; точка — место съёмки с берега у Коккорево.</desc>
    <type>Рыбалка</type>
  </wpt>
  <wpt lat="59.931341" lon="31.063327">
    <name>L0401 Структура</name>
    <desc>2020-07-09 Flickr: Небольшое рыболовецкое судно ССП-34 у берега Новоладожского канала (так подписал автор фото).</desc>
    <type>Структура</type>
  </wpt>
  <wpt lat="60.115172" lon="32.321434">
    <name>L0402 Структура</name>
    <desc>2007-08-14 Wikimedia Commons: Два небольших рыболовецких судна у деревянного причала на Новоладожском канале (фото Panoramio, 2007).</desc>
    <type>Структура</type>
  </wpt>
  <wpt lat="60.073101" lon="32.333503">
    <name>L0403 Лещ, Линь</name>
    <desc>2026-09 fishing-report.ru: Лещи 1,5–2,2 кг на фидер при сильном ветре, попался линь.</desc>
    <type>Рыбалка</type>
  </wpt>
  <wpt lat="59.978216" lon="31.073379">
    <name>L0404 Окунь</name>
    <desc>2026-06-02 fishing-report.ru: 2 июня окунь на нересте; очень низкая вода, в середине бухты отмели до 20 см.</desc>
    <type>Рыбалка</type>
  </wpt>
  <wpt lat="60.055396" lon="32.3414">
    <name>L0405 Густера, Лещ</name>
    <desc>2026-05 fishing-report.ru: Волхов: лещ, подлещик, густера (вид по фото).; 2021-05 fishing-report.ru: Синец (сопа) клевал волнами, 2 мая.; 2024-09-30 Telegram: Рыболовная сводка СПб: Отчёт с координатами места ловли.; 2026-05-08 Telegram: Рыболовная сводка СПб: фидер/донка</desc>
    <type>Рыбалка</type>
  </wpt>
  <wpt lat="60.268709" lon="31.852692">
    <name>L0406 Судак</name>
    <desc>2026-02-16 fishing-report.ru: Лигово 16–17 февраля: судак со льда в 3 км от берега, в ходу мормулет.</desc>
    <type>Рыбалка</type>
  </wpt>
  <wpt lat="59.928905" lon="31.370381">
    <name>L0407 Окунь</name>
    <desc>2025-11-04 fishing-report.ru: Назия: активный клёв окуня.</desc>
    <type>Рыбалка</type>
  </wpt>
  <wpt lat="59.976217" lon="31.129211">
    <name>L0408 Окунь, Язь</name>
    <desc>2025-07 fishing-report.ru: Язь на небольшую вертушку в зарастающей траве бухты, основной улов — окунь на ультралайт с лодки.</desc>
    <type>Рыбалка</type>
  </wpt>
  <wpt lat="60.017712" lon="31.474687">
    <name>L0409 Окунь</name>
    <desc>2025-01 fishing-report.ru: Кобона: окунь, около двух часов активной раздачи.</desc>
    <type>Рыбалка</type>
  </wpt>
  <wpt lat="60.131401" lon="31.599189">
    <name>L0410 Плотва</name>
    <desc>2024-04 fishing-report.ru: Много плотвы в конце апреля.</desc>
    <type>Рыбалка</type>
  </wpt>
  <wpt lat="60.405998" lon="32.091712">
    <name>L0411 Окунь</name>
    <desc>2024-01 fishing-report.ru: Зимой у о. Сухо на грядах и глубинах до 4 м окуня не нашли, затем около 30 окуней в Дубно.</desc>
    <type>Рыбалка</type>
  </wpt>
  <wpt lat="59.919911" lon="31.075406">
    <name>L0412 Щука</name>
    <desc>2023-11 fishing-report.ru: Открытие сезона — щука; геометка в канале у Шлиссельбурга.</desc>
    <type>Рыбалка</type>
  </wpt>
  <wpt lat="60.04941" lon="32.344204">
    <name>L0413 Рыбалка</name>
    <desc>2023-10 fishing-report.ru: Геометка отчёта без описания.; 2025-11-20 Telegram: Рыболовная сводка СПб: Отчёт с координатами места ловли.</desc>
    <type>Рыбалка</type>
  </wpt>
  <wpt lat="59.920601" lon="31.075583">
    <name>L0414 Щука</name>
    <desc>2023-03 fishing-report.ru: Щука в конце марта держалась в метре от камыша; геометка в канале у Шлиссельбурга, автор пишет «Ладога».</desc>
    <type>Рыбалка</type>
  </wpt>
  <wpt lat="60.284315" lon="32.613413">
    <name>L0415 Рыбалка</name>
    <desc>2023-01 fishing-report.ru: Геометка отчёта без описания.</desc>
    <type>Рыбалка</type>
  </wpt>
  <wpt lat="59.991515" lon="31.421005">
    <name>L0416 Рыбалка</name>
    <desc>2022-12 fishing-report.ru: Геометка отчёта без описания.</desc>
    <type>Рыбалка</type>
  </wpt>
  <wpt lat="60.256104" lon="32.13682">
    <name>L0417 Рыбалка</name>
    <desc>2022-06 fishing-report.ru: Геометка отчёта в Волховской губе без описания.</desc>
    <type>Рыбалка</type>
  </wpt>
  <wpt lat="60.024603" lon="31.556335">
    <name>L0418 Окунь, Плотва</name>
    <desc>2022-02 fishing-report.ru: Геометка у Кобоны без текста; на фото плотва и окунь.</desc>
    <type>Рыбалка</type>
  </wpt>
  <wpt lat="60.248535" lon="32.044871">
    <name>L0419 Щука</name>
    <desc>2022-02-20 fishing-report.ru: Дубно: 11 щук от 1 до 7 кг, клевало до 13 ч, до начала метели.</desc>
    <type>Рыбалка</type>
  </wpt>
  <wpt lat="60.239988" lon="31.705373">
    <name>L0420 Рыбалка</name>
    <desc>2022-02 fishing-report.ru: Удачный выезд на Ладогу (без подробностей).</desc>
    <type>Рыбалка</type>
  </wpt>
  <wpt lat="60.112777" lon="31.523887">
    <name>L0421 Рыбалка</name>
    <desc>2022-01-21 fishing-report.ru: Леднёво, 21–22 января 2022 г. (короткий отчёт).</desc>
    <type>Рыбалка</type>
  </wpt>
  <wpt lat="59.982424" lon="31.493579">
    <name>L0422 Окунь</name>
    <desc>2022-01-22 fishing-report.ru: Ветрено, окунь брал вяло.</desc>
    <type>Рыбалка</type>
  </wpt>
  <wpt lat="60.488606" lon="32.826078">
    <name>L0423 Рыбалка</name>
    <desc>2022-01 fishing-report.ru: Трофейный улов на Свири (без подробностей).</desc>
    <type>Рыбалка</type>
  </wpt>
  <wpt lat="60.018017" lon="31.46597">
    <name>L0424 Рыбалка</name>
    <desc>2022-01-18 fishing-report.ru: Кобона: активный клёв с 10 до 13 ч, в остальное время вяло.</desc>
    <type>Рыбалка</type>
  </wpt>
  <wpt lat="59.909595" lon="31.478386">
    <name>L0425 Рыбалка</name>
    <desc>2022-01-18 fishing-report.ru: Шальдиха: пойманную рыбу отпустил.</desc>
    <type>Рыбалка</type>
  </wpt>
  <wpt lat="60.124808" lon="31.589724">
    <name>L0426 Рыбалка</name>
    <desc>2021-12 fishing-report.ru: Короткий отчёт из Чёрного на рубеже 2021–2022 гг.</desc>
    <type>Рыбалка</type>
  </wpt>
  <wpt lat="60.453142" lon="32.797262">
    <name>L0427 Щука</name>
    <desc>2021-12 fishing-report.ru: Открытие сезона со льда: щука на жерлицы.</desc>
    <type>Рыбалка</type>
  </wpt>
  <wpt lat="60.131824" lon="31.567786">
    <name>L0428 Окунь</name>
    <desc>2021-12-12 fishing-report.ru: Открытие зимнего сезона у Чёрного: клёв слабый, мелкий окунь на уху.</desc>
    <type>Рыбалка</type>
  </wpt>
  <wpt lat="60.133886" lon="31.605446">
    <name>L0429 Щука</name>
    <desc>2021-12 fishing-report.ru: Три поклёвки щуки, реализована одна; мороз снизил активность рыбы.</desc>
    <type>Рыбалка</type>
  </wpt>
  <wpt lat="60.451139" lon="32.945364">
    <name>L0430 Налим</name>
    <desc>2021-11-13 fishing-report.ru: Налим на нижней Паше 13–14 ноября.</desc>
    <type>Рыбалка</type>
  </wpt>
  <wpt lat="60.470804" lon="32.902736">
    <name>L0431 Рыбалка</name>
    <desc>2021-10 fishing-report.ru: Короткий отчёт с протоки у Загубья под Свирицей.</desc>
    <type>Рыбалка</type>
  </wpt>
  <wpt lat="60.240732" lon="32.012897">
    <name>L0432 Окунь</name>
    <desc>2021-10-08 fishing-report.ru: Окунь брал вяло, к вечеру активизировался (08.10.2021).</desc>
    <type>Рыбалка</type>
  </wpt>
  <wpt lat="59.911808" lon="31.395548">
    <name>L0433 Щука</name>
    <desc>2021-10 fishing-report.ru: Удачная ловля хищника — щука.</desc>
    <type>Рыбалка</type>
  </wpt>
  <wpt lat="59.969472" lon="31.418269">
    <name>L0434 Окунь</name>
    <desc>2021-10 fishing-report.ru: Окунь; удачный первый за много лет выезд на Ладогу.</desc>
    <type>Рыбалка</type>
  </wpt>
  <wpt lat="60.057829" lon="32.339528">
    <name>L0435 Рыбалка</name>
    <desc>2021-10-04 fishing-report.ru: Волхов 4 октября: утром холодно, вода сильно упала, часть рыбы отпущена.</desc>
    <type>Рыбалка</type>
  </wpt>
  <wpt lat="59.981464" lon="31.384679">
    <name>L0436 Рыбалка</name>
    <desc>2021-09 fishing-report.ru: Геометка отчёта без описания.</desc>
    <type>Рыбалка</type>
  </wpt>
  <wpt lat="59.933656" lon="30.99826">
    <name>L0437 Плотва</name>
    <desc>2021-09 fishing-report.ru: Плотва на Неве в Шлиссельбурге, на повороте реки.</desc>
    <type>Рыбалка</type>
  </wpt>
  <wpt lat="60.4514" lon="32.960831">
    <name>L0438 Рыбалка</name>
    <desc>2021-08-27 fishing-report.ru: Нижняя Паша у Свирицы: ни одной поклёвки (27.08.2021).</desc>
    <type>Рыбалка</type>
  </wpt>
  <wpt lat="60.186123" lon="32.193626">
    <name>L0439 Рыбалка</name>
    <desc>2021-08 fishing-report.ru: С базы Креницы на лодке в Ладогу, ловля в заброс.</desc>
    <type>Рыбалка</type>
  </wpt>
  <wpt lat="60.130961" lon="32.330439">
    <name>L0440 Щука</name>
    <desc>2021-08 fishing-report.ru: Щука у Крениц в устье Волхова.</desc>
    <type>Рыбалка</type>
  </wpt>
  <wpt lat="60.504441" lon="32.95196">
    <name>L0441 Рыбалка</name>
    <desc>2020-08-06 fishing-report.ru: Под Свирицей в дождь и ветер: одна поклёвка — одна рыба (06.08.2020).</desc>
    <type>Рыбалка</type>
  </wpt>
  <wpt lat="60.283298" lon="32.630563">
    <name>L0442 Густера, Плотва</name>
    <desc>fishing-report.ru: На Волхове не клевало, на канале густера и плотва на фидер с опарышем; клёв осторожный.</desc>
    <type>Рыбалка</type>
  </wpt>
  <wpt lat="59.908056" lon="30.982882">
    <name>L0443 Лещ, Окунь</name>
    <desc>2021-06 fishing-report.ru: Окунь на микроджиг с берега Невы примерно в 5 км ниже истока.; 2019-07 FisherMap: Лещ, плотва и щука на Неве в ~5 км ниже истока, много сходов (копия карточки FisherMap #11102).</desc>
    <type>Рыбалка</type>
  </wpt>
  <wpt lat="60.11248" lon="32.332952">
    <name>L0444 Густера, Жерех</name>
    <desc>2021-06 fishing-report.ru: Первый жерех в Новой Ладоге (канал у устья Волхова).; 2024-03-31 Telegram: Рыболовная сводка СПб: Отчёт с координатами места ловли.; 2024-05-22 Telegram: Рыболовная сводка СПб: Отчёт с координатами места ловли.; 2024-05-31 Telegram: Рыболовная сводка СПб: Отчёт с координатами места ловли.; 2024-11-02 Telegram: Рыболовная сводка СПб: спиннинг</desc>
    <type>Рыбалка</type>
  </wpt>
  <wpt lat="60.027601" lon="31.509968">
    <name>L0445 Плотва</name>
    <desc>2021-03 fishing-report.ru: Ночная зимняя ловля плотвы с прикормкой на глубине около 6 м, клёв редкий; выход с берега у Кобоны.</desc>
    <type>Рыбалка</type>
  </wpt>
  <wpt lat="60.251624" lon="31.873992">
    <name>L0446 Рыбалка</name>
    <desc>2021-02-14 fishing-report.ru: Короткая зимняя заметка: лёд, сильный мороз.</desc>
    <type>Рыбалка</type>
  </wpt>
  <wpt lat="59.90869" lon="31.473646">
    <name>L0447 Окунь</name>
    <desc>2021-01 fishing-report.ru: Выход на лёд у Верхней Шальдихи: вдали от берега поклёвок почти не было, окунь ловился в тростнике; на льду трещины.</desc>
    <type>Рыбалка</type>
  </wpt>
  <wpt lat="60.013975" lon="31.08696">
    <name>L0448 Рыбалка</name>
    <desc>2021-01 fishing-report.ru: Открытие зимнего сезона 2021 г.: рыба капризная, подход к берегу через заповедный лес.</desc>
    <type>Рыбалка</type>
  </wpt>
  <wpt lat="59.907043" lon="31.467525">
    <name>L0449 Окунь</name>
    <desc>2020-12 fishing-report.ru: Пассивный окунь у границы тростника и чистой воды: сработала только мормышка, балансир и блесна пустые; отход от берега до 1 км.</desc>
    <type>Рыбалка</type>
  </wpt>
  <wpt lat="60.092493" lon="32.306857">
    <name>L0450 Щука</name>
    <desc>fishing-report.ru: Щука на спиннинг в нижнем Волхове; фото летнее, опубликовано зимой.</desc>
    <type>Рыбалка</type>
  </wpt>
  <wpt lat="59.938525" lon="31.226467">
    <name>L0451 Окунь, Щука</name>
    <desc>2021-09-15 fishing-report.ru: Немного щук и окуней у Бугровского маяка; точка поставлена по маяку (OSM), т.к. геометка поста стоит в пруду в 5 км от берега.</desc>
    <type>Рыбалка</type>
  </wpt>
  <wpt lat="59.954165" lon="31.038763">
    <name>L0452 Лещ, Окунь</name>
    <desc>2021-08-17 fishing-report.ru: Окунь и плотва 150–250 г, подлещик ~350 г у Орешка; точка по крепости (OSM), геометка поста у Чёрной речки.</desc>
    <type>Рыбалка</type>
  </wpt>
  <wpt lat="59.9497" lon="31.4259">
    <name>L0453 Окунь</name>
    <desc>fish-search.ru: Метка fish-search без описания: окунь у Нижней Шальдихи.</desc>
    <type>Рыбалка</type>
  </wpt>
  <wpt lat="60.2664" lon="31.735">
    <name>L0454 Щука</name>
    <desc>fish-search.ru: Метка fish-search без описания: щука, около 2 км от берега у Лигово.</desc>
    <type>Рыбалка</type>
  </wpt>
  <wpt lat="60.2525" lon="31.713">
    <name>L0455 Щука</name>
    <desc>fish-search.ru: Метка fish-search без описания: щука, около 1 км от берега у Лигово.</desc>
    <type>Рыбалка</type>
  </wpt>
  <wpt lat="60.0053" lon="31.1887">
    <name>L0456 Плотва</name>
    <desc>fish-search.ru: Плотва в 4 км от берега (метка fish-search, район «Рижской поляны»).</desc>
    <type>Рыбалка</type>
  </wpt>
  <wpt lat="60.4413" lon="32.9883">
    <name>L0457 Лещ</name>
    <desc>2019-08 FisherMap: Лещ на джиг на нижней Паше у Подбережья (копия карточки FisherMap #9223).</desc>
    <type>Рыбалка</type>
  </wpt>
  <wpt lat="59.9245" lon="30.9925">
    <name>L0458 Судак</name>
    <desc>2019-09 FisherMap: Судак на Неве у Шлиссельбурга в конце сезона (копия карточки FisherMap #13152).</desc>
    <type>Рыбалка</type>
  </wpt>
  <wpt lat="59.9241" lon="30.9818">
    <name>L0459 Плотва</name>
    <desc>2019-05 FisherMap: Плотва на Неве у Чёрной Речки, без описания (копия карточки FisherMap #13396).</desc>
    <type>Рыбалка</type>
  </wpt>
  <wpt lat="59.98628" lon="31.088905">
    <name>L0460 Рыбалка</name>
    <desc>fish-search.ru: Метка «Глубокое» у Кошкино без описания (fish-search).</desc>
    <type>Рыбалка</type>
  </wpt>
  <wpt lat="60.471319" lon="32.893965">
    <name>L0461 Окунь, Щука</name>
    <desc>2022-09 fish-search.ru: Свирь у Свирицы: щука 1,8 кг на воблер «уточку».</desc>
    <type>Рыбалка</type>
  </wpt>
  <wpt lat="59.950341" lon="31.065505">
    <name>L0462 Окунь</name>
    <desc>2024-07-21 vpodsak.ru: Утренний окунь с лодки на всё подряд — два ведра к полудню.</desc>
    <type>Рыбалка</type>
  </wpt>
  <wpt lat="59.949723" lon="31.069528">
    <name>L0463 Окунь</name>
    <desc>2024-07-24 vpodsak.ru: Летний окунь с лодки у Шлиссельбурга, около двух вёдер за утро.</desc>
    <type>Рыбалка</type>
  </wpt>
  <wpt lat="59.952827" lon="31.056895">
    <name>L0464 Щука</name>
    <desc>2024-10-30 vpodsak.ru: Осенняя щука на медленный воблер над затопленными полями травы.</desc>
    <type>Рыбалка</type>
  </wpt>
  <wpt lat="59.951326" lon="31.072124">
    <name>L0465 Щука</name>
    <desc>2024-11-14 vpodsak.ru: Поздняя осень, вода +3,5 °C: щука стоит локально, нужен подбор приманки.</desc>
    <type>Рыбалка</type>
  </wpt>
  <wpt lat="60.04248" lon="32.338313">
    <name>L0466 Лещ</name>
    <desc>2024-11-10 vpodsak.ru: Поздняя осень на Волхове: лещ на фидер с берега, лучше всего мотыль с опарышем.</desc>
    <type>Рыбалка</type>
  </wpt>
  <wpt lat="59.970907" lon="31.065484">
    <name>L0467 Спуск/база</name>
    <desc>boatfisher.ru (слипы): Яхт-клуб: спуск с прицепа, есть стоянка, платно (800 ₽ на момент публикации).</desc>
    <type>Спуск/база</type>
  </wpt>
  <wpt lat="60.119162" lon="32.318144">
    <name>L0468 Спуск/база</name>
    <desc>boatfisher.ru (слипы): База отдыха: спуск лодок бесплатно, прокат лодок.</desc>
    <type>Спуск/база</type>
  </wpt>
  <wpt lat="60.074122" lon="32.335052">
    <name>L0469 Спуск/база</name>
    <desc>boatfisher.ru (слипы): База с оборудованным слипом на нижнем Волхове, условия уточнять.</desc>
    <type>Спуск/база</type>
  </wpt>
  <wpt lat="60.006681" lon="32.312736">
    <name>L0470 Спуск/база</name>
    <desc>boatfisher.ru (слипы): Бесплатный подъезд к воде без прицепа напротив Старой Ладоги.</desc>
    <type>Спуск/база</type>
  </wpt>
  <wpt lat="60.115177" lon="32.289881">
    <name>L0471 Спуск/база</name>
    <desc>boatfisher.ru (слипы): Оборудованный платный слип турбазы, выход в Новый канал.</desc>
    <type>Спуск/база</type>
  </wpt>
  <wpt lat="60.114154" lon="32.305519">
    <name>L0472 Спуск/база</name>
    <desc>boatfisher.ru (слипы): Спуск с прицепа возможен, но оставить машину негде; платно.</desc>
    <type>Спуск/база</type>
  </wpt>
  <wpt lat="59.902142" lon="31.344081">
    <name>L0473 Спуск/база</name>
    <desc>boatfisher.ru (слипы): Оборудованный платный слип на базе в Назии.</desc>
    <type>Спуск/база</type>
  </wpt>
  <wpt lat="59.901089" lon="31.348565">
    <name>L0474 Спуск/база</name>
    <desc>boatfisher.ru (слипы): Свободный подъезд к воде, бесплатно.</desc>
    <type>Спуск/база</type>
  </wpt>
  <wpt lat="60.273429" lon="32.666151">
    <name>L0475 Спуск/база</name>
    <desc>boatfisher.ru (слипы): Платный спуск на рыболовной базе.</desc>
    <type>Спуск/база</type>
  </wpt>
  <wpt lat="60.022826" lon="31.557036">
    <name>L0476 Спуск/база</name>
    <desc>boatfisher.ru (слипы): Платный спуск на турбазе у Староладожского канала.</desc>
    <type>Спуск/база</type>
  </wpt>
  <wpt lat="60.141565" lon="31.617879">
    <name>L0477 Спуск/база</name>
    <desc>boatfisher.ru (слипы): Платный слип на канале с охраняемой стоянкой; координаты указаны на сайте.</desc>
    <type>Спуск/база</type>
  </wpt>
  <wpt lat="60.178594" lon="31.660567">
    <name>L0478 Спуск/база</name>
    <desc>boatfisher.ru (слипы): Бесплатный слип на канале, проезд через базу платный.</desc>
    <type>Спуск/база</type>
  </wpt>
  <wpt lat="60.192893" lon="30.989659">
    <name>L0479 Спуск/база</name>
    <desc>boatfisher.ru (слипы): Бесплатный спуск на западном берегу у бухты Морье.</desc>
    <type>Спуск/база</type>
  </wpt>
  <wpt lat="60.47034" lon="32.900756">
    <name>L0480 Спуск/база</name>
    <desc>boatfisher.ru (слипы): Платный спуск на рыболовной базе.</desc>
    <type>Спуск/база</type>
  </wpt>
  <wpt lat="60.222333" lon="31.9755">
    <name>L0481 Структура</name>
    <desc>iv70.narod.ru: Проход для лодок из канала в озеро у Дубно (GPS из списка стоянок катамаранщика). Формат ГГ.ММ.ССс, проверен по о. Сухо.</desc>
    <type>Структура</type>
  </wpt>
  <wpt lat="60.22725" lon="31.981806">
    <name>L0482 Структура</name>
    <desc>iv70.narod.ru: Протока из канала в Ладогу в Дубно (GPS из списка стоянок катамаранщика). Формат ГГ.ММ.ССс, проверен по о. Сухо.</desc>
    <type>Структура</type>
  </wpt>
  <wpt lat="60.136611" lon="32.226111">
    <name>L0483 Структура</name>
    <desc>iv70.narod.ru: Проход из канала в Ладогу примерно в 7 км западнее устья Волхова (GPS из списка стоянок). Формат ГГ.ММ.ССс, проверен по о. Сухо.</desc>
    <type>Структура</type>
  </wpt>
  <wpt lat="59.980319" lon="31.571396">
    <name>L0484 Окунь, Плотва</name>
    <desc>2025-03-17 Telegram: Рыболовная сводка СПб: Парковка у места ловли, указанная в 4 отчётах (2024-01-23…2025-03-17); ловили рядом: окунь, плотва.</desc>
    <type>Спуск/база</type>
  </wpt>
  <wpt lat="60.137864" lon="31.614352">
    <name>L0485 Ёрш, Густера</name>
    <desc>2026-09-06 Telegram: Рыболовная сводка СПб: Парковка у места ловли, указанная в 80 отчётах (2024-01-25…2026-09-06); ловили рядом: окунь, щука, плотва, краснопёрка.</desc>
    <type>Спуск/база</type>
  </wpt>
  <wpt lat="60.116983" lon="32.2711">
    <name>L0486 Краснопёрка, Окунь</name>
    <desc>2026-04-15 Telegram: Рыболовная сводка СПб: Парковка у места ловли, указанная в 33 отчётах (2024-01-25…2026-04-15); ловили рядом: окунь, щука, плотва, краснопёрка.; 2025-01-25 Telegram: Рыболовная сводка СПб: Сводка о состоянии льда (2025-01-14…2025-01-25), координаты точки выхода на лёд.</desc>
    <type>Спуск/база</type>
  </wpt>
  <wpt lat="60.023481" lon="31.555083">
    <name>L0487 Корюшка, Окунь</name>
    <desc>2025-03-16 Telegram: Рыболовная сводка СПб: Парковка у места ловли, указанная в 25 отчётах (2024-01-27…2025-03-16); ловили рядом: окунь, плотва, корюшка.; 2025-02-02 Telegram: Рыболовная сводка СПб: Сводка о состоянии льда (2025-02-02), координаты точки выхода на лёд.</desc>
    <type>Спуск/база</type>
  </wpt>
  <wpt lat="59.896753" lon="31.367962">
    <name>L0488 Окунь</name>
    <desc>2025-03-19 Telegram: Рыболовная сводка СПб: Парковка у места ловли, указанная в 3 отчётах (2024-02-07…2025-03-19); ловили рядом: окунь.</desc>
    <type>Спуск/база</type>
  </wpt>
  <wpt lat="60.121105" lon="32.296196">
    <name>L0489 Окунь</name>
    <desc>2024-02-15 Telegram: Рыболовная сводка СПб: Парковка у места ловли, указанная в отчёте (2024-02-15); ловили рядом: окунь.</desc>
    <type>Спуск/база</type>
  </wpt>
  <wpt lat="60.001554" lon="31.053181">
    <name>L0490 Налим, Окунь</name>
    <desc>2026-03-07 Telegram: Рыболовная сводка СПб: Парковка у места ловли, указанная в 27 отчётах (2024-03-07…2026-03-07); ловили рядом: окунь, плотва, щука, налим.; 2026-03-04 Telegram: Рыболовная сводка СПб: Сводка о состоянии льда (2025-03-18…2026-03-04), координаты точки выхода на лёд.</desc>
    <type>Спуск/база</type>
  </wpt>
  <wpt lat="59.90335" lon="31.468074">
    <name>L0491 Ёрш, Корюшка</name>
    <desc>2026-03-09 Telegram: Рыболовная сводка СПб: Парковка у места ловли, указанная в 24 отчётах (2024-03-07…2026-03-09); ловили рядом: окунь, плотва, сиг, щука.; 2025-01-06 Telegram: Рыболовная сводка СПб: Сводка о состоянии льда (2025-01-06), координаты точки выхода на лёд.</desc>
    <type>Спуск/база</type>
  </wpt>
  <wpt lat="60.121135" lon="32.296799">
    <name>L0492 Окунь, Плотва</name>
    <desc>2026-03-13 Telegram: Рыболовная сводка СПб: Парковка у места ловли, указанная в 8 отчётах (2024-03-10…2026-03-13); ловили рядом: плотва, окунь.</desc>
    <type>Спуск/база</type>
  </wpt>
  <wpt lat="60.024322" lon="31.555976">
    <name>L0493 Густера, Краснопёрка</name>
    <desc>2026-04-05 Telegram: Рыболовная сводка СПб: Парковка у места ловли, указанная в 51 отчётах (2024-03-22…2026-04-05); ловили рядом: окунь, плотва, щука, налим.; 2025-02-04 Telegram: Рыболовная сводка СПб: Сводка о состоянии льда (2025-01-29…2025-02-04), координаты точки выхода на лёд.</desc>
    <type>Спуск/база</type>
  </wpt>
  <wpt lat="59.901541" lon="31.348195">
    <name>L0494 Ёрш, Линь</name>
    <desc>2026-08-09 Telegram: Рыболовная сводка СПб: Парковка у места ловли, указанная в 21 отчётах (2024-04-26…2026-08-09); ловили рядом: окунь, плотва, щука, ёрш.; 2024-02-07 Telegram: Рыболовная сводка СПб: Сводка о состоянии льда (2024-02-07), координаты точки выхода на лёд.</desc>
    <type>Спуск/база</type>
  </wpt>
  <wpt lat="59.967833" lon="31.061742">
    <name>L0495 Ёрш, Лещ</name>
    <desc>2025-05-14 Telegram: Рыболовная сводка СПб: Парковка у места ловли, указанная в 18 отчётах (2024-05-06…2025-05-14); ловили рядом: плотва, окунь, щука, подлещик.</desc>
    <type>Спуск/база</type>
  </wpt>
  <wpt lat="60.175807" lon="31.649189">
    <name>L0496 Плотва</name>
    <desc>2024-05-15 Telegram: Рыболовная сводка СПб: Парковка у места ловли, указанная в отчёте (2024-05-15); ловили рядом: плотва.</desc>
    <type>Спуск/база</type>
  </wpt>
  <wpt lat="59.958493" lon="31.032892">
    <name>L0497 Елец, Окунь</name>
    <desc>2024-11-29 Telegram: Рыболовная сводка СПб: Парковка у места ловли, указанная в 8 отчётах (2024-05-30…2024-11-29); ловили рядом: щука, окунь, плотва, уклейка.</desc>
    <type>Спуск/база</type>
  </wpt>
  <wpt lat="59.975757" lon="31.066527">
    <name>L0498 Окунь, Щука</name>
    <desc>2024-06-22 Telegram: Рыболовная сводка СПб: Точка спуска лодки из отчёта (2024-06-22).; 2026-07-24 Telegram: Рыболовная сводка СПб: Парковка у места ловли, указанная в 2 отчётах (2024-08-15…2026-07-24); ловили рядом: щука, окунь.</desc>
    <type>Спуск/база</type>
  </wpt>
  <wpt lat="60.114104" lon="32.291639">
    <name>L0499 Окунь, Сом</name>
    <desc>2026-08-14 Telegram: Рыболовная сводка СПб: Точка спуска лодки из 4 отчётов (2024-06-23…2026-08-14).</desc>
    <type>Спуск/база</type>
  </wpt>
  <wpt lat="60.075171" lon="32.333906">
    <name>L0500 Судак</name>
    <desc>2024-07-03 Telegram: Рыболовная сводка СПб: Точка спуска лодки из отчёта (2024-07-03).</desc>
    <type>Спуск/база</type>
  </wpt>
  <wpt lat="60.483723" lon="32.915012">
    <name>L0501 Лещ, Окунь</name>
    <desc>2024-11-23 Telegram: Рыболовная сводка СПб: Парковка у места ловли, указанная в 4 отчётах (2024-08-01…2024-11-23); ловили рядом: окунь, судак, щука, лещ.</desc>
    <type>Спуск/база</type>
  </wpt>
  <wpt lat="60.131122" lon="31.618515">
    <name>L0502 Окунь, Щука</name>
    <desc>2024-10-20 Telegram: Рыболовная сводка СПб: Парковка у места ловли, указанная в 2 отчётах (2024-08-14…2024-10-20); ловили рядом: щука, окунь.</desc>
    <type>Спуск/база</type>
  </wpt>
  <wpt lat="59.951573" lon="31.02422">
    <name>L0503 Окунь</name>
    <desc>2024-08-29 Telegram: Рыболовная сводка СПб: Парковка у места ловли, указанная в отчёте (2024-08-29); ловили рядом: окунь.</desc>
    <type>Спуск/база</type>
  </wpt>
  <wpt lat="60.137716" lon="31.614855">
    <name>L0504 Окунь, Плотва</name>
    <desc>2026-01-02 Telegram: Рыболовная сводка СПб: Парковка у места ловли, указанная в 41 отчётах (2024-09-01…2026-01-02); ловили рядом: окунь, щука, плотва.; 2025-01-17 Telegram: Рыболовная сводка СПб: Сводка о состоянии льда (2025-01-17), координаты точки выхода на лёд.</desc>
    <type>Спуск/база</type>
  </wpt>
  <wpt lat="60.120571" lon="32.318687">
    <name>L0505 Окунь, Щука</name>
    <desc>2024-09-13 Telegram: Рыболовная сводка СПб: Парковка у места ловли, указанная в 2 отчётах (2024-09-03…2024-09-13); ловили рядом: щука, окунь.; 2025-07-26 Telegram: Рыболовная сводка СПб: Точка спуска лодки из отчёта (2025-07-26).</desc>
    <type>Спуск/база</type>
  </wpt>
  <wpt lat="59.990572" lon="32.302111">
    <name>L0506 Щука</name>
    <desc>2024-09-08 Telegram: Рыболовная сводка СПб: Парковка у места ловли, указанная в отчёте (2024-09-08); ловили рядом: щука.</desc>
    <type>Спуск/база</type>
  </wpt>
  <wpt lat="60.114376" lon="32.291682">
    <name>L0507 Окунь, Судак</name>
    <desc>2024-09-23 Telegram: Рыболовная сводка СПб: Парковка у места ловли, указанная в 3 отчётах (2024-09-07…2024-09-23); ловили рядом: окунь, щука, судак, язь.</desc>
    <type>Спуск/база</type>
  </wpt>
  <wpt lat="60.482147" lon="32.907314">
    <name>L0508 Судак, Щука</name>
    <desc>2025-06-21 Telegram: Рыболовная сводка СПб: Парковка у места ловли, указанная в 2 отчётах (2024-10-03…2025-06-21); ловили рядом: щука, судак.</desc>
    <type>Спуск/база</type>
  </wpt>
  <wpt lat="60.475809" lon="32.887512">
    <name>L0509 Окунь</name>
    <desc>2024-10-06 Telegram: Рыболовная сводка СПб: Парковка у места ловли, указанная в отчёте (2024-10-06); ловили рядом: окунь.</desc>
    <type>Спуск/база</type>
  </wpt>
  <wpt lat="60.48203" lon="32.905255">
    <name>L0510 Густера, Лещ</name>
    <desc>2026-06-28 Telegram: Рыболовная сводка СПб: Парковка у места ловли, указанная в 25 отчётах (2024-10-07…2026-06-28); ловили рядом: щука, окунь, лещ, плотва.; 2025-12-26 Telegram: Рыболовная сводка СПб: Сводка о состоянии льда (2025-12-26), координаты точки выхода на лёд.</desc>
    <type>Спуск/база</type>
  </wpt>
  <wpt lat="59.903016" lon="31.345852">
    <name>L0511 Лещ, Окунь</name>
    <desc>2026-08-15 Telegram: Рыболовная сводка СПб: Парковка у места ловли, указанная в 15 отчётах (2024-10-07…2026-08-15); ловили рядом: окунь, щука, лещ.</desc>
    <type>Спуск/база</type>
  </wpt>
  <wpt lat="60.115465" lon="32.291403">
    <name>L0512 Окунь, Форель</name>
    <desc>2025-12-11 Telegram: Рыболовная сводка СПб: Парковка у места ловли, указанная в 5 отчётах (2024-10-19…2025-12-11); ловили рядом: окунь, форель.; 2025-09-21 Telegram: Рыболовная сводка СПб: Парковка у места ловли, указанная в отчёте (2025-09-21); ловили рядом: щука.</desc>
    <type>Спуск/база</type>
  </wpt>
  <wpt lat="60.119947" lon="32.317622">
    <name>L0513 Лещ, Окунь</name>
    <desc>2026-01-18 Telegram: Рыболовная сводка СПб: Парковка у места ловли, указанная в 3 отчётах (2024-10-27…2026-01-18); ловили рядом: окунь, щука, лещ, судак.</desc>
    <type>Спуск/база</type>
  </wpt>
  <wpt lat="60.074831" lon="32.335696">
    <name>L0514 Корюшка, Лещ</name>
    <desc>2025-09-12 Telegram: Рыболовная сводка СПб: Парковка у места ловли, указанная в 3 отчётах (2024-10-29…2025-09-12); ловили рядом: судак, лещ, корюшка, щука.</desc>
    <type>Спуск/база</type>
  </wpt>
  <wpt lat="60.470685" lon="32.908835">
    <name>L0515 Окунь</name>
    <desc>2024-10-07 Telegram: Рыболовная сводка СПб: Парковка у места ловли, указанная в отчёте (2024-10-07); ловили рядом: окунь.</desc>
    <type>Спуск/база</type>
  </wpt>
  <wpt lat="60.465185" lon="32.883324">
    <name>L0516 Лещ, Окунь</name>
    <desc>2026-07-02 Telegram: Рыболовная сводка СПб: Парковка у места ловли, указанная в 17 отчётах (2024-11-12…2026-07-02); ловили рядом: окунь, плотва, судак, лещ.</desc>
    <type>Спуск/база</type>
  </wpt>
  <wpt lat="60.110943" lon="32.33439">
    <name>L0517 Налим, Окунь</name>
    <desc>2024-11-11 Telegram: Рыболовная сводка СПб: Парковка у места ловли, указанная в отчёте (2024-11-11); ловили рядом: щука, окунь, налим.</desc>
    <type>Спуск/база</type>
  </wpt>
  <wpt lat="60.48231" lon="32.906473">
    <name>L0518 Окунь, Щука</name>
    <desc>2024-11-30 Telegram: Рыболовная сводка СПб: Парковка у места ловли, указанная в отчёте (2024-11-30); ловили рядом: щука, окунь.</desc>
    <type>Спуск/база</type>
  </wpt>
  <wpt lat="60.476851" lon="32.887571">
    <name>L0519 Ёрш, Густера</name>
    <desc>2026-05-04 Telegram: Рыболовная сводка СПб: Парковка у места ловли, указанная в 19 отчётах (2024-12-24…2026-05-04); ловили рядом: окунь, лещ, плотва, щука.</desc>
    <type>Спуск/база</type>
  </wpt>
  <wpt lat="60.021938" lon="31.544364">
    <name>L0520 Спуск/база</name>
    <desc>2025-01-12 Telegram: Рыболовная сводка СПб: Сводка о состоянии льда (2025-01-12), координаты точки выхода на лёд.</desc>
    <type>Спуск/база</type>
  </wpt>
  <wpt lat="60.44194" lon="32.790139">
    <name>L0521 Окунь, Щука</name>
    <desc>2025-12-15 Telegram: Рыболовная сводка СПб: Парковка у места ловли, указанная в 3 отчётах (2025-01-24…2025-12-15); ловили рядом: окунь, щука.</desc>
    <type>Спуск/база</type>
  </wpt>
  <wpt lat="60.10196" lon="32.32673">
    <name>L0522 Ёрш, Окунь</name>
    <desc>2025-01-27 Telegram: Рыболовная сводка СПб: Парковка у места ловли, указанная в отчёте (2025-01-27); ловили рядом: окунь, ёрш.</desc>
    <type>Спуск/база</type>
  </wpt>
  <wpt lat="59.968321" lon="31.060546">
    <name>L0523 Окунь, Плотва</name>
    <desc>2025-02-06 Telegram: Рыболовная сводка СПб: Парковка у места ловли, указанная в отчёте (2025-02-06); ловили рядом: окунь, плотва.</desc>
    <type>Спуск/база</type>
  </wpt>
  <wpt lat="60.127733" lon="31.070763">
    <name>L0524 Спуск/база</name>
    <desc>2025-02-12 Telegram: Рыболовная сводка СПб: Сводка о состоянии льда (2025-02-12), координаты точки выхода на лёд.</desc>
    <type>Спуск/база</type>
  </wpt>
  <wpt lat="60.11493" lon="32.30534">
    <name>L0525 Окунь</name>
    <desc>2026-02-15 Telegram: Рыболовная сводка СПб: Парковка у места ловли, указанная в 2 отчётах (2025-02-16…2026-02-15); ловили рядом: окунь.; 2026-03-03 Telegram: Рыболовная сводка СПб: Сводка о состоянии льда (2026-03-03), координаты точки выхода на лёд.</desc>
    <type>Спуск/база</type>
  </wpt>
  <wpt lat="60.445949" lon="32.804651">
    <name>L0526 Окунь, Щука</name>
    <desc>2025-03-24 Telegram: Рыболовная сводка СПб: Парковка у места ловли, указанная в 3 отчётах (2025-03-13…2025-03-24); ловили рядом: щука, окунь.</desc>
    <type>Спуск/база</type>
  </wpt>
  <wpt lat="59.910319" lon="31.179445">
    <name>L0527 Ёрш, Плотва</name>
    <desc>2025-04-19 Telegram: Рыболовная сводка СПб: Парковка у места ловли, указанная в отчёте (2025-04-19); ловили рядом: плотва, ёрш.</desc>
    <type>Спуск/база</type>
  </wpt>
  <wpt lat="59.948608" lon="31.039033">
    <name>L0528 Ёрш, Густера</name>
    <desc>2025-04-28 Telegram: Рыболовная сводка СПб: Парковка у места ловли, указанная в отчёте (2025-04-28); ловили рядом: окунь, плотва, густера, ёрш.</desc>
    <type>Спуск/база</type>
  </wpt>
  <wpt lat="59.895981" lon="31.339374">
    <name>L0529 Плотва</name>
    <desc>2025-05-15 Telegram: Рыболовная сводка СПб: Парковка у места ловли, указанная в отчёте (2025-05-15); ловили рядом: плотва.</desc>
    <type>Спуск/база</type>
  </wpt>
  <wpt lat="59.9011" lon="31.34787">
    <name>L0530 Ёрш, Лещ</name>
    <desc>2026-05-31 Telegram: Рыболовная сводка СПб: Парковка у места ловли, указанная в 31 отчётах (2025-05-30…2026-05-31); ловили рядом: окунь, щука, плотва, ёрш.; 2025-09-13 Telegram: Рыболовная сводка СПб: Парковка у места ловли, указанная в отчёте (2025-09-13); ловили рядом: щука, окунь.</desc>
    <type>Спуск/база</type>
  </wpt>
  <wpt lat="60.133115" lon="31.615948">
    <name>L0531 Окунь, Судак</name>
    <desc>2025-10-26 Telegram: Рыболовная сводка СПб: Парковка у места ловли, указанная в 8 отчётах (2025-07-29…2025-10-26); ловили рядом: щука, окунь, судак.</desc>
    <type>Спуск/база</type>
  </wpt>
  <wpt lat="60.470082" lon="32.912125">
    <name>L0532 Окунь, Судак</name>
    <desc>2025-12-21 Telegram: Рыболовная сводка СПб: Парковка у места ловли, указанная в 2 отчётах (2025-11-07…2025-12-21); ловили рядом: окунь.; 2026-07-12 Telegram: Рыболовная сводка СПб: Точка спуска лодки из отчёта (2026-07-12).</desc>
    <type>Спуск/база</type>
  </wpt>
  <wpt lat="60.078878" lon="31.066897">
    <name>L0533 Плотва</name>
    <desc>2026-01-12 Telegram: Рыболовная сводка СПб: Парковка у места ловли, указанная в отчёте (2026-01-12); ловили рядом: плотва.</desc>
    <type>Спуск/база</type>
  </wpt>
  <wpt lat="60.08147" lon="31.064867">
    <name>L0534 Окунь</name>
    <desc>2026-03-14 Telegram: Рыболовная сводка СПб: Парковка у места ловли, указанная в отчёте (2026-03-14); ловили рядом: окунь.</desc>
    <type>Спуск/база</type>
  </wpt>
  <wpt lat="59.980456" lon="31.068849">
    <name>L0535 Окунь, Щука</name>
    <desc>2026-07-12 Telegram: Рыболовная сводка СПб: Парковка у места ловли, указанная в 4 отчётах (2026-06-02…2026-07-12); ловили рядом: окунь, щука.</desc>
    <type>Спуск/база</type>
  </wpt>
  <wpt lat="60.121774" lon="32.304856">
    <name>L0536 Судак</name>
    <desc>2026-06-22 Telegram: Рыболовная сводка СПб: Точка спуска лодки из отчёта (2026-06-22).</desc>
    <type>Спуск/база</type>
  </wpt>
  <wpt lat="59.90212" lon="31.344632">
    <name>L0537 Сом</name>
    <desc>2026-06-28 Telegram: Рыболовная сводка СПб: Парковка у места ловли, указанная в отчёте (2026-06-28); ловили рядом: сом.</desc>
    <type>Спуск/база</type>
  </wpt>
  <wpt lat="60.170807" lon="31.661368">
    <name>L0538 Окунь, Щука</name>
    <desc>2026-09-13 Telegram: Рыболовная сводка СПб: Парковка у места ловли, указанная в отчёте (2026-09-13); ловили рядом: щука, окунь.</desc>
    <type>Спуск/база</type>
  </wpt>
  <wpt lat="60.33168" lon="32.59676">
    <name>L0539 Окунь, Плотва</name>
    <desc>2025-02-11 Telegram: Отчёты Рыбалка СПб: Метка «На карте» канала-агрегатора к 2 отчётам (2024-04-28…2025-02-11): плотва, окунь.</desc>
    <type>Рыбалка</type>
  </wpt>
  <wpt lat="59.90245" lon="31.34616">
    <name>L0540 Плотва</name>
    <desc>2024-04-29 Telegram: Отчёты Рыбалка СПб: Метка «На карте» канала-агрегатора к 2 отчётам (2024-04-27…2024-04-29): плотва.</desc>
    <type>Рыбалка</type>
  </wpt>
  <wpt lat="59.976" lon="31.06749">
    <name>L0541 Плотва</name>
    <desc>2024-05-01 Telegram: Отчёты Рыбалка СПб: Метка «На карте» канала-агрегатора к отчёту (2024-05-01): плотва.</desc>
    <type>Рыбалка</type>
  </wpt>
  <wpt lat="59.96801" lon="31.06253">
    <name>L0542 Окунь, Плотва</name>
    <desc>2024-10-05 Telegram: Отчёты Рыбалка СПб: Метка «На карте» канала-агрегатора к 2 отчётам (2024-05-04…2024-10-05): плотва, щука, окунь.</desc>
    <type>Рыбалка</type>
  </wpt>
  <wpt lat="59.89927" lon="31.45937">
    <name>L0543 Окунь</name>
    <desc>2026-01-15 Telegram: Отчёты Рыбалка СПб: Метка «На карте» канала-агрегатора к 7 отчётам (2024-05-04…2026-01-15): окунь.</desc>
    <type>Рыбалка</type>
  </wpt>
  <wpt lat="59.9303" lon="31.25628">
    <name>L0544 Плотва</name>
    <desc>2024-05-11 Telegram: Отчёты Рыбалка СПб: Метка «На карте» канала-агрегатора к отчёту (2024-05-11): плотва.</desc>
    <type>Рыбалка</type>
  </wpt>
  <wpt lat="59.95874" lon="31.0344">
    <name>L0545 Елец, Окунь</name>
    <desc>2024-09-18 Telegram: Отчёты Рыбалка СПб: Метка «На карте» канала-агрегатора к 5 отчётам (2024-06-09…2024-09-18): плотва, окунь, форель, елец; указано «точное место».; 2024-07-27 Telegram: Отчёты Рыбалка СПб: Метка «На карте» канала-агрегатора к 2 отчётам (2024-07-26…2024-07-27): щука, окунь.</desc>
    <type>Рыбалка</type>
  </wpt>
  <wpt lat="60.06077" lon="32.34983">
    <name>L0546 Рыбалка</name>
    <desc>2026-09-12 Telegram: Отчёты Рыбалка СПб: Метка «На карте» канала-агрегатора к 2 отчётам (2024-06-20…2026-09-12): улов не указан.</desc>
    <type>Рыбалка</type>
  </wpt>
  <wpt lat="59.90156" lon="31.34822">
    <name>L0547 Окунь, Плотва</name>
    <desc>2025-01-18 Telegram: Отчёты Рыбалка СПб: Метка «На карте» канала-агрегатора к 7 отчётам (2024-06-23…2025-01-18): окунь, плотва, уклейка.</desc>
    <type>Рыбалка</type>
  </wpt>
  <wpt lat="60.26774" lon="32.06935">
    <name>L0548 Окунь, Судак</name>
    <desc>2024-08-08 Telegram: Отчёты Рыбалка СПб: Метка «На карте» канала-агрегатора к 3 отчётам (2024-06-24…2024-08-08): судак, окунь, щука.</desc>
    <type>Рыбалка</type>
  </wpt>
  <wpt lat="60.13706" lon="32.56128">
    <name>L0549 Судак</name>
    <desc>2024-06-24 Telegram: Отчёты Рыбалка СПб: Метка «На карте» канала-агрегатора к отчёту (2024-06-24): судак.</desc>
    <type>Рыбалка</type>
  </wpt>
  <wpt lat="60.27138" lon="32.64382">
    <name>L0550 Плотва, Судак</name>
    <desc>2026-04-25 Telegram: Отчёты Рыбалка СПб: Метка «На карте» канала-агрегатора к 5 отчётам (2024-06-24…2026-04-25): судак, плотва.</desc>
    <type>Рыбалка</type>
  </wpt>
  <wpt lat="60.11666" lon="32.32642">
    <name>L0551 Краснопёрка, Лещ</name>
    <desc>2024-07-02 Telegram: Отчёты Рыбалка СПб: Метка «На карте» канала-агрегатора к отчёту (2024-07-02): судак, щука, окунь.; 2024-10-27 Telegram: Отчёты Рыбалка СПб: Метка «На карте» канала-агрегатора к отчёту (2024-10-27): улов не указан.; 2024-07-10 Telegram: Рыболовная сводка СПб: фидер/донка; 2026-09-21 Telegram: Рыболовная сводка СПб: фидер/донка</desc>
    <type>Рыбалка</type>
  </wpt>
  <wpt lat="60.11739" lon="32.32532">
    <name>L0552 Судак, Щука</name>
    <desc>2024-07-08 Telegram: Отчёты Рыбалка СПб: Метка «На карте» канала-агрегатора к отчёту (2024-07-08): судак, щука.</desc>
    <type>Рыбалка</type>
  </wpt>
  <wpt lat="60.52128" lon="33.07553">
    <name>L0553 Окунь</name>
    <desc>2024-07-14 Telegram: Отчёты Рыбалка СПб: Метка «На карте» канала-агрегатора к отчёту (2024-07-14): окунь.</desc>
    <type>Рыбалка</type>
  </wpt>
  <wpt lat="60.27142" lon="32.07446">
    <name>L0554 Окунь, Судак</name>
    <desc>2024-07-27 Telegram: Отчёты Рыбалка СПб: Метка «На карте» канала-агрегатора к отчёту (2024-07-27): судак, щука, окунь.</desc>
    <type>Рыбалка</type>
  </wpt>
  <wpt lat="60.04162" lon="32.34227">
    <name>L0555 Густера, Лещ</name>
    <desc>2026-08-31 Telegram: Отчёты Рыбалка СПб: Метка «На карте» канала-агрегатора к 5 отчётам (2024-08-01…2026-08-31): лещ, густера, линь.</desc>
    <type>Рыбалка</type>
  </wpt>
  <wpt lat="60.14156" lon="31.61788">
    <name>L0556 Окунь, Плотва</name>
    <desc>2026-07-09 Telegram: Отчёты Рыбалка СПб: Метка «На карте» канала-агрегатора к 12 отчётам (2024-07-31…2026-07-09): щука, окунь, плотва.</desc>
    <type>Рыбалка</type>
  </wpt>
  <wpt lat="60.52931" lon="32.84542">
    <name>L0557 Судак, Щука</name>
    <desc>2024-08-04 Telegram: Отчёты Рыбалка СПб: Метка «На карте» канала-агрегатора к отчёту (2024-08-04): судак, щука.</desc>
    <type>Рыбалка</type>
  </wpt>
  <wpt lat="60.22012" lon="31.97083">
    <name>L0558 Карась, Лещ</name>
    <desc>2026-08-28 Telegram: Отчёты Рыбалка СПб: Метка «На карте» канала-агрегатора к 7 отчётам (2024-08-08…2026-08-28): окунь, щука, лещ.; 2024-02-06 Telegram: Рыболовная сводка СПб: жерлицы; 2024-02-10 Telegram: Рыболовная сводка СПб: блесна; 2024-02-17 Telegram: Рыболовная сводка СПб: Отчёт с координатами места ловли.; 2024-02-21 Telegram: Рыболовная сводка СПб: Отчёт с координатами места ловли.</desc>
    <type>Рыбалка</type>
  </wpt>
  <wpt lat="60.22055" lon="31.7111">
    <name>L0559 Окунь, Судак</name>
    <desc>2024-08-16 Telegram: Отчёты Рыбалка СПб: Метка «На карте» канала-агрегатора к отчёту (2024-08-16): судак, щука, окунь.</desc>
    <type>Рыбалка</type>
  </wpt>
  <wpt lat="59.99917" lon="31.38464">
    <name>L0560 Окунь, Плотва</name>
    <desc>2026-02-04 Telegram: Отчёты Рыбалка СПб: Метка «На карте» канала-агрегатора к 13 отчётам (2024-10-03…2026-02-04): окунь, щука, плотва.</desc>
    <type>Рыбалка</type>
  </wpt>
  <wpt lat="60.01219" lon="32.31825">
    <name>L0561 Рыбалка</name>
    <desc>2024-10-17 Telegram: Отчёты Рыбалка СПб: Метка «На карте» канала-агрегатора к отчёту (2024-10-17): улов не указан; указано «точное место».</desc>
    <type>Рыбалка</type>
  </wpt>
  <wpt lat="60.0474" lon="32.33827">
    <name>L0562 Густера, Елец</name>
    <desc>2024-10-19 Telegram: Отчёты Рыбалка СПб: Метка «На карте» канала-агрегатора к отчёту (2024-10-19): улов не указан.; 2025-05-04 Telegram: Рыболовная сводка СПб: Отчёт с координатами места ловли.; 2026-09-09 Telegram: Рыболовная сводка СПб: фидер/донка</desc>
    <type>Рыбалка</type>
  </wpt>
  <wpt lat="60.07225" lon="32.33314">
    <name>L0563 Рыбалка</name>
    <desc>2024-10-20 Telegram: Отчёты Рыбалка СПб: Метка «На карте» канала-агрегатора к отчёту (2024-10-20): улов не указан.</desc>
    <type>Рыбалка</type>
  </wpt>
  <wpt lat="60.14215" lon="32.51458">
    <name>L0564 Лещ, Окунь</name>
    <desc>2024-10-27 Telegram: Отчёты Рыбалка СПб: Метка «На карте» канала-агрегатора к отчёту (2024-10-27): окунь, лещ, плотва.</desc>
    <type>Рыбалка</type>
  </wpt>
  <wpt lat="59.95005" lon="31.58215">
    <name>L0565 Окунь</name>
    <desc>2025-02-13 Telegram: Отчёты Рыбалка СПб: Метка «На карте» канала-агрегатора к 2 отчётам (2024-11-10…2025-02-13): окунь.</desc>
    <type>Рыбалка</type>
  </wpt>
  <wpt lat="60.04569" lon="31.07432">
    <name>L0566 Рыбалка</name>
    <desc>2024-11-15 Telegram: Отчёты Рыбалка СПб: Метка «На карте» канала-агрегатора к отчёту (2024-11-15): улов не указан.</desc>
    <type>Рыбалка</type>
  </wpt>
  <wpt lat="60.43168" lon="32.76548">
    <name>L0567 Окунь, Щука</name>
    <desc>2025-01-19 Telegram: Отчёты Рыбалка СПб: Метка «На карте» канала-агрегатора к 2 отчётам (2024-11-16…2025-01-19): окунь, щука.</desc>
    <type>Рыбалка</type>
  </wpt>
  <wpt lat="59.97553" lon="31.06531">
    <name>L0568 Окунь, Щука</name>
    <desc>2026-09-13 Telegram: Отчёты Рыбалка СПб: Метка «На карте» канала-агрегатора к 2 отчётам (2024-12-15…2026-09-13): окунь, щука.</desc>
    <type>Рыбалка</type>
  </wpt>
  <wpt lat="60.07383" lon="31.5302">
    <name>L0569 Окунь, Плотва</name>
    <desc>2026-01-09 Telegram: Отчёты Рыбалка СПб: Метка «На карте» канала-агрегатора к 7 отчётам (2025-01-03…2026-01-09): окунь, плотва, сиг.</desc>
    <type>Рыбалка</type>
  </wpt>
  <wpt lat="60.22318" lon="31.79952">
    <name>L0570 Рыбалка</name>
    <desc>2025-01-05 Telegram: Отчёты Рыбалка СПб: Метка «На карте» канала-агрегатора к отчёту (2025-01-05): улов не указан.</desc>
    <type>Рыбалка</type>
  </wpt>
  <wpt lat="60.02447" lon="31.55058">
    <name>L0571 Корюшка, Окунь</name>
    <desc>2026-03-15 Telegram: Отчёты Рыбалка СПб: Метка «На карте» канала-агрегатора к 32 отчётам (2025-01-04…2026-03-15): окунь, плотва, форель, корюшка.</desc>
    <type>Рыбалка</type>
  </wpt>
  <wpt lat="59.9992" lon="31.04826">
    <name>L0572 Рыбалка</name>
    <desc>2026-02-07 Telegram: Отчёты Рыбалка СПб: Метка «На карте» канала-агрегатора к 2 отчётам (2025-03-15…2026-02-07): улов не указан.</desc>
    <type>Рыбалка</type>
  </wpt>
  <wpt lat="60.08222" lon="32.31938">
    <name>L0573 Корюшка, Лещ</name>
    <desc>2025-11-03 Telegram: Отчёты Рыбалка СПб: Метка «На карте» канала-агрегатора к отчёту (2025-11-03): улов не указан.; 2025-11-02 Telegram: Рыболовная сводка СПб: Отчёт с координатами места ловли.; 2025-11-08 Telegram: Рыболовная сводка СПб: Отчёт с координатами места ловли.; 2025-11-12 Telegram: Рыболовная сводка СПб: лещ 2.65 кг; 2025-11-16 Telegram: Рыболовная сводка СПб: Отчёт с координатами места ловли.</desc>
    <type>Рыбалка</type>
  </wpt>
  <wpt lat="60.09179" lon="32.3149">
    <name>L0574 Густера, Лещ</name>
    <desc>2025-11-16 Telegram: Отчёты Рыбалка СПб: Метка «На карте» канала-агрегатора к отчёту (2025-11-16): подлещик, густера.</desc>
    <type>Рыбалка</type>
  </wpt>
  <wpt lat="60.05194" lon="32.34528">
    <name>L0575 Лещ, Линь</name>
    <desc>2026-08-20 Telegram: Отчёты Рыбалка СПб: Метка «На карте» канала-агрегатора к отчёту (2026-08-20): лещ, линь.</desc>
    <type>Рыбалка</type>
  </wpt>
  <wpt lat="59.92882" lon="31.181562">
    <name>L0576 Опасность</name>
    <desc>2024-07-29 Telegram: @damfishspb: Небольшая ПВХ-лодка с мотором перевернулась при усилении ветра и волны после выхода из Новоладожского канала; точка указана автором как приблизительная.</desc>
    <type>Опасность</type>
  </wpt>
  <wpt lat="60.084945" lon="31.562589">
    <name>L0577 Окунь, Плотва</name>
    <desc>2024-01-28 Telegram: Рыболовная сводка СПб: глубина 2.5 м; 2024-03-18 Telegram: Рыболовная сводка СПб: со льда; 2024-03-23 Telegram: Рыболовная сводка СПб: со льда</desc>
    <type>Рыбалка</type>
  </wpt>
  <wpt lat="59.946562" lon="31.031191">
    <name>L0578 Окунь, Щука</name>
    <desc>2024-02-01 Telegram: Рыболовная сводка СПб: Отчёт с координатами места ловли.; 2024-12-21 Telegram: Рыболовная сводка СПб: со льда</desc>
    <type>Рыбалка</type>
  </wpt>
  <wpt lat="60.276513" lon="32.635071">
    <name>L0579 Налим, Окунь</name>
    <desc>2024-02-03 Telegram: Рыболовная сводка СПб: Отчёт с координатами места ловли.; 2024-02-23 Telegram: Рыболовная сводка СПб: балансир; 2025-01-21 Telegram: Рыболовная сводка СПб: со льда; глубина 1.8 м</desc>
    <type>Рыбалка</type>
  </wpt>
  <wpt lat="60.476832" lon="32.887587">
    <name>L0580 Окунь</name>
    <desc>2024-02-11 Telegram: Рыболовная сводка СПб: Отчёт с координатами места ловли.</desc>
    <type>Рыбалка</type>
  </wpt>
  <wpt lat="60.226984" lon="31.786865">
    <name>L0581 Окунь</name>
    <desc>2024-02-14 Telegram: Рыболовная сводка СПб: Отчёт с координатами места ловли.; 2024-02-15 Telegram: Рыболовная сводка СПб: блесна, со льда; 2024-02-15 Telegram: Рыболовная сводка СПб: со льда</desc>
    <type>Рыбалка</type>
  </wpt>
  <wpt lat="60.211084" lon="31.886959">
    <name>L0582 Окунь</name>
    <desc>2024-02-16 Telegram: Рыболовная сводка СПб: Отчёт с координатами места ловли.</desc>
    <type>Рыбалка</type>
  </wpt>
  <wpt lat="59.990967" lon="31.41048">
    <name>L0583 Окунь</name>
    <desc>2024-02-24 Telegram: Рыболовная сводка СПб: окунь 425 гр; балансир, блесна, со льда</desc>
    <type>Рыбалка</type>
  </wpt>
  <wpt lat="60.338497" lon="32.596487">
    <name>L0584 Окунь, Плотва</name>
    <desc>2024-02-27 Telegram: Рыболовная сводка СПб: Отчёт с координатами места ловли.; 2024-08-04 Telegram: Рыболовная сводка СПб: Отчёт с координатами места ловли.; 2024-12-29 Telegram: Рыболовная сводка СПб: со льда; 2025-01-14 Telegram: Рыболовная сводка СПб: Отчёт с координатами места ловли.; 2025-02-11 Telegram: Рыболовная сводка СПб: со льда</desc>
    <type>Рыбалка</type>
  </wpt>
  <wpt lat="59.991468" lon="32.302437">
    <name>L0585 Рыбалка</name>
    <desc>2024-03-08 Telegram: Рыболовная сводка СПб: Отчёт с координатами места ловли.</desc>
    <type>Рыбалка</type>
  </wpt>
  <wpt lat="59.948203" lon="31.57948">
    <name>L0586 Окунь, Щука</name>
    <desc>2024-03-17 Telegram: Рыболовная сводка СПб: сом 300 гр; 6 шт; жерлицы</desc>
    <type>Рыбалка</type>
  </wpt>
  <wpt lat="59.947835" lon="31.031662">
    <name>L0587 Густера, Елец</name>
    <desc>2024-03-29 Telegram: Рыболовная сводка СПб: мормышка</desc>
    <type>Рыбалка</type>
  </wpt>
  <wpt lat="60.122505" lon="32.31428">
    <name>L0588 Густера, Корюшка</name>
    <desc>2024-04-01 Telegram: Рыболовная сводка СПб: со льда; 2024-04-07 Telegram: Рыболовная сводка СПб: Отчёт с координатами места ловли.; 2024-04-13 Telegram: Рыболовная сводка СПб: поплавок; глубина 1–1.5 м; 2024-06-24 Telegram: Рыболовная сводка СПб: Отчёт с координатами места ловли.; 2024-06-25 Telegram: Рыболовная сводка СПб: троллинг</desc>
    <type>Рыбалка</type>
  </wpt>
  <wpt lat="60.024288" lon="31.55574">
    <name>L0589 Густера, Карась</name>
    <desc>2024-04-06 Telegram: Рыболовная сводка СПб: Отчёт с координатами места ловли.; 2024-04-09 Telegram: Рыболовная сводка СПб: Отчёт с координатами места ловли.; 2024-04-11 Telegram: Рыболовная сводка СПб: Отчёт с координатами места ловли.; 2024-04-16 Telegram: Рыболовная сводка СПб: Отчёт с координатами места ловли.; 2024-04-19 Telegram: Рыболовная сводка СПб: Отчёт с координатами места ловли.</desc>
    <type>Рыбалка</type>
  </wpt>
  <wpt lat="60.111357" lon="32.332463">
    <name>L0590 Густера, Плотва</name>
    <desc>2024-04-07 Telegram: Рыболовная сводка СПб: фидер/донка</desc>
    <type>Рыбалка</type>
  </wpt>
  <wpt lat="60.222035" lon="31.975481">
    <name>L0591 Плотва</name>
    <desc>2024-04-13 Telegram: Рыболовная сводка СПб: 196 шт</desc>
    <type>Рыбалка</type>
  </wpt>
  <wpt lat="60.011592" lon="32.30288">
    <name>L0592 Лещ, Синец</name>
    <desc>2024-04-13 Telegram: Рыболовная сводка СПб: Отчёт с координатами места ловли.; 2024-04-15 Telegram: Рыболовная сводка СПб: поплавок; 2024-04-21 Telegram: Рыболовная сводка СПб: Отчёт с координатами места ловли.; 2024-04-26 Telegram: Рыболовная сводка СПб: поплавок; 2024-04-26 Telegram: Рыболовная сводка СПб: фидер/донка, поплавок</desc>
    <type>Рыбалка</type>
  </wpt>
  <wpt lat="59.999673" lon="32.297721">
    <name>L0593 Лещ</name>
    <desc>2024-04-13 Telegram: Рыболовная сводка СПб: лещик 1,9 кг</desc>
    <type>Рыбалка</type>
  </wpt>
  <wpt lat="60.080843" lon="32.324771">
    <name>L0594 Густера</name>
    <desc>2024-04-13 Telegram: Рыболовная сводка СПб: Отчёт с координатами места ловли.</desc>
    <type>Рыбалка</type>
  </wpt>
  <wpt lat="60.137908" lon="31.614375">
    <name>L0595 Окунь, Плотва</name>
    <desc>2024-04-16 Telegram: Рыболовная сводка СПб: Отчёт с координатами места ловли.; 2024-04-18 Telegram: Рыболовная сводка СПб: Отчёт с координатами места ловли.; 2024-04-25 Telegram: Рыболовная сводка СПб: Отчёт с координатами места ловли.; 2024-07-05 Telegram: Рыболовная сводка СПб: Отчёт с координатами места ловли.; 2024-07-13 Telegram: Рыболовная сводка СПб: Отчёт с координатами места ловли.</desc>
    <type>Рыбалка</type>
  </wpt>
  <wpt lat="60.108741" lon="32.330941">
    <name>L0596 Густера, Елец</name>
    <desc>2024-04-16 Telegram: Рыболовная сводка СПб: поплавок</desc>
    <type>Рыбалка</type>
  </wpt>
  <wpt lat="60.226912" lon="31.981904">
    <name>L0597 Плотва</name>
    <desc>2024-04-21 Telegram: Рыболовная сводка СПб: Отчёт с координатами места ловли.</desc>
    <type>Рыбалка</type>
  </wpt>
  <wpt lat="60.27525" lon="32.637092">
    <name>L0598 Плотва</name>
    <desc>2024-04-24 Telegram: Рыболовная сводка СПб: Отчёт с координатами места ловли.</desc>
    <type>Рыбалка</type>
  </wpt>
  <wpt lat="60.014483" lon="31.089124">
    <name>L0599 Плотва</name>
    <desc>2024-04-29 Telegram: Рыболовная сводка СПб: Отчёт с координатами места ловли.</desc>
    <type>Рыбалка</type>
  </wpt>
  <wpt lat="60.053782" lon="32.34479">
    <name>L0600 Лещ, Синец</name>
    <desc>2024-04-29 Telegram: Рыболовная сводка СПб: фидер/донка; 2025-10-28 Telegram: Рыболовная сводка СПб: Отчёт с координатами места ловли.</desc>
    <type>Рыбалка</type>
  </wpt>
  <wpt lat="60.077029" lon="32.32236">
    <name>L0601 Карась, Лещ</name>
    <desc>2024-05-01 Telegram: Рыболовная сводка СПб: поплавок; 2026-05-04 Telegram: Рыболовная сводка СПб: Отчёт с координатами места ловли.; Прежнее исследование (ChatGPT): Координата восстановлена из ladoga_points_preliminary.csv предыдущего чата; исходная публичная ссылка в файле не сохранена. Юшково — лещ, синец</desc>
    <type>Рыбалка</type>
  </wpt>
  <wpt lat="60.009738" lon="32.305255">
    <name>L0602 Лещ</name>
    <desc>2024-05-03 Telegram: Рыболовная сводка СПб: лещ 10 кг; фидер/донка, поплавок</desc>
    <type>Рыбалка</type>
  </wpt>
  <wpt lat="60.011965" lon="32.312476">
    <name>L0603 Густера, Елец</name>
    <desc>2024-05-04 Telegram: Рыболовная сводка СПб: 26 шт; 2 шт; 4 шт; поплавок; глубина 1 м</desc>
    <type>Рыбалка</type>
  </wpt>
  <wpt lat="59.903018" lon="31.346023">
    <name>L0604 Густера, Лещ</name>
    <desc>2024-05-16 Telegram: Рыболовная сводка СПб: Отчёт с координатами места ловли.; 2024-05-22 Telegram: Рыболовная сводка СПб: Отчёт с координатами места ловли.; 2024-05-29 Telegram: Рыболовная сводка СПб: Отчёт с координатами места ловли.; 2024-06-13 Telegram: Рыболовная сводка СПб: Отчёт с координатами места ловли.; 2024-07-26 Telegram: Рыболовная сводка СПб: Отчёт с координатами места ловли.</desc>
    <type>Рыбалка</type>
  </wpt>
  <wpt lat="60.165377" lon="31.037158">
    <name>L0605 Лещ, Налим</name>
    <desc>2024-05-25 Telegram: Рыболовная сводка СПб: Отчёт с координатами места ловли.; 2024-10-13 Telegram: Рыболовная сводка СПб: спиннинг, фидер/донка; 2025-04-01 Telegram: Рыболовная сводка СПб: Отчёт с координатами места ловли.</desc>
    <type>Рыбалка</type>
  </wpt>
  <wpt lat="59.958679" lon="31.033181">
    <name>L0606 Окунь, Плотва</name>
    <desc>2024-05-31 Telegram: Рыболовная сводка СПб: Отчёт с координатами места ловли.; 2024-07-26 Telegram: Рыболовная сводка СПб: Отчёт с координатами места ловли.</desc>
    <type>Рыбалка</type>
  </wpt>
  <wpt lat="60.053354" lon="32.344632">
    <name>L0607 Густера, Лещ</name>
    <desc>2024-06-02 Telegram: Рыболовная сводка СПб: щука 2,4 кг; 2025-09-14 Telegram: Рыболовная сводка СПб: Отчёт с координатами места ловли.</desc>
    <type>Рыбалка</type>
  </wpt>
  <wpt lat="60.117463" lon="31.087768">
    <name>L0608 Окунь</name>
    <desc>2024-06-04 Telegram: Рыболовная сводка СПб: поплавок</desc>
    <type>Рыбалка</type>
  </wpt>
  <wpt lat="60.092368" lon="32.313463">
    <name>L0609 Судак</name>
    <desc>2024-06-08 Telegram: Рыболовная сводка СПб: Отчёт с координатами места ловли.</desc>
    <type>Рыбалка</type>
  </wpt>
  <wpt lat="59.975757" lon="31.066527">
    <name>L0610 Окунь, Щука</name>
    <desc>2024-06-15 Telegram: Рыболовная сводка СПб: щуку 1,5 кг; язя 1 кг; окуней 400 г; спиннинг, блесна</desc>
    <type>Рыбалка</type>
  </wpt>
  <wpt lat="59.957344" lon="31.032759">
    <name>L0611 Густера, Лещ</name>
    <desc>2024-06-21 Telegram: Рыболовная сводка СПб: густера 200 г</desc>
    <type>Рыбалка</type>
  </wpt>
  <wpt lat="60.470737" lon="32.908795">
    <name>L0612 Окунь</name>
    <desc>2024-06-22 Telegram: Рыболовная сводка СПб: спиннинг, троллинг</desc>
    <type>Рыбалка</type>
  </wpt>
  <wpt lat="60.144188" lon="32.502462">
    <name>L0613 Судак</name>
    <desc>2024-06-23 Telegram: Рыболовная сводка СПб: Отчёт с координатами места ловли.; 2024-06-27 Telegram: Рыболовная сводка СПб: Отчёт с координатами места ловли.</desc>
    <type>Рыбалка</type>
  </wpt>
  <wpt lat="60.306736" lon="32.604802">
    <name>L0614 Судак</name>
    <desc>2024-06-27 Telegram: Рыболовная сводка СПб: Отчёт с координатами места ловли.</desc>
    <type>Рыбалка</type>
  </wpt>
  <wpt lat="60.022821" lon="31.550135">
    <name>L0615 Окунь</name>
    <desc>2024-06-28 Telegram: Рыболовная сводка СПб: спиннинг, троллинг; 2024-09-06 Telegram: Рыболовная сводка СПб: Отчёт с координатами места ловли.; 2024-09-16 Telegram: Рыболовная сводка СПб: Отчёт с координатами места ловли.; 2024-09-18 Telegram: Рыболовная сводка СПб: Отчёт с координатами места ловли.</desc>
    <type>Рыбалка</type>
  </wpt>
  <wpt lat="60.089101" lon="31.072117">
    <name>L0616 Окунь, Щука</name>
    <desc>2024-06-30 Telegram: Рыболовная сводка СПб: спиннинг</desc>
    <type>Рыбалка</type>
  </wpt>
  <wpt lat="60.072219" lon="32.335374">
    <name>L0617 Щука</name>
    <desc>2024-07-03 Telegram: Рыболовная сводка СПб: Отчёт с координатами места ловли.</desc>
    <type>Рыбалка</type>
  </wpt>
  <wpt lat="60.227256" lon="31.80047">
    <name>L0618 Окунь, Плотва</name>
    <desc>2024-07-10 Telegram: Рыболовная сводка СПб: Отчёт с координатами места ловли.; 2024-12-22 Telegram: Рыболовная сводка СПб: Отчёт с координатами места ловли.; 2026-04-14 Telegram: Рыболовная сводка СПб: поплавок</desc>
    <type>Рыбалка</type>
  </wpt>
  <wpt lat="60.074099" lon="32.332951">
    <name>L0619 Сом, Щука</name>
    <desc>2024-07-12 Telegram: Рыболовная сводка СПб: фидер/донка</desc>
    <type>Рыбалка</type>
  </wpt>
  <wpt lat="60.50371" lon="32.79917">
    <name>L0620 Окунь</name>
    <desc>2024-07-14 Telegram: Рыболовная сводка СПб: Отчёт с координатами места ловли.</desc>
    <type>Рыбалка</type>
  </wpt>
  <wpt lat="60.051404" lon="32.344237">
    <name>L0621 Голавль, Густера</name>
    <desc>2024-07-16 Telegram: Рыболовная сводка СПб: Отчёт с координатами места ловли.; 2024-10-01 Telegram: Рыболовная сводка СПб: 5 штук; 2024-11-05 Telegram: Рыболовная сводка СПб: Отчёт с координатами места ловли.; 2025-05-02 Telegram: Рыболовная сводка СПб: поплавок; 2025-05-04 Telegram: Рыболовная сводка СПб: Отчёт с координатами места ловли.</desc>
    <type>Рыбалка</type>
  </wpt>
  <wpt lat="60.708781" lon="32.822446">
    <name>L0622 Судак</name>
    <desc>2024-07-17 Telegram: Рыболовная сводка СПб: Отчёт с координатами места ловли.</desc>
    <type>Рыбалка</type>
  </wpt>
  <wpt lat="60.014207" lon="32.330066">
    <name>L0623 Густера, Лещ</name>
    <desc>2024-07-18 Telegram: Рыболовная сводка СПб: Отчёт с координатами места ловли.</desc>
    <type>Рыбалка</type>
  </wpt>
  <wpt lat="60.614565" lon="32.954456">
    <name>L0624 Судак</name>
    <desc>2024-07-21 Telegram: Рыболовная сводка СПб: Отчёт с координатами места ловли.</desc>
    <type>Рыбалка</type>
  </wpt>
  <wpt lat="60.069416" lon="32.339582">
    <name>L0625 Окунь, Судак</name>
    <desc>2024-07-24 Telegram: Рыболовная сводка СПб: фидер/донка</desc>
    <type>Рыбалка</type>
  </wpt>
  <wpt lat="60.050757" lon="32.344461">
    <name>L0626 Лещ, Окунь</name>
    <desc>2024-07-28 Telegram: Рыболовная сводка СПб: мормышка; 2024-09-14 Telegram: Рыболовная сводка СПб: Отчёт с координатами места ловли.; 2024-09-17 Telegram: Рыболовная сводка СПб: фидер/донка</desc>
    <type>Рыбалка</type>
  </wpt>
  <wpt lat="59.950993" lon="31.02382">
    <name>L0627 Окунь, Плотва</name>
    <desc>2024-08-06 Telegram: Рыболовная сводка СПб: фидер/донка</desc>
    <type>Рыбалка</type>
  </wpt>
  <wpt lat="60.277855" lon="32.500712">
    <name>L0628 Судак</name>
    <desc>2024-08-11 Telegram: Рыболовная сводка СПб: Отчёт с координатами места ловли.</desc>
    <type>Рыбалка</type>
  </wpt>
  <wpt lat="60.170946" lon="31.662426">
    <name>L0629 Щука</name>
    <desc>2024-08-12 Telegram: Рыболовная сводка СПб: щука 2,3 кг; 2025-03-11 Telegram: Рыболовная сводка СПб: Отчёт с координатами места ловли.</desc>
    <type>Рыбалка</type>
  </wpt>
  <wpt lat="59.952826" lon="31.033603">
    <name>L0630 Щука</name>
    <desc>2024-08-16 Telegram: Рыболовная сводка СПб: Отчёт с координатами места ловли.</desc>
    <type>Рыбалка</type>
  </wpt>
  <wpt lat="60.554587" lon="32.630979">
    <name>L0631 Судак</name>
    <desc>2024-08-22 Telegram: Рыболовная сводка СПб: Отчёт с координатами места ловли.</desc>
    <type>Рыбалка</type>
  </wpt>
  <wpt lat="60.210078" lon="32.156328">
    <name>L0632 Окунь</name>
    <desc>2024-08-25 Telegram: Рыболовная сводка СПб: Отчёт с координатами места ловли.</desc>
    <type>Рыбалка</type>
  </wpt>
  <wpt lat="60.253305" lon="31.780912">
    <name>L0633 Окунь, Щука</name>
    <desc>2024-09-01 Telegram: Рыболовная сводка СПб: спиннинг, троллинг; глубина 3.5 м</desc>
    <type>Рыбалка</type>
  </wpt>
  <wpt lat="60.114278" lon="32.291599">
    <name>L0634 Окунь, Судак</name>
    <desc>2024-09-08 Telegram: Рыболовная сводка СПб: щука 7 кг; спиннинг, троллинг; глубина 2–3 м</desc>
    <type>Рыбалка</type>
  </wpt>
  <wpt lat="60.069021" lon="32.334474">
    <name>L0635 Сом</name>
    <desc>2024-09-08 Telegram: Рыболовная сводка СПб: сома 5.5 кг</desc>
    <type>Рыбалка</type>
  </wpt>
  <wpt lat="60.124903" lon="32.34333">
    <name>L0636 Жерех</name>
    <desc>2024-09-09 Telegram: Рыболовная сводка СПб: Отчёт с координатами места ловли.</desc>
    <type>Рыбалка</type>
  </wpt>
  <wpt lat="60.464397" lon="32.918884">
    <name>L0637 Окунь</name>
    <desc>2024-09-15 Telegram: Рыболовная сводка СПб: Отчёт с координатами места ловли.</desc>
    <type>Рыбалка</type>
  </wpt>
  <wpt lat="59.979996" lon="31.354136">
    <name>L0638 Окунь</name>
    <desc>2024-09-17 Telegram: Рыболовная сводка СПб: Отчёт с координатами места ловли.</desc>
    <type>Рыбалка</type>
  </wpt>
  <wpt lat="60.072287" lon="32.330614">
    <name>L0639 Лещ, Щука</name>
    <desc>2024-09-20 Telegram: Рыболовная сводка СПб: Отчёт с координатами места ловли.; 2024-10-25 Telegram: Рыболовная сводка СПб: Отчёт с координатами места ловли.</desc>
    <type>Рыбалка</type>
  </wpt>
  <wpt lat="60.462893" lon="32.922176">
    <name>L0640 Окунь, Щука</name>
    <desc>2024-09-23 Telegram: Рыболовная сводка СПб: Отчёт с координатами места ловли.</desc>
    <type>Рыбалка</type>
  </wpt>
  <wpt lat="60.48222" lon="32.905452">
    <name>L0641 Щука</name>
    <desc>2024-09-24 Telegram: Рыболовная сводка СПб: Отчёт с координатами места ловли.; 2026-03-26 Telegram: Рыболовная сводка СПб: Отчёт с координатами места ловли.</desc>
    <type>Рыбалка</type>
  </wpt>
  <wpt lat="60.011533" lon="32.304046">
    <name>L0642 Густера, Краснопёрка</name>
    <desc>2024-10-03 Telegram: Рыболовная сводка СПб: Отчёт с координатами места ловли.; 2024-10-12 Telegram: Рыболовная сводка СПб: Отчёт с координатами места ловли.; 2024-11-04 Telegram: Рыболовная сводка СПб: Отчёт с координатами места ловли.; 2025-04-06 Telegram: Рыболовная сводка СПб: Отчёт с координатами места ловли.; 2025-04-15 Telegram: Рыболовная сводка СПб: фидер/донка, поплавок</desc>
    <type>Рыбалка</type>
  </wpt>
  <wpt lat="60.471185" lon="32.903318">
    <name>L0643 Жерех, Окунь</name>
    <desc>2024-10-06 Telegram: Рыболовная сводка СПб: спиннинг</desc>
    <type>Рыбалка</type>
  </wpt>
  <wpt lat="60.217041" lon="31.89134">
    <name>L0644 Плотва, Щука</name>
    <desc>2024-10-08 Telegram: Рыболовная сводка СПб: спиннинг</desc>
    <type>Рыбалка</type>
  </wpt>
  <wpt lat="60.05031" lon="32.344323">
    <name>L0645 Голавль, Лещ</name>
    <desc>2024-10-08 Telegram: Рыболовная сводка СПб: 12 штук; 2024-10-10 Telegram: Рыболовная сводка СПб: Отчёт с координатами места ловли.; 2024-10-12 Telegram: Рыболовная сводка СПб: Отчёт с координатами места ловли.; 2024-10-12 Telegram: Рыболовная сводка СПб: Отчёт с координатами места ловли.; 2024-10-13 Telegram: Рыболовная сводка СПб: Отчёт с координатами места ловли.</desc>
    <type>Рыбалка</type>
  </wpt>
  <wpt lat="60.050497" lon="32.340947">
    <name>L0646 Лещ, Судак</name>
    <desc>2024-10-13 Telegram: Рыболовная сводка СПб: чехонь 42 гр; лещ 2,4 кг; поплавок; 2024-10-16 Telegram: Рыболовная сводка СПб: Отчёт с координатами места ловли.; 2024-10-20 Telegram: Рыболовная сводка СПб: глубина 10–12 м; 2024-10-27 Telegram: Рыболовная сводка СПб: фидер/донка; 2024-10-27 Telegram: Рыболовная сводка СПб: поплавок</desc>
    <type>Рыбалка</type>
  </wpt>
  <wpt lat="60.073112" lon="32.331697">
    <name>L0647 Судак</name>
    <desc>2024-10-19 Telegram: Рыболовная сводка СПб: Отчёт с координатами места ловли.</desc>
    <type>Рыбалка</type>
  </wpt>
  <wpt lat="59.903157" lon="31.383532">
    <name>L0648 Окунь, Щука</name>
    <desc>2024-10-20 Telegram: Рыболовная сводка СПб: Отчёт с координатами места ловли.</desc>
    <type>Рыбалка</type>
  </wpt>
  <wpt lat="60.052031" lon="32.344266">
    <name>L0649 Карп, Лещ</name>
    <desc>2024-11-02 Telegram: Рыболовная сводка СПб: фидер/донка; 2025-08-10 Telegram: Рыболовная сводка СПб: Отчёт с координатами места ловли.; 2025-08-19 Telegram: Рыболовная сводка СПб: Отчёт с координатами места ловли.; 2025-09-02 Telegram: Рыболовная сводка СПб: Отчёт с координатами места ловли.; 2025-10-26 Telegram: Рыболовная сводка СПб: Отчёт с координатами места ловли.</desc>
    <type>Рыбалка</type>
  </wpt>
  <wpt lat="60.089005" lon="32.313132">
    <name>L0650 Лещ</name>
    <desc>2024-11-10 Telegram: Рыболовная сводка СПб: Отчёт с координатами места ловли.; 2024-11-19 Telegram: Рыболовная сводка СПб: Отчёт с координатами места ловли.</desc>
    <type>Рыбалка</type>
  </wpt>
  <wpt lat="60.008612" lon="32.302516">
    <name>L0651 Лещ, Чехонь</name>
    <desc>2024-11-10 Telegram: Рыболовная сводка СПб: Отчёт с координатами места ловли.; 2026-05-18 Telegram: Рыболовная сводка СПб: Отчёт с координатами места ловли.; 2026-05-24 Telegram: Рыболовная сводка СПб: Отчёт с координатами места ловли.; 2026-05-26 Telegram: Рыболовная сводка СПб: леща 2 кг; фидер/донка</desc>
    <type>Рыбалка</type>
  </wpt>
  <wpt lat="60.075722" lon="32.326258">
    <name>L0652 Лещ</name>
    <desc>2024-11-10 Telegram: Рыболовная сводка СПб: Отчёт с координатами места ловли.; 2025-05-23 Telegram: Рыболовная сводка СПб: Отчёт с координатами места ловли.</desc>
    <type>Рыбалка</type>
  </wpt>
  <wpt lat="60.039413" lon="32.340552">
    <name>L0653 Лещ</name>
    <desc>2024-11-10 Telegram: Рыболовная сводка СПб: Отчёт с координатами места ловли.</desc>
    <type>Рыбалка</type>
  </wpt>
  <wpt lat="60.051037" lon="32.341007">
    <name>L0654 Лещ</name>
    <desc>2024-11-12 Telegram: Рыболовная сводка СПб: Отчёт с координатами места ловли.</desc>
    <type>Рыбалка</type>
  </wpt>
  <wpt lat="60.089373" lon="32.31323">
    <name>L0655 Лещ, Синец</name>
    <desc>2024-11-13 Telegram: Рыболовная сводка СПб: фидер/донка; 2025-07-04 Telegram: Рыболовная сводка СПб: спиннинг, троллинг; 2025-11-03 Telegram: Рыболовная сводка СПб: Отчёт с координатами места ловли.; 2025-11-14 Telegram: Рыболовная сводка СПб: фидер/донка, мормышка</desc>
    <type>Рыбалка</type>
  </wpt>
  <wpt lat="60.04812" lon="32.339064">
    <name>L0656 Лещ, Синец</name>
    <desc>2024-11-17 Telegram: Рыболовная сводка СПб: лещ 1,6 кг; 2025-04-21 Telegram: Рыболовная сводка СПб: Отчёт с координатами места ловли.</desc>
    <type>Рыбалка</type>
  </wpt>
  <wpt lat="60.10199" lon="32.322988">
    <name>L0657 Лещ</name>
    <desc>2024-11-28 Telegram: Рыболовная сводка СПб: Отчёт с координатами места ловли.</desc>
    <type>Рыбалка</type>
  </wpt>
  <wpt lat="60.041638" lon="32.340269">
    <name>L0658 Лещ</name>
    <desc>2024-12-01 Telegram: Рыболовная сводка СПб: фидер/донка</desc>
    <type>Рыбалка</type>
  </wpt>
  <wpt lat="60.127098" lon="31.627907">
    <name>L0659 Щука</name>
    <desc>2024-12-10 Telegram: Рыболовная сводка СПб: Отчёт с координатами места ловли.</desc>
    <type>Рыбалка</type>
  </wpt>
  <wpt lat="60.084719" lon="31.071765">
    <name>L0660 Окунь</name>
    <desc>2024-12-22 Telegram: Рыболовная сводка СПб: Отчёт с координатами места ловли.</desc>
    <type>Рыбалка</type>
  </wpt>
  <wpt lat="59.928433" lon="30.994158">
    <name>L0661 Окунь, Плотва</name>
    <desc>2025-01-20 Telegram: Рыболовная сводка СПб: со льда; 2025-01-22 Telegram: Рыболовная сводка СПб: Отчёт с координатами места ловли.</desc>
    <type>Рыбалка</type>
  </wpt>
  <wpt lat="60.102877" lon="32.327072">
    <name>L0662 Окунь</name>
    <desc>2025-02-01 Telegram: Рыболовная сводка СПб: со льда</desc>
    <type>Рыбалка</type>
  </wpt>
  <wpt lat="59.901744" lon="31.4571">
    <name>L0663 Плотва</name>
    <desc>2025-04-04 Telegram: Рыболовная сводка СПб: Отчёт с координатами места ловли.</desc>
    <type>Рыбалка</type>
  </wpt>
  <wpt lat="59.955555" lon="31.028275">
    <name>L0664 Плотва</name>
    <desc>2025-04-23 Telegram: Рыболовная сводка СПб: фидер/донка</desc>
    <type>Рыбалка</type>
  </wpt>
  <wpt lat="59.897354" lon="31.411392">
    <name>L0665 Лещ, Плотва</name>
    <desc>2025-05-03 Telegram: Рыболовная сводка СПб: фидер/донка; 2025-09-08 Telegram: Рыболовная сводка СПб: спиннинг</desc>
    <type>Рыбалка</type>
  </wpt>
  <wpt lat="59.967833" lon="31.061742">
    <name>L0666 Окунь, Уклейка</name>
    <desc>2025-05-21 Telegram: Рыболовная сводка СПб: поплавок</desc>
    <type>Рыбалка</type>
  </wpt>
  <wpt lat="60.523083" lon="32.619295">
    <name>L0667 Судак, Щука</name>
    <desc>2025-06-16 Telegram: Рыболовная сводка СПб: глубина 3–4 м</desc>
    <type>Рыбалка</type>
  </wpt>
  <wpt lat="59.937033" lon="31.024593">
    <name>L0668 Щука</name>
    <desc>2025-06-17 Telegram: Рыболовная сводка СПб: Отчёт с координатами места ловли.</desc>
    <type>Рыбалка</type>
  </wpt>
  <wpt lat="60.054148" lon="32.344849">
    <name>L0669 Лещ, Синец</name>
    <desc>2025-07-04 Telegram: Рыболовная сводка СПб: Отчёт с координатами места ловли.; 2025-11-03 Telegram: Рыболовная сводка СПб: фидер/донка</desc>
    <type>Рыбалка</type>
  </wpt>
  <wpt lat="60.476875" lon="32.863382">
    <name>L0670 Судак</name>
    <desc>2025-07-09 Telegram: Рыболовная сводка СПб: спиннинг, троллинг</desc>
    <type>Рыбалка</type>
  </wpt>
  <wpt lat="60.11632" lon="32.324846">
    <name>L0671 Судак</name>
    <desc>2025-07-17 Telegram: Рыболовная сводка СПб: троллинг</desc>
    <type>Рыбалка</type>
  </wpt>
  <wpt lat="60.052317" lon="32.341191">
    <name>L0672 Жерех, Лещ</name>
    <desc>2025-07-20 Telegram: Рыболовная сводка СПб: жерех 2,9 кг; 2025-10-11 Telegram: Рыболовная сводка СПб: лещ 3,150 кг</desc>
    <type>Рыбалка</type>
  </wpt>
  <wpt lat="60.052809" lon="32.344448">
    <name>L0673 Лещ, Сом</name>
    <desc>2025-08-03 Telegram: Рыболовная сводка СПб: фидер/донка</desc>
    <type>Рыбалка</type>
  </wpt>
  <wpt lat="60.052462" lon="32.344242">
    <name>L0674 Густера, Лещ</name>
    <desc>2025-08-24 Telegram: Рыболовная сводка СПб: Отчёт с координатами места ловли.; 2026-07-19 Telegram: Рыболовная сводка СПб: фидер/донка; Прежнее исследование (ChatGPT): Координата восстановлена из ladoga_points_preliminary.csv предыдущего чата; исходная публичная ссылка в файле не сохранена. Поляша — лещ, густера, линь</desc>
    <type>Рыбалка</type>
  </wpt>
  <wpt lat="59.93754" lon="31.025912">
    <name>L0675 Линь, Щука</name>
    <desc>2025-08-24 Telegram: Рыболовная сводка СПб: Отчёт с координатами места ловли.; 2025-09-11 Telegram: Рыболовная сводка СПб: 6 шт</desc>
    <type>Рыбалка</type>
  </wpt>
  <wpt lat="59.947831" lon="31.029197">
    <name>L0676 Окунь, Уклейка</name>
    <desc>2025-09-18 Telegram: Рыболовная сводка СПб: поплавок</desc>
    <type>Рыбалка</type>
  </wpt>
  <wpt lat="60.014027" lon="32.329045">
    <name>L0677 Лещ</name>
    <desc>2025-09-21 Telegram: Рыболовная сводка СПб: Отчёт с координатами места ловли.</desc>
    <type>Рыбалка</type>
  </wpt>
  <wpt lat="60.077168" lon="32.323097">
    <name>L0678 Лещ</name>
    <desc>2025-09-26 Telegram: Рыболовная сводка СПб: Отчёт с координатами места ловли.; 2025-10-08 Telegram: Рыболовная сводка СПб: Отчёт с координатами места ловли.</desc>
    <type>Рыбалка</type>
  </wpt>
  <wpt lat="60.091364" lon="32.302611">
    <name>L0679 Лещ</name>
    <desc>2025-09-27 Telegram: Рыболовная сводка СПб: Отчёт с координатами места ловли.</desc>
    <type>Рыбалка</type>
  </wpt>
  <wpt lat="59.984663" lon="31.082894">
    <name>L0680 Окунь, Щука</name>
    <desc>2025-10-04 Telegram: Рыболовная сводка СПб: окунь 300 гр; спиннинг</desc>
    <type>Рыбалка</type>
  </wpt>
  <wpt lat="60.05878" lon="32.348182">
    <name>L0681 Лещ, Линь</name>
    <desc>2025-10-12 Telegram: Рыболовная сводка СПб: Отчёт с координатами места ловли.; 2026-06-21 Telegram: Рыболовная сводка СПб: фидер/донка, поплавок</desc>
    <type>Рыбалка</type>
  </wpt>
  <wpt lat="60.09417" lon="32.313855">
    <name>L0682 Густера, Лещ</name>
    <desc>2025-10-19 Telegram: Рыболовная сводка СПб: подлещ 0,5 кг; 2026-06-07 Telegram: Рыболовная сводка СПб: фидер/донка; Прежнее исследование (ChatGPT): Координата восстановлена из ladoga_points_preliminary.csv предыдущего чата; исходная публичная ссылка в файле не сохранена. Остров Ленина — лещ</desc>
    <type>Рыбалка</type>
  </wpt>
  <wpt lat="60.051084" lon="32.344234">
    <name>L0683 Густера, Лещ</name>
    <desc>2025-10-19 Telegram: Рыболовная сводка СПб: лещ 2700 гр; фидер/донка; 2025-10-20 Telegram: Рыболовная сводка СПб: Отчёт с координатами места ловли.; 2026-08-11 Telegram: Рыболовная сводка СПб: Отчёт с координатами места ловли.; 2026-08-28 Telegram: Рыболовная сводка СПб: фидер/донка; 2026-08-29 Telegram: Рыболовная сводка СПб: фидер/донка</desc>
    <type>Рыбалка</type>
  </wpt>
  <wpt lat="59.89591" lon="31.340125">
    <name>L0684 Щука</name>
    <desc>2025-10-25 Telegram: Рыболовная сводка СПб: глубина 4 м</desc>
    <type>Рыбалка</type>
  </wpt>
  <wpt lat="60.09755" lon="32.307655">
    <name>L0685 Лещ</name>
    <desc>2025-10-26 Telegram: Рыболовная сводка СПб: Отчёт с координатами места ловли.</desc>
    <type>Рыбалка</type>
  </wpt>
  <wpt lat="60.082874" lon="32.317857">
    <name>L0686 Лещ, Плотва</name>
    <desc>2025-10-29 Telegram: Рыболовная сводка СПб: Отчёт с координатами места ловли.; 2025-11-09 Telegram: Рыболовная сводка СПб: лещу 2.93 кг</desc>
    <type>Рыбалка</type>
  </wpt>
  <wpt lat="60.082626" lon="32.318457">
    <name>L0687 Лещ</name>
    <desc>2025-11-01 Telegram: Рыболовная сводка СПб: Отчёт с координатами места ловли.; 2025-11-13 Telegram: Рыболовная сводка СПб: фидер/донка; 2025-11-20 Telegram: Рыболовная сводка СПб: 5 штук; фидер/донка</desc>
    <type>Рыбалка</type>
  </wpt>
  <wpt lat="60.082065" lon="32.319888">
    <name>L0688 Ёрш, Голавль</name>
    <desc>2025-11-02 Telegram: Рыболовная сводка СПб: фидер/донка; 2025-11-03 Telegram: Рыболовная сводка СПб: Отчёт с координатами места ловли.; 2025-11-16 Telegram: Рыболовная сводка СПб: густера 500 гр; 14 шт; 2025-11-17 Telegram: Рыболовная сводка СПб: Отчёт с координатами места ловли.; 2025-11-23 Telegram: Рыболовная сводка СПб: поплавок</desc>
    <type>Рыбалка</type>
  </wpt>
  <wpt lat="60.083439" lon="32.316925">
    <name>L0689 Лещ</name>
    <desc>2025-11-04 Telegram: Рыболовная сводка СПб: Отчёт с координатами места ловли.</desc>
    <type>Рыбалка</type>
  </wpt>
  <wpt lat="60.079545" lon="32.315738">
    <name>L0690 Лещ</name>
    <desc>2025-11-04 Telegram: Рыболовная сводка СПб: 7 штук</desc>
    <type>Рыбалка</type>
  </wpt>
  <wpt lat="60.081878" lon="32.3208">
    <name>L0691 Лещ</name>
    <desc>2025-11-05 Telegram: Рыболовная сводка СПб: Отчёт с координатами места ловли.; 2025-11-07 Telegram: Рыболовная сводка СПб: Отчёт с координатами места ловли.; 2025-11-08 Telegram: Рыболовная сводка СПб: фидер/донка; 2025-12-12 Telegram: Рыболовная сводка СПб: Отчёт с координатами места ловли.; 2025-12-19 Telegram: Рыболовная сводка СПб: Отчёт с координатами места ловли.</desc>
    <type>Рыбалка</type>
  </wpt>
  <wpt lat="60.09017" lon="32.313249">
    <name>L0692 Лещ</name>
    <desc>2025-11-08 Telegram: Рыболовная сводка СПб: Отчёт с координатами места ловли.</desc>
    <type>Рыбалка</type>
  </wpt>
  <wpt lat="60.082383" lon="32.318795">
    <name>L0693 Лещ</name>
    <desc>2025-11-09 Telegram: Рыболовная сводка СПб: Отчёт с координатами места ловли.</desc>
    <type>Рыбалка</type>
  </wpt>
  <wpt lat="60.08397" lon="32.316185">
    <name>L0694 Лещ</name>
    <desc>2025-11-11 Telegram: Рыболовная сводка СПб: фидер/донка, поплавок</desc>
    <type>Рыбалка</type>
  </wpt>
  <wpt lat="60.09711" lon="32.318128">
    <name>L0695 Лещ</name>
    <desc>2025-11-16 Telegram: Рыболовная сводка СПб: Отчёт с координатами места ловли.</desc>
    <type>Рыбалка</type>
  </wpt>
  <wpt lat="60.165717" lon="31.037927">
    <name>L0696 Рыбалка</name>
    <desc>2025-11-24 Telegram: Рыболовная сводка СПб: со льда</desc>
    <type>Рыбалка</type>
  </wpt>
  <wpt lat="60.094666" lon="32.314283">
    <name>L0697 Ёрш, Лещ</name>
    <desc>2025-11-25 Telegram: Рыболовная сводка СПб: фидер/донка</desc>
    <type>Рыбалка</type>
  </wpt>
  <wpt lat="59.978439" lon="31.07259">
    <name>L0698 Окунь, Плотва</name>
    <desc>2025-11-28 Telegram: Рыболовная сводка СПб: 5 хвостов; поплавок, со льда</desc>
    <type>Рыбалка</type>
  </wpt>
  <wpt lat="59.977893" lon="31.073347">
    <name>L0699 Окунь, Плотва</name>
    <desc>2025-11-30 Telegram: Рыболовная сводка СПб: фидер/донка, поплавок; 2026-03-23 Telegram: Рыболовная сводка СПб: Отчёт с координатами места ловли.</desc>
    <type>Рыбалка</type>
  </wpt>
  <wpt lat="60.080857" lon="32.323691">
    <name>L0700 Лещ</name>
    <desc>2025-12-01 Telegram: Рыболовная сводка СПб: Отчёт с координатами места ловли.; 2025-12-07 Telegram: Рыболовная сводка СПб: Отчёт с координатами места ловли.; 2025-12-07 Telegram: Рыболовная сводка СПб: Отчёт с координатами места ловли.</desc>
    <type>Рыбалка</type>
  </wpt>
  <wpt lat="60.275637" lon="32.636901">
    <name>L0701 Окунь</name>
    <desc>2025-12-15 Telegram: Рыболовная сводка СПб: со льда</desc>
    <type>Рыбалка</type>
  </wpt>
  <wpt lat="60.071985" lon="32.333689">
    <name>L0702 Лещ, Сом</name>
    <desc>2025-12-18 Telegram: Рыболовная сводка СПб: Отчёт с координатами места ловли.</desc>
    <type>Рыбалка</type>
  </wpt>
  <wpt lat="60.080698" lon="32.324157">
    <name>L0703 Лещ</name>
    <desc>2025-12-27 Telegram: Рыболовная сводка СПб: Отчёт с координатами места ловли.; 2025-12-28 Telegram: Рыболовная сводка СПб: Отчёт с координатами места ловли.</desc>
    <type>Рыбалка</type>
  </wpt>
  <wpt lat="60.338146" lon="32.612651">
    <name>L0704 Окунь</name>
    <desc>2026-02-15 Telegram: Рыболовная сводка СПб: Отчёт с координатами места ловли.</desc>
    <type>Рыбалка</type>
  </wpt>
  <wpt lat="59.947644" lon="31.042207">
    <name>L0705 Окунь, Плотва</name>
    <desc>2026-03-20 Telegram: Рыболовная сводка СПб: фидер/донка, поплавок</desc>
    <type>Рыбалка</type>
  </wpt>
  <wpt lat="59.902728" lon="31.346679">
    <name>L0706 Лещ</name>
    <desc>2026-03-20 Telegram: Рыболовная сводка СПб: Отчёт с координатами места ловли.; 2026-08-10 Telegram: Рыболовная сводка СПб: фидер/донка</desc>
    <type>Рыбалка</type>
  </wpt>
  <wpt lat="59.930673" lon="30.996813">
    <name>L0707 Плотва</name>
    <desc>2026-04-03 Telegram: Рыболовная сводка СПб: Отчёт с координатами места ловли.</desc>
    <type>Рыбалка</type>
  </wpt>
  <wpt lat="59.945863" lon="31.030019">
    <name>L0708 Ёрш, Густера</name>
    <desc>2026-04-18 Telegram: Рыболовная сводка СПб: спиннинг, фидер/донка, мормышка</desc>
    <type>Рыбалка</type>
  </wpt>
  <wpt lat="59.902968" lon="31.345348">
    <name>L0709 Окунь, Щука</name>
    <desc>2026-05-17 Telegram: Рыболовная сводка СПб: щукой 1 кг; спиннинг</desc>
    <type>Рыбалка</type>
  </wpt>
  <wpt lat="60.022037" lon="31.548557">
    <name>L0710 Щука</name>
    <desc>2026-07-04 Telegram: Рыболовная сводка СПб: блесна</desc>
    <type>Рыбалка</type>
  </wpt>
  <wpt lat="60.338828" lon="32.58656">
    <name>L0711 Судак</name>
    <desc>2026-07-18 Telegram: Рыболовная сводка СПб: Отчёт с координатами места ловли.</desc>
    <type>Рыбалка</type>
  </wpt>
  <wpt lat="60.066596" lon="32.342729">
    <name>L0712 Линь</name>
    <desc>2026-08-16 Telegram: Рыболовная сводка СПб: фидер/донка</desc>
    <type>Рыбалка</type>
  </wpt>
  <wpt lat="60.04709" lon="32.338165">
    <name>L0713 Густера, Лещ</name>
    <desc>2026-09-16 Telegram: Рыболовная сводка СПб: фидер/донка</desc>
    <type>Рыбалка</type>
  </wpt>
  <wpt lat="60.121145" lon="32.29689">
    <name>L0714 Плотва</name>
    <desc>2026-03-13 Telegram: Рыболовная сводка СПб: Креницы, 9 км; координаты опубликованы в тексте поста. Предыдущий массив: Креницы — плотва, 2.3 м (точный GPS из отчёта).</desc>
    <type>Рыбалка</type>
  </wpt>
  <wpt lat="60.207317" lon="32.178383">
    <name>L0715 Плотва</name>
    <desc>Прежнее исследование (ChatGPT): Координата восстановлена из ladoga_points_preliminary.csv предыдущего чата; исходная публичная ссылка в файле не сохранена. Креницы — плотва ~40 кг</desc>
    <type>Рыбалка</type>
  </wpt>
  <wpt lat="60.25366" lon="32.07901">
    <name>L0716 Ориентир</name>
    <desc>Прежнее исследование (ChatGPT): Остров-ориентир в Волховской губе; вокруг него свалы и банки.</desc>
    <type>Ориентир</type>
  </wpt>
  <wpt lat="60.29833" lon="32.10667">
    <name>L0717 Ориентир</name>
    <desc>Прежнее исследование (ChatGPT): Протяжённая гряда мелей к северу от Птинова; точка — условный центр.</desc>
    <type>Ориентир</type>
  </wpt>
</gpx>
