{"type": "FeatureCollection", "features": [{"type": "Feature", "geometry": {"type": "Point", "coordinates": [32.408142, 60.298663]}, "properties": {"kind": "fishing", "cls": "B", "prec": 100, "fish": ["Судак"], "date": "2017-07-11", "title": "Ладога — 10,7 км на З от «Лахта»", "comment": "Фото улова (судак) из поста ВК; снасть и глубина не указаны.", "src": "FisherMap", "srcd": "FisherMap (ru.fishermap.org)", "url": "https://ru.fishermap.org/location/934/", "sid": "934", "orig": "https://vk.com/wall-30527635_9236", "wb": "Ладожское озеро", "raw": "60.298663, 32.408142", "agent": "fishermap_ext", "season": "open_water", "dist": 22.6, "zone": "core", "sector": "Вороново"}}, {"type": "Feature", "geometry": {"type": "Point", "coordinates": [32.171358, 60.193632]}, "properties": {"kind": "fishing", "cls": "B", "prec": 100, "fish": ["Щука", "Окунь"], "date": "2016-01-09", "title": "Ладога — 4,5 км на ЮВ от «мыс Княжой»", "comment": "Фото улова (щука, окунь) из поста ВК; снасть и глубина не указаны.", "src": "FisherMap", "srcd": "FisherMap (ru.fishermap.org)", "url": "https://ru.fishermap.org/location/939/", "sid": "939", "orig": "https://vk.com/wall-30527635_3351", "wb": "Ладожское озеро", "raw": "60.193632, 32.171358", "agent": "fishermap_ext", "season": "ice", "dist": 12.1, "zone": "core", "sector": "Креницы / Волховская губа"}}, {"type": "Feature", "geometry": {"type": "Point", "coordinates": [32.808612, 60.505675]}, "properties": {"kind": "fishing", "cls": "B", "prec": 100, "fish": ["Лещ", "Окунь"], "date": "2019-03-11", "title": "Свирь — 6,5 км на С от «Куйвасарь»", "comment": "Фото улова (лещ, окунь) из поста ВК; снасть и глубина не указаны.", "src": "FisherMap", "srcd": "FisherMap (ru.fishermap.org)", "url": "https://ru.fishermap.org/location/2225/", "sid": "2225", "orig": "https://vk.com/wall-13425667_25292", "wb": "р. Свирь (нижнее течение)", "raw": "60.505675, 32.808612", "agent": "fishermap_ext", "season": "ice", "dist": 52.9, "zone": "core", "sector": "Свирская губа / устье Свири"}}, {"type": "Feature", "geometry": {"type": "Point", "coordinates": [32.587162, 60.311449]}, "properties": {"kind": "fishing", "cls": "B", "prec": 100, "fish": ["Плотва"], "date": "2019-03-02", "title": "Ладога — 0,8 км на ЮЗ от «Лахта»", "comment": "Фото улова (плотва) из поста ВК; снасть и глубина не указаны.", "src": "FisherMap", "srcd": "FisherMap (ru.fishermap.org)", "url": "https://ru.fishermap.org/location/2229/", "sid": "2229", "orig": "https://vk.com/wall-13425667_25029", "wb": "Ладожское озеро", "raw": "60.311449, 32.587162", "agent": "fishermap_ext", "season": "ice", "dist": 28.2, "zone": "core", "sector": "Вороново"}}, {"type": "Feature", "geometry": {"type": "Point", "coordinates": [32.807998, 60.506904]}, "properties": {"kind": "fishing", "cls": "B", "prec": 100, "fish": ["Лещ", "Окунь"], "date": "2019-02-24", "title": "Свирь — 6,6 км на С от «Куйвасарь»", "comment": "Фото улова (лещ, окунь) из поста ВК; снасть и глубина не указаны.", "src": "FisherMap", "srcd": "FisherMap (ru.fishermap.org)", "url": "https://ru.fishermap.org/location/2230/", "sid": "2230", "orig": "https://vk.com/wall-13425667_24846", "wb": "р. Свирь (нижнее течение)", "raw": "60.506904, 32.807998", "agent": "fishermap_ext", "season": "ice", "dist": 53.0, "zone": "core", "sector": "Свирская губа / устье Свири"}}, {"type": "Feature", "geometry": {"type": "Point", "coordinates": [31.53913, 59.972784]}, "properties": {"kind": "fishing", "cls": "B", "prec": 100, "fish": ["Окунь"], "date": "2018-12-18", "title": "Бухта Петрокрепость — 3,5 км на СЗ от «Лаврово»", "comment": "Фото улова (окунь) из поста ВК; снасть и глубина не указаны.", "src": "FisherMap", "srcd": "FisherMap (ru.fishermap.org)", "url": "https://ru.fishermap.org/location/2236/", "sid": "2236", "orig": "https://vk.com/wall-13425667_23671", "wb": "Ладожское озеро, бухта Петрокрепость", "raw": "59.972784, 31.53913", "agent": "fishermap_ext", "dist": 44.4, "zone": "core", "sector": "Кобона / южный берег"}}, {"type": "Feature", "geometry": {"type": "Point", "coordinates": [32.135144, 60.227002]}, "properties": {"kind": "fishing", "cls": "B", "prec": 100, "fish": ["Окунь"], "date": "2018-03-28", "title": "Ладога — 0,7 км на В от «мыс Княжой»", "comment": "Фото улова (окунь) из поста ВК; снасть и глубина не указаны.", "src": "FisherMap", "srcd": "FisherMap (ru.fishermap.org)", "url": "https://ru.fishermap.org/location/2248/", "sid": "2248", "orig": "https://vk.com/wall-13425667_21014", "wb": "Ладожское озеро", "raw": "60.227002, 32.135144", "agent": "fishermap_ext", "season": "ice", "dist": 16.3, "zone": "core", "sector": "о. Птинов"}}, {"type": "Feature", "geometry": {"type": "Point", "coordinates": [32.795655, 60.46125]}, "properties": {"kind": "fishing", "cls": "B", "prec": 100, "fish": ["Щука"], "date": "2017-12-24", "title": "Загубская губа — 1,7 км на СЗ от «Куйвасарь»", "comment": "Фото улова (щука) из поста ВК; снасть и глубина не указаны.", "src": "FisherMap", "srcd": "FisherMap (ru.fishermap.org)", "url": "https://ru.fishermap.org/location/2252/", "sid": "2252", "orig": "https://vk.com/wall-13425667_19287", "wb": "Загубская губа (дельта Свири)", "raw": "60.46125, 32.795655", "agent": "fishermap_ext", "dist": 48.4, "zone": "core", "sector": "Свирица / Загубская губа"}}, {"type": "Feature", "geometry": {"type": "Point", "coordinates": [32.875454, 60.552333]}, "properties": {"kind": "fishing", "cls": "B", "prec": 100, "fish": ["Окунь"], "date": "2017-04-02", "title": "Ладога — 7,8 км на СЗ от «остров Конево»", "comment": "Фото улова (окунь) из поста ВК; снасть и глубина не указаны.", "src": "FisherMap", "srcd": "FisherMap (ru.fishermap.org)", "url": "https://ru.fishermap.org/location/2261/", "sid": "2261", "orig": "https://vk.com/wall-13425667_16998", "wb": "Ладожское озеро", "raw": "60.552333, 32.875454", "agent": "fishermap_ext", "dist": 59.3, "zone": "ext", "sector": "Свирская губа / устье Свири"}}, {"type": "Feature", "geometry": {"type": "Point", "coordinates": [32.805344, 60.465314]}, "properties": {"kind": "fishing", "cls": "B", "prec": 100, "fish": ["Щука"], "date": "2017-12-22", "title": "Загубская губа — 2,0 км на С от «Куйвасарь»", "comment": "Фото улова (щука) из поста ВК; снасть и глубина не указаны.", "src": "FisherMap", "srcd": "FisherMap (ru.fishermap.org)", "url": "https://ru.fishermap.org/location/2265/", "sid": "2265", "orig": "https://vk.com/wall-13425667_19264", "wb": "Загубская губа (дельта Свири)", "raw": "60.465314, 32.805344", "agent": "fishermap_ext", "dist": 49.1, "zone": "core", "sector": "Свирица / Загубская губа"}}, {"type": "Feature", "geometry": {"type": "Point", "coordinates": [31.949552, 60.241982]}, "properties": {"kind": "fishing", "cls": "B", "prec": 100, "fish": ["Окунь"], "date": "2017-02-13", "title": "Ладога — 1,4 км на С от «мыс Орёл»", "comment": "Фото улова (окунь) из поста ВК; снасть и глубина не указаны.", "src": "FisherMap", "srcd": "FisherMap (ru.fishermap.org)", "url": "https://ru.fishermap.org/location/2268/", "sid": "2268", "orig": "https://vk.com/wall-13425667_16219", "wb": "Ладожское озеро", "raw": "60.241982, 31.949552", "agent": "fishermap_ext", "season": "ice", "dist": 24.5, "zone": "core", "sector": "Дубно"}}, {"type": "Feature", "geometry": {"type": "Point", "coordinates": [32.003599, 60.246687]}, "properties": {"kind": "fishing", "cls": "B", "prec": 100, "fish": ["Окунь"], "date": "2017-01-24", "title": "Ладога — 3,6 км на СВ от «Дубно»", "comment": "Фото улова (окунь) из поста ВК; снасть и глубина не указаны.", "src": "FisherMap", "srcd": "FisherMap (ru.fishermap.org)", "url": "https://ru.fishermap.org/location/2269/", "sid": "2269", "orig": "https://vk.com/wall-13425667_15749", "wb": "Ладожское озеро", "raw": "60.246687, 32.003599", "agent": "fishermap_ext", "season": "ice", "dist": 22.6, "zone": "core", "sector": "Дубно"}}, {"type": "Feature", "geometry": {"type": "Point", "coordinates": [32.714954, 60.512406]}, "properties": {"kind": "fishing", "cls": "B", "prec": 100, "fish": ["Окунь"], "date": "2016-02-28", "title": "Ладога — 5,3 км на В от «Сторожно»", "comment": "Фото улова (окунь) из поста ВК; геометка в ~0,2 км от уреза на берегу — вероятно, ловля с берега поблизости; снасть и глубина не указаны.", "src": "FisherMap", "srcd": "FisherMap (ru.fishermap.org)", "url": "https://ru.fishermap.org/location/2277/", "sid": "2277", "orig": "https://vk.com/wall-13425667_11268", "wb": "Ладожское озеро (прибрежная зона)", "raw": "60.512406, 32.714954", "agent": "fishermap_ext", "season": "ice", "dist": 51.0, "zone": "core", "sector": "Свирская губа / устье Свири"}}, {"type": "Feature", "geometry": {"type": "Point", "coordinates": [32.892208, 60.479217]}, "properties": {"kind": "fishing", "cls": "B", "prec": 100, "fish": ["Окунь"], "date": "2018-03-06", "title": "Свирь — 1,1 км на З от «Птичий Остров»", "comment": "Фото улова (окунь) из поста ВК; снасть и глубина не указаны.", "src": "FisherMap", "srcd": "FisherMap (ru.fishermap.org)", "url": "https://ru.fishermap.org/location/2376/", "sid": "2376", "orig": "https://vk.com/wall-13425667_20604", "wb": "р. Свирь (нижнее течение)", "raw": "60.47921717, 32.8922081", "agent": "fishermap_ext", "season": "ice", "dist": 53.2, "zone": "core", "sector": "Свирская губа / устье Свири"}}, {"type": "Feature", "geometry": {"type": "Point", "coordinates": [32.599869, 60.333406]}, "properties": {"kind": "fishing", "cls": "B", "prec": 100, "fish": ["Плотва"], "date": "2018-01-28", "title": "Ладога — у «Кириково»", "comment": "Фото улова (плотва) из поста ВК; геометка в ~0,2 км от уреза на берегу — вероятно, ловля с берега поблизости; снасть и глубина не указаны.", "src": "FisherMap", "srcd": "FisherMap (ru.fishermap.org)", "url": "https://ru.fishermap.org/location/2379/", "sid": "2379", "orig": "https://vk.com/wall-13425667_19922", "wb": "Ладожское озеро (прибрежная зона)", "raw": "60.33340566, 32.59986877", "agent": "fishermap_ext", "season": "ice", "dist": 30.6, "zone": "core", "sector": "Вороново"}}, {"type": "Feature", "geometry": {"type": "Point", "coordinates": [32.203801, 60.171751]}, "properties": {"kind": "fishing", "cls": "B", "prec": 100, "fish": ["Плотва"], "date": "2017-01-14", "title": "Ладога — 7,6 км на ЮВ от «мыс Княжой»", "comment": "Фото улова (плотва) из поста ВК; снасть и глубина не указаны.", "src": "FisherMap", "srcd": "FisherMap (ru.fishermap.org)", "url": "https://ru.fishermap.org/location/2388/", "sid": "2388", "orig": "https://vk.com/wall-13425667_15581", "wb": "Ладожское озеро", "raw": "60.171751, 32.203801", "agent": "fishermap_ext", "season": "ice", "dist": 9.1, "zone": "core", "sector": "Креницы / Волховская губа"}}, {"type": "Feature", "geometry": {"type": "Point", "coordinates": [32.22014, 60.159002]}, "properties": {"kind": "fishing", "cls": "B", "prec": 100, "fish": ["Окунь"], "date": "2017-01-12", "title": "Ладога — 7,9 км на СЗ от «Глядково»", "comment": "Фото улова (окунь) из поста ВК; снасть и глубина не указаны.", "src": "FisherMap", "srcd": "FisherMap (ru.fishermap.org)", "url": "https://ru.fishermap.org/location/2389/", "sid": "2389", "orig": "https://vk.com/wall-13425667_15530", "wb": "Ладожское озеро", "raw": "60.159002, 32.22014", "agent": "fishermap_ext", "season": "ice", "dist": 7.4, "zone": "core", "sector": "Креницы / Волховская губа"}}, {"type": "Feature", "geometry": {"type": "Point", "coordinates": [32.590264, 60.305559]}, "properties": {"kind": "fishing", "cls": "B", "prec": 100, "fish": ["Окунь", "Плотва"], "date": "2017-01-10", "title": "Ладога — 1,0 км на СЗ от «Заостровье»", "comment": "Фото улова (окунь, плотва) из поста ВК; снасть и глубина не указаны.", "src": "FisherMap", "srcd": "FisherMap (ru.fishermap.org)", "url": "https://ru.fishermap.org/location/2390/", "sid": "2390", "orig": "https://vk.com/wall-13425667_15481", "wb": "Ладожское озеро", "raw": "60.305559, 32.590264", "agent": "fishermap_ext", "season": "ice", "dist": 27.8, "zone": "core", "sector": "Вороново"}}, {"type": "Feature", "geometry": {"type": "Point", "coordinates": [32.591105, 60.310807]}, "properties": {"kind": "fishing", "cls": "B", "prec": 100, "fish": ["Густера", "Плотва"], "date": "2017-03-02", "title": "Ладога — 0,7 км на ЮЗ от «Лахта»", "comment": "Фото улова (густера, плотва) из поста ВК; снасть и глубина не указаны.", "src": "FisherMap", "srcd": "FisherMap (ru.fishermap.org)", "url": "https://ru.fishermap.org/location/2401/", "sid": "2401", "orig": "https://vk.com/wall-13425667_16537", "wb": "Ладожское озеро", "raw": "60.310807, 32.591105", "agent": "fishermap_ext", "season": "ice", "dist": 28.3, "zone": "core", "sector": "Вороново"}}, {"type": "Feature", "geometry": {"type": "Point", "coordinates": [32.179475, 60.205171]}, "properties": {"kind": "fishing", "cls": "B", "prec": 100, "fish": ["Плотва"], "date": "2017-02-06", "title": "Ладога — 3,9 км на ЮВ от «мыс Княжой»", "comment": "Фото улова (плотва) из поста ВК; снасть и глубина не указаны.", "src": "FisherMap", "srcd": "FisherMap (ru.fishermap.org)", "url": "https://ru.fishermap.org/location/2402/", "sid": "2402", "orig": "https://vk.com/wall-13425667_16097", "wb": "Ладожское озеро", "raw": "60.205171, 32.179475", "agent": "fishermap_ext", "season": "ice", "dist": 12.9, "zone": "core", "sector": "Волховская губа, центр"}}, {"type": "Feature", "geometry": {"type": "Point", "coordinates": [32.62844, 60.274365]}, "properties": {"kind": "fishing", "cls": "B", "prec": 100, "fish": ["Плотва"], "date": "2019-04-30", "title": "Ладога — 1,0 км на З от «Вороново»", "comment": "Фото улова (плотва) из поста ВК; точка у впадения р. Воронежка в Ладогу; снасть и глубина не указаны.", "src": "FisherMap", "srcd": "FisherMap (ru.fishermap.org)", "url": "https://ru.fishermap.org/location/2485/", "sid": "2485", "orig": "https://vk.com/wall-13425667_26064", "wb": "Ладожское озеро, устье р. Воронежка", "raw": "60.274365, 32.62844", "agent": "fishermap_ext", "dist": 26.5, "zone": "core", "sector": "Вороново"}}, {"type": "Feature", "geometry": {"type": "Point", "coordinates": [32.323061, 60.081226]}, "properties": {"kind": "fishing", "cls": "B", "prec": 100, "fish": ["Окунь"], "date": "2018-06-13", "title": "Волхов — 0,6 км на С от «Юшково»", "comment": "Фото улова (окунь) из поста ВК; снасть и глубина не указаны.", "src": "FisherMap", "srcd": "FisherMap (ru.fishermap.org)", "url": "https://ru.fishermap.org/location/2851/", "sid": "2851", "orig": "https://vk.com/wall-52390696_2848", "wb": "р. Волхов (нижнее течение)", "raw": "60.081226, 32.323061", "agent": "fishermap_ext", "season": "open_water", "dist": 3.0, "zone": "core", "sector": "Нижний Волхов"}}, {"type": "Feature", "geometry": {"type": "Point", "coordinates": [31.525056, 59.964667]}, "properties": {"kind": "fishing", "cls": "B", "prec": 100, "fish": ["Окунь"], "date": "2018-02-18", "title": "Бухта Петрокрепость — 3,6 км на СЗ от «Лаврово»", "comment": "Фото улова (окунь) из поста ВК; снасть и глубина не указаны.", "src": "FisherMap", "srcd": "FisherMap (ru.fishermap.org)", "url": "https://ru.fishermap.org/location/2879/", "sid": "2879", "orig": "https://vk.com/wall-52390696_187", "wb": "Ладожское озеро, бухта Петрокрепость", "raw": "59.964667, 31.525056", "agent": "fishermap_ext", "season": "ice", "dist": 45.4, "zone": "core", "sector": "Кобона / южный берег"}}, {"type": "Feature", "geometry": {"type": "Point", "coordinates": [32.332707, 60.073141]}, "properties": {"kind": "fishing", "cls": "B", "prec": 100, "fish": ["Жерех"], "date": "2017-07-09", "title": "Волхов — 0,6 км на ЮВ от «Юшково»", "comment": "Фото улова (жерех) из поста ВК; снасть и глубина не указаны.", "src": "FisherMap", "srcd": "FisherMap (ru.fishermap.org)", "url": "https://ru.fishermap.org/location/2909/", "sid": "2909", "orig": "https://vk.com/wall-62669564_10889", "wb": "р. Волхов (нижнее течение)", "raw": "60.073141, 32.332707", "agent": "fishermap_ext", "season": "open_water", "dist": 4.0, "zone": "core", "sector": "Нижний Волхов"}}, {"type": "Feature", "geometry": {"type": "Point", "coordinates": [31.609533, 60.131645]}, "properties": {"kind": "fishing", "cls": "B", "prec": 100, "fish": ["Густера", "Краснопёрка", "Плотва"], "date": "2019-05-20", "title": "Новоладожский канал — 0,8 км на Ю от «Чёрное»", "comment": "Фото улова (густера, краснопёрка, плотва) из поста ВК; точка на Новоладожском канале в ~0,1 км от уреза Ладоги, а не в самом озере; снасть и глубина не указаны.", "src": "FisherMap", "srcd": "FisherMap (ru.fishermap.org)", "url": "https://ru.fishermap.org/location/3551/", "sid": "3551", "orig": "https://vk.com/wall-1707795_15138", "wb": "Новоладожский канал (у берега Ладоги)", "raw": "60.131645, 31.609533", "agent": "fishermap_ext", "season": "open_water", "dist": 38.0, "zone": "core", "sector": "Кобона / южный берег"}}, {"type": "Feature", "geometry": {"type": "Point", "coordinates": [31.15044, 59.96152]}, "properties": {"kind": "fishing", "cls": "B", "prec": 100, "fish": ["Елец", "Окунь", "Плотва"], "date": "2019-08-21", "title": "Бухта Петрокрепость — 4,4 км на ЮВ от «мыс Кошкинский носок»", "comment": "Фото улова (елец, окунь, плотва) из поста ВК; снасть и глубина не указаны.", "src": "FisherMap", "srcd": "FisherMap (ru.fishermap.org)", "url": "https://ru.fishermap.org/location/3964/", "sid": "3964", "orig": "https://vk.com/wall-52321266_487626", "wb": "Ладожское озеро, бухта Петрокрепость", "raw": "59.96152, 31.15044", "agent": "fishermap_ext", "season": "open_water", "dist": 65.5, "zone": "ext", "sector": "Шлиссельбург / бухта Петрокрепость"}}, {"type": "Feature", "geometry": {"type": "Point", "coordinates": [32.876346, 60.481557]}, "properties": {"kind": "fishing", "cls": "B", "prec": 100, "fish": ["Щука"], "date": "2019-08-20", "title": "Свирь — 2,0 км на З от «Птичий Остров»", "comment": "Фото улова (щука) из поста ВК; снасть и глубина не указаны.", "src": "FisherMap", "srcd": "FisherMap (ru.fishermap.org)", "url": "https://ru.fishermap.org/location/4872/", "sid": "4872", "orig": "https://vk.com/wall-131916770_46603", "wb": "р. Свирь (нижнее течение)", "raw": "60.481557, 32.876346", "agent": "fishermap_ext", "season": "open_water", "dist": 52.9, "zone": "core", "sector": "Свирская губа / устье Свири"}}, {"type": "Feature", "geometry": {"type": "Point", "coordinates": [32.767295, 60.435379]}, "properties": {"kind": "fishing", "cls": "B", "prec": 100, "fish": ["Карась"], "date": "2019-06-30", "title": "Ладожский канал — 0,4 км на С от «Загубье»", "comment": "Фото улова (карась) из поста ВК; точка на канале у д. Загубье в ~0,6 км от Загубской губы, ~4,7 км от открытой Ладоги; снасть и глубина не указаны.", "src": "FisherMap", "srcd": "FisherMap (ru.fishermap.org)", "url": "https://ru.fishermap.org/location/5581/", "sid": "5581", "orig": "https://vk.com/wall-78808262_93634", "wb": "Ладожский канал у Загубской губы (д. Загубье)", "raw": "60.435379, 32.767295", "agent": "fishermap_ext", "season": "open_water", "dist": 45.2, "zone": "core", "sector": "Свирица / Загубская губа"}}, {"type": "Feature", "geometry": {"type": "Point", "coordinates": [32.912004, 60.469917]}, "properties": {"kind": "fishing", "cls": "B", "prec": 100, "fish": ["Судак"], "date": "2018-07-10", "title": "Свирица — у «Свирица»", "comment": "Фото улова (судак) из поста ВК; точка у протоки в пос. Свирица у впадения Паши; снасть и глубина не указаны.", "src": "FisherMap", "srcd": "FisherMap (ru.fishermap.org)", "url": "https://ru.fishermap.org/location/5597/", "sid": "5597", "orig": "https://vk.com/wall-78808262_90638", "wb": "Свирица: протока у устья р. Паша", "raw": "60.469917, 32.912004", "agent": "fishermap_ext", "season": "open_water", "dist": 53.1, "zone": "core", "sector": "Свирская губа / устье Свири"}}, {"type": "Feature", "geometry": {"type": "Point", "coordinates": [32.136795, 60.239054]}, "properties": {"kind": "fishing", "cls": "B", "prec": 100, "fish": ["Густера", "Окунь", "Плотва"], "date": "2019-03-17", "title": "Ладога — 1,6 км на СВ от «мыс Княжой»", "comment": "Фото улова (густера, окунь, плотва) из поста ВК; снасть и глубина не указаны.", "src": "FisherMap", "srcd": "FisherMap (ru.fishermap.org)", "url": "https://ru.fishermap.org/location/5608/", "sid": "5608", "orig": "https://vk.com/wall-78808262_92870", "wb": "Ладожское озеро", "raw": "60.239054, 32.136795", "agent": "fishermap_ext", "season": "ice", "dist": 17.4, "zone": "core", "sector": "о. Птинов"}}, {"type": "Feature", "geometry": {"type": "Point", "coordinates": [31.407762, 60.050132]}, "properties": {"kind": "fishing", "cls": "B", "prec": 100, "fish": ["Плотва"], "date": "2018-02-16", "title": "Бухта Петрокрепость — 5,0 км на ЮЗ от «мыс Кареджский нос»", "comment": "Фото улова (плотва) из поста ВК; снасть и глубина не указаны.", "src": "FisherMap", "srcd": "FisherMap (ru.fishermap.org)", "url": "https://ru.fishermap.org/location/5622/", "sid": "5622", "orig": "https://vk.com/wall-78808262_88179", "wb": "Ладожское озеро, бухта Петрокрепость", "raw": "60.050132, 31.407762", "agent": "fishermap_ext", "season": "ice", "dist": 49.5, "zone": "core", "sector": "Кобона / южный берег"}}, {"type": "Feature", "geometry": {"type": "Point", "coordinates": [32.297909, 60.150018]}, "properties": {"kind": "fishing", "cls": "B", "prec": 100, "fish": ["Плотва"], "date": "2018-03-18", "title": "Ладога — 3,8 км на СЗ от «Глядково»", "comment": "Фото улова (плотва) из поста ВК; снасть и глубина не указаны.", "src": "FisherMap", "srcd": "FisherMap (ru.fishermap.org)", "url": "https://ru.fishermap.org/location/5625/", "sid": "5625", "orig": "https://vk.com/wall-78808262_88911", "wb": "Ладожское озеро", "raw": "60.150018, 32.297909", "agent": "fishermap_ext", "season": "ice", "dist": 5.2, "zone": "core", "sector": "Креницы / Волховская губа"}}, {"type": "Feature", "geometry": {"type": "Point", "coordinates": [31.615558, 60.140461]}, "properties": {"kind": "fishing", "cls": "B", "prec": 100, "fish": ["Плотва"], "date": "2017-05-04", "title": "Новоладожский канал — у «Чёрное»", "comment": "Фото улова (плотва) из поста ВК; точка на Новоладожском канале в ~0,4 км от уреза Ладоги, а не в самом озере; снасть и глубина не указаны.", "src": "FisherMap", "srcd": "FisherMap (ru.fishermap.org)", "url": "https://ru.fishermap.org/location/5636/", "sid": "5636", "orig": "https://vk.com/wall-78808262_82407", "wb": "Новоладожский канал (у берега Ладоги)", "raw": "60.140461, 31.615558", "agent": "fishermap_ext", "season": "open_water", "dist": 37.8, "zone": "core", "sector": "Кобона / южный берег"}}, {"type": "Feature", "geometry": {"type": "Point", "coordinates": [31.949505, 60.271413]}, "properties": {"kind": "fishing", "cls": "B", "prec": 100, "fish": ["Судак"], "date": "2014-06-02", "title": "Ладога — 4,7 км на С от «мыс Орёл»", "comment": "Фото улова (судак) из поста ВК; снасть и глубина не указаны.", "src": "FisherMap", "srcd": "FisherMap (ru.fishermap.org)", "url": "https://ru.fishermap.org/location/6144/", "sid": "6144", "orig": "https://vk.com/wall-1707795_1937", "wb": "Ладожское озеро", "raw": "60.271413, 31.949505", "agent": "fishermap_ext", "season": "open_water", "dist": 26.7, "zone": "core", "sector": "Дубно"}}, {"type": "Feature", "geometry": {"type": "Point", "coordinates": [31.438751, 59.987311]}, "properties": {"kind": "fishing", "cls": "B", "prec": 100, "fish": ["Окунь"], "date": "2014-02-05", "title": "Бухта Петрокрепость — 4,5 км на В от «остров Новый Зеленец»", "comment": "Фото улова (окунь) из поста ВК; снасть и глубина не указаны.", "src": "FisherMap", "srcd": "FisherMap (ru.fishermap.org)", "url": "https://ru.fishermap.org/location/6146/", "sid": "6146", "orig": "https://vk.com/wall-1707795_1758", "wb": "Ладожское озеро, бухта Петрокрепость", "raw": "59.98731073, 31.43875122", "agent": "fishermap_ext", "season": "ice", "dist": 49.2, "zone": "core", "sector": "Кобона / южный берег"}}, {"type": "Feature", "geometry": {"type": "Point", "coordinates": [31.480048, 59.910907]}, "properties": {"kind": "fishing", "cls": "B", "prec": 100, "fish": ["Окунь"], "date": "2014-01-12", "title": "Бухта Петрокрепость — 1,7 км на СВ от «Нижняя Шальдиха»", "comment": "Фото улова (окунь) из поста ВК; снасть и глубина не указаны.", "src": "FisherMap", "srcd": "FisherMap (ru.fishermap.org)", "url": "https://ru.fishermap.org/location/6148/", "sid": "6148", "orig": "https://vk.com/wall-1707795_1674", "wb": "Ладожское озеро, бухта Петрокрепость", "raw": "59.910907, 31.480048", "agent": "fishermap_ext", "season": "ice", "dist": 50.1, "zone": "core", "sector": "Кобона / южный берег"}}, {"type": "Feature", "geometry": {"type": "Point", "coordinates": [32.304618, 60.088915]}, "properties": {"kind": "fishing", "cls": "B", "prec": 100, "fish": ["Судак"], "date": "2014-07-02", "title": "Волхов — 0,5 км на ЮЗ от «остров Ленина»", "comment": "Фото улова (судак) из поста ВК; снасть и глубина не указаны.", "src": "FisherMap", "srcd": "FisherMap (ru.fishermap.org)", "url": "https://ru.fishermap.org/location/6150/", "sid": "6150", "orig": "https://vk.com/wall-1707795_2009", "wb": "р. Волхов (нижнее течение)", "raw": "60.088915, 32.304618", "agent": "fishermap_ext", "season": "open_water", "dist": 1.7, "zone": "core", "sector": "Нижний Волхов"}}, {"type": "Feature", "geometry": {"type": "Point", "coordinates": [32.222266, 60.188431]}, "properties": {"kind": "fishing", "cls": "B", "prec": 100, "fish": ["Щука"], "date": "2019-09-07", "title": "Ладога — 7,0 км на ЮВ от «мыс Княжой»", "comment": "Фото улова (щука) из поста ВК; снасть и глубина не указаны.", "src": "FisherMap", "srcd": "FisherMap (ru.fishermap.org)", "url": "https://ru.fishermap.org/location/6158/", "sid": "6158", "orig": "https://vk.com/wall-1707795_15943", "wb": "Ладожское озеро", "raw": "60.188431, 32.222266", "agent": "fishermap_ext", "season": "open_water", "dist": 10.2, "zone": "core", "sector": "Креницы / Волховская губа"}}, {"type": "Feature", "geometry": {"type": "Point", "coordinates": [32.604719, 60.302495]}, "properties": {"kind": "fishing", "cls": "B", "prec": 100, "fish": ["Судак"], "date": "2019-06-23", "title": "Ладога — у «Заостровье»", "comment": "Фото улова (судак) из поста ВК; снасть и глубина не указаны.", "src": "FisherMap", "srcd": "FisherMap (ru.fishermap.org)", "url": "https://ru.fishermap.org/location/6160/", "sid": "6160", "orig": "https://vk.com/wall-1707795_15424", "wb": "Ладожское озеро", "raw": "60.302495, 32.604719", "agent": "fishermap_ext", "season": "open_water", "dist": 28.0, "zone": "core", "sector": "Вороново"}}, {"type": "Feature", "geometry": {"type": "Point", "coordinates": [31.225488, 59.923275]}, "properties": {"kind": "fishing", "cls": "B", "prec": 100, "fish": ["Щука"], "date": "2019-06-01", "title": "Новоладожский канал — 1,7 км на Ю от «мыс Бугровский»", "comment": "Фото улова (щука) из поста ВК; точка на Новоладожском канале в ~0,3 км от уреза Ладоги, а не в самом озере; снасть и глубина не указаны.", "src": "FisherMap", "srcd": "FisherMap (ru.fishermap.org)", "url": "https://ru.fishermap.org/location/6161/", "sid": "6161", "orig": "https://vk.com/wall-1707795_15242", "wb": "Новоладожский канал (у берега Ладоги)", "raw": "59.923275, 31.225488", "agent": "fishermap_ext", "season": "open_water", "dist": 62.7, "zone": "ext", "sector": "Шлиссельбург / бухта Петрокрепость"}}, {"type": "Feature", "geometry": {"type": "Point", "coordinates": [31.586564, 60.120446]}, "properties": {"kind": "fishing", "cls": "B", "prec": 100, "fish": ["Щука"], "date": "2019-05-23", "title": "Ладога — 2,5 км на ЮЗ от «Чёрное»", "comment": "Фото улова (щука) из поста ВК; снасть и глубина не указаны.", "src": "FisherMap", "srcd": "FisherMap (ru.fishermap.org)", "url": "https://ru.fishermap.org/location/6162/", "sid": "6162", "orig": "https://vk.com/wall-1707795_15173", "wb": "Ладожское озеро", "raw": "60.120446, 31.586564", "agent": "fishermap_ext", "season": "open_water", "dist": 39.2, "zone": "core", "sector": "Кобона / южный берег"}}, {"type": "Feature", "geometry": {"type": "Point", "coordinates": [31.347414, 59.901079]}, "properties": {"kind": "fishing", "cls": "B", "prec": 100, "fish": ["Щука", "Окунь", "Судак"], "date": "2019-05-16", "title": "Р. Назия — у «Назия»", "comment": "Фото улова (щука, окунь, судак) из поста ВК; точка на р. Назия у пересечения с Ладожскими каналами, ~0,6 км от озера; снасть и глубина не указаны.", "src": "FisherMap", "srcd": "FisherMap (ru.fishermap.org)", "url": "https://ru.fishermap.org/location/6163/", "sid": "6163", "orig": "https://vk.com/wall-1707795_15097", "wb": "р. Назия у Ладожских каналов (~0,6 км от озера)", "raw": "59.90107943, 31.34741396", "agent": "fishermap_ext", "season": "open_water", "dist": 57.2, "zone": "ext", "sector": "Шлиссельбург / бухта Петрокрепость"}}, {"type": "Feature", "geometry": {"type": "Point", "coordinates": [32.841609, 60.483548]}, "properties": {"kind": "fishing", "cls": "B", "prec": 100, "fish": ["Окунь"], "date": "2019-03-29", "title": "Свирь — 3,9 км на СЗ от «Свирица»", "comment": "Фото улова (окунь) из поста ВК; снасть и глубина не указаны.", "src": "FisherMap", "srcd": "FisherMap (ru.fishermap.org)", "url": "https://ru.fishermap.org/location/6164/", "sid": "6164", "orig": "https://vk.com/wall-1707795_14693", "wb": "р. Свирь (нижнее течение)", "raw": "60.483548, 32.841609", "agent": "fishermap_ext", "season": "ice", "dist": 51.9, "zone": "core", "sector": "Свирская губа / устье Свири"}}, {"type": "Feature", "geometry": {"type": "Point", "coordinates": [31.441577, 60.019048]}, "properties": {"kind": "fishing", "cls": "B", "prec": 100, "fish": ["Ряпушка"], "date": "2019-02-24", "title": "Бухта Петрокрепость — 5,5 км на СВ от «остров Новый Зеленец»", "comment": "Фото улова (ряпушка) из поста ВК; снасть и глубина не указаны.", "src": "FisherMap", "srcd": "FisherMap (ru.fishermap.org)", "url": "https://ru.fishermap.org/location/6165/", "sid": "6165", "orig": "https://vk.com/wall-1707795_14176", "wb": "Ладожское озеро, бухта Петрокрепость", "raw": "60.019048, 31.441577", "agent": "fishermap_ext", "season": "ice", "dist": 48.2, "zone": "core", "sector": "Кобона / южный берег"}}, {"type": "Feature", "geometry": {"type": "Point", "coordinates": [31.528745, 60.110724]}, "properties": {"kind": "fishing", "cls": "B", "prec": 100, "fish": ["Щука", "Окунь"], "date": "2019-02-26", "title": "Ладога — 2,9 км на Ю от «мыс Песоцкий нос»", "comment": "Фото улова (щука, окунь) из поста ВК; снасть и глубина не указаны.", "src": "FisherMap", "srcd": "FisherMap (ru.fishermap.org)", "url": "https://ru.fishermap.org/location/6168/", "sid": "6168", "orig": "https://vk.com/wall-1707795_14194", "wb": "Ладожское озеро", "raw": "60.110724, 31.528745", "agent": "fishermap_ext", "season": "ice", "dist": 42.4, "zone": "core", "sector": "Кобона / южный берег"}}, {"type": "Feature", "geometry": {"type": "Point", "coordinates": [32.814823, 60.486467]}, "properties": {"kind": "fishing", "cls": "B", "prec": 100, "fish": ["Щука"], "date": "2019-02-02", "title": "Свирь — 4,3 км на С от «Куйвасарь»", "comment": "Фото улова (щука) из поста ВК; снасть и глубина не указаны.", "src": "FisherMap", "srcd": "FisherMap (ru.fishermap.org)", "url": "https://ru.fishermap.org/location/6169/", "sid": "6169", "orig": "https://vk.com/wall-1707795_13813", "wb": "р. Свирь (нижнее течение)", "raw": "60.486467, 32.814823", "agent": "fishermap_ext", "season": "ice", "dist": 51.3, "zone": "core", "sector": "Свирская губа / устье Свири"}}, {"type": "Feature", "geometry": {"type": "Point", "coordinates": [31.513851, 59.981948]}, "properties": {"kind": "fishing", "cls": "B", "prec": 100, "fish": ["Окунь"], "date": "2018-12-24", "title": "Бухта Петрокрепость — 5,0 км на ЮЗ от «Кобона»", "comment": "Фото улова (окунь) из поста ВК; снасть и глубина не указаны.", "src": "FisherMap", "srcd": "FisherMap (ru.fishermap.org)", "url": "https://ru.fishermap.org/location/6170/", "sid": "6170", "orig": "https://vk.com/wall-1707795_13087", "wb": "Ладожское озеро, бухта Петрокрепость", "raw": "59.981948, 31.513851", "agent": "fishermap_ext", "dist": 45.4, "zone": "core", "sector": "Кобона / южный берег"}}, {"type": "Feature", "geometry": {"type": "Point", "coordinates": [31.524014, 59.974345]}, "properties": {"kind": "fishing", "cls": "B", "prec": 100, "fish": ["Окунь"], "date": "2018-12-20", "title": "Бухта Петрокрепость — 4,3 км на СЗ от «Лаврово»", "comment": "Фото улова (окунь) из поста ВК; снасть и глубина не указаны.", "src": "FisherMap", "srcd": "FisherMap (ru.fishermap.org)", "url": "https://ru.fishermap.org/location/6171/", "sid": "6171", "orig": "https://vk.com/wall-1707795_13013", "wb": "Ладожское озеро, бухта Петрокрепость", "raw": "59.974345, 31.524014", "agent": "fishermap_ext", "dist": 45.1, "zone": "core", "sector": "Кобона / южный берег"}}, {"type": "Feature", "geometry": {"type": "Point", "coordinates": [31.442239, 59.936183]}, "properties": {"kind": "fishing", "cls": "B", "prec": 100, "fish": ["Окунь"], "date": "2018-12-16", "title": "Бухта Петрокрепость — 4,2 км на С от «Нижняя Шальдиха»", "comment": "Фото улова (окунь) из поста ВК; снасть и глубина не указаны.", "src": "FisherMap", "srcd": "FisherMap (ru.fishermap.org)", "url": "https://ru.fishermap.org/location/6172/", "sid": "6172", "orig": "https://vk.com/wall-1707795_12920", "wb": "Ладожское озеро, бухта Петрокрепость", "raw": "59.936183, 31.442239", "agent": "fishermap_ext", "dist": 50.9, "zone": "core", "sector": "Кобона / южный берег"}}, {"type": "Feature", "geometry": {"type": "Point", "coordinates": [32.231764, 60.131684]}, "properties": {"kind": "fishing", "cls": "B", "prec": 100, "fish": ["Щука"], "date": "2018-12-13", "title": "Ладога — 5,5 км на СЗ от «Новая Ладога»", "comment": "Фото улова (щука) из поста ВК; снасть и глубина не указаны.", "src": "FisherMap", "srcd": "FisherMap (ru.fishermap.org)", "url": "https://ru.fishermap.org/location/6173/", "sid": "6173", "orig": "https://vk.com/wall-1707795_12843", "wb": "Ладожское озеро", "raw": "60.131684, 32.231764", "agent": "fishermap_ext", "dist": 4.6, "zone": "core", "sector": "Креницы / Волховская губа"}}, {"type": "Feature", "geometry": {"type": "Point", "coordinates": [32.319319, 60.120491]}, "properties": {"kind": "fishing", "cls": "B", "prec": 100, "fish": ["Щука"], "date": "2018-11-17", "title": "Устье Волхова — 1,4 км на СЗ от «Немятово-1»", "comment": "Фото улова (щука) из поста ВК; снасть и глубина не указаны.", "src": "FisherMap", "srcd": "FisherMap (ru.fishermap.org)", "url": "https://ru.fishermap.org/location/6174/", "sid": "6174", "orig": "https://vk.com/wall-1707795_12380", "wb": "р. Волхов, устье (Креницы)", "raw": "60.120491, 32.319319", "agent": "fishermap_ext", "season": "open_water", "dist": 2.3, "zone": "core", "sector": "Новая Ладога / устье Волхова"}}, {"type": "Feature", "geometry": {"type": "Point", "coordinates": [31.69197, 60.254085]}, "properties": {"kind": "fishing", "cls": "B", "prec": 100, "fish": ["Щука"], "date": "2018-08-17", "title": "Ладога — 1,0 км на СВ от «остров Киревядь»", "comment": "Фото улова (щука) из поста ВК; снасть и глубина не указаны.", "src": "FisherMap", "srcd": "FisherMap (ru.fishermap.org)", "url": "https://ru.fishermap.org/location/6175/", "sid": "6175", "orig": "https://vk.com/wall-1707795_11973", "wb": "Ладожское озеро", "raw": "60.254085, 31.69197", "agent": "fishermap_ext", "season": "open_water", "dist": 37.3, "zone": "core", "sector": "Лигово"}}, {"type": "Feature", "geometry": {"type": "Point", "coordinates": [31.692067, 60.254115]}, "properties": {"kind": "fishing", "cls": "B", "prec": 100, "fish": ["Щука"], "date": "2018-08-16", "title": "Ладога — 1,0 км на СВ от «остров Киревядь»", "comment": "Фото улова (щука) из поста ВК; снасть и глубина не указаны.", "src": "FisherMap", "srcd": "FisherMap (ru.fishermap.org)", "url": "https://ru.fishermap.org/location/6176/", "sid": "6176", "orig": "https://vk.com/wall-1707795_11955", "wb": "Ладожское озеро", "raw": "60.254115, 31.692067", "agent": "fishermap_ext", "season": "open_water", "dist": 37.2, "zone": "core", "sector": "Лигово"}}, {"type": "Feature", "geometry": {"type": "Point", "coordinates": [31.108066, 60.13338]}, "properties": {"kind": "fishing", "cls": "B", "prec": 100, "fish": ["Щука"], "date": "2018-05-27", "title": "Бухта Петрокрепость — 2,1 км на СВ от «мыс Осиновец»", "comment": "Фото улова (щука) из поста ВК; снасть и глубина не указаны.", "src": "FisherMap", "srcd": "FisherMap (ru.fishermap.org)", "url": "https://ru.fishermap.org/location/6177/", "sid": "6177", "orig": "https://vk.com/wall-1707795_11066", "wb": "Ладожское озеро, бухта Петрокрепость", "raw": "60.13338, 31.108066", "agent": "fishermap_ext", "season": "open_water", "dist": 65.8, "zone": "ext", "sector": "Осиновец / западный берег"}}, {"type": "Feature", "geometry": {"type": "Point", "coordinates": [31.533428, 60.025646]}, "properties": {"kind": "fishing", "cls": "B", "prec": 100, "fish": ["Окунь"], "date": "2018-05-15", "title": "Бухта Петрокрепость — 1,2 км на З от «Кобона»", "comment": "Фото улова (окунь) из поста ВК; снасть и глубина не указаны.", "src": "FisherMap", "srcd": "FisherMap (ru.fishermap.org)", "url": "https://ru.fishermap.org/location/6179/", "sid": "6179", "orig": "https://vk.com/wall-1707795_10922", "wb": "Ладожское озеро, бухта Петрокрепость", "raw": "60.025646, 31.533428", "agent": "fishermap_ext", "season": "open_water", "dist": 43.1, "zone": "core", "sector": "Кобона / южный берег"}}, {"type": "Feature", "geometry": {"type": "Point", "coordinates": [31.486249, 60.021826]}, "properties": {"kind": "fishing", "cls": "B", "prec": 100, "fish": ["Окунь"], "date": "2018-05-12", "title": "Бухта Петрокрепость — 3,8 км на З от «Кобона»", "comment": "Фото улова (окунь) из поста ВК; снасть и глубина не указаны.", "src": "FisherMap", "srcd": "FisherMap (ru.fishermap.org)", "url": "https://ru.fishermap.org/location/6180/", "sid": "6180", "orig": "https://vk.com/wall-1707795_10890", "wb": "Ладожское озеро, бухта Петрокрепость", "raw": "60.021826, 31.486249", "agent": "fishermap_ext", "season": "open_water", "dist": 45.7, "zone": "core", "sector": "Кобона / южный берег"}}, {"type": "Feature", "geometry": {"type": "Point", "coordinates": [32.616426, 60.342155]}, "properties": {"kind": "fishing", "cls": "B", "prec": 100, "fish": ["Окунь"], "date": "2018-02-16", "title": "Ладога — 1,6 км на СВ от «Кириково»", "comment": "Фото улова (окунь) из поста ВК; снасть и глубина не указаны.", "src": "FisherMap", "srcd": "FisherMap (ru.fishermap.org)", "url": "https://ru.fishermap.org/location/6183/", "sid": "6183", "orig": "https://vk.com/wall-1707795_9630", "wb": "Ладожское озеро", "raw": "60.342155, 32.616426", "agent": "fishermap_ext", "season": "ice", "dist": 31.9, "zone": "core", "sector": "Вороново"}}, {"type": "Feature", "geometry": {"type": "Point", "coordinates": [31.43971, 59.997778]}, "properties": {"kind": "fishing", "cls": "B", "prec": 100, "fish": ["Окунь"], "date": "2018-01-30", "title": "Бухта Петрокрепость — 4,6 км на В от «остров Новый Зеленец»", "comment": "Фото улова (окунь) из поста ВК; снасть и глубина не указаны.", "src": "FisherMap", "srcd": "FisherMap (ru.fishermap.org)", "url": "https://ru.fishermap.org/location/6184/", "sid": "6184", "orig": "https://vk.com/wall-1707795_9266", "wb": "Ладожское озеро, бухта Петрокрепость", "raw": "59.997778, 31.43971", "agent": "fishermap_ext", "season": "ice", "dist": 48.9, "zone": "core", "sector": "Кобона / южный берег"}}, {"type": "Feature", "geometry": {"type": "Point", "coordinates": [31.531942, 59.986953]}, "properties": {"kind": "fishing", "cls": "B", "prec": 100, "fish": ["Окунь"], "date": "2018-01-27", "title": "Бухта Петрокрепость — 4,1 км на Ю от «Кобона»", "comment": "Фото улова (окунь) из поста ВК; снасть и глубина не указаны.", "src": "FisherMap", "srcd": "FisherMap (ru.fishermap.org)", "url": "https://ru.fishermap.org/location/6185/", "sid": "6185", "orig": "https://vk.com/wall-1707795_9175", "wb": "Ладожское озеро, бухта Петрокрепость", "raw": "59.986953, 31.531942", "agent": "fishermap_ext", "season": "ice", "dist": 44.3, "zone": "core", "sector": "Кобона / южный берег"}}, {"type": "Feature", "geometry": {"type": "Point", "coordinates": [32.823847, 60.480681]}, "properties": {"kind": "fishing", "cls": "B", "prec": 100, "fish": ["Щука", "Окунь"], "date": "2018-01-27", "title": "Свирь у Загубской губы — 3,8 км на С от «Куйвасарь»", "comment": "Фото улова (щука, окунь) из поста ВК; снасть и глубина не указаны.", "src": "FisherMap", "srcd": "FisherMap (ru.fishermap.org)", "url": "https://ru.fishermap.org/location/6187/", "sid": "6187", "orig": "https://vk.com/wall-1707795_9162", "wb": "р. Свирь / Загубская губа", "raw": "60.480681, 32.823847", "agent": "fishermap_ext", "season": "ice", "dist": 51.1, "zone": "core", "sector": "Свирская губа / устье Свири"}}, {"type": "Feature", "geometry": {"type": "Point", "coordinates": [32.686407, 60.541373]}, "properties": {"kind": "fishing", "cls": "B", "prec": 100, "fish": ["Судак"], "date": "2017-08-22", "title": "Ладога — 3,4 км на В от «мыс Сторожно»", "comment": "Фото улова (судак) из поста ВК; снасть и глубина не указаны.", "src": "FisherMap", "srcd": "FisherMap (ru.fishermap.org)", "url": "https://ru.fishermap.org/location/6188/", "sid": "6188", "orig": "https://vk.com/wall-1707795_8027", "wb": "Ладожское озеро", "raw": "60.541373, 32.686407", "agent": "fishermap_ext", "season": "open_water", "dist": 53.2, "zone": "core", "sector": "Свирская губа / устье Свири"}}, {"type": "Feature", "geometry": {"type": "Point", "coordinates": [31.068782, 59.975585]}, "properties": {"kind": "fishing", "cls": "B", "prec": 100, "fish": ["Плотва"], "date": "2017-05-19", "title": "Бухта Петрокрепость — у «Кошкино»", "comment": "Фото улова (плотва) из поста ВК; снасть и глубина не указаны.", "src": "FisherMap", "srcd": "FisherMap (ru.fishermap.org)", "url": "https://ru.fishermap.org/location/6190/", "sid": "6190", "orig": "https://vk.com/wall-1707795_7268", "wb": "Ладожское озеро, бухта Петрокрепость", "raw": "59.975585, 31.068782", "agent": "fishermap_ext", "season": "open_water", "dist": 69.5, "zone": "ext", "sector": "Шлиссельбург / бухта Петрокрепость"}}, {"type": "Feature", "geometry": {"type": "Point", "coordinates": [32.212548, 60.175403]}, "properties": {"kind": "fishing", "cls": "B", "prec": 100, "fish": ["Окунь", "Плотва"], "date": "2017-03-19", "title": "Ладога — 7,6 км на ЮВ от «мыс Княжой»", "comment": "Фото улова (окунь, плотва) из поста ВК; снасть и глубина не указаны.", "src": "FisherMap", "srcd": "FisherMap (ru.fishermap.org)", "url": "https://ru.fishermap.org/location/6191/", "sid": "6191", "orig": "https://vk.com/wall-1707795_6305", "wb": "Ладожское озеро", "raw": "60.175403, 32.212548", "agent": "fishermap_ext", "season": "ice", "dist": 9.2, "zone": "core", "sector": "Креницы / Волховская губа"}}, {"type": "Feature", "geometry": {"type": "Point", "coordinates": [32.090174, 60.406806]}, "properties": {"kind": "fishing", "cls": "B", "prec": 100, "fish": ["Окунь", "Судак"], "date": "2014-07-15", "title": "Ладога — у «остров Сухо»", "comment": "Фото улова (окунь, судак) из поста ВК; снасть и глубина не указаны.", "src": "FisherMap", "srcd": "FisherMap (ru.fishermap.org)", "url": "https://ru.fishermap.org/location/6192/", "sid": "6192", "orig": "https://vk.com/wall-1707795_2025", "wb": "Ладожское озеро", "raw": "60.406806, 32.090174", "agent": "fishermap_ext", "season": "open_water", "dist": 35.5, "zone": "core", "sector": "о. Сухо"}}, {"type": "Feature", "geometry": {"type": "Point", "coordinates": [31.157517, 59.911673]}, "properties": {"kind": "fishing", "cls": "B", "prec": 100, "fish": ["Окунь"], "date": "2013-08-04", "title": "Староладожский канал — 2,1 км на З от «урочище Липка»", "comment": "Фото улова (окунь) из поста ВК; точка на Староладожском канале в ~0,4 км от уреза Ладоги, а не в самом озере; снасть и глубина не указаны.", "src": "FisherMap", "srcd": "FisherMap (ru.fishermap.org)", "url": "https://ru.fishermap.org/location/6193/", "sid": "6193", "orig": "https://vk.com/wall-1707795_1532", "wb": "Староладожский канал (у берега Ладоги)", "raw": "59.911673, 31.157517", "agent": "fishermap_ext", "season": "open_water", "dist": 66.7, "zone": "ext", "sector": "Шлиссельбург / бухта Петрокрепость"}}, {"type": "Feature", "geometry": {"type": "Point", "coordinates": [32.24307, 60.114413]}, "properties": {"kind": "fishing", "cls": "B", "prec": 100, "fish": ["Карась"], "date": "2019-08-12", "title": "Новоладожский канал — 4,1 км на З от «Новая Ладога»", "comment": "Фото улова (карась) из поста ВК; точка на Новоладожском канале в ~0,6 км от уреза Ладоги, а не в самом озере; снасть и глубина не указаны.", "src": "FisherMap", "srcd": "FisherMap (ru.fishermap.org)", "url": "https://ru.fishermap.org/location/6330/", "sid": "6330", "orig": "https://vk.com/wall-178041076_8244", "wb": "Новоладожский канал (у берега Ладоги)", "raw": "60.114413, 32.24307", "agent": "fishermap_ext", "season": "open_water", "dist": 3.1, "zone": "core", "sector": "Новая Ладога / устье Волхова"}}, {"type": "Feature", "geometry": {"type": "Point", "coordinates": [31.34714, 59.90166]}, "properties": {"kind": "fishing", "cls": "B", "prec": 100, "fish": ["Щука"], "date": "2019-05-13", "title": "Р. Назия — 0,4 км на СВ от «Назия»", "comment": "Фото улова (щука) из поста ВК; точка на р. Назия у пересечения с Ладожскими каналами, ~0,5 км от озера; снасть и глубина не указаны.", "src": "FisherMap", "srcd": "FisherMap (ru.fishermap.org)", "url": "https://ru.fishermap.org/location/7026/", "sid": "7026", "orig": "https://vk.com/wall-61270517_13634", "wb": "р. Назия у Ладожских каналов (~0,5 км от озера)", "raw": "59.90166, 31.34714", "agent": "fishermap_ext", "season": "open_water", "dist": 57.2, "zone": "ext", "sector": "Шлиссельбург / бухта Петрокрепость"}}, {"type": "Feature", "geometry": {"type": "Point", "coordinates": [32.324377, 60.118082]}, "properties": {"kind": "fishing", "cls": "B", "prec": 100, "fish": ["Окунь", "Судак"], "date": "2018-09-08", "title": "Устье Волхова — 1,0 км на З от «Немятово-1»", "comment": "Фото улова (окунь, судак) из поста ВК; снасть и глубина не указаны.", "src": "FisherMap", "srcd": "FisherMap (ru.fishermap.org)", "url": "https://ru.fishermap.org/location/7027/", "sid": "7027", "orig": "https://vk.com/wall-61270517_12729", "wb": "р. Волхов, устье (Креницы)", "raw": "60.118082, 32.324377", "agent": "fishermap_ext", "season": "open_water", "dist": 2.3, "zone": "core", "sector": "Новая Ладога / устье Волхова"}}, {"type": "Feature", "geometry": {"type": "Point", "coordinates": [32.310595, 60.099401]}, "properties": {"kind": "fishing", "cls": "B", "prec": 100, "fish": ["Щука"], "date": "2018-08-18", "title": "Волхов — 0,7 км на Ю от «Новая Ладога»", "comment": "Фото улова (щука) из поста ВК; снасть и глубина не указаны.", "src": "FisherMap", "srcd": "FisherMap (ru.fishermap.org)", "url": "https://ru.fishermap.org/location/7114/", "sid": "7114", "orig": "https://vk.com/wall-55049510_6447", "wb": "р. Волхов (нижнее течение)", "raw": "60.099401, 32.310595", "agent": "fishermap_ext", "season": "open_water", "dist": 1.0, "zone": "core", "sector": "Новая Ладога / устье Волхова"}}, {"type": "Feature", "geometry": {"type": "Point", "coordinates": [31.408314, 59.903125]}, "properties": {"kind": "fishing", "cls": "B", "prec": 100, "fish": ["Окунь"], "date": "2017-12-23", "title": "Бухта Петрокрепость — 2,9 км на З от «Нижняя Шальдиха»", "comment": "Фото улова (окунь) из поста ВК; снасть и глубина не указаны.", "src": "FisherMap", "srcd": "FisherMap (ru.fishermap.org)", "url": "https://ru.fishermap.org/location/7891/", "sid": "7891", "orig": "https://vk.com/wall-62316122_3810", "wb": "Ладожское озеро, бухта Петрокрепость", "raw": "59.903125, 31.408314", "agent": "fishermap_ext", "dist": 54.1, "zone": "core", "sector": "Кобона / южный берег"}}, {"type": "Feature", "geometry": {"type": "Point", "coordinates": [31.524648, 59.975496]}, "properties": {"kind": "fishing", "cls": "B", "prec": 100, "fish": ["Окунь"], "date": "2019-02-20", "title": "Бухта Петрокрепость — 4,3 км на СЗ от «Лаврово»", "comment": "Фото улова (окунь) из поста ВК; снасть и глубина не указаны.", "src": "FisherMap", "srcd": "FisherMap (ru.fishermap.org)", "url": "https://ru.fishermap.org/location/9093/", "sid": "9093", "orig": "https://vk.com/wall-164158114_27317", "wb": "Ладожское озеро, бухта Петрокрепость", "raw": "59.975496, 31.524648", "agent": "fishermap_ext", "season": "ice", "dist": 45.0, "zone": "core", "sector": "Кобона / южный берег"}}, {"type": "Feature", "geometry": {"type": "Point", "coordinates": [31.636649, 60.192721]}, "properties": {"kind": "fishing", "cls": "B", "prec": 100, "fish": ["Плотва"], "date": "2019-03-05", "title": "Ладога — 5,2 км на ЮЗ от «Кивгода»", "comment": "Фото улова (плотва) из поста ВК; снасть и глубина не указаны.", "src": "FisherMap", "srcd": "FisherMap (ru.fishermap.org)", "url": "https://ru.fishermap.org/location/9097/", "sid": "9097", "orig": "https://vk.com/wall-164158114_28896", "wb": "Ладожское озеро", "raw": "60.192721, 31.636649", "agent": "fishermap_ext", "season": "ice", "dist": 37.7, "zone": "core", "sector": "Лигово"}}, {"type": "Feature", "geometry": {"type": "Point", "coordinates": [31.571449, 60.135523]}, "properties": {"kind": "fishing", "cls": "B", "prec": 100, "fish": ["Щука"], "date": "2019-03-19", "title": "Ладога — 1,6 км на В от «мыс Песоцкий нос»", "comment": "Фото улова (щука) из поста ВК; снасть и глубина не указаны.", "src": "FisherMap", "srcd": "FisherMap (ru.fishermap.org)", "url": "https://ru.fishermap.org/location/9101/", "sid": "9101", "orig": "https://vk.com/wall-164158114_30830", "wb": "Ладожское озеро", "raw": "60.135523, 31.571449", "agent": "fishermap_ext", "season": "ice", "dist": 40.2, "zone": "core", "sector": "Кобона / южный берег"}}, {"type": "Feature", "geometry": {"type": "Point", "coordinates": [31.032891, 59.948412]}, "properties": {"kind": "fishing", "cls": "B", "prec": 100, "fish": ["Плотва"], "date": "2019-05-03", "title": "Новоладожский канал — 0,5 км на С от «Висячка»", "comment": "Фото улова (плотва) из поста ВК; точка у начала Новоладожского канала у истока Невы, ~0,2 км от уреза Ладоги; снасть и глубина не указаны.", "src": "FisherMap", "srcd": "FisherMap (ru.fishermap.org)", "url": "https://ru.fishermap.org/location/9109/", "sid": "9109", "orig": "https://vk.com/wall-164158114_40782", "wb": "Новоладожский канал у истока Невы (Шлиссельбург)", "raw": "59.948412, 31.032891", "agent": "fishermap_ext", "season": "open_water", "dist": 72.2, "zone": "ext", "sector": "Шлиссельбург / бухта Петрокрепость"}}, {"type": "Feature", "geometry": {"type": "Point", "coordinates": [31.589045, 60.132292]}, "properties": {"kind": "fishing", "cls": "B", "prec": 100, "fish": ["Плотва"], "date": "2019-04-22", "title": "Ладога — 1,6 км на ЮЗ от «Чёрное»", "comment": "Фото улова (плотва) из поста ВК; снасть и глубина не указаны.", "src": "FisherMap", "srcd": "FisherMap (ru.fishermap.org)", "url": "https://ru.fishermap.org/location/9118/", "sid": "9118", "orig": "https://vk.com/wall-164158114_37960", "wb": "Ладожское озеро", "raw": "60.132292, 31.589045", "agent": "fishermap_ext", "dist": 39.2, "zone": "core", "sector": "Кобона / южный берег"}}, {"type": "Feature", "geometry": {"type": "Point", "coordinates": [31.032691, 59.948443]}, "properties": {"kind": "fishing", "cls": "B", "prec": 100, "fish": ["Язь"], "date": "2019-05-09", "title": "Новоладожский канал — 0,5 км на С от «Висячка»", "comment": "Фото улова (язь) из поста ВК; точка у начала Новоладожского канала у истока Невы, ~0,2 км от уреза Ладоги; снасть и глубина не указаны.", "src": "FisherMap", "srcd": "FisherMap (ru.fishermap.org)", "url": "https://ru.fishermap.org/location/9123/", "sid": "9123", "orig": "https://vk.com/wall-164158114_42395", "wb": "Новоладожский канал у истока Невы (Шлиссельбург)", "raw": "59.948443, 31.032691", "agent": "fishermap_ext", "season": "open_water", "dist": 72.2, "zone": "ext", "sector": "Шлиссельбург / бухта Петрокрепость"}}, {"type": "Feature", "geometry": {"type": "Point", "coordinates": [32.324443, 60.080443]}, "properties": {"kind": "fishing", "cls": "B", "prec": 100, "fish": ["Густера", "Елец", "Лещ"], "date": "2019-05-26", "title": "Волхов — 0,5 км на С от «Юшково»", "comment": "Фото улова (густера, елец, лещ) из поста ВК; снасть и глубина не указаны.", "src": "FisherMap", "srcd": "FisherMap (ru.fishermap.org)", "url": "https://ru.fishermap.org/location/9145/", "sid": "9145", "orig": "https://vk.com/wall-164158114_46757", "wb": "р. Волхов (нижнее течение)", "raw": "60.08044339, 32.32444346", "agent": "fishermap_ext", "season": "open_water", "dist": 3.1, "zone": "core", "sector": "Нижний Волхов"}}, {"type": "Feature", "geometry": {"type": "Point", "coordinates": [32.545015, 60.288713]}, "properties": {"kind": "fishing", "cls": "B", "prec": 100, "fish": ["Судак"], "date": "2019-06-22", "title": "Ладога — 3,7 км на ЮЗ от «Заостровье»", "comment": "Фото улова (судак) из поста ВК; снасть и глубина не указаны.", "src": "FisherMap", "srcd": "FisherMap (ru.fishermap.org)", "url": "https://ru.fishermap.org/location/9173/", "sid": "9173", "orig": "https://vk.com/wall-164158114_54707", "wb": "Ладожское озеро", "raw": "60.288713, 32.545015", "agent": "fishermap_ext", "season": "open_water", "dist": 24.8, "zone": "core", "sector": "Вороново"}}, {"type": "Feature", "geometry": {"type": "Point", "coordinates": [31.338184, 59.907528]}, "properties": {"kind": "fishing", "cls": "B", "prec": 100, "fish": ["Щука", "Густера"], "date": "2019-07-03", "title": "Новоладожский канал — 0,9 км на С от «Назия»", "comment": "Фото улова (щука, густера) из поста ВК; точка на Новоладожском канале в ~0,2 км от уреза Ладоги, а не в самом озере; снасть и глубина не указаны.", "src": "FisherMap", "srcd": "FisherMap (ru.fishermap.org)", "url": "https://ru.fishermap.org/location/9180/", "sid": "9180", "orig": "https://vk.com/wall-164158114_58341", "wb": "Новоладожский канал (у берега Ладоги)", "raw": "59.90752795, 31.33818448", "agent": "fishermap_ext", "season": "open_water", "dist": 57.4, "zone": "ext", "sector": "Шлиссельбург / бухта Петрокрепость"}}, {"type": "Feature", "geometry": {"type": "Point", "coordinates": [32.241598, 60.160774]}, "properties": {"kind": "fishing", "cls": "B", "prec": 100, "fish": ["Щука"], "date": "2019-07-07", "title": "Ладога — 7,0 км на СЗ от «Глядково»", "comment": "Фото улова (щука) из поста ВК; снасть и глубина не указаны.", "src": "FisherMap", "srcd": "FisherMap (ru.fishermap.org)", "url": "https://ru.fishermap.org/location/9189/", "sid": "9189", "orig": "https://vk.com/wall-164158114_59435", "wb": "Ладожское озеро", "raw": "60.160774, 32.241598", "agent": "fishermap_ext", "season": "open_water", "dist": 7.0, "zone": "core", "sector": "Креницы / Волховская губа"}}, {"type": "Feature", "geometry": {"type": "Point", "coordinates": [31.549124, 60.023129]}, "properties": {"kind": "fishing", "cls": "B", "prec": 100, "fish": ["Щука"], "date": "2019-07-16", "title": "Новоладожский канал — у «Кобона»", "comment": "Фото улова (щука) из поста ВК; точка на Новоладожском канале в ~0,4 км от уреза Ладоги, а не в самом озере; снасть и глубина не указаны.", "src": "FisherMap", "srcd": "FisherMap (ru.fishermap.org)", "url": "https://ru.fishermap.org/location/9206/", "sid": "9206", "orig": "https://vk.com/wall-164158114_62057", "wb": "Новоладожский канал (у берега Ладоги)", "raw": "60.02312866, 31.54912412", "agent": "fishermap_ext", "season": "open_water", "dist": 42.3, "zone": "core", "sector": "Кобона / южный берег"}}, {"type": "Feature", "geometry": {"type": "Point", "coordinates": [32.315172, 60.095423]}, "properties": {"kind": "fishing", "cls": "B", "prec": 100, "fish": ["Язь"], "date": "2019-07-20", "title": "Волхов — 0,5 км на СВ от «остров Ленина»", "comment": "Фото улова (язь) из поста ВК; снасть и глубина не указаны.", "src": "FisherMap", "srcd": "FisherMap (ru.fishermap.org)", "url": "https://ru.fishermap.org/location/9212/", "sid": "9212", "orig": "https://vk.com/wall-164158114_63136", "wb": "р. Волхов (нижнее течение)", "raw": "60.095423, 32.315172", "agent": "fishermap_ext", "season": "open_water", "dist": 1.5, "zone": "core", "sector": "Нижний Волхов"}}, {"type": "Feature", "geometry": {"type": "Point", "coordinates": [31.607879, 60.129187]}, "properties": {"kind": "fishing", "cls": "B", "prec": 100, "fish": ["Щука", "Окунь"], "date": "2019-07-27", "title": "Новоладожский канал — 1,1 км на Ю от «Чёрное»", "comment": "Фото улова (щука, окунь) из поста ВК; точка на Новоладожском канале в ~0,3 км от уреза Ладоги, а не в самом озере; снасть и глубина не указаны.", "src": "FisherMap", "srcd": "FisherMap (ru.fishermap.org)", "url": "https://ru.fishermap.org/location/9231/", "sid": "9231", "orig": "https://vk.com/wall-164158114_65210", "wb": "Новоладожский канал (у берега Ладоги)", "raw": "60.129187, 31.607879", "agent": "fishermap_ext", "season": "open_water", "dist": 38.1, "zone": "core", "sector": "Кобона / южный берег"}}, {"type": "Feature", "geometry": {"type": "Point", "coordinates": [31.619132, 60.146076]}, "properties": {"kind": "fishing", "cls": "B", "prec": 100, "fish": ["Судак"], "date": "2019-08-27", "title": "Новоладожский канал — 0,9 км на С от «Чёрное»", "comment": "Фото улова (судак) из поста ВК; точка на Новоладожском канале в ~0,9 км от уреза Ладоги, а не в самом озере; снасть и глубина не указаны.", "src": "FisherMap", "srcd": "FisherMap (ru.fishermap.org)", "url": "https://ru.fishermap.org/location/9268/", "sid": "9268", "orig": "https://vk.com/wall-164158114_73745", "wb": "Новоладожский канал (у берега Ладоги)", "raw": "60.146076, 31.619132", "agent": "fishermap_ext", "season": "open_water", "dist": 37.7, "zone": "core", "sector": "Кобона / южный берег"}}, {"type": "Feature", "geometry": {"type": "Point", "coordinates": [32.208028, 60.211948]}, "properties": {"kind": "fishing", "cls": "B", "prec": 100, "fish": ["Щука"], "date": "2019-09-08", "title": "Ладога — 5,0 км на В от «мыс Княжой»", "comment": "Фото улова (щука) из поста ВК; снасть и глубина не указаны.", "src": "FisherMap", "srcd": "FisherMap (ru.fishermap.org)", "url": "https://ru.fishermap.org/location/9275/", "sid": "9275", "orig": "https://vk.com/wall-164158114_77249", "wb": "Ладожское озеро", "raw": "60.211948, 32.208028", "agent": "fishermap_ext", "season": "open_water", "dist": 12.9, "zone": "core", "sector": "Волховская губа, центр"}}, {"type": "Feature", "geometry": {"type": "Point", "coordinates": [32.641088, 60.260922]}, "properties": {"kind": "fishing", "cls": "B", "prec": 100, "fish": ["Щука", "Окунь", "Линь"], "date": "2019-09-14", "title": "Новоладожский канал — 1,3 км на Ю от «Вороново»", "comment": "Фото улова (щука, окунь, линь) из поста ВК; точка на Новоладожском канале в ~0,6 км от уреза Ладоги, а не в самом озере; снасть и глубина не указаны.", "src": "FisherMap", "srcd": "FisherMap (ru.fishermap.org)", "url": "https://ru.fishermap.org/location/9280/", "sid": "9280", "orig": "https://vk.com/wall-164158114_79146", "wb": "Новоладожский канал (у берега Ладоги)", "raw": "60.260922, 32.641088", "agent": "fishermap_ext", "season": "open_water", "dist": 26.0, "zone": "core", "sector": "Вороново"}}, {"type": "Feature", "geometry": {"type": "Point", "coordinates": [32.315008, 60.095294]}, "properties": {"kind": "fishing", "cls": "B", "prec": 100, "fish": ["Лещ"], "date": "2019-10-14", "title": "Волхов — 0,4 км на СВ от «остров Ленина»", "comment": "Фото улова (лещ) из поста ВК; снасть и глубина не указаны.", "src": "FisherMap", "srcd": "FisherMap (ru.fishermap.org)", "url": "https://ru.fishermap.org/location/9301/", "sid": "9301", "orig": "https://vk.com/wall-164158114_87337", "wb": "р. Волхов (нижнее течение)", "raw": "60.095294, 32.315008", "agent": "fishermap_ext", "season": "open_water", "dist": 1.5, "zone": "core", "sector": "Нижний Волхов"}}, {"type": "Feature", "geometry": {"type": "Point", "coordinates": [32.823661, 60.483933]}, "properties": {"kind": "fishing", "cls": "B", "prec": 100, "fish": ["Окунь"], "date": "2019-11-02", "title": "Свирь у Загубской губы — 4,1 км на С от «Куйвасарь»", "comment": "Фото улова (окунь) из поста ВК; снасть и глубина не указаны.", "src": "FisherMap", "srcd": "FisherMap (ru.fishermap.org)", "url": "https://ru.fishermap.org/location/9304/", "sid": "9304", "orig": "https://vk.com/wall-164158114_92182", "wb": "р. Свирь / Загубская губа", "raw": "60.483933, 32.823661", "agent": "fishermap_ext", "season": "open_water", "dist": 51.4, "zone": "core", "sector": "Свирская губа / устье Свири"}}, {"type": "Feature", "geometry": {"type": "Point", "coordinates": [31.345093, 59.909624]}, "properties": {"kind": "fishing", "cls": "B", "prec": 100, "fish": ["Густера", "Плотва"], "date": "2019-11-18", "title": "Бухта Петрокрепость — 1,2 км на С от «Назия»", "comment": "Фото улова (густера, плотва) из поста ВК; снасть и глубина не указаны.", "src": "FisherMap", "srcd": "FisherMap (ru.fishermap.org)", "url": "https://ru.fishermap.org/location/9317/", "sid": "9317", "orig": "https://vk.com/wall-164158114_97078", "wb": "Ладожское озеро, бухта Петрокрепость", "raw": "59.909624, 31.345093", "agent": "fishermap_ext", "season": "open_water", "dist": 57.0, "zone": "ext", "sector": "Шлиссельбург / бухта Петрокрепость"}}, {"type": "Feature", "geometry": {"type": "Point", "coordinates": [32.838545, 60.48896]}, "properties": {"kind": "fishing", "cls": "B", "prec": 100, "fish": ["Налим"], "date": "2019-11-23", "title": "Свирь — 4,3 км на З от «Птичий Остров»", "comment": "Фото улова (налим) из поста ВК; снасть и глубина не указаны.", "src": "FisherMap", "srcd": "FisherMap (ru.fishermap.org)", "url": "https://ru.fishermap.org/location/9448/", "sid": "9448", "orig": "https://vk.com/wall-110073841_135704", "wb": "р. Свирь (нижнее течение)", "raw": "60.48896008, 32.83854514", "agent": "fishermap_ext", "season": "open_water", "dist": 52.3, "zone": "core", "sector": "Свирская губа / устье Свири"}}, {"type": "Feature", "geometry": {"type": "Point", "coordinates": [32.846512, 60.549568]}, "properties": {"kind": "fishing", "cls": "B", "prec": 100, "fish": ["Щука"], "date": "2019-07-29", "title": "Ладога — 8,9 км на СЗ от «остров Конево»", "comment": "Фото улова (щука) из поста ВК; снасть и глубина не указаны.", "src": "FisherMap", "srcd": "FisherMap (ru.fishermap.org)", "url": "https://ru.fishermap.org/location/10603/", "sid": "10603", "orig": "https://vk.com/wall-165396959_178839", "wb": "Ладожское озеро", "raw": "60.549568, 32.846512", "agent": "fishermap_ext", "season": "open_water", "dist": 58.2, "zone": "ext", "sector": "Свирская губа / устье Свири"}}, {"type": "Feature", "geometry": {"type": "Point", "coordinates": [31.609383, 60.135009]}, "properties": {"kind": "fishing", "cls": "B", "prec": 100, "fish": ["Окунь"], "date": "2019-10-01", "title": "Ладога — 0,5 км на ЮЗ от «Чёрное»", "comment": "Фото улова (окунь) из поста ВК; снасть и глубина не указаны.", "src": "FisherMap", "srcd": "FisherMap (ru.fishermap.org)", "url": "https://ru.fishermap.org/location/10629/", "sid": "10629", "orig": "https://vk.com/wall-165396959_263298", "wb": "Ладожское озеро", "raw": "60.13500888, 31.60938263", "agent": "fishermap_ext", "season": "open_water", "dist": 38.1, "zone": "core", "sector": "Кобона / южный берег"}}, {"type": "Feature", "geometry": {"type": "Point", "coordinates": [31.091047, 60.016226]}, "properties": {"kind": "fishing", "cls": "B", "prec": 100, "fish": ["Щука"], "date": "2019-10-25", "title": "Бухта Петрокрепость — 1,7 км на ЮЗ от «мыс Сосновец»", "comment": "Фото улова (щука) из поста ВК; снасть и глубина не указаны.", "src": "FisherMap", "srcd": "FisherMap (ru.fishermap.org)", "url": "https://ru.fishermap.org/location/10703/", "sid": "10703", "orig": "https://vk.com/wall-114375980_130585", "wb": "Ладожское озеро, бухта Петрокрепость", "raw": "60.016226, 31.091047", "agent": "fishermap_ext", "season": "open_water", "dist": 67.5, "zone": "ext", "sector": "Шлиссельбург / бухта Петрокрепость"}}, {"type": "Feature", "geometry": {"type": "Point", "coordinates": [32.287226, 60.113432]}, "properties": {"kind": "fishing", "cls": "B", "prec": 100, "fish": ["Окунь"], "date": "2019-09-29", "title": "Новоладожский канал — 1,8 км на СЗ от «Новая Ладога»", "comment": "Фото улова (окунь) из поста ВК; точка на Новоладожском канале в ~1,2 км от уреза Ладоги, а не в самом озере; снасть и глубина не указаны.", "src": "FisherMap", "srcd": "FisherMap (ru.fishermap.org)", "url": "https://ru.fishermap.org/location/10705/", "sid": "10705", "orig": "https://vk.com/wall-114375980_129571", "wb": "Новоладожский канал (у берега Ладоги)", "raw": "60.113432, 32.287226", "agent": "fishermap_ext", "season": "open_water", "dist": 1.1, "zone": "core", "sector": "Новая Ладога / устье Волхова"}}, {"type": "Feature", "geometry": {"type": "Point", "coordinates": [32.839345, 60.52526]}, "properties": {"kind": "fishing", "cls": "B", "prec": 100, "fish": ["Щука", "Окунь"], "date": "2018-08-28", "title": "Ладога — 6,8 км на СЗ от «Птичий Остров»", "comment": "Фото улова (щука, окунь) из поста ВК; снасть и глубина не указаны.", "src": "FisherMap", "srcd": "FisherMap (ru.fishermap.org)", "url": "https://ru.fishermap.org/location/10893/", "sid": "10893", "orig": "https://vk.com/wall-170292386_1556", "wb": "Ладожское озеро", "raw": "60.52526, 32.839345", "agent": "fishermap_ext", "season": "open_water", "dist": 55.7, "zone": "ext", "sector": "Свирская губа / устье Свири"}}, {"type": "Feature", "geometry": {"type": "Point", "coordinates": [32.846841, 60.527016]}, "properties": {"kind": "fishing", "cls": "B", "prec": 100, "fish": ["Окунь"], "date": "2018-09-01", "title": "Ладога — 6,7 км на СЗ от «Птичий Остров»", "comment": "Фото улова (окунь) из поста ВК; снасть и глубина не указаны.", "src": "FisherMap", "srcd": "FisherMap (ru.fishermap.org)", "url": "https://ru.fishermap.org/location/10899/", "sid": "10899", "orig": "https://vk.com/wall-170292386_2979", "wb": "Ладожское озеро", "raw": "60.527016, 32.846841", "agent": "fishermap_ext", "season": "open_water", "dist": 56.1, "zone": "ext", "sector": "Свирская губа / устье Свири"}}, {"type": "Feature", "geometry": {"type": "Point", "coordinates": [31.563588, 60.121404]}, "properties": {"kind": "fishing", "cls": "B", "prec": 100, "fish": ["Щука"], "date": "2019-07-05", "title": "Ладога — 1,9 км на ЮВ от «мыс Песоцкий нос»", "comment": "Фото улова (щука) из поста ВК; снасть и глубина не указаны.", "src": "FisherMap", "srcd": "FisherMap (ru.fishermap.org)", "url": "https://ru.fishermap.org/location/11075/", "sid": "11075", "orig": "https://vk.com/wall-150246881_299609", "wb": "Ладожское озеро", "raw": "60.121404, 31.563588", "agent": "fishermap_ext", "season": "open_water", "dist": 40.5, "zone": "core", "sector": "Кобона / южный берег"}}, {"type": "Feature", "geometry": {"type": "Point", "coordinates": [31.347781, 59.901404]}, "properties": {"kind": "fishing", "cls": "B", "prec": 100, "fish": ["Щука"], "date": "2019-07-22", "title": "Р. Назия — 0,4 км на СВ от «Назия»", "comment": "Фото улова (щука) из поста ВК; точка на р. Назия у пересечения с Ладожскими каналами, ~0,5 км от озера; снасть и глубина не указаны.", "src": "FisherMap", "srcd": "FisherMap (ru.fishermap.org)", "url": "https://ru.fishermap.org/location/11093/", "sid": "11093", "orig": "https://vk.com/wall-150246881_305782", "wb": "р. Назия у Ладожских каналов (~0,5 км от озера)", "raw": "59.901404, 31.347781", "agent": "fishermap_ext", "season": "open_water", "dist": 57.2, "zone": "ext", "sector": "Шлиссельбург / бухта Петрокрепость"}}, {"type": "Feature", "geometry": {"type": "Point", "coordinates": [32.822223, 60.527898]}, "properties": {"kind": "fishing", "cls": "B", "prec": 100, "fish": ["Щука"], "date": "2019-09-11", "title": "Ладога — 7,6 км на СЗ от «Птичий Остров»", "comment": "Фото улова (щука) из поста ВК; снасть и глубина не указаны.", "src": "FisherMap", "srcd": "FisherMap (ru.fishermap.org)", "url": "https://ru.fishermap.org/location/11122/", "sid": "11122", "orig": "https://vk.com/wall-150246881_320508", "wb": "Ладожское озеро", "raw": "60.527898, 32.822223", "agent": "fishermap_ext", "season": "open_water", "dist": 55.4, "zone": "ext", "sector": "Свирская губа / устье Свири"}}, {"type": "Feature", "geometry": {"type": "Point", "coordinates": [32.272784, 60.104283]}, "properties": {"kind": "fishing", "cls": "B", "prec": 100, "fish": ["Карась"], "date": "2019-08-12", "title": "Староладожский канал — 2,3 км на З от «Новая Ладога»", "comment": "Фото улова (карась) из поста ВК; точка у широкого участка Староладожского канала в западной части Новой Ладоги, ~2 км от озера; снасть и глубина не указаны.", "src": "FisherMap", "srcd": "FisherMap (ru.fishermap.org)", "url": "https://ru.fishermap.org/location/11480/", "sid": "11480", "orig": "https://vk.com/wall-294312_1191671", "wb": "Староладожский канал, расширение в Новой Ладоге", "raw": "60.104283, 32.272784", "agent": "fishermap_ext", "season": "open_water", "dist": 1.2, "zone": "core", "sector": "Новая Ладога / устье Волхова"}}, {"type": "Feature", "geometry": {"type": "Point", "coordinates": [32.991103, 60.503024]}, "properties": {"kind": "fishing", "cls": "B", "prec": 100, "fish": ["Лещ"], "date": "2019-05-15", "title": "Свирь — 0,6 км на В от «остров Конево»", "comment": "Фото улова (лещ) из поста ВК; снасть и глубина не указаны.", "src": "FisherMap", "srcd": "FisherMap (ru.fishermap.org)", "url": "https://ru.fishermap.org/location/11557/", "sid": "11557", "orig": "https://vk.com/wall-161376023_161418", "wb": "р. Свирь (нижнее течение)", "raw": "60.503024, 32.991103", "agent": "fishermap_ext", "season": "open_water", "dist": 58.7, "zone": "ext", "sector": "Свирская губа / устье Свири"}}, {"type": "Feature", "geometry": {"type": "Point", "coordinates": [31.368193, 59.910414]}, "properties": {"kind": "fishing", "cls": "B", "prec": 100, "fish": ["Щука"], "date": "2019-06-10", "title": "Бухта Петрокрепость — 1,9 км на СВ от «Назия»", "comment": "Фото улова (щука) из поста ВК; снасть и глубина не указаны.", "src": "FisherMap", "srcd": "FisherMap (ru.fishermap.org)", "url": "https://ru.fishermap.org/location/11589/", "sid": "11589", "orig": "https://vk.com/wall-161376023_174465", "wb": "Ладожское озеро, бухта Петрокрепость", "raw": "59.910414, 31.368193", "agent": "fishermap_ext", "season": "open_water", "dist": 55.8, "zone": "ext", "sector": "Кобона / южный берег"}}, {"type": "Feature", "geometry": {"type": "Point", "coordinates": [32.326021, 60.102013]}, "properties": {"kind": "fishing", "cls": "B", "prec": 100, "fish": ["Судак"], "date": "2019-08-18", "title": "Волхов — у «Березье»", "comment": "Фото улова (судак) из поста ВК; снасть и глубина не указаны.", "src": "FisherMap", "srcd": "FisherMap (ru.fishermap.org)", "url": "https://ru.fishermap.org/location/11621/", "sid": "11621", "orig": "https://vk.com/wall-161376023_215999", "wb": "р. Волхов (нижнее течение)", "raw": "60.10201304, 32.3260206", "agent": "fishermap_ext", "season": "open_water", "dist": 1.8, "zone": "core", "sector": "Новая Ладога / устье Волхова"}}, {"type": "Feature", "geometry": {"type": "Point", "coordinates": [32.325533, 60.110836]}, "properties": {"kind": "fishing", "cls": "B", "prec": 100, "fish": ["Щука"], "date": "2019-10-23", "title": "Устье Волхова — 0,7 км на З от «Немятово-2»", "comment": "Фото улова (щука) из поста ВК; снасть и глубина не указаны.", "src": "FisherMap", "srcd": "FisherMap (ru.fishermap.org)", "url": "https://ru.fishermap.org/location/11684/", "sid": "11684", "orig": "https://vk.com/wall-56433000_2005158", "wb": "р. Волхов, устье (Креницы)", "raw": "60.110836, 32.325533", "agent": "fishermap_ext", "season": "open_water", "dist": 1.9, "zone": "core", "sector": "Новая Ладога / устье Волхова"}}, {"type": "Feature", "geometry": {"type": "Point", "coordinates": [33.059088, 60.513022]}, "properties": {"kind": "fishing", "cls": "B", "prec": 100, "fish": ["Щука"], "date": "2013-10-31", "title": "Свирь — 1,5 км на СВ от «Сластницыно»", "comment": "Фото улова (щука) из поста ВК; снасть и глубина не указаны.", "src": "FisherMap", "srcd": "FisherMap (ru.fishermap.org)", "url": "https://ru.fishermap.org/location/12806/", "sid": "12806", "orig": "https://vk.com/wall-49265545_258", "wb": "р. Свирь (нижнее течение)", "raw": "60.513022, 33.059088", "agent": "fishermap_ext", "season": "open_water", "dist": 62.0, "zone": "ext", "sector": "Свирская губа / устье Свири"}}, {"type": "Feature", "geometry": {"type": "Point", "coordinates": [31.136785, 59.984857]}, "properties": {"kind": "fishing", "cls": "B", "prec": 100, "fish": ["Окунь"], "date": "2019-09-04", "title": "Бухта Петрокрепость — 2,3 км на В от «мыс Кошкинский носок»", "comment": "Фото улова (окунь) из поста ВК; снасть и глубина не указаны.", "src": "FisherMap", "srcd": "FisherMap (ru.fishermap.org)", "url": "https://ru.fishermap.org/location/13137/", "sid": "13137", "orig": "https://vk.com/wall-52321266_491048", "wb": "Ладожское озеро, бухта Петрокрепость", "raw": "59.984857, 31.136785", "agent": "fishermap_ext", "season": "open_water", "dist": 65.6, "zone": "ext", "sector": "Шлиссельбург / бухта Петрокрепость"}}, {"type": "Feature", "geometry": {"type": "Point", "coordinates": [32.223892, 60.191962]}, "properties": {"kind": "fishing", "cls": "B", "prec": 100, "fish": ["Щука"], "date": "2019-09-09", "title": "Ладога — 6,8 км на ЮВ от «мыс Княжой»", "comment": "Фото улова (щука) из поста ВК; снасть и глубина не указаны.", "src": "FisherMap", "srcd": "FisherMap (ru.fishermap.org)", "url": "https://ru.fishermap.org/location/13142/", "sid": "13142", "orig": "https://vk.com/wall-52321266_491861", "wb": "Ладожское озеро", "raw": "60.191962, 32.223892", "agent": "fishermap_ext", "season": "open_water", "dist": 10.6, "zone": "core", "sector": "Креницы / Волховская губа"}}, {"type": "Feature", "geometry": {"type": "Point", "coordinates": [31.069336, 60.081712]}, "properties": {"kind": "fishing", "cls": "B", "prec": 100, "fish": ["Щука", "Налим"], "date": "2019-11-07", "title": "Бухта Петрокрепость — 0,8 км на С от «Коккорево»", "comment": "Фото улова (щука, налим) из поста ВК; точка у самого уреза (ловля с берега или у кромки); снасть и глубина не указаны.", "src": "FisherMap", "srcd": "FisherMap (ru.fishermap.org)", "url": "https://ru.fishermap.org/location/13164/", "sid": "13164", "orig": "https://vk.com/wall-52321266_503492", "wb": "Ладожское озеро, бухта Петрокрепость", "raw": "60.08171164, 31.06933594", "agent": "fishermap_ext", "season": "open_water", "dist": 67.9, "zone": "ext", "sector": "Осиновец / западный берег"}}, {"type": "Feature", "geometry": {"type": "Point", "coordinates": [31.345776, 59.902643]}, "properties": {"kind": "fishing", "cls": "B", "prec": 100, "fish": ["Налим"], "date": "2019-11-29", "title": "Новоладожский канал — 0,4 км на СВ от «Назия»", "comment": "Фото улова (налим) из поста ВК; точка на Новоладожском канале в ~0,4 км от уреза Ладоги, а не в самом озере; снасть и глубина не указаны.", "src": "FisherMap", "srcd": "FisherMap (ru.fishermap.org)", "url": "https://ru.fishermap.org/location/13168/", "sid": "13168", "orig": "https://vk.com/wall-52321266_508551", "wb": "Новоладожский канал (у берега Ладоги)", "raw": "59.902643, 31.345776", "agent": "fishermap_ext", "season": "open_water", "dist": 57.3, "zone": "ext", "sector": "Шлиссельбург / бухта Петрокрепость"}}, {"type": "Feature", "geometry": {"type": "Point", "coordinates": [31.074211, 60.099086]}, "properties": {"kind": "fishing", "cls": "B", "prec": 100, "fish": ["Налим"], "date": "2019-11-20", "title": "Бухта Петрокрепость — 2,2 км на Ю от «мыс Осиновец»", "comment": "Фото улова (налим) из поста ВК; снасть и глубина не указаны.", "src": "FisherMap", "srcd": "FisherMap (ru.fishermap.org)", "url": "https://ru.fishermap.org/location/13172/", "sid": "13172", "orig": "https://vk.com/wall-52321266_506337", "wb": "Ладожское озеро, бухта Петрокрепость", "raw": "60.099086, 31.074211", "agent": "fishermap_ext", "season": "open_water", "dist": 67.6, "zone": "ext", "sector": "Осиновец / западный берег"}}, {"type": "Feature", "geometry": {"type": "Point", "coordinates": [31.603889, 60.126973]}, "properties": {"kind": "fishing", "cls": "B", "prec": 100, "fish": ["Окунь"], "date": "2019-11-26", "title": "Новоладожский канал — 1,4 км на ЮЗ от «Чёрное»", "comment": "Фото улова (окунь) из поста ВК; точка на Новоладожском канале в ~0,3 км от уреза Ладоги, а не в самом озере; снасть и глубина не указаны.", "src": "FisherMap", "srcd": "FisherMap (ru.fishermap.org)", "url": "https://ru.fishermap.org/location/13175/", "sid": "13175", "orig": "https://vk.com/wall-52321266_507697", "wb": "Новоладожский канал (у берега Ладоги)", "raw": "60.12697277, 31.60388947", "agent": "fishermap_ext", "season": "open_water", "dist": 38.3, "zone": "core", "sector": "Кобона / южный берег"}}, {"type": "Feature", "geometry": {"type": "Point", "coordinates": [32.811084, 60.453156]}, "properties": {"kind": "fishing", "cls": "B", "prec": 100, "fish": ["Плотва"], "date": "2019-05-15", "title": "Загубская губа — 0,6 км на С от «Куйвасарь»", "comment": "Фото улова (плотва) из поста ВК; снасть и глубина не указаны.", "src": "FisherMap", "srcd": "FisherMap (ru.fishermap.org)", "url": "https://ru.fishermap.org/location/13400/", "sid": "13400", "orig": "https://vk.com/wall-10618634_376552", "wb": "Загубская губа (дельта Свири)", "raw": "60.453156, 32.811084", "agent": "fishermap_ext", "season": "open_water", "dist": 48.2, "zone": "core", "sector": "Свирица / Загубская губа"}}, {"type": "Feature", "geometry": {"type": "Point", "coordinates": [32.048983, 60.267281]}, "properties": {"kind": "fishing", "cls": "B", "prec": 100, "fish": ["Щука"], "date": "2019-06-03", "title": "Ладога — 1,9 км на СЗ от «мыс Воронов»", "comment": "Фото улова (щука) из поста ВК; снасть и глубина не указаны.", "src": "FisherMap", "srcd": "FisherMap (ru.fishermap.org)", "url": "https://ru.fishermap.org/location/13409/", "sid": "13409", "orig": "https://vk.com/wall-10618634_379666", "wb": "Ладожское озеро", "raw": "60.267281, 32.048983", "agent": "fishermap_ext", "season": "open_water", "dist": 22.7, "zone": "core", "sector": "о. Птинов"}}, {"type": "Feature", "geometry": {"type": "Point", "coordinates": [32.204395, 60.207024]}, "properties": {"kind": "fishing", "cls": "B", "prec": 100, "fish": ["Щука"], "date": "2019-06-08", "title": "Ладога — 5,0 км на ЮВ от «мыс Княжой»", "comment": "Фото улова (щука) из поста ВК; снасть и глубина не указаны.", "src": "FisherMap", "srcd": "FisherMap (ru.fishermap.org)", "url": "https://ru.fishermap.org/location/13412/", "sid": "13412", "orig": "https://vk.com/wall-10618634_380875", "wb": "Ладожское озеро", "raw": "60.207024, 32.204395", "agent": "fishermap_ext", "season": "open_water", "dist": 12.5, "zone": "core", "sector": "Волховская губа, центр"}}, {"type": "Feature", "geometry": {"type": "Point", "coordinates": [32.338514, 60.115556]}, "properties": {"kind": "fishing", "cls": "B", "prec": 100, "fish": ["Щука"], "date": "2019-07-24", "title": "Устье Волхова — у «Немятово-1»", "comment": "Фото улова (щука) из поста ВК; снасть и глубина не указаны.", "src": "FisherMap", "srcd": "FisherMap (ru.fishermap.org)", "url": "https://ru.fishermap.org/location/13423/", "sid": "13423", "orig": "https://vk.com/wall-10618634_388731", "wb": "р. Волхов, устье (Креницы)", "raw": "60.1155564, 32.33851433", "agent": "fishermap_ext", "season": "open_water", "dist": 2.8, "zone": "core", "sector": "Новая Ладога / устье Волхова"}}, {"type": "Feature", "geometry": {"type": "Point", "coordinates": [32.324611, 60.013785]}, "properties": {"kind": "fishing", "cls": "B", "prec": 100, "fish": ["Густера", "Лещ"], "date": "2019-06-18", "title": "Волхов — 0,5 км на ЮЗ от «Горчаковщина»", "comment": "Фото улова (густера, лещ) из поста ВК; на южной границе зоны — Волхов у Старой Ладоги; снасть и глубина не указаны.", "src": "FisherMap", "srcd": "FisherMap (ru.fishermap.org)", "url": "https://ru.fishermap.org/location/13429/", "sid": "13429", "orig": "https://vk.com/wall-10618634_382527", "wb": "р. Волхов (нижнее течение)", "raw": "60.013785, 32.324611", "agent": "fishermap_ext", "season": "open_water", "dist": 10.1, "zone": "core", "sector": "Старая Ладога / Волхов"}}, {"type": "Feature", "geometry": {"type": "Point", "coordinates": [32.918215, 60.482262]}, "properties": {"kind": "fishing", "cls": "B", "prec": 100, "fish": ["Окунь"], "date": "2019-11-04", "title": "Свирь — 0,8 км на СВ от «Птичий Остров»", "comment": "Фото улова (окунь) из поста ВК; снасть и глубина не указаны.", "src": "FisherMap", "srcd": "FisherMap (ru.fishermap.org)", "url": "https://ru.fishermap.org/location/13435/", "sid": "13435", "orig": "https://vk.com/wall-10618634_397040", "wb": "р. Свирь у впадения Паши (Свирица)", "raw": "60.48226206, 32.9182148", "agent": "fishermap_ext", "season": "open_water", "dist": 54.4, "zone": "core", "sector": "Свирская губа / устье Свири"}}, {"type": "Feature", "geometry": {"type": "Point", "coordinates": [32.325845, 60.011947]}, "properties": {"kind": "fishing", "cls": "B", "prec": 100, "fish": ["Лещ"], "date": "2019-10-17", "title": "Волхов — 0,4 км на СВ от «Сельцо-Горка»", "comment": "Фото улова (лещ) из поста ВК; на южной границе зоны — Волхов у Старой Ладоги; снасть и глубина не указаны.", "src": "FisherMap", "srcd": "FisherMap (ru.fishermap.org)", "url": "https://ru.fishermap.org/location/13439/", "sid": "13439", "orig": "https://vk.com/wall-10618634_395985", "wb": "р. Волхов (нижнее течение)", "raw": "60.011947, 32.325845", "agent": "fishermap_ext", "season": "open_water", "dist": 10.4, "zone": "core", "sector": "Старая Ладога / Волхов"}}, {"type": "Feature", "geometry": {"type": "Point", "coordinates": [32.338351, 60.068341]}, "properties": {"kind": "fishing", "cls": "B", "prec": 100, "fish": ["Лещ"], "date": "2019-09-17", "title": "Волхов — у «Речников»", "comment": "Фото улова (лещ) из поста ВК; снасть и глубина не указаны.", "src": "FisherMap", "srcd": "FisherMap (ru.fishermap.org)", "url": "https://ru.fishermap.org/location/13441/", "sid": "13441", "orig": "https://vk.com/wall-10618634_393580", "wb": "р. Волхов (нижнее течение)", "raw": "60.068341, 32.338351", "agent": "fishermap_ext", "season": "open_water", "dist": 4.6, "zone": "core", "sector": "Нижний Волхов"}}, {"type": "Feature", "geometry": {"type": "Point", "coordinates": [32.318611, 60.120745]}, "properties": {"kind": "fishing", "cls": "B", "prec": 100, "fish": ["Щука", "Карп", "Лещ"], "date": "2019-09-02", "title": "Устье Волхова — 1,4 км на СЗ от «Немятово-1»", "comment": "Фото улова (щука, карп, лещ) из поста ВК; снасть и глубина не указаны.", "src": "FisherMap", "srcd": "FisherMap (ru.fishermap.org)", "url": "https://ru.fishermap.org/location/14097/", "sid": "14097", "orig": "https://vk.com/wall-47864815_4174", "wb": "р. Волхов, устье (Креницы)", "raw": "60.120745, 32.318611", "agent": "fishermap_ext", "season": "open_water", "dist": 2.3, "zone": "core", "sector": "Новая Ладога / устье Волхова"}}, {"type": "Feature", "geometry": {"type": "Point", "coordinates": [32.258078, 60.15183]}, "properties": {"kind": "fishing", "cls": "B", "prec": 100, "fish": ["Щука", "Окунь"], "date": "2019-09-05", "title": "Ладога — 5,7 км на СЗ от «Глядково»", "comment": "Фото улова (щука, окунь) из поста ВК; снасть и глубина не указаны.", "src": "FisherMap", "srcd": "FisherMap (ru.fishermap.org)", "url": "https://ru.fishermap.org/location/14098/", "sid": "14098", "orig": "https://vk.com/wall-47864815_4211", "wb": "Ладожское озеро", "raw": "60.15183, 32.258078", "agent": "fishermap_ext", "season": "open_water", "dist": 5.7, "zone": "core", "sector": "Креницы / Волховская губа"}}, {"type": "Feature", "geometry": {"type": "Point", "coordinates": [32.313622, 60.100498]}, "properties": {"kind": "fishing", "cls": "B", "prec": 100, "fish": ["Лещ"], "date": "2016-05-22", "title": "Волхов — 0,5 км на Ю от «Новая Ладога»", "comment": "Фото улова (лещ) из поста ВК; снасть и глубина не указаны.", "src": "FisherMap", "srcd": "FisherMap (ru.fishermap.org)", "url": "https://ru.fishermap.org/location/14369/", "sid": "14369", "orig": "https://vk.com/wall-1610594_16023", "wb": "р. Волхов (нижнее течение)", "raw": "60.100498, 32.313622", "agent": "fishermap_ext", "season": "open_water", "dist": 1.1, "zone": "core", "sector": "Новая Ладога / устье Волхова"}}, {"type": "Feature", "geometry": {"type": "Point", "coordinates": [31.535041, 60.10428]}, "properties": {"kind": "fishing", "cls": "B", "prec": 100, "fish": ["Плотва"], "date": "2016-12-24", "title": "Ладога — 3,3 км на С от «Леднево»", "comment": "Фото улова (плотва) из поста ВК; снасть и глубина не указаны.", "src": "FisherMap", "srcd": "FisherMap (ru.fishermap.org)", "url": "https://ru.fishermap.org/location/14383/", "sid": "14383", "orig": "https://vk.com/wall-1610594_18615", "wb": "Ладожское озеро", "raw": "60.10428, 31.535041", "agent": "fishermap_ext", "season": "ice", "dist": 42.1, "zone": "core", "sector": "Кобона / южный берег"}}, {"type": "Feature", "geometry": {"type": "Point", "coordinates": [31.024484, 59.95145]}, "properties": {"kind": "fishing", "cls": "B", "prec": 100, "fish": ["Налим"], "date": "2017-11-17", "title": "Исток Невы — 0,8 км на З от «Ореховый остров»", "comment": "Фото улова (налим) из поста ВК; снасть и глубина не указаны.", "src": "FisherMap", "srcd": "FisherMap (ru.fishermap.org)", "url": "https://ru.fishermap.org/location/14391/", "sid": "14391", "orig": "https://vk.com/wall-1610594_22701", "wb": "р. Нева, исток (Шлиссельбург)", "raw": "59.95145, 31.024484", "agent": "fishermap_ext", "season": "open_water", "dist": 72.5, "zone": "ext", "sector": "Шлиссельбург / бухта Петрокрепость"}}, {"type": "Feature", "geometry": {"type": "Point", "coordinates": [31.072035, 59.978681]}, "properties": {"kind": "fishing", "cls": "B", "prec": 100, "fish": ["Щука"], "date": "2019-04-19", "title": "Бухта Петрокрепость — у «Кошкино»", "comment": "Фото улова (щука) из поста ВК; снасть и глубина не указаны.", "src": "FisherMap", "srcd": "FisherMap (ru.fishermap.org)", "url": "https://ru.fishermap.org/location/14539/", "sid": "14539", "orig": "https://vk.com/wall-160016658_9282", "wb": "Ладожское озеро, бухта Петрокрепость", "raw": "59.978681, 31.072035", "agent": "fishermap_ext", "dist": 69.3, "zone": "ext", "sector": "Шлиссельбург / бухта Петрокрепость"}}, {"type": "Feature", "geometry": {"type": "Point", "coordinates": [32.323682, 60.013385]}, "properties": {"kind": "fishing", "cls": "B", "prec": 100, "fish": ["Лещ"], "date": "2017-12-28", "title": "Волхов — 0,5 км на С от «Сельцо-Горка»", "comment": "Фото улова (лещ) из поста ВК; на южной границе зоны — Волхов у Старой Ладоги; снасть и глубина не указаны.", "src": "FisherMap", "srcd": "FisherMap (ru.fishermap.org)", "url": "https://ru.fishermap.org/location/14815/", "sid": "14815", "orig": "https://vk.com/wall-158579727_35", "wb": "р. Волхов (нижнее течение)", "raw": "60.013385, 32.323682", "agent": "fishermap_ext", "dist": 10.2, "zone": "core", "sector": "Старая Ладога / Волхов"}}, {"type": "Feature", "geometry": {"type": "Point", "coordinates": [32.80718, 60.505005]}, "properties": {"kind": "fishing", "cls": "B", "prec": 100, "fish": ["Чехонь"], "date": "2019-02-27", "title": "Свирь — 6,4 км на С от «Куйвасарь»", "comment": "Фото улова (чехонь) из поста ВК; снасть и глубина не указаны.", "src": "FisherMap", "srcd": "FisherMap (ru.fishermap.org)", "url": "https://ru.fishermap.org/location/15076/", "sid": "15076", "orig": "https://vk.com/wall-156915515_4107", "wb": "р. Свирь (нижнее течение)", "raw": "60.505005, 32.80718", "agent": "fishermap_ext", "season": "ice", "dist": 52.8, "zone": "core", "sector": "Свирская губа / устье Свири"}}, {"type": "Feature", "geometry": {"type": "Point", "coordinates": [32.248314, 60.165785]}, "properties": {"kind": "fishing", "cls": "B", "prec": 100, "fish": ["Щука"], "date": "2019-06-17", "title": "Ладога — 7,0 км на СЗ от «Глядково»", "comment": "Фото улова (щука) из поста ВК; снасть и глубина не указаны.", "src": "FisherMap", "srcd": "FisherMap (ru.fishermap.org)", "url": "https://ru.fishermap.org/location/15368/", "sid": "15368", "orig": "https://vk.com/wall-162151399_14998", "wb": "Ладожское озеро", "raw": "60.165785, 32.248314", "agent": "fishermap_ext", "season": "open_water", "dist": 7.4, "zone": "core", "sector": "Креницы / Волховская губа"}}, {"type": "Feature", "geometry": {"type": "Point", "coordinates": [31.578757, 59.946064]}, "properties": {"kind": "fishing", "cls": "B", "prec": 100, "fish": ["Щука", "Лещ"], "date": "2019-06-28", "title": "Староладожский канал — 0,4 км на ЮЗ от «Лаврово»", "comment": "Фото улова (щука, лещ) из поста ВК; точка на Староладожском канале в ~1,5 км от уреза Ладоги, а не в самом озере; снасть и глубина не указаны.", "src": "FisherMap", "srcd": "FisherMap (ru.fishermap.org)", "url": "https://ru.fishermap.org/location/15377/", "sid": "15377", "orig": "https://vk.com/wall-162151399_17557", "wb": "Староладожский канал (у берега Ладоги)", "raw": "59.946064, 31.578757", "agent": "fishermap_ext", "season": "open_water", "dist": 43.4, "zone": "core", "sector": "Кобона / южный берег"}}, {"type": "Feature", "geometry": {"type": "Point", "coordinates": [31.55379, 59.982637]}, "properties": {"kind": "fishing", "cls": "B", "prec": 100, "fish": ["Щука", "Судак"], "date": "2019-07-07", "title": "Бухта Петрокрепость — 4,0 км на СЗ от «Лаврово»", "comment": "Фото улова (щука, судак) из поста ВК; снасть и глубина не указаны.", "src": "FisherMap", "srcd": "FisherMap (ru.fishermap.org)", "url": "https://ru.fishermap.org/location/15385/", "sid": "15385", "orig": "https://vk.com/wall-162151399_18909", "wb": "Ладожское озеро, бухта Петрокрепость", "raw": "59.982637, 31.55379", "agent": "fishermap_ext", "season": "open_water", "dist": 43.2, "zone": "core", "sector": "Кобона / южный берег"}}, {"type": "Feature", "geometry": {"type": "Point", "coordinates": [32.41823, 60.20561]}, "properties": {"kind": "fishing", "cls": "B", "prec": 100, "fish": ["Судак"], "date": "2019-07-08", "title": "Ладога — 9,7 км на СВ от «Глядково»", "comment": "Фото улова (судак) из поста ВК; снасть и глубина не указаны.", "src": "FisherMap", "srcd": "FisherMap (ru.fishermap.org)", "url": "https://ru.fishermap.org/location/15386/", "sid": "15386", "orig": "https://vk.com/wall-162151399_19155", "wb": "Ладожское озеро", "raw": "60.20561, 32.41823", "agent": "fishermap_ext", "season": "open_water", "dist": 13.3, "zone": "core", "sector": "Волховская губа, центр"}}, {"type": "Feature", "geometry": {"type": "Point", "coordinates": [32.2246, 60.213908]}, "properties": {"kind": "fishing", "cls": "B", "prec": 100, "fish": ["Щука", "Судак"], "date": "2019-07-12", "title": "Ладога — 5,8 км на В от «мыс Княжой»", "comment": "Фото улова (щука, судак) из поста ВК; снасть и глубина не указаны.", "src": "FisherMap", "srcd": "FisherMap (ru.fishermap.org)", "url": "https://ru.fishermap.org/location/15389/", "sid": "15389", "orig": "https://vk.com/wall-162151399_19843", "wb": "Ладожское озеро", "raw": "60.213908, 32.2246", "agent": "fishermap_ext", "season": "open_water", "dist": 12.8, "zone": "core", "sector": "Волховская губа, центр"}}, {"type": "Feature", "geometry": {"type": "Point", "coordinates": [31.622075, 60.150206]}, "properties": {"kind": "fishing", "cls": "B", "prec": 100, "fish": ["Щука"], "date": "2019-07-14", "title": "Новоладожский канал — 1,4 км на С от «Чёрное»", "comment": "Фото улова (щука) из поста ВК; точка на Новоладожском канале в ~1,3 км от уреза Ладоги, а не в самом озере; снасть и глубина не указаны.", "src": "FisherMap", "srcd": "FisherMap (ru.fishermap.org)", "url": "https://ru.fishermap.org/location/15393/", "sid": "15393", "orig": "https://vk.com/wall-162151399_20292", "wb": "Новоладожский канал (у берега Ладоги)", "raw": "60.150206, 31.622075", "agent": "fishermap_ext", "season": "open_water", "dist": 37.6, "zone": "core", "sector": "Лигово"}}, {"type": "Feature", "geometry": {"type": "Point", "coordinates": [32.448773, 60.213078]}, "properties": {"kind": "fishing", "cls": "B", "prec": 100, "fish": ["Щука", "Судак"], "date": "2019-07-15", "title": "Ладога — 9,8 км на СЗ от «Рогожа»", "comment": "Фото улова (щука, судак) из поста ВК; снасть и глубина не указаны.", "src": "FisherMap", "srcd": "FisherMap (ru.fishermap.org)", "url": "https://ru.fishermap.org/location/15397/", "sid": "15397", "orig": "https://vk.com/wall-162151399_20512", "wb": "Ладожское озеро", "raw": "60.213078, 32.448773", "agent": "fishermap_ext", "season": "open_water", "dist": 14.9, "zone": "core", "sector": "Волховская губа, центр"}}, {"type": "Feature", "geometry": {"type": "Point", "coordinates": [31.578957, 59.946032]}, "properties": {"kind": "fishing", "cls": "B", "prec": 100, "fish": ["Щука"], "date": "2019-07-22", "title": "Староладожский канал — 0,4 км на ЮЗ от «Лаврово»", "comment": "Фото улова (щука) из поста ВК; точка на Староладожском канале в ~1,5 км от уреза Ладоги, а не в самом озере; снасть и глубина не указаны.", "src": "FisherMap", "srcd": "FisherMap (ru.fishermap.org)", "url": "https://ru.fishermap.org/location/15405/", "sid": "15405", "orig": "https://vk.com/wall-162151399_21636", "wb": "Староладожский канал (у берега Ладоги)", "raw": "59.946032, 31.578957", "agent": "fishermap_ext", "season": "open_water", "dist": 43.4, "zone": "core", "sector": "Кобона / южный берег"}}, {"type": "Feature", "geometry": {"type": "Point", "coordinates": [32.30831, 60.083858]}, "properties": {"kind": "fishing", "cls": "B", "prec": 100, "fish": ["Лещ", "Сом"], "date": "2019-07-28", "title": "Волхов — 1,0 км на Ю от «остров Ленина»", "comment": "Фото улова (лещ, сом) из поста ВК; снасть и глубина не указаны.", "src": "FisherMap", "srcd": "FisherMap (ru.fishermap.org)", "url": "https://ru.fishermap.org/location/15407/", "sid": "15407", "orig": "https://vk.com/wall-162151399_22765", "wb": "р. Волхов (нижнее течение)", "raw": "60.083858, 32.30831", "agent": "fishermap_ext", "season": "open_water", "dist": 2.3, "zone": "core", "sector": "Нижний Волхов"}}, {"type": "Feature", "geometry": {"type": "Point", "coordinates": [31.97625, 60.238105]}, "properties": {"kind": "fishing", "cls": "B", "prec": 100, "fish": ["Окунь"], "date": "2019-08-08", "title": "Ладога — 1,8 км на СВ от «мыс Орёл»", "comment": "Фото улова (окунь) из поста ВК; снасть и глубина не указаны.", "src": "FisherMap", "srcd": "FisherMap (ru.fishermap.org)", "url": "https://ru.fishermap.org/location/15415/", "sid": "15415", "orig": "https://vk.com/wall-162151399_24106", "wb": "Ладожское озеро", "raw": "60.238105, 31.97625", "agent": "fishermap_ext", "season": "open_water", "dist": 23.1, "zone": "core", "sector": "Дубно"}}, {"type": "Feature", "geometry": {"type": "Point", "coordinates": [31.085963, 59.979034]}, "properties": {"kind": "fishing", "cls": "B", "prec": 100, "fish": ["Густера", "Плотва"], "date": "2019-08-10", "title": "Бухта Петрокрепость — 1,0 км на В от «Кошкино»", "comment": "Фото улова (густера, плотва) из поста ВК; снасть и глубина не указаны.", "src": "FisherMap", "srcd": "FisherMap (ru.fishermap.org)", "url": "https://ru.fishermap.org/location/15417/", "sid": "15417", "orig": "https://vk.com/wall-162151399_24258", "wb": "Ладожское озеро, бухта Петрокрепость", "raw": "59.979034, 31.085963", "agent": "fishermap_ext", "season": "open_water", "dist": 68.5, "zone": "ext", "sector": "Шлиссельбург / бухта Петрокрепость"}}, {"type": "Feature", "geometry": {"type": "Point", "coordinates": [32.310195, 60.097415]}, "properties": {"kind": "fishing", "cls": "B", "prec": 100, "fish": ["Щука", "Судак"], "date": "2019-08-12", "title": "Волхов — 0,5 км на С от «остров Ленина»", "comment": "Фото улова (щука, судак) из поста ВК; снасть и глубина не указаны.", "src": "FisherMap", "srcd": "FisherMap (ru.fishermap.org)", "url": "https://ru.fishermap.org/location/15421/", "sid": "15421", "orig": "https://vk.com/wall-162151399_24395", "wb": "р. Волхов (нижнее течение)", "raw": "60.097415, 32.310195", "agent": "fishermap_ext", "season": "open_water", "dist": 1.1, "zone": "core", "sector": "Новая Ладога / устье Волхова"}}, {"type": "Feature", "geometry": {"type": "Point", "coordinates": [32.484413, 60.153482]}, "properties": {"kind": "fishing", "cls": "B", "prec": 100, "fish": ["Щука", "Судак"], "date": "2019-10-01", "title": "Ладога — 3,3 км на СЗ от «Рогожа»", "comment": "Фото улова (щука, судак) из поста ВК; точка у впадения р. Сясь в Ладогу; снасть и глубина не указаны.", "src": "FisherMap", "srcd": "FisherMap (ru.fishermap.org)", "url": "https://ru.fishermap.org/location/15443/", "sid": "15443", "orig": "https://vk.com/wall-162151399_28467", "wb": "Ладожское озеро, устье р. Сясь", "raw": "60.153482, 32.484413", "agent": "fishermap_ext", "season": "open_water", "dist": 11.9, "zone": "core", "sector": "Устье Сяси / Сясьстрой"}}, {"type": "Feature", "geometry": {"type": "Point", "coordinates": [31.4043, 59.981745]}, "properties": {"kind": "fishing", "cls": "B", "prec": 100, "fish": ["Щука", "Окунь"], "date": "2019-10-18", "title": "Бухта Петрокрепость — 2,8 км на ЮВ от «остров Новый Зеленец»", "comment": "Фото улова (щука, окунь) из поста ВК; снасть и глубина не указаны.", "src": "FisherMap", "srcd": "FisherMap (ru.fishermap.org)", "url": "https://ru.fishermap.org/location/15447/", "sid": "15447", "orig": "https://vk.com/wall-162151399_29938", "wb": "Ладожское озеро, бухта Петрокрепость", "raw": "59.981745, 31.4043", "agent": "fishermap_ext", "season": "open_water", "dist": 51.2, "zone": "core", "sector": "Кобона / южный берег"}}, {"type": "Feature", "geometry": {"type": "Point", "coordinates": [31.070175, 60.077761]}, "properties": {"kind": "fishing", "cls": "B", "prec": 100, "fish": ["Налим"], "date": "2019-11-14", "title": "Бухта Петрокрепость — 0,5 км на СВ от «Коккорево»", "comment": "Фото улова (налим) из поста ВК; снасть и глубина не указаны.", "src": "FisherMap", "srcd": "FisherMap (ru.fishermap.org)", "url": "https://ru.fishermap.org/location/15450/", "sid": "15450", "orig": "https://vk.com/wall-162151399_32583", "wb": "Ладожское озеро, бухта Петрокрепость", "raw": "60.077761, 31.070175", "agent": "fishermap_ext", "season": "open_water", "dist": 67.9, "zone": "ext", "sector": "Осиновец / западный берег"}}, {"type": "Feature", "geometry": {"type": "Point", "coordinates": [32.055904, 60.232853]}, "properties": {"kind": "fishing", "cls": "B", "prec": 100, "fish": ["Щука", "Голавль", "Окунь"], "date": "2019-11-26", "title": "Ладога — 3,1 км на ЮЗ от «мыс Воронов»", "comment": "Фото улова (щука, голавль, окунь) из поста ВК; снасть и глубина не указаны.", "src": "FisherMap", "srcd": "FisherMap (ru.fishermap.org)", "url": "https://ru.fishermap.org/location/15453/", "sid": "15453", "orig": "https://vk.com/wall-162151399_34100", "wb": "Ладожское озеро", "raw": "60.232853, 32.055904", "agent": "fishermap_ext", "season": "open_water", "dist": 19.5, "zone": "core", "sector": "о. Птинов"}}, {"type": "Feature", "geometry": {"type": "Point", "coordinates": [31.526859, 59.985343]}, "properties": {"kind": "fishing", "cls": "B", "prec": 100, "fish": ["Щука"], "date": "2017-09-27", "title": "Бухта Петрокрепость — 4,4 км на Ю от «Кобона»", "comment": "Фото улова (щука) из поста ВК; снасть и глубина не указаны.", "src": "FisherMap", "srcd": "FisherMap (ru.fishermap.org)", "url": "https://ru.fishermap.org/location/16225/", "sid": "16225", "orig": "https://vk.com/wall-21779973_76078", "wb": "Ладожское озеро, бухта Петрокрепость", "raw": "59.985343, 31.526859", "agent": "fishermap_ext", "season": "open_water", "dist": 44.6, "zone": "core", "sector": "Кобона / южный берег"}}, {"type": "Feature", "geometry": {"type": "Point", "coordinates": [31.595003, 60.127233]}, "properties": {"kind": "fishing", "cls": "B", "prec": 100, "fish": ["Окунь"], "date": "2017-12-24", "title": "Ладога — 1,6 км на ЮЗ от «Чёрное»", "comment": "Фото улова (окунь) из поста ВК; снасть и глубина не указаны.", "src": "FisherMap", "srcd": "FisherMap (ru.fishermap.org)", "url": "https://ru.fishermap.org/location/16228/", "sid": "16228", "orig": "https://vk.com/wall-21779973_78094", "wb": "Ладожское озеро", "raw": "60.127233, 31.595003", "agent": "fishermap_ext", "dist": 38.8, "zone": "core", "sector": "Кобона / южный берег"}}, {"type": "Feature", "geometry": {"type": "Point", "coordinates": [31.389971, 59.895486]}, "properties": {"kind": "fishing", "cls": "B", "prec": 100, "fish": ["Окунь"], "date": "2017-12-26", "title": "Новоладожский канал — 2,7 км на В от «Назия»", "comment": "Фото улова (окунь) из поста ВК; точка на Новоладожском канале в ~0,2 км от уреза Ладоги, а не в самом озере; снасть и глубина не указаны.", "src": "FisherMap", "srcd": "FisherMap (ru.fishermap.org)", "url": "https://ru.fishermap.org/location/16229/", "sid": "16229", "orig": "https://vk.com/wall-21779973_78187", "wb": "Новоладожский канал (у берега Ладоги)", "raw": "59.895486, 31.389971", "agent": "fishermap_ext", "dist": 55.3, "zone": "ext", "sector": "Кобона / южный берег"}}, {"type": "Feature", "geometry": {"type": "Point", "coordinates": [31.494377, 59.979758]}, "properties": {"kind": "fishing", "cls": "B", "prec": 100, "fish": ["Окунь", "Плотва"], "date": "2018-01-23", "title": "Бухта Петрокрепость — 5,8 км на ЮЗ от «Кобона»", "comment": "Фото улова (окунь, плотва) из поста ВК; снасть и глубина не указаны.", "src": "FisherMap", "srcd": "FisherMap (ru.fishermap.org)", "url": "https://ru.fishermap.org/location/16230/", "sid": "16230", "orig": "https://vk.com/wall-21779973_79411", "wb": "Ладожское озеро, бухта Петрокрепость", "raw": "59.979758, 31.494377", "agent": "fishermap_ext", "season": "ice", "dist": 46.5, "zone": "core", "sector": "Кобона / южный берег"}}, {"type": "Feature", "geometry": {"type": "Point", "coordinates": [32.872527, 60.475868]}, "properties": {"kind": "fishing", "cls": "B", "prec": 100, "fish": ["Окунь"], "date": "2018-01-28", "title": "Свирь — 2,0 км на З от «Свирица»", "comment": "Фото улова (окунь) из поста ВК; снасть и глубина не указаны.", "src": "FisherMap", "srcd": "FisherMap (ru.fishermap.org)", "url": "https://ru.fishermap.org/location/16231/", "sid": "16231", "orig": "https://vk.com/wall-21779973_79797", "wb": "р. Свирь (нижнее течение)", "raw": "60.475868, 32.872527", "agent": "fishermap_ext", "season": "ice", "dist": 52.2, "zone": "core", "sector": "Свирская губа / устье Свири"}}, {"type": "Feature", "geometry": {"type": "Point", "coordinates": [32.215248, 60.141119]}, "properties": {"kind": "fishing", "cls": "B", "prec": 100, "fish": ["Щука"], "date": "2018-02-17", "title": "Ладога — 6,8 км на СЗ от «Новая Ладога»", "comment": "Фото улова (щука) из поста ВК; снасть и глубина не указаны.", "src": "FisherMap", "srcd": "FisherMap (ru.fishermap.org)", "url": "https://ru.fishermap.org/location/16235/", "sid": "16235", "orig": "https://vk.com/wall-21779973_81235", "wb": "Ладожское озеро", "raw": "60.141119, 32.215248", "agent": "fishermap_ext", "season": "ice", "dist": 6.0, "zone": "core", "sector": "Креницы / Волховская губа"}}, {"type": "Feature", "geometry": {"type": "Point", "coordinates": [32.172667, 60.188581]}, "properties": {"kind": "fishing", "cls": "B", "prec": 100, "fish": ["Окунь"], "date": "2018-03-29", "title": "Ладога — 5,0 км на ЮВ от «мыс Княжой»", "comment": "Фото улова (окунь) из поста ВК; снасть и глубина не указаны.", "src": "FisherMap", "srcd": "FisherMap (ru.fishermap.org)", "url": "https://ru.fishermap.org/location/16240/", "sid": "16240", "orig": "https://vk.com/wall-21779973_83367", "wb": "Ладожское озеро", "raw": "60.188581, 32.172667", "agent": "fishermap_ext", "season": "ice", "dist": 11.6, "zone": "core", "sector": "Креницы / Волховская губа"}}, {"type": "Feature", "geometry": {"type": "Point", "coordinates": [32.609065, 60.269817]}, "properties": {"kind": "fishing", "cls": "B", "prec": 100, "fish": ["Лещ", "Плотва"], "date": "2018-04-08", "title": "Ладога — 2,1 км на З от «Вороново»", "comment": "Фото улова (лещ, плотва) из поста ВК; снасть и глубина не указаны.", "src": "FisherMap", "srcd": "FisherMap (ru.fishermap.org)", "url": "https://ru.fishermap.org/location/16243/", "sid": "16243", "orig": "https://vk.com/wall-21779973_83933", "wb": "Ладожское озеро", "raw": "60.269817, 32.609065", "agent": "fishermap_ext", "dist": 25.4, "zone": "core", "sector": "Вороново"}}, {"type": "Feature", "geometry": {"type": "Point", "coordinates": [32.344292, 60.04905]}, "properties": {"kind": "fishing", "cls": "B", "prec": 100, "fish": ["Лещ"], "date": "2018-08-02", "title": "Волхов — 0,8 км на С от «Поляша»", "comment": "Фото улова (лещ) из поста ВК; снасть и глубина не указаны.", "src": "FisherMap", "srcd": "FisherMap (ru.fishermap.org)", "url": "https://ru.fishermap.org/location/16244/", "sid": "16244", "orig": "https://vk.com/wall-21779973_85295", "wb": "р. Волхов (нижнее течение)", "raw": "60.04905, 32.344292", "agent": "fishermap_ext", "season": "open_water", "dist": 6.7, "zone": "core", "sector": "Нижний Волхов"}}, {"type": "Feature", "geometry": {"type": "Point", "coordinates": [31.452973, 60.028505]}, "properties": {"kind": "fishing", "cls": "B", "prec": 100, "fish": ["Окунь"], "date": "2019-02-16", "title": "Бухта Петрокрепость — 5,5 км на Ю от «мыс Кареджский нос»", "comment": "Фото улова (окунь) из поста ВК; снасть и глубина не указаны.", "src": "FisherMap", "srcd": "FisherMap (ru.fishermap.org)", "url": "https://ru.fishermap.org/location/16245/", "sid": "16245", "orig": "https://vk.com/wall-21779973_88393", "wb": "Ладожское озеро, бухта Петрокрепость", "raw": "60.028505, 31.452973", "agent": "fishermap_ext", "season": "ice", "dist": 47.4, "zone": "core", "sector": "Кобона / южный берег"}}, {"type": "Feature", "geometry": {"type": "Point", "coordinates": [31.407798, 60.015231]}, "properties": {"kind": "fishing", "cls": "B", "prec": 100, "fish": ["Плотва"], "date": "2019-03-26", "title": "Бухта Петрокрепость — 3,8 км на СВ от «остров Новый Зеленец»", "comment": "Фото улова (плотва) из поста ВК; снасть и глубина не указаны.", "src": "FisherMap", "srcd": "FisherMap (ru.fishermap.org)", "url": "https://ru.fishermap.org/location/16246/", "sid": "16246", "orig": "https://vk.com/wall-21779973_89247", "wb": "Ладожское озеро, бухта Петрокрепость", "raw": "60.015231, 31.407798", "agent": "fishermap_ext", "season": "ice", "dist": 50.2, "zone": "core", "sector": "Кобона / южный берег"}}, {"type": "Feature", "geometry": {"type": "Point", "coordinates": [32.915201, 60.48387]}, "properties": {"kind": "fishing", "cls": "B", "prec": 100, "fish": ["Щука", "Окунь"], "date": "2019-11-10", "title": "Свирь — 0,9 км на С от «Птичий Остров»", "comment": "Фото улова (щука, окунь) из поста ВК; снасть и глубина не указаны.", "src": "FisherMap", "srcd": "FisherMap (ru.fishermap.org)", "url": "https://ru.fishermap.org/location/16248/", "sid": "16248", "orig": "https://vk.com/wall-21779973_91588", "wb": "р. Свирь у впадения Паши (Свирица)", "raw": "60.48387, 32.915201", "agent": "fishermap_ext", "season": "open_water", "dist": 54.4, "zone": "core", "sector": "Свирская губа / устье Свири"}}, {"type": "Feature", "geometry": {"type": "Point", "coordinates": [31.113394, 59.921581]}, "properties": {"kind": "fishing", "cls": "B", "prec": 100, "fish": ["Язь", "Окунь", "Плотва"], "date": "2019-04-27", "title": "Новоладожский канал — 2,7 км на СВ от «Синявино»", "comment": "Фото улова (язь, окунь, плотва) из поста ВК; точка на Новоладожском канале в ~0,4 км от уреза Ладоги, а не в самом озере; снасть и глубина не указаны.", "src": "FisherMap", "srcd": "FisherMap (ru.fishermap.org)", "url": "https://ru.fishermap.org/location/16519/", "sid": "16519", "orig": "https://vk.com/wall-32128953_76748", "wb": "Новоладожский канал (у берега Ладоги)", "raw": "59.921581, 31.113394", "agent": "fishermap_ext", "dist": 68.7, "zone": "ext", "sector": "Шлиссельбург / бухта Петрокрепость"}}, {"type": "Feature", "geometry": {"type": "Point", "coordinates": [31.511137, 59.97432]}, "properties": {"kind": "fishing", "cls": "B", "prec": 100, "fish": ["Окунь"], "date": "2018-12-16", "title": "Бухта Петрокрепость — 4,8 км на СЗ от «Лаврово»", "comment": "Фото улова (окунь) из поста ВК; снасть и глубина не указаны.", "src": "FisherMap", "srcd": "FisherMap (ru.fishermap.org)", "url": "https://ru.fishermap.org/location/16559/", "sid": "16559", "orig": "https://vk.com/wall-114375980_108144", "wb": "Ладожское озеро, бухта Петрокрепость", "raw": "59.97432, 31.511137", "agent": "fishermap_ext", "dist": 45.8, "zone": "core", "sector": "Кобона / южный берег"}}, {"type": "Feature", "geometry": {"type": "Point", "coordinates": [31.517438, 59.974928]}, "properties": {"kind": "fishing", "cls": "B", "prec": 100, "fish": ["Окунь"], "date": "2018-12-19", "title": "Бухта Петрокрепость — 4,6 км на СЗ от «Лаврово»", "comment": "Фото улова (окунь) из поста ВК; снасть и глубина не указаны.", "src": "FisherMap", "srcd": "FisherMap (ru.fishermap.org)", "url": "https://ru.fishermap.org/location/16562/", "sid": "16562", "orig": "https://vk.com/wall-114375980_108435", "wb": "Ладожское озеро, бухта Петрокрепость", "raw": "59.974928, 31.517438", "agent": "fishermap_ext", "dist": 45.4, "zone": "core", "sector": "Кобона / южный берег"}}, {"type": "Feature", "geometry": {"type": "Point", "coordinates": [32.819193, 60.483772]}, "properties": {"kind": "fishing", "cls": "B", "prec": 100, "fish": ["Окунь"], "date": "2018-12-23", "title": "Свирь у Загубской губы — 4,1 км на С от «Куйвасарь»", "comment": "Фото улова (окунь) из поста ВК; снасть и глубина не указаны.", "src": "FisherMap", "srcd": "FisherMap (ru.fishermap.org)", "url": "https://ru.fishermap.org/location/16563/", "sid": "16563", "orig": "https://vk.com/wall-114375980_109100", "wb": "р. Свирь / Загубская губа", "raw": "60.483772, 32.819193", "agent": "fishermap_ext", "dist": 51.2, "zone": "core", "sector": "Свирская губа / устье Свири"}}, {"type": "Feature", "geometry": {"type": "Point", "coordinates": [31.52809, 59.978596]}, "properties": {"kind": "fishing", "cls": "B", "prec": 100, "fish": ["Окунь"], "date": "2018-12-26", "title": "Бухта Петрокрепость — 4,4 км на СЗ от «Лаврово»", "comment": "Фото улова (окунь) из поста ВК; снасть и глубина не указаны.", "src": "FisherMap", "srcd": "FisherMap (ru.fishermap.org)", "url": "https://ru.fishermap.org/location/16564/", "sid": "16564", "orig": "https://vk.com/wall-114375980_109435", "wb": "Ладожское озеро, бухта Петрокрепость", "raw": "59.978596, 31.52809", "agent": "fishermap_ext", "dist": 44.7, "zone": "core", "sector": "Кобона / южный берег"}}, {"type": "Feature", "geometry": {"type": "Point", "coordinates": [32.895131, 60.482509]}, "properties": {"kind": "fishing", "cls": "B", "prec": 100, "fish": ["Лещ"], "date": "2018-12-29", "title": "Свирь — 1,2 км на СЗ от «Птичий Остров»", "comment": "Фото улова (лещ) из поста ВК; снасть и глубина не указаны.", "src": "FisherMap", "srcd": "FisherMap (ru.fishermap.org)", "url": "https://ru.fishermap.org/location/16565/", "sid": "16565", "orig": "https://vk.com/wall-114375980_109642", "wb": "р. Свирь (нижнее течение)", "raw": "60.482509, 32.895131", "agent": "fishermap_ext", "dist": 53.6, "zone": "core", "sector": "Свирская губа / устье Свири"}}, {"type": "Feature", "geometry": {"type": "Point", "coordinates": [32.827686, 60.480738]}, "properties": {"kind": "fishing", "cls": "B", "prec": 100, "fish": ["Щука", "Окунь"], "date": "2019-01-02", "title": "Свирь у Загубской губы — 3,8 км на С от «Куйвасарь»", "comment": "Фото улова (щука, окунь) из поста ВК; снасть и глубина не указаны.", "src": "FisherMap", "srcd": "FisherMap (ru.fishermap.org)", "url": "https://ru.fishermap.org/location/16566/", "sid": "16566", "orig": "https://vk.com/wall-114375980_109896", "wb": "р. Свирь / Загубская губа", "raw": "60.480738, 32.827686", "agent": "fishermap_ext", "season": "ice", "dist": 51.2, "zone": "core", "sector": "Свирская губа / устье Свири"}}, {"type": "Feature", "geometry": {"type": "Point", "coordinates": [32.214768, 60.184477]}, "properties": {"kind": "fishing", "cls": "B", "prec": 100, "fish": ["Окунь"], "date": "2019-01-07", "title": "Ладога — 6,9 км на ЮВ от «мыс Княжой»", "comment": "Фото улова (окунь) из поста ВК; снасть и глубина не указаны.", "src": "FisherMap", "srcd": "FisherMap (ru.fishermap.org)", "url": "https://ru.fishermap.org/location/16567/", "sid": "16567", "orig": "https://vk.com/wall-114375980_110444", "wb": "Ладожское озеро", "raw": "60.184477, 32.214768", "agent": "fishermap_ext", "season": "ice", "dist": 10.0, "zone": "core", "sector": "Креницы / Волховская губа"}}, {"type": "Feature", "geometry": {"type": "Point", "coordinates": [31.101317, 60.072712]}, "properties": {"kind": "fishing", "cls": "B", "prec": 100, "fish": ["Плотва"], "date": "2019-01-08", "title": "Бухта Петрокрепость — 2,1 км на В от «Коккорево»", "comment": "Фото улова (плотва) из поста ВК; снасть и глубина не указаны.", "src": "FisherMap", "srcd": "FisherMap (ru.fishermap.org)", "url": "https://ru.fishermap.org/location/16568/", "sid": "16568", "orig": "https://vk.com/wall-114375980_110595", "wb": "Ладожское озеро, бухта Петрокрепость", "raw": "60.072712, 31.101317", "agent": "fishermap_ext", "season": "ice", "dist": 66.2, "zone": "ext", "sector": "Осиновец / западный берег"}}, {"type": "Feature", "geometry": {"type": "Point", "coordinates": [31.633171, 60.187433]}, "properties": {"kind": "fishing", "cls": "B", "prec": 100, "fish": ["Налим", "Плотва"], "date": "2019-02-01", "title": "Ладога — 5,6 км на С от «Чёрное»", "comment": "Фото улова (налим, плотва) из поста ВК; снасть и глубина не указаны.", "src": "FisherMap", "srcd": "FisherMap (ru.fishermap.org)", "url": "https://ru.fishermap.org/location/16574/", "sid": "16574", "orig": "https://vk.com/wall-114375980_113829", "wb": "Ладожское озеро", "raw": "60.187433, 31.633171", "agent": "fishermap_ext", "season": "ice", "dist": 37.7, "zone": "core", "sector": "Лигово"}}, {"type": "Feature", "geometry": {"type": "Point", "coordinates": [32.913767, 60.483719]}, "properties": {"kind": "fishing", "cls": "B", "prec": 100, "fish": ["Щука", "Окунь"], "date": "2019-02-09", "title": "Свирь — 0,9 км на С от «Птичий Остров»", "comment": "Фото улова (щука, окунь) из поста ВК; снасть и глубина не указаны.", "src": "FisherMap", "srcd": "FisherMap (ru.fishermap.org)", "url": "https://ru.fishermap.org/location/16578/", "sid": "16578", "orig": "https://vk.com/wall-114375980_114868", "wb": "р. Свирь у впадения Паши (Свирица)", "raw": "60.483719, 32.913767", "agent": "fishermap_ext", "season": "ice", "dist": 54.3, "zone": "core", "sector": "Свирская губа / устье Свири"}}, {"type": "Feature", "geometry": {"type": "Point", "coordinates": [31.691589, 60.254021]}, "properties": {"kind": "fishing", "cls": "B", "prec": 100, "fish": ["Щука", "Судак"], "date": "2018-08-27", "title": "Ладога — 0,9 км на СВ от «остров Киревядь»", "comment": "Фото улова (щука, судак) из поста ВК; снасть и глубина не указаны.", "src": "FisherMap", "srcd": "FisherMap (ru.fishermap.org)", "url": "https://ru.fishermap.org/location/16590/", "sid": "16590", "orig": "https://vk.com/wall-114375980_120331", "wb": "Ладожское озеро", "raw": "60.254021, 31.691589", "agent": "fishermap_ext", "season": "open_water", "dist": 37.3, "zone": "core", "sector": "Лигово"}}, {"type": "Feature", "geometry": {"type": "Point", "coordinates": [31.788919, 60.226807]}, "properties": {"kind": "fishing", "cls": "B", "prec": 100, "fish": ["Щука", "Язь", "Плотва"], "date": "2019-04-22", "title": "Новоладожский канал — 0,6 км на СЗ от «Лигово»", "comment": "Фото улова (щука, язь, плотва) из поста ВК; точка на Новоладожском канале в ~0,1 км от уреза Ладоги, а не в самом озере; снасть и глубина не указаны.", "src": "FisherMap", "srcd": "FisherMap (ru.fishermap.org)", "url": "https://ru.fishermap.org/location/16595/", "sid": "16595", "orig": "https://vk.com/wall-114375980_121684", "wb": "Новоладожский канал (у берега Ладоги)", "raw": "60.226807, 31.788919", "agent": "fishermap_ext", "dist": 31.1, "zone": "core", "sector": "Лигово"}}, {"type": "Feature", "geometry": {"type": "Point", "coordinates": [32.345053, 60.064805]}, "properties": {"kind": "fishing", "cls": "B", "prec": 100, "fish": ["Язь", "Лещ"], "date": "2019-05-09", "title": "Волхов — 0,5 км на СЗ от «Иссад»", "comment": "Фото улова (язь, лещ) из поста ВК; снасть и глубина не указаны.", "src": "FisherMap", "srcd": "FisherMap (ru.fishermap.org)", "url": "https://ru.fishermap.org/location/16604/", "sid": "16604", "orig": "https://vk.com/wall-114375980_122793", "wb": "р. Волхов (нижнее течение)", "raw": "60.064805, 32.345053", "agent": "fishermap_ext", "season": "open_water", "dist": 5.2, "zone": "core", "sector": "Нижний Волхов"}}, {"type": "Feature", "geometry": {"type": "Point", "coordinates": [32.242821, 60.148447]}, "properties": {"kind": "fishing", "cls": "B", "prec": 100, "fish": ["Окунь", "Судак"], "date": "2019-08-13", "title": "Ладога — 6,2 км на СЗ от «Новая Ладога»", "comment": "Фото улова (окунь, судак) из поста ВК; снасть и глубина не указаны.", "src": "FisherMap", "srcd": "FisherMap (ru.fishermap.org)", "url": "https://ru.fishermap.org/location/16626/", "sid": "16626", "orig": "https://vk.com/wall-114375980_127858", "wb": "Ладожское озеро", "raw": "60.148447, 32.242821", "agent": "fishermap_ext", "season": "open_water", "dist": 5.7, "zone": "core", "sector": "Креницы / Волховская губа"}}, {"type": "Feature", "geometry": {"type": "Point", "coordinates": [32.340819, 60.037685]}, "properties": {"kind": "fishing", "cls": "B", "prec": 100, "fish": ["Лещ"], "date": "2019-09-01", "title": "Волхов — 0,5 км на Ю от «Поляша»", "comment": "Фото улова (лещ) из поста ВК; снасть и глубина не указаны.", "src": "FisherMap", "srcd": "FisherMap (ru.fishermap.org)", "url": "https://ru.fishermap.org/location/16632/", "sid": "16632", "orig": "https://vk.com/wall-114375980_128600", "wb": "р. Волхов (нижнее течение)", "raw": "60.037685, 32.340819", "agent": "fishermap_ext", "season": "open_water", "dist": 7.8, "zone": "core", "sector": "Старая Ладога / Волхов"}}, {"type": "Feature", "geometry": {"type": "Point", "coordinates": [31.982064, 60.225864]}, "properties": {"kind": "fishing", "cls": "B", "prec": 100, "fish": ["Щука"], "date": "2019-09-11", "title": "Ладога — 1,0 км на СВ от «Дубно»", "comment": "Фото улова (щука) из поста ВК; снасть и глубина не указаны.", "src": "FisherMap", "srcd": "FisherMap (ru.fishermap.org)", "url": "https://ru.fishermap.org/location/16637/", "sid": "16637", "orig": "https://vk.com/wall-114375980_129013", "wb": "Ладожское озеро", "raw": "60.225864, 31.982064", "agent": "fishermap_ext", "season": "open_water", "dist": 22.0, "zone": "core", "sector": "Дубно"}}, {"type": "Feature", "geometry": {"type": "Point", "coordinates": [31.419913, 59.920712]}, "properties": {"kind": "fishing", "cls": "B", "prec": 100, "fish": ["Окунь"], "date": "2019-10-20", "title": "Бухта Петрокрепость — 3,2 км на СЗ от «Нижняя Шальдиха»", "comment": "Фото улова (окунь) из поста ВК; снасть и глубина не указаны.", "src": "FisherMap", "srcd": "FisherMap (ru.fishermap.org)", "url": "https://ru.fishermap.org/location/16642/", "sid": "16642", "orig": "https://vk.com/wall-114375980_130352", "wb": "Ладожское озеро, бухта Петрокрепость", "raw": "59.920712, 31.419913", "agent": "fishermap_ext", "season": "open_water", "dist": 52.7, "zone": "core", "sector": "Кобона / южный берег"}}, {"type": "Feature", "geometry": {"type": "Point", "coordinates": [32.992019, 60.501492]}, "properties": {"kind": "fishing", "cls": "B", "prec": 100, "fish": ["Карась"], "date": "2019-06-07", "title": "Свирь — 0,7 км на ЮВ от «остров Конево»", "comment": "Фото улова (карась) со ссылкой на сайт fishingmaniya.ru (без адреса отчёта); снасть и глубина не указаны.", "src": "FisherMap", "srcd": "FisherMap (ru.fishermap.org)", "url": "https://ru.fishermap.org/location/19987/", "sid": "19987", "orig": "https://fishingmaniya.ru", "wb": "р. Свирь (нижнее течение)", "raw": "60.50149167, 32.99201944", "agent": "fishermap_ext", "season": "open_water", "dist": 58.6, "zone": "ext", "sector": "Свирская губа / устье Свири"}}, {"type": "Feature", "geometry": {"type": "Point", "coordinates": [32.992353, 60.5019]}, "properties": {"kind": "fishing", "cls": "B", "prec": 100, "fish": ["Карась"], "date": "2019-06-07", "title": "Свирь — 0,7 км на ЮВ от «остров Конево»", "comment": "Фото улова (карась) со ссылкой на сайт fishingmaniya.ru (без адреса отчёта); снасть и глубина не указаны.", "src": "FisherMap", "srcd": "FisherMap (ru.fishermap.org)", "url": "https://ru.fishermap.org/location/20017/", "sid": "20017", "orig": "http://fishingmaniya.ru", "wb": "р. Свирь (нижнее течение)", "raw": "60.5019, 32.99235278", "agent": "fishermap_ext", "season": "open_water", "dist": 58.7, "zone": "ext", "sector": "Свирская губа / устье Свири"}}, {"type": "Feature", "geometry": {"type": "Point", "coordinates": [31.032381, 59.948211]}, "properties": {"kind": "fishing", "cls": "B", "prec": 100, "fish": ["Лещ"], "date": "2019-05-18", "title": "Новоладожский канал — 0,4 км на С от «Висячка»", "comment": "Фото улова (лещ) со ссылкой на сайт fishingmaniya.ru (без адреса отчёта); точка у начала Новоладожского канала у истока Невы, ~0,2 км от уреза Ладоги; снасть и глубина не указаны.", "src": "FisherMap", "srcd": "FisherMap (ru.fishermap.org)", "url": "https://ru.fishermap.org/location/20024/", "sid": "20024", "orig": "https://fishingmaniya.ru", "wb": "Новоладожский канал у истока Невы (Шлиссельбург)", "raw": "59.94821111, 31.03238056", "agent": "fishermap_ext", "season": "open_water", "dist": 72.2, "zone": "ext", "sector": "Шлиссельбург / бухта Петрокрепость"}}, {"type": "Feature", "geometry": {"type": "Point", "coordinates": [32.992317, 60.501878]}, "properties": {"kind": "fishing", "cls": "B", "prec": 100, "fish": ["Карась"], "date": "2019-06-07", "title": "Свирь — 0,7 км на ЮВ от «остров Конево»", "comment": "Фото улова (карась) со ссылкой на сайт fishingmaniya.ru (без адреса отчёта); снасть и глубина не указаны.", "src": "FisherMap", "srcd": "FisherMap (ru.fishermap.org)", "url": "https://ru.fishermap.org/location/20066/", "sid": "20066", "orig": "http://fishingmaniya.ru", "wb": "р. Свирь (нижнее течение)", "raw": "60.50187778, 32.99231667", "agent": "fishermap_ext", "season": "open_water", "dist": 58.7, "zone": "ext", "sector": "Свирская губа / устье Свири"}}, {"type": "Feature", "geometry": {"type": "Point", "coordinates": [32.333886, 60.130917]}, "properties": {"kind": "fishing", "cls": "B", "prec": 100, "fish": ["Густера", "Плотва"], "date": "2019-08-09", "title": "Устье Волхова — 0,9 км на СЗ от «Глядково»", "comment": "Фото улова (густера, плотва) со ссылкой на сайт fishingmaniya.ru (без адреса отчёта); снасть и глубина не указаны.", "src": "FisherMap", "srcd": "FisherMap (ru.fishermap.org)", "url": "https://ru.fishermap.org/location/20067/", "sid": "20067", "orig": "http://fishingmaniya.ru", "wb": "р. Волхов, устье (Креницы)", "raw": "60.13091667, 32.33388611", "agent": "fishermap_ext", "season": "open_water", "dist": 3.7, "zone": "core", "sector": "Новая Ладога / устье Волхова"}}, {"type": "Feature", "geometry": {"type": "Point", "coordinates": [31.032394, 59.948192]}, "properties": {"kind": "fishing", "cls": "B", "prec": 100, "fish": ["Лещ", "Уклейка"], "date": "2019-05-18", "title": "Новоладожский канал — 0,4 км на С от «Висячка»", "comment": "Фото улова (лещ, уклейка) со ссылкой на сайт fishingmaniya.ru (без адреса отчёта); точка у начала Новоладожского канала у истока Невы, ~0,2 км от уреза Ладоги; снасть и глубина не указаны.", "src": "FisherMap", "srcd": "FisherMap (ru.fishermap.org)", "url": "https://ru.fishermap.org/location/20069/", "sid": "20069", "orig": "https://fishingmaniya.ru", "wb": "Новоладожский канал у истока Невы (Шлиссельбург)", "raw": "59.94819167, 31.03239444", "agent": "fishermap_ext", "season": "open_water", "dist": 72.2, "zone": "ext", "sector": "Шлиссельбург / бухта Петрокрепость"}}, {"type": "Feature", "geometry": {"type": "Point", "coordinates": [32.318092, 60.120908]}, "properties": {"kind": "fishing", "cls": "B", "prec": 100, "fish": ["Судак"], "date": "2021-06-20", "title": "Устье Волхова — 1,4 км на СЗ от «Немятово-1»", "comment": "Фото улова (судак) из поста ВК; снасть и глубина не указаны.", "src": "FisherMap", "srcd": "FisherMap (ru.fishermap.org)", "url": "https://ru.fishermap.org/location/20187/", "sid": "20187", "orig": "https://vk.com/public1707795?w=wall-1707795_41357", "wb": "р. Волхов, устье (Креницы)", "raw": "60.120908, 32.318092", "agent": "fishermap_ext", "season": "open_water", "dist": 2.3, "zone": "core", "sector": "Новая Ладога / устье Волхова"}}, {"type": "Feature", "geometry": {"type": "Point", "coordinates": [32.129243, 60.225408]}, "properties": {"kind": "fishing", "cls": "B", "prec": 100, "fish": ["Окунь"], "date": "2022-01-04", "title": "Ладога — 0,4 км на В от «мыс Княжой»", "comment": "Фото улова (окунь) из поста ВК; снасть и глубина не указаны.", "src": "FisherMap", "srcd": "FisherMap (ru.fishermap.org)", "url": "https://ru.fishermap.org/location/20188/", "sid": "20188", "orig": "https://vk.com/public1707795?w=wall-1707795_46030", "wb": "Ладожское озеро", "raw": "60.225408, 32.129243", "agent": "fishermap_ext", "season": "ice", "dist": 16.3, "zone": "core", "sector": "о. Птинов"}}, {"type": "Feature", "geometry": {"type": "Point", "coordinates": [32.815127, 60.497071]}, "properties": {"kind": "fishing", "cls": "B", "prec": 100, "fish": ["Окунь"], "date": "2022-02-02", "title": "Свирь — 5,5 км на С от «Куйвасарь»", "comment": "Фото улова (окунь) из поста ВК; снасть и глубина не указаны.", "src": "FisherMap", "srcd": "FisherMap (ru.fishermap.org)", "url": "https://ru.fishermap.org/location/20189/", "sid": "20189", "orig": "https://vk.com/public1707795?w=wall-1707795_47571", "wb": "р. Свирь (нижнее течение)", "raw": "60.497071, 32.815127", "agent": "fishermap_ext", "season": "ice", "dist": 52.3, "zone": "core", "sector": "Свирская губа / устье Свири"}}, {"type": "Feature", "geometry": {"type": "Point", "coordinates": [31.660429, 60.173055]}, "properties": {"kind": "fishing", "cls": "B", "prec": 1000, "fish": ["Окунь"], "date": "2022-02-18", "title": "Между Ладожскими каналами — 4,6 км на СВ от «Чёрное»", "comment": "Фото улова (окунь) из поста ВК; геометка стоит на заболоченной суше между двумя каналами ~1,4 км от Ладоги — место ловли неточно; снасть и глубина не указаны. Место под сомнением: координата легла на сушу.", "src": "FisherMap", "srcd": "FisherMap (ru.fishermap.org)", "url": "https://ru.fishermap.org/location/20190/", "sid": "20190", "orig": "https://vk.com/public1707795?w=wall-1707795_48103", "wb": "суша между Новоладожским и Староладожским каналами", "raw": "60.173055, 31.660429", "agent": "fishermap_ext", "season": "ice", "dist": 35.9, "zone": "core", "sector": "Лигово"}}, {"type": "Feature", "geometry": {"type": "Point", "coordinates": [32.340207, 60.119097]}, "properties": {"kind": "fishing", "cls": "B", "prec": 100, "fish": ["Плотва"], "date": "2022-04-06", "title": "Устье Волхова — 0,5 км на С от «Немятово-1»", "comment": "Фото улова (плотва) из поста ВК; снасть и глубина не указаны.", "src": "FisherMap", "srcd": "FisherMap (ru.fishermap.org)", "url": "https://ru.fishermap.org/location/20191/", "sid": "20191", "orig": "https://vk.com/public1707795?w=wall-1707795_49346", "wb": "р. Волхов, устье (Креницы)", "raw": "60.119097, 32.340207", "agent": "fishermap_ext", "dist": 3.1, "zone": "core", "sector": "Новая Ладога / устье Волхова"}}, {"type": "Feature", "geometry": {"type": "Point", "coordinates": [32.315084, 60.122309]}, "properties": {"kind": "fishing", "cls": "B", "prec": 100, "fish": ["Судак"], "date": "2022-06-27", "title": "Устье Волхова — 1,7 км на СЗ от «Немятово-1»", "comment": "Фото улова (судак) из поста ВК; снасть и глубина не указаны.", "src": "FisherMap", "srcd": "FisherMap (ru.fishermap.org)", "url": "https://ru.fishermap.org/location/20192/", "sid": "20192", "orig": "https://vk.com/public1707795?w=wall-1707795_51083", "wb": "р. Волхов, устье (Креницы)", "raw": "60.122309, 32.315084", "agent": "fishermap_ext", "season": "open_water", "dist": 2.4, "zone": "core", "sector": "Новая Ладога / устье Волхова"}}, {"type": "Feature", "geometry": {"type": "Point", "coordinates": [32.601296, 60.285915]}, "properties": {"kind": "fishing", "cls": "B", "prec": 100, "fish": ["Густера", "Налим", "Плотва"], "date": "2022-11-29", "title": "Ладога — 1,8 км на Ю от «Заостровье»", "comment": "Фото улова (густера, налим, плотва) из поста ВК; снасть и глубина не указаны.", "src": "FisherMap", "srcd": "FisherMap (ru.fishermap.org)", "url": "https://ru.fishermap.org/location/20195/", "sid": "20195", "orig": "https://vk.com/public1707795?w=wall-1707795_53274", "wb": "Ладожское озеро", "raw": "60.285915, 32.601296", "agent": "fishermap_ext", "season": "open_water", "dist": 26.4, "zone": "core", "sector": "Вороново"}}, {"type": "Feature", "geometry": {"type": "Point", "coordinates": [31.090795, 60.000912]}, "properties": {"kind": "fishing", "cls": "B", "prec": 100, "fish": ["Щука"], "date": "2022-12-26", "title": "Бухта Петрокрепость — 1,2 км на С от «мыс Кошкинский носок»", "comment": "Фото улова (щука) из поста ВК; снасть и глубина не указаны.", "src": "FisherMap", "srcd": "FisherMap (ru.fishermap.org)", "url": "https://ru.fishermap.org/location/20196/", "sid": "20196", "orig": "https://vk.com/public1707795?w=wall-1707795_55013", "wb": "Ладожское озеро, бухта Петрокрепость", "raw": "60.000912, 31.090795", "agent": "fishermap_ext", "dist": 67.8, "zone": "ext", "sector": "Шлиссельбург / бухта Петрокрепость"}}, {"type": "Feature", "geometry": {"type": "Point", "coordinates": [31.098475, 60.012707]}, "properties": {"kind": "fishing", "cls": "B", "prec": 100, "fish": ["Окунь"], "date": "2022-12-26", "title": "Бухта Петрокрепость — 1,8 км на Ю от «мыс Сосновец»", "comment": "Фото улова (окунь) из поста ВК; снасть и глубина не указаны.", "src": "FisherMap", "srcd": "FisherMap (ru.fishermap.org)", "url": "https://ru.fishermap.org/location/20197/", "sid": "20197", "orig": "https://vk.com/public1707795?w=wall-1707795_55076", "wb": "Ладожское озеро, бухта Петрокрепость", "raw": "60.012707, 31.098475", "agent": "fishermap_ext", "dist": 67.1, "zone": "ext", "sector": "Шлиссельбург / бухта Петрокрепость"}}, {"type": "Feature", "geometry": {"type": "Point", "coordinates": [31.184762, 59.96051]}, "properties": {"kind": "fishing", "cls": "B", "prec": 100, "fish": ["Окунь", "Щука"], "date": "2023-01-01", "title": "Бухта Петрокрепость — 3,2 км на СЗ от «мыс Бугровский»", "comment": "Фото улова (окунь, щука) из поста ВК; снасть и глубина не указаны.", "src": "FisherMap", "srcd": "FisherMap (ru.fishermap.org)", "url": "https://ru.fishermap.org/location/20198/", "sid": "20198", "orig": "https://vk.com/public1707795?w=wall-1707795_55370", "wb": "Ладожское озеро, бухта Петрокрепость", "raw": "59.96051044, 31.18476224", "agent": "fishermap_ext", "season": "ice", "dist": 63.6, "zone": "ext", "sector": "Шлиссельбург / бухта Петрокрепость"}}, {"type": "Feature", "geometry": {"type": "Point", "coordinates": [31.091625, 60.000811]}, "properties": {"kind": "fishing", "cls": "B", "prec": 100, "fish": ["Щука"], "date": "2023-01-09", "title": "Бухта Петрокрепость — 1,2 км на С от «мыс Кошкинский носок»", "comment": "Фото улова (щука) из поста ВК; снасть и глубина не указаны.", "src": "FisherMap", "srcd": "FisherMap (ru.fishermap.org)", "url": "https://ru.fishermap.org/location/20199/", "sid": "20199", "orig": "https://vk.com/public1707795?w=wall-1707795_55683", "wb": "Ладожское озеро, бухта Петрокрепость", "raw": "60.000811, 31.091625", "agent": "fishermap_ext", "season": "ice", "dist": 67.7, "zone": "ext", "sector": "Шлиссельбург / бухта Петрокрепость"}}, {"type": "Feature", "geometry": {"type": "Point", "coordinates": [31.475682, 60.021502]}, "properties": {"kind": "fishing", "cls": "B", "prec": 100, "fish": ["Окунь", "Сиг"], "date": "2023-01-14", "title": "Бухта Петрокрепость — 4,4 км на З от «Кобона»", "comment": "Фото улова (окунь, сиг) из поста ВК; снасть и глубина не указаны.", "src": "FisherMap", "srcd": "FisherMap (ru.fishermap.org)", "url": "https://ru.fishermap.org/location/20200/", "sid": "20200", "orig": "https://vk.com/public1707795?w=wall-1707795_55955", "wb": "Ладожское озеро, бухта Петрокрепость", "raw": "60.021502, 31.475682", "agent": "fishermap_ext", "season": "ice", "dist": 46.3, "zone": "core", "sector": "Кобона / южный берег"}}, {"type": "Feature", "geometry": {"type": "Point", "coordinates": [32.242394, 60.129703]}, "properties": {"kind": "fishing", "cls": "B", "prec": 100, "fish": ["Щука"], "date": "2023-02-05", "title": "Ладога — 4,8 км на СЗ от «Новая Ладога»", "comment": "Фото улова (щука) из поста ВК; снасть и глубина не указаны.", "src": "FisherMap", "srcd": "FisherMap (ru.fishermap.org)", "url": "https://ru.fishermap.org/location/20204/", "sid": "20204", "orig": "https://vk.com/public1707795?w=wall-1707795_57024", "wb": "Ладожское озеро", "raw": "60.129703, 32.242394", "agent": "fishermap_ext", "season": "ice", "dist": 4.1, "zone": "core", "sector": "Креницы / Волховская губа"}}, {"type": "Feature", "geometry": {"type": "Point", "coordinates": [31.469672, 60.028511]}, "properties": {"kind": "fishing", "cls": "B", "prec": 100, "fish": ["Окунь", "Плотва"], "date": "2023-02-15", "title": "Бухта Петрокрепость — 4,8 км на З от «Кобона»", "comment": "Фото улова (окунь, плотва) из поста ВК; снасть и глубина не указаны.", "src": "FisherMap", "srcd": "FisherMap (ru.fishermap.org)", "url": "https://ru.fishermap.org/location/20205/", "sid": "20205", "orig": "https://vk.com/public1707795?w=wall-1707795_57457", "wb": "Ладожское озеро, бухта Петрокрепость", "raw": "60.028511, 31.469672", "agent": "fishermap_ext", "season": "ice", "dist": 46.5, "zone": "core", "sector": "Кобона / южный берег"}}, {"type": "Feature", "geometry": {"type": "Point", "coordinates": [32.239792, 60.132812]}, "properties": {"kind": "fishing", "cls": "B", "prec": 100, "fish": ["Щука"], "date": "2023-02-16", "title": "Ладога — 5,2 км на СЗ от «Новая Ладога»", "comment": "Фото улова (щука) из поста ВК; снасть и глубина не указаны.", "src": "FisherMap", "srcd": "FisherMap (ru.fishermap.org)", "url": "https://ru.fishermap.org/location/20206/", "sid": "20206", "orig": "https://vk.com/public1707795?w=wall-1707795_57494", "wb": "Ладожское озеро", "raw": "60.132812, 32.239792", "agent": "fishermap_ext", "season": "ice", "dist": 4.4, "zone": "core", "sector": "Креницы / Волховская губа"}}, {"type": "Feature", "geometry": {"type": "Point", "coordinates": [31.382218, 60.070309]}, "properties": {"kind": "fishing", "cls": "B", "prec": 100, "fish": ["Окунь"], "date": "2023-02-25", "title": "Бухта Петрокрепость — 5,6 км на З от «мыс Кареджский нос»", "comment": "Фото улова (окунь) из поста ВК; снасть и глубина не указаны.", "src": "FisherMap", "srcd": "FisherMap (ru.fishermap.org)", "url": "https://ru.fishermap.org/location/20207/", "sid": "20207", "orig": "https://vk.com/public1707795?w=wall-1707795_57778", "wb": "Ладожское озеро, бухта Петрокрепость", "raw": "60.070309, 31.382218", "agent": "fishermap_ext", "season": "ice", "dist": 50.7, "zone": "core", "sector": "Кобона / южный берег"}}, {"type": "Feature", "geometry": {"type": "Point", "coordinates": [31.529794, 60.028196]}, "properties": {"kind": "fishing", "cls": "B", "prec": 100, "fish": ["Плотва"], "date": "2023-04-04", "title": "Бухта Петрокрепость — 1,5 км на СЗ от «Кобона»", "comment": "Фото улова (плотва) из поста ВК; снасть и глубина не указаны.", "src": "FisherMap", "srcd": "FisherMap (ru.fishermap.org)", "url": "https://ru.fishermap.org/location/20209/", "sid": "20209", "orig": "https://vk.com/public162151399?w=wall-162151399_195313", "wb": "Ладожское озеро, бухта Петрокрепость", "raw": "60.028196, 31.529794", "agent": "fishermap_ext", "dist": 43.2, "zone": "core", "sector": "Кобона / южный берег"}}, {"type": "Feature", "geometry": {"type": "Point", "coordinates": [32.339714, 60.058404]}, "properties": {"kind": "fishing", "cls": "B", "prec": 100, "fish": ["Лещ"], "date": "2023-09-17", "title": "Волхов — 0,6 км на ЮЗ от «Иссад»", "comment": "Фото улова (лещ) из поста ВК; снасть и глубина не указаны.", "src": "FisherMap", "srcd": "FisherMap (ru.fishermap.org)", "url": "https://ru.fishermap.org/location/20215/", "sid": "20215", "orig": "https://vk.com/public162151399?w=wall-162151399_206870", "wb": "р. Волхов (нижнее течение)", "raw": "60.058404, 32.339714", "agent": "fishermap_ext", "season": "open_water", "dist": 5.6, "zone": "core", "sector": "Нижний Волхов"}}, {"type": "Feature", "geometry": {"type": "Point", "coordinates": [31.112409, 59.9217]}, "properties": {"kind": "fishing", "cls": "B", "prec": 100, "fish": ["Рыбец"], "date": "2021-04-27", "title": "Новоладожский канал — 2,7 км на СВ от «Синявино»", "comment": "Фото улова (рыбец) из поста ВК; точка на Новоладожском канале в ~0,4 км от уреза Ладоги, а не в самом озере; снасть и глубина не указаны.", "src": "FisherMap", "srcd": "FisherMap (ru.fishermap.org)", "url": "https://ru.fishermap.org/location/20237/", "sid": "20237", "orig": "https://vk.com/public189584782?w=wall-189584782_22462", "wb": "Новоладожский канал (у берега Ладоги)", "raw": "59.9217, 31.112409", "agent": "fishermap_ext", "dist": 68.7, "zone": "ext", "sector": "Шлиссельбург / бухта Петрокрепость"}}, {"type": "Feature", "geometry": {"type": "Point", "coordinates": [32.455839, 60.135595]}, "properties": {"kind": "fishing", "cls": "B", "prec": 100, "fish": ["Лещ"], "date": "2021-05-10", "title": "Новоладожский канал — 4,2 км на З от «Рогожа»", "comment": "Фото улова (лещ) из поста ВК; точка на Новоладожском канале в ~1,3 км от уреза Ладоги, а не в самом озере; снасть и глубина не указаны.", "src": "FisherMap", "srcd": "FisherMap (ru.fishermap.org)", "url": "https://ru.fishermap.org/location/20239/", "sid": "20239", "orig": "https://vk.com/public189584782?w=wall-189584782_24003", "wb": "Новоладожский канал (у берега Ладоги)", "raw": "60.135595, 32.455839", "agent": "fishermap_ext", "season": "open_water", "dist": 9.6, "zone": "core", "sector": "Устье Сяси / Сясьстрой"}}, {"type": "Feature", "geometry": {"type": "Point", "coordinates": [31.236509, 59.933218]}, "properties": {"kind": "fishing", "cls": "B", "prec": 100, "fish": ["Лещ", "Плотва", "Хариус"], "date": "2022-05-09", "title": "Новоладожский канал — 0,9 км на ЮВ от «мыс Бугровский»", "comment": "Фото улова (лещ, плотва, хариус) из поста ВК; точка на Новоладожском канале в ~0,8 км от уреза Ладоги, а не в самом озере; снасть и глубина не указаны.", "src": "FisherMap", "srcd": "FisherMap (ru.fishermap.org)", "url": "https://ru.fishermap.org/location/20254/", "sid": "20254", "orig": "https://vk.com/public189584782?w=wall-189584782_45391", "wb": "Новоладожский канал (у берега Ладоги)", "raw": "59.933218, 31.236509", "agent": "fishermap_ext", "season": "open_water", "dist": 61.7, "zone": "ext", "sector": "Шлиссельбург / бухта Петрокрепость"}}, {"type": "Feature", "geometry": {"type": "Point", "coordinates": [31.050391, 59.942811]}, "properties": {"kind": "fishing", "cls": "B", "prec": 100, "fish": ["Плотва"], "date": "2023-04-22", "title": "Новоладожский канал — 1,0 км на В от «Шлиссельбург»", "comment": "Фото улова (плотва) из поста ВК; точка на Новоладожском канале в ~0,1 км от уреза Ладоги, а не в самом озере; снасть и глубина не указаны.", "src": "FisherMap", "srcd": "FisherMap (ru.fishermap.org)", "url": "https://ru.fishermap.org/location/20266/", "sid": "20266", "orig": "https://vk.com/public189584782?w=wall-189584782_63731", "wb": "Новоладожский канал (у берега Ладоги)", "raw": "59.942811, 31.050391", "agent": "fishermap_ext", "dist": 71.4, "zone": "ext", "sector": "Шлиссельбург / бухта Петрокрепость"}}, {"type": "Feature", "geometry": {"type": "Point", "coordinates": [31.57502, 60.105391]}, "properties": {"kind": "fishing", "cls": "B", "prec": 100, "fish": ["Окунь", "Плотва"], "date": "2022-02-12", "title": "Ладога — 3,8 км на ЮВ от «мыс Песоцкий нос»", "comment": "Фото улова (окунь, плотва) из поста ВК; снасть и глубина не указаны.", "src": "FisherMap", "srcd": "FisherMap (ru.fishermap.org)", "url": "https://ru.fishermap.org/location/20271/", "sid": "20271", "orig": "https://vk.com/public76517308?w=wall-76517308_12367", "wb": "Ладожское озеро", "raw": "60.105391, 31.57502", "agent": "fishermap_ext", "season": "ice", "dist": 39.8, "zone": "core", "sector": "Кобона / южный берег"}}, {"type": "Feature", "geometry": {"type": "Point", "coordinates": [32.336191, 60.041804]}, "properties": {"kind": "fishing", "cls": "B", "prec": 100, "fish": ["Белоглазка"], "date": "2022-05-05", "title": "Волхов — у «Поляша»", "comment": "Фото улова (белоглазка) из поста ВК; снасть и глубина не указаны.", "src": "FisherMap", "srcd": "FisherMap (ru.fishermap.org)", "url": "https://ru.fishermap.org/location/20272/", "sid": "20272", "orig": "https://vk.com/public76517308?w=wall-76517308_13443", "wb": "р. Волхов (нижнее течение)", "raw": "60.041804, 32.336191", "agent": "fishermap_ext", "season": "open_water", "dist": 7.3, "zone": "core", "sector": "Нижний Волхов"}}, {"type": "Feature", "geometry": {"type": "Point", "coordinates": [32.324106, 60.074801]}, "properties": {"kind": "fishing", "cls": "B", "prec": 100, "fish": ["Судак"], "date": "2023-04-19", "title": "Волхов — у «Юшково»", "comment": "Фото улова (судак) из поста ВК; снасть и глубина не указаны.", "src": "FisherMap", "srcd": "FisherMap (ru.fishermap.org)", "url": "https://ru.fishermap.org/location/20282/", "sid": "20282", "orig": "https://vk.com/public10618634?w=wall-10618634_484508", "wb": "р. Волхов (нижнее течение)", "raw": "60.074801, 32.324106", "agent": "fishermap_ext", "dist": 3.6, "zone": "core", "sector": "Нижний Волхов"}}, {"type": "Feature", "geometry": {"type": "Point", "coordinates": [32.306801, 60.11502]}, "properties": {"kind": "fishing", "cls": "B", "prec": 100, "fish": ["Карась"], "date": "2023-05-12", "title": "Новоладожский канал — 1,2 км на С от «Новая Ладога»", "comment": "Фото улова (карась) из поста ВК; точка на Новоладожском канале в ~1,4 км от уреза Ладоги, а не в самом озере; снасть и глубина не указаны.", "src": "FisherMap", "srcd": "FisherMap (ru.fishermap.org)", "url": "https://ru.fishermap.org/location/20283/", "sid": "20283", "orig": "https://vk.com/public10618634?w=wall-10618634_486664", "wb": "Новоладожский канал (у берега Ладоги)", "raw": "60.11502, 32.306801", "agent": "fishermap_ext", "season": "open_water", "dist": 1.4, "zone": "core", "sector": "Новая Ладога / устье Волхова"}}, {"type": "Feature", "geometry": {"type": "Point", "coordinates": [32.314274, 60.085507]}, "properties": {"kind": "fishing", "cls": "B", "prec": 100, "fish": ["Карась"], "date": "2023-05-12", "title": "Волхов — 0,8 км на Ю от «остров Ленина»", "comment": "Фото улова (карась) из поста ВК; снасть и глубина не указаны.", "src": "FisherMap", "srcd": "FisherMap (ru.fishermap.org)", "url": "https://ru.fishermap.org/location/20284/", "sid": "20284", "orig": "https://vk.com/public10618634?w=wall-10618634_486720", "wb": "р. Волхов (нижнее течение)", "raw": "60.085507, 32.314274", "agent": "fishermap_ext", "season": "open_water", "dist": 2.3, "zone": "core", "sector": "Нижний Волхов"}}, {"type": "Feature", "geometry": {"type": "Point", "coordinates": [31.943687, 60.262203]}, "properties": {"kind": "fishing", "cls": "B", "prec": 100, "fish": ["Окунь"], "date": "2024-02-10", "title": "Ладога — 3,7 км на С от «мыс Орёл»", "comment": "Фото улова (окунь) из поста ВК; снасть и глубина не указаны.", "src": "FisherMap", "srcd": "FisherMap (ru.fishermap.org)", "url": "https://ru.fishermap.org/location/20292/", "sid": "20292", "orig": "https://vk.com/public10618634?w=wall-10618634_508414", "wb": "Ладожское озеро", "raw": "60.262203, 31.943687", "agent": "fishermap_ext", "season": "ice", "dist": 26.2, "zone": "core", "sector": "Дубно"}}, {"type": "Feature", "geometry": {"type": "Point", "coordinates": [31.090482, 60.011217]}, "properties": {"kind": "fishing", "cls": "B", "prec": 100, "fish": ["Щука"], "date": "2023-11-29", "title": "Бухта Петрокрепость — 2,2 км на ЮЗ от «мыс Сосновец»", "comment": "Фото улова (щука) из поста ВК; снасть и глубина не указаны.", "src": "FisherMap", "srcd": "FisherMap (ru.fishermap.org)", "url": "https://ru.fishermap.org/location/20295/", "sid": "20295", "orig": "https://vk.com/public52390696?w=wall-52390696_16266", "wb": "Ладожское озеро, бухта Петрокрепость", "raw": "60.011217, 31.090482", "agent": "fishermap_ext", "season": "open_water", "dist": 67.6, "zone": "ext", "sector": "Шлиссельбург / бухта Петрокрепость"}}, {"type": "Feature", "geometry": {"type": "Point", "coordinates": [33.231593, 60.647409]}, "properties": {"kind": "fishing", "cls": "B", "prec": 100, "fish": ["Налим"], "date": "2024-01-05", "title": "Свирь — у «Ковкеницы»", "comment": "Фото улова (налим) из поста ВК; снасть и глубина не указаны.", "src": "FisherMap", "srcd": "FisherMap (ru.fishermap.org)", "url": "https://ru.fishermap.org/location/20302/", "sid": "20302", "orig": "https://vk.com/public114375980?w=wall-114375980_161858", "wb": "р. Свирь (нижнее течение)", "raw": "60.647409, 33.231593", "agent": "fishermap_ext", "season": "ice", "dist": 79.4, "zone": "ext", "sector": "Свирская губа / устье Свири"}}, {"type": "Feature", "geometry": {"type": "Point", "coordinates": [31.418379, 59.978608]}, "properties": {"kind": "fishing", "cls": "B", "prec": 100, "fish": ["Окунь", "Плотва"], "date": "2023-12-17", "title": "Бухта Петрокрепость — 3,6 км на ЮВ от «остров Новый Зеленец»", "comment": "Фото улова (окунь, плотва) из поста ВК; снасть и глубина не указаны.", "src": "FisherMap", "srcd": "FisherMap (ru.fishermap.org)", "url": "https://ru.fishermap.org/location/20303/", "sid": "20303", "orig": "https://vk.com/public204282817?w=wall-204282817_26750", "wb": "Ладожское озеро, бухта Петрокрепость", "raw": "59.978608, 31.418379", "agent": "fishermap_ext", "dist": 50.6, "zone": "core", "sector": "Кобона / южный берег"}}, {"type": "Feature", "geometry": {"type": "Point", "coordinates": [31.508122, 60.029512]}, "properties": {"kind": "fishing", "cls": "B", "prec": 100, "fish": ["Плотва"], "date": "2024-03-11", "title": "Бухта Петрокрепость — 2,7 км на З от «Кобона»", "comment": "Фото улова (плотва) из поста ВК; снасть и глубина не указаны.", "src": "FisherMap", "srcd": "FisherMap (ru.fishermap.org)", "url": "https://ru.fishermap.org/location/20306/", "sid": "20306", "orig": "https://vk.com/public52321266?w=wall-52321266_718888", "wb": "Ладожское озеро, бухта Петрокрепость", "raw": "60.029512, 31.508122", "agent": "fishermap_ext", "season": "ice", "dist": 44.4, "zone": "core", "sector": "Кобона / южный берег"}}, {"type": "Feature", "geometry": {"type": "Point", "coordinates": [31.097081, 59.980114]}, "properties": {"kind": "fishing", "cls": "B", "prec": 100, "fish": ["Окунь", "Плотва"], "date": "2023-05-24", "title": "Бухта Петрокрепость — 1,1 км на Ю от «мыс Кошкинский носок»", "comment": "Фото улова (окунь, плотва) из поста ВК; снасть и глубина не указаны.", "src": "FisherMap", "srcd": "FisherMap (ru.fishermap.org)", "url": "https://ru.fishermap.org/location/20308/", "sid": "20308", "orig": "https://vk.com/public1707795?w=wall-1707795_61239", "wb": "Ладожское озеро, бухта Петрокрепость", "raw": "59.980114, 31.097081", "agent": "fishermap_ext", "season": "open_water", "dist": 67.9, "zone": "ext", "sector": "Шлиссельбург / бухта Петрокрепость"}}, {"type": "Feature", "geometry": {"type": "Point", "coordinates": [32.321594, 60.268015]}, "properties": {"kind": "fishing", "cls": "B", "prec": 100, "fish": ["Судак"], "date": "2023-07-31", "title": "Ладога — 11,9 км на СВ от «мыс Княжой»", "comment": "Фото улова (судак) из поста ВК; снасть и глубина не указаны.", "src": "FisherMap", "srcd": "FisherMap (ru.fishermap.org)", "url": "https://ru.fishermap.org/location/20310/", "sid": "20310", "orig": "https://vk.com/public1707795?w=wall-1707795_62285", "wb": "Ладожское озеро", "raw": "60.268015, 32.321594", "agent": "fishermap_ext", "season": "open_water", "dist": 18.3, "zone": "core", "sector": "Волховская губа, центр"}}, {"type": "Feature", "geometry": {"type": "Point", "coordinates": [32.306103, 60.146112]}, "properties": {"kind": "fishing", "cls": "B", "prec": 100, "fish": ["Окунь", "Щука"], "date": "2023-09-04", "title": "Ладога — 3,2 км на СЗ от «Глядково»", "comment": "Фото улова (окунь, щука) из поста ВК; снасть и глубина не указаны.", "src": "FisherMap", "srcd": "FisherMap (ru.fishermap.org)", "url": "https://ru.fishermap.org/location/20311/", "sid": "20311", "orig": "https://vk.com/public1707795?w=wall-1707795_62598", "wb": "Ладожское озеро", "raw": "60.146112, 32.306103", "agent": "fishermap_ext", "season": "open_water", "dist": 4.8, "zone": "core", "sector": "Креницы / Волховская губа"}}, {"type": "Feature", "geometry": {"type": "Point", "coordinates": [32.826722, 60.509412]}, "properties": {"kind": "fishing", "cls": "B", "prec": 100, "fish": ["Щука"], "date": "2023-10-23", "title": "Свирь — 6,0 км на СЗ от «Птичий Остров»", "comment": "Фото улова (щука) из поста ВК; точка у протоки в дельте Свири между островами; снасть и глубина не указаны.", "src": "FisherMap", "srcd": "FisherMap (ru.fishermap.org)", "url": "https://ru.fishermap.org/location/20312/", "sid": "20312", "orig": "https://vk.com/public1707795?w=wall-1707795_62945", "wb": "р. Свирь, протока в дельте (о. Горготуха)", "raw": "60.509412, 32.826722", "agent": "fishermap_ext", "season": "open_water", "dist": 53.8, "zone": "core", "sector": "Свирская губа / устье Свири"}}, {"type": "Feature", "geometry": {"type": "Point", "coordinates": [31.490503, 60.027102]}, "properties": {"kind": "fishing", "cls": "B", "prec": 100, "fish": ["Плотва"], "date": "2023-12-09", "title": "Бухта Петрокрепость — 3,6 км на З от «Кобона»", "comment": "Фото улова (плотва) из поста ВК; снасть и глубина не указаны.", "src": "FisherMap", "srcd": "FisherMap (ru.fishermap.org)", "url": "https://ru.fishermap.org/location/20313/", "sid": "20313", "orig": "https://vk.com/public1707795?w=wall-1707795_63773", "wb": "Ладожское озеро, бухта Петрокрепость", "raw": "60.027102, 31.490503", "agent": "fishermap_ext", "dist": 45.4, "zone": "core", "sector": "Кобона / южный берег"}}, {"type": "Feature", "geometry": {"type": "Point", "coordinates": [32.176908, 60.181919]}, "properties": {"kind": "fishing", "cls": "B", "prec": 100, "fish": ["Щука"], "date": "2023-12-17", "title": "Ладога — 5,8 км на ЮВ от «мыс Княжой»", "comment": "Фото улова (щука) из поста ВК; снасть и глубина не указаны.", "src": "FisherMap", "srcd": "FisherMap (ru.fishermap.org)", "url": "https://ru.fishermap.org/location/20314/", "sid": "20314", "orig": "https://vk.com/public1707795?w=wall-1707795_64009", "wb": "Ладожское озеро", "raw": "60.181919, 32.176908", "agent": "fishermap_ext", "dist": 10.8, "zone": "core", "sector": "Креницы / Волховская губа"}}, {"type": "Feature", "geometry": {"type": "Point", "coordinates": [31.495277, 60.024504]}, "properties": {"kind": "fishing", "cls": "B", "prec": 100, "fish": ["Окунь"], "date": "2024-01-27", "title": "Бухта Петрокрепость — 3,3 км на З от «Кобона»", "comment": "Фото улова (окунь) из поста ВК; снасть и глубина не указаны.", "src": "FisherMap", "srcd": "FisherMap (ru.fishermap.org)", "url": "https://ru.fishermap.org/location/20315/", "sid": "20315", "orig": "https://vk.com/public1707795?w=wall-1707795_65280", "wb": "Ладожское озеро, бухта Петрокрепость", "raw": "60.024504, 31.495277", "agent": "fishermap_ext", "season": "ice", "dist": 45.2, "zone": "core", "sector": "Кобона / южный берег"}}, {"type": "Feature", "geometry": {"type": "Point", "coordinates": [31.312302, 59.9281]}, "properties": {"kind": "fishing", "cls": "B", "prec": 100, "fish": ["Окунь"], "date": "2024-02-03", "title": "Новоладожский канал — 1,5 км на Ю от «мыс Заячий»", "comment": "Фото улова (окунь) из поста ВК; точка на Новоладожском канале в ~0,4 км от уреза Ладоги, а не в самом озере; снасть и глубина не указаны.", "src": "FisherMap", "srcd": "FisherMap (ru.fishermap.org)", "url": "https://ru.fishermap.org/location/20317/", "sid": "20317", "orig": "https://vk.com/public1707795?w=wall-1707795_65432", "wb": "Новоладожский канал (у берега Ладоги)", "raw": "59.9281, 31.312302", "agent": "fishermap_ext", "season": "ice", "dist": 57.9, "zone": "ext", "sector": "Шлиссельбург / бухта Петрокрепость"}}, {"type": "Feature", "geometry": {"type": "Point", "coordinates": [31.412675, 60.051801]}, "properties": {"kind": "fishing", "cls": "B", "prec": 100, "fish": ["Окунь", "Плотва"], "date": "2024-02-21", "title": "Бухта Петрокрепость — 4,7 км на ЮЗ от «мыс Кареджский нос»", "comment": "Фото улова (окунь, плотва) из поста ВК; снасть и глубина не указаны.", "src": "FisherMap", "srcd": "FisherMap (ru.fishermap.org)", "url": "https://ru.fishermap.org/location/20319/", "sid": "20319", "orig": "https://vk.com/public1707795?w=wall-1707795_65976", "wb": "Ладожское озеро, бухта Петрокрепость", "raw": "60.051801, 31.412675", "agent": "fishermap_ext", "season": "ice", "dist": 49.2, "zone": "core", "sector": "Кобона / южный берег"}}, {"type": "Feature", "geometry": {"type": "Point", "coordinates": [31.549111, 60.023499]}, "properties": {"kind": "fishing", "cls": "B", "prec": 100, "fish": ["Плотва"], "date": "2024-03-12", "title": "Новоладожский канал — у «Кобона»", "comment": "Фото улова (плотва) из поста ВК; точка на Новоладожском канале в ~0,4 км от уреза Ладоги, а не в самом озере; снасть и глубина не указаны.", "src": "FisherMap", "srcd": "FisherMap (ru.fishermap.org)", "url": "https://ru.fishermap.org/location/20320/", "sid": "20320", "orig": "https://vk.com/public1707795?w=wall-1707795_66696", "wb": "Новоладожский канал (у берега Ладоги)", "raw": "60.023499, 31.549111", "agent": "fishermap_ext", "season": "ice", "dist": 42.3, "zone": "core", "sector": "Кобона / южный берег"}}, {"type": "Feature", "geometry": {"type": "Point", "coordinates": [32.173108, 60.185097]}, "properties": {"kind": "fishing", "cls": "B", "prec": 100, "fish": ["Плотва", "Щука"], "date": "2024-03-13", "title": "Ладога — 5,4 км на ЮВ от «мыс Княжой»", "comment": "Фото улова (плотва, щука) из поста ВК; снасть и глубина не указаны.", "src": "FisherMap", "srcd": "FisherMap (ru.fishermap.org)", "url": "https://ru.fishermap.org/location/20321/", "sid": "20321", "orig": "https://vk.com/public1707795?w=wall-1707795_66745", "wb": "Ладожское озеро", "raw": "60.185097, 32.173108", "agent": "fishermap_ext", "season": "ice", "dist": 11.3, "zone": "core", "sector": "Креницы / Волховская губа"}}, {"type": "Feature", "geometry": {"type": "Point", "coordinates": [32.21751, 60.161998]}, "properties": {"kind": "fishing", "cls": "B", "prec": 100, "fish": ["Плотва"], "date": "2024-03-19", "title": "Ладога — 8,2 км на СЗ от «Глядково»", "comment": "Фото улова (плотва) из поста ВК; снасть и глубина не указаны.", "src": "FisherMap", "srcd": "FisherMap (ru.fishermap.org)", "url": "https://ru.fishermap.org/location/20322/", "sid": "20322", "orig": "https://vk.com/public1707795?w=wall-1707795_66937", "wb": "Ладожское озеро", "raw": "60.161998, 32.21751", "agent": "fishermap_ext", "season": "ice", "dist": 7.7, "zone": "core", "sector": "Креницы / Волховская губа"}}, {"type": "Feature", "geometry": {"type": "Point", "coordinates": [31.667315, 60.178317]}, "properties": {"kind": "fishing", "cls": "B", "prec": 1000, "fish": ["Щука"], "date": "2024-02-21", "title": "Между Ладожскими каналами — 5,3 км на ЮЗ от «Кивгода»", "comment": "Фото улова (щука) из поста ВК; геометка стоит на заболоченной суше между двумя каналами ~1,3 км от Ладоги — место ловли неточно; снасть и глубина не указаны. Место под сомнением: координата легла на сушу.", "src": "FisherMap", "srcd": "FisherMap (ru.fishermap.org)", "url": "https://ru.fishermap.org/location/20324/", "sid": "20324", "orig": "https://vk.com/public162151399?w=wall-162151399_214865", "wb": "суша между Новоладожским и Староладожским каналами", "raw": "60.178317, 31.667315", "agent": "fishermap_ext", "season": "ice", "dist": 35.7, "zone": "core", "sector": "Лигово"}}, {"type": "Feature", "geometry": {"type": "Point", "coordinates": [31.046627, 59.95391]}, "properties": {"kind": "fishing", "cls": "B", "prec": 100, "fish": ["Густера", "Плотва"], "date": "2024-04-16", "title": "Бухта Петрокрепость — 0,5 км на В от «Орешек»", "comment": "Фото улова (густера, плотва) из поста ВК; снасть и глубина не указаны.", "src": "FisherMap", "srcd": "FisherMap (ru.fishermap.org)", "url": "https://ru.fishermap.org/location/20325/", "sid": "20325", "orig": "https://vk.com/public162151399?w=wall-162151399_217864", "wb": "Ладожское озеро, бухта Петрокрепость", "raw": "59.95391, 31.046627", "agent": "fishermap_ext", "dist": 71.3, "zone": "ext", "sector": "Шлиссельбург / бухта Петрокрепость"}}, {"type": "Feature", "geometry": {"type": "Point", "coordinates": [31.228691, 59.926415]}, "properties": {"kind": "fishing", "cls": "B", "prec": 100, "fish": ["Налим", "Плотва"], "date": "2024-04-26", "title": "Новоладожский канал — 1,4 км на Ю от «мыс Бугровский»", "comment": "Фото улова (налим, плотва) из поста ВК; точка на Новоладожском канале в ~0,4 км от уреза Ладоги, а не в самом озере; снасть и глубина не указаны.", "src": "FisherMap", "srcd": "FisherMap (ru.fishermap.org)", "url": "https://ru.fishermap.org/location/20326/", "sid": "20326", "orig": "https://vk.com/public162151399?w=wall-162151399_218467", "wb": "Новоладожский канал (у берега Ладоги)", "raw": "59.926415, 31.228691", "agent": "fishermap_ext", "dist": 62.4, "zone": "ext", "sector": "Шлиссельбург / бухта Петрокрепость"}}, {"type": "Feature", "geometry": {"type": "Point", "coordinates": [31.090698, 60.002608]}, "properties": {"kind": "fishing", "cls": "B", "prec": 100, "fish": ["Щука"], "date": "2024-03-17", "title": "Бухта Петрокрепость — 1,4 км на С от «мыс Кошкинский носок»", "comment": "Щука активно брала со льда у тростника; автор предупреждает, что у камышей лёд уже подмыт.", "method": "ловля со льда у тростника", "catch": "щука", "src": "FisherMap", "srcd": "FisherMap (ru.fishermap.org)", "url": "https://ru.fishermap.org/location/21211/", "sid": "21211", "orig": "https://vk.com/public61475256?w=wall-61475256_72856", "wb": "Ладожское озеро, бухта Петрокрепость", "raw": "60.002608, 31.090698", "agent": "fishermap_ext", "season": "ice", "dist": 67.7, "zone": "ext", "sector": "Шлиссельбург / бухта Петрокрепость"}}, {"type": "Feature", "geometry": {"type": "Point", "coordinates": [31.608684, 60.131007]}, "properties": {"kind": "fishing", "cls": "B", "prec": 100, "fish": ["Густера"], "date": "2024-06-07", "title": "Новоладожский канал — 0,9 км на ЮЗ от «Чёрное»", "comment": "Пост ВК с фото густеры, текст — благодарность хозяевам за приём, деталей ловли нет.", "src": "FisherMap", "srcd": "FisherMap (ru.fishermap.org)", "url": "https://ru.fishermap.org/location/21215/", "sid": "21215", "orig": "https://vk.com/public130350672?w=wall-130350672_11330", "wb": "Новоладожский канал (у берега Ладоги)", "raw": "60.131007, 31.608684", "agent": "fishermap_ext", "season": "open_water", "dist": 38.1, "zone": "core", "sector": "Кобона / южный берег"}}, {"type": "Feature", "geometry": {"type": "Point", "coordinates": [31.224273, 59.920009]}, "properties": {"kind": "fishing", "cls": "B", "prec": 100, "fish": ["Густера", "Окунь", "Плотва", "Лещ", "Уклейка"], "date": "2024-06-07", "title": "Новоладожский канал — 2,1 км на Ю от «мыс Бугровский»", "comment": "Отчёт о четырёх выездах на Новоладожский канал: плотва, густера, подлещик, окунь и уклейка на опарыша и червя, всего около 2,5 кг.", "method": "насадка: опарыш, червь", "catch": "≈2,5 кг за 4 выезда (плотва, густера, подлещик, окунь, уклейка)", "src": "FisherMap", "srcd": "FisherMap (ru.fishermap.org)", "url": "https://ru.fishermap.org/location/21254/", "sid": "21254", "orig": "https://vk.com/public114375980?w=wall-114375980_165024", "wb": "Новоладожский канал (у берега Ладоги)", "raw": "59.920009, 31.224273", "agent": "fishermap_ext", "season": "open_water", "dist": 62.9, "zone": "ext", "sector": "Шлиссельбург / бухта Петрокрепость"}}, {"type": "Feature", "geometry": {"type": "Point", "coordinates": [32.921424, 60.483011]}, "properties": {"kind": "fishing", "cls": "B", "prec": 100, "fish": ["Окунь", "Щука"], "date": "2024-10-19", "title": "Свирь — 1,0 км на СВ от «Птичий Остров»", "comment": "Фото улова (окунь, щука) из поста ВК, в описании указано только «Свирь».", "src": "FisherMap", "srcd": "FisherMap (ru.fishermap.org)", "url": "https://ru.fishermap.org/location/21258/", "sid": "21258", "orig": "https://vk.com/public1707795?w=wall-1707795_68578", "wb": "р. Свирь у впадения Паши (Свирица)", "raw": "60.483011, 32.921424", "agent": "fishermap_ext", "season": "open_water", "dist": 54.5, "zone": "core", "sector": "Свирская губа / устье Свири"}}, {"type": "Feature", "geometry": {"type": "Point", "coordinates": [32.320984, 60.012398]}, "properties": {"kind": "fishing", "cls": "B", "prec": 100, "fish": ["Лещ"], "date": "2024-10-02", "title": "Волхов — 0,4 км на С от «Сельцо-Горка»", "comment": "Хороший улов леща на Волхове напротив Ивановского острова у Старой Ладоги в начале октября.", "catch": "лещ", "src": "FisherMap", "srcd": "FisherMap (ru.fishermap.org)", "url": "https://ru.fishermap.org/location/21259/", "sid": "21259", "orig": "https://vk.com/public7871660?w=wall-7871660_14129", "wb": "р. Волхов (нижнее течение)", "raw": "60.012398, 32.320984", "agent": "fishermap_ext", "season": "open_water", "dist": 10.3, "zone": "core", "sector": "Старая Ладога / Волхов"}}, {"type": "Feature", "geometry": {"type": "Point", "coordinates": [31.034803, 59.958363]}, "properties": {"kind": "fishing", "cls": "B", "prec": 100, "fish": ["Уклейка"], "date": "2025-09-09", "title": "Бухта Петрокрепость — 0,5 км на С от «Ореховый остров»", "comment": "Фото улова (уклейка) в карточке FisherMap без ссылки на первоисточник; точка у самого уреза (ловля с берега или у кромки); снасть и глубина не указаны.", "src": "FisherMap", "srcd": "FisherMap (ru.fishermap.org)", "url": "https://ru.fishermap.org/location/23202/", "sid": "23202", "wb": "Ладожское озеро, бухта Петрокрепость", "raw": "59.95836258, 31.03480303", "agent": "fishermap_ext", "season": "open_water", "dist": 71.8, "zone": "ext", "sector": "Шлиссельбург / бухта Петрокрепость"}}, {"type": "Feature", "geometry": {"type": "Point", "coordinates": [31.0846, 60.052061]}, "properties": {"kind": "fishing", "cls": "B", "prec": 100, "fish": ["Окунь", "Щука"], "date": "2022-06-18", "title": "Бухта Петрокрепость — 2,7 км на ЮВ от «Коккорево»", "comment": "Фото улова (окунь, щука) из наблюдения iNaturalist; точка у самого уреза (ловля с берега или у кромки); снасть и глубина не указаны.", "src": "FisherMap", "srcd": "FisherMap (ru.fishermap.org)", "url": "https://ru.fishermap.org/location/23254/", "sid": "23254", "orig": "https://www.inaturalist.org/observations/201135771", "wb": "Ладожское озеро, бухта Петрокрепость", "raw": "60.052061, 31.0846", "agent": "fishermap_ext", "season": "open_water", "dist": 67.3, "zone": "ext", "sector": "Шлиссельбург / бухта Петрокрепость"}}, {"type": "Feature", "geometry": {"type": "Point", "coordinates": [31.75715, 60.2244]}, "properties": {"kind": "hazard", "cls": "A", "prec": 30, "date": "2017-06-23", "title": "Топляк на пути Сумская — Кобона (1/5)", "comment": "Автор отметил GPS-точки топляков (притопленных брёвен) по дороге от Сумской к Кобоне; плавающая опасность, положение могло измениться.", "src": "fisher.spb.ru (Питерский клуб рыбаков)", "srcd": "fisher.spb.ru (ПКР) — Новости с водоемов", "url": "https://fisher.spb.ru/news/message.php?messageId=92212", "sid": "fisher_nsv_92212_p1", "raw": "60.13.464 031.45.429", "agent": "forums_old", "season": "open_water", "dist": 32.6, "zone": "core", "sector": "Лигово"}}, {"type": "Feature", "geometry": {"type": "Point", "coordinates": [31.583467, 60.104817]}, "properties": {"kind": "hazard", "cls": "A", "prec": 30, "date": "2017-06-23", "title": "Топляк на пути Сумская — Кобона (2/5)", "comment": "Автор отметил GPS-точки топляков (притопленных брёвен) по дороге от Сумской к Кобоне; плавающая опасность, положение могло измениться.", "src": "fisher.spb.ru (Питерский клуб рыбаков)", "srcd": "fisher.spb.ru (ПКР) — Новости с водоемов", "url": "https://fisher.spb.ru/news/message.php?messageId=92212", "sid": "fisher_nsv_92212_p2", "raw": "60.06.289 031.35.008", "agent": "forums_old", "season": "open_water", "dist": 39.4, "zone": "core", "sector": "Кобона / южный берег"}}, {"type": "Feature", "geometry": {"type": "Point", "coordinates": [31.5759, 60.09415]}, "properties": {"kind": "hazard", "cls": "A", "prec": 30, "date": "2017-06-23", "title": "Топляк на пути Сумская — Кобона (3/5)", "comment": "Автор отметил GPS-точки топляков (притопленных брёвен) по дороге от Сумской к Кобоне; плавающая опасность, положение могло измениться.", "src": "fisher.spb.ru (Питерский клуб рыбаков)", "srcd": "fisher.spb.ru (ПКР) — Новости с водоемов", "url": "https://fisher.spb.ru/news/message.php?messageId=92212", "sid": "fisher_nsv_92212_p3", "raw": "60.05.649 031.34.554", "agent": "forums_old", "season": "open_water", "dist": 39.8, "zone": "core", "sector": "Кобона / южный берег"}}, {"type": "Feature", "geometry": {"type": "Point", "coordinates": [31.564417, 60.087533]}, "properties": {"kind": "hazard", "cls": "A", "prec": 30, "date": "2017-06-23", "title": "Топляк на пути Сумская — Кобона (4/5)", "comment": "Автор отметил GPS-точки топляков (притопленных брёвен) по дороге от Сумской к Кобоне; плавающая опасность, положение могло измениться.", "src": "fisher.spb.ru (Питерский клуб рыбаков)", "srcd": "fisher.spb.ru (ПКР) — Новости с водоемов", "url": "https://fisher.spb.ru/news/message.php?messageId=92212", "sid": "fisher_nsv_92212_p4", "raw": "60.05.252 031.33.865", "agent": "forums_old", "season": "open_water", "dist": 40.5, "zone": "core", "sector": "Кобона / южный берег"}}, {"type": "Feature", "geometry": {"type": "Point", "coordinates": [31.556733, 60.08415]}, "properties": {"kind": "hazard", "cls": "A", "prec": 30, "date": "2017-06-23", "title": "Топляк на пути Сумская — Кобона (5/5)", "comment": "Автор отметил GPS-точки топляков (притопленных брёвен) по дороге от Сумской к Кобоне; плавающая опасность, положение могло измениться.", "src": "fisher.spb.ru (Питерский клуб рыбаков)", "srcd": "fisher.spb.ru (ПКР) — Новости с водоемов", "url": "https://fisher.spb.ru/news/message.php?messageId=92212", "sid": "fisher_nsv_92212_p5", "raw": "60.05.049 031.33.404", "agent": "forums_old", "season": "open_water", "dist": 40.9, "zone": "core", "sector": "Кобона / южный берег"}}, {"type": "Feature", "geometry": {"type": "Point", "coordinates": [31.445052, 60.012506]}, "properties": {"kind": "fishing", "cls": "A", "prec": 30, "fish": ["Плотва", "Окунь"], "date": "2016-02-13", "title": "Точка между Кобоной и Зеленцами", "comment": "Ночная ловля плотвы с прикормом в палатке на «прошлогодней точке» между Кобоной и Зеленцами; клёв редкий, мелочь.", "method": "мормышка/поплавочная зимняя удочка, прикорм", "catch": "плотва и 2 окуня", "src": "fisher.spb.ru (Питерский клуб рыбаков)", "srcd": "fisher.spb.ru (ПКР) — Новости с водоемов", "url": "https://fisher.spb.ru/news/message.php?messageId=86608", "sid": "fisher_nsv_86608", "raw": "60.012506,31.445052", "agent": "forums_old", "season": "ice", "dist": 48.2, "zone": "core", "sector": "Кобона / южный берег"}}, {"type": "Feature", "geometry": {"type": "Point", "coordinates": [31.495306, 60.005111]}, "properties": {"kind": "ice_incident", "cls": "A", "prec": 30, "date": "2010-02-23", "title": "Машина застряла на льду в пургу (Кобона)", "comment": "Автомобиль застрял примерно в 3 км от берега, не успев выехать до пурги; просили помощи внедорожником.", "src": "fisher.spb.ru (Питерский клуб рыбаков)", "srcd": "fisher.spb.ru (ПКР) — Новости с водоемов", "url": "https://fisher.spb.ru/news/message.php?messageId=37661", "sid": "fisher_nsv_37661", "raw": "60* 00* 18,4*, 031*29*43,1*", "agent": "forums_old", "season": "ice", "dist": 45.7, "zone": "core", "sector": "Кобона / южный берег"}}, {"type": "Feature", "geometry": {"type": "Point", "coordinates": [31.49568, 60.01393]}, "properties": {"kind": "fishing", "cls": "A", "prec": 20, "fish": ["Плотва"], "date": "2010-02-27", "title": "Прикормленная точка у Кобоны", "comment": "Около 2 кг средне-мелкой плотвы на бутерброд мотыль+опарыш, окуня нет; место прикормлено, автор «сдал точку».", "method": "зимняя удочка, прикорм", "catch": "~2 кг плотвы", "src": "fisher.spb.ru (Питерский клуб рыбаков)", "srcd": "fisher.spb.ru (ПКР) — Новости с водоемов", "url": "https://fisher.spb.ru/news/message.php?messageId=37803", "sid": "fisher_nsv_37803", "raw": "N 60.01393; E 031.49568", "agent": "forums_old", "season": "ice", "dist": 45.4, "zone": "core", "sector": "Кобона / южный берег"}}, {"type": "Feature", "geometry": {"type": "Point", "coordinates": [31.462967, 60.022883]}, "properties": {"kind": "fishing", "cls": "A", "prec": 20, "fish": ["Окунь", "Ряпушка", "Ёрш"], "date": "2005-01-29", "title": "Кобона, точка со льда (2005)", "comment": "Слабый утренний клёв: пара окуней 150–200 г, рипус и ерши; по льду можно было ехать на машине.", "catch": "2 окуня, рипус, 4 ерша", "src": "fisher.spb.ru (Питерский клуб рыбаков)", "srcd": "fisher.spb.ru (ПКР) — Новости с водоемов", "url": "https://fisher.spb.ru/news/message.php?messageId=1676", "sid": "fisher_nsv_1676", "raw": "N 60 01.373 E 031 27.778", "agent": "forums_old", "season": "ice", "dist": 47.0, "zone": "core", "sector": "Кобона / южный берег"}}, {"type": "Feature", "geometry": {"type": "Point", "coordinates": [31.223817, 60.04605]}, "properties": {"kind": "fishing", "cls": "A", "prec": 20, "fish": ["Плотва", "Окунь"], "date": "2013-01-20", "title": "Кокорево, палатка в сторону Зеленцов", "comment": "Плотва клевала весь день на мотыля и опарыша на глубине 4 м, у автора ~12 кг.", "depth": "4 м", "method": "мормышка, мотыль/опарыш", "catch": "~12 кг плотвы, 1 окунь", "src": "fisher.spb.ru (Питерский клуб рыбаков)", "srcd": "fisher.spb.ru (ПКР) — Новости с водоемов", "url": "https://fisher.spb.ru/news/message.php?messageId=72544", "sid": "fisher_nsv_72544", "raw": "N 60.02.763; E 031.13.429", "agent": "forums_old", "season": "ice", "dist": 59.7, "zone": "ext", "sector": "Шлиссельбург / бухта Петрокрепость"}}, {"type": "Feature", "geometry": {"type": "Point", "coordinates": [31.203283, 60.039]}, "properties": {"kind": "fishing", "cls": "A", "prec": 20, "fish": ["Плотва"], "date": "2006-03-30", "title": "Кокорево, 8 км от магазина", "comment": "Вечерний клёв крупной ладожской плотвы на мотыля и опарыша, 12–15 кг; жмых в лунке усиливал клёв.", "method": "мормышка, мотыль/опарыш, жмых", "catch": "12–15 кг плотвы", "src": "fisher.spb.ru (Питерский клуб рыбаков)", "srcd": "fisher.spb.ru (ПКР) — Новости с водоемов", "url": "https://fisher.spb.ru/news/message.php?messageId=8987", "sid": "fisher_nsv_8987", "raw": "N 60 02,340 E 031 12,197", "agent": "forums_old", "season": "ice", "dist": 60.9, "zone": "ext", "sector": "Шлиссельбург / бухта Петрокрепость"}}, {"type": "Feature", "geometry": {"type": "Point", "coordinates": [31.10045, 59.988131]}, "properties": {"kind": "fishing", "cls": "A", "prec": 15, "fish": ["Плотва", "Окунь"], "date": "2022-08-07", "title": "Кошкино, у 82-го бакена", "comment": "Утренняя ловля на поплавок в 30 м от берега у 82-го бакена: плотва, на следующий день хорошо брал окунь.", "method": "поплавочная удочка", "src": "fisher.spb.ru (Питерский клуб рыбаков)", "srcd": "fisher.spb.ru (ПКР) — Новости с водоемов", "url": "https://fisher.spb.ru/news/message.php?messageId=108308", "sid": "fisher_nsv_108308", "raw": "59°5917.27N 31°0601.62E", "agent": "forums_old", "season": "open_water", "dist": 67.5, "zone": "ext", "sector": "Шлиссельбург / бухта Петрокрепость"}}, {"type": "Feature", "geometry": {"type": "Point", "coordinates": [32.326833, 60.11639]}, "properties": {"kind": "fishing", "cls": "A", "prec": 20, "fish": ["Густера", "Плотва", "Лещ", "Окунь"], "date": "2018-10-15", "title": "Низовья Волхова у впадения в Ладогу (с берега)", "comment": "Ловля с берега на донку с кормушкой, активный клёв мелочи до 350 г, всего ~8 кг за несколько дней; подъезд к месту.", "method": "донка с кормушкой", "catch": "~8 кг за 4 дня", "src": "fisher.spb.ru (Питерский клуб рыбаков)", "srcd": "fisher.spb.ru (ПКР) — Новости с водоемов", "url": "https://fisher.spb.ru/news/message.php?messageId=96904", "sid": "fisher_nsv_96904", "raw": "60.116390 32.326833", "agent": "forums_old", "season": "open_water", "dist": 2.3, "zone": "core", "sector": "Новая Ладога / устье Волхова"}}, {"type": "Feature", "geometry": {"type": "Point", "coordinates": [32.161988, 60.228772]}, "properties": {"kind": "fishing", "cls": "A", "prec": 20, "fish": ["Плотва"], "date": "2015-01-27", "title": "17 км от базы Креницы в сторону Птинова", "comment": "Ночная ловля плотвы на глубине 2,5 м с прикормом, у автора 19,5 кг плотвы 150–350 г.", "depth": "2.5 м", "catch": "19,5 кг + 14 кг у напарника", "src": "fisher.spb.ru (Питерский клуб рыбаков)", "srcd": "fisher.spb.ru (ПКР) — Новости с водоемов", "url": "https://fisher.spb.ru/news/message.php?messageId=83000", "sid": "fisher_nsv_83000", "raw": "60.228772,32.161988", "agent": "forums_old", "season": "ice", "dist": 15.7, "zone": "core", "sector": "о. Птинов"}}, {"type": "Feature", "geometry": {"type": "Point", "coordinates": [32.252517, 60.177483]}, "properties": {"kind": "fishing", "cls": "A", "prec": 20, "fish": ["Окунь"], "date": "2011-04-09", "title": "Креницы, утренний окунь (апрель 2011)", "comment": "Утренняя «раздача» окуня на балансир у дна, по 3–4 кг на человека.", "method": "балансир", "catch": "3–4 кг окуня", "src": "fisher.spb.ru (Питерский клуб рыбаков)", "srcd": "fisher.spb.ru (ПКР) — Новости с водоемов", "url": "https://fisher.spb.ru/news/message.php?messageId=53967", "sid": "fisher_nsv_53967_p1", "raw": "N60.10.649 E032.15.151", "agent": "forums_old", "season": "ice", "dist": 8.5, "zone": "core", "sector": "Креницы / Волховская губа"}}, {"type": "Feature", "geometry": {"type": "Point", "coordinates": [32.27465, 60.171933]}, "properties": {"kind": "fishing", "cls": "A", "prec": 20, "fish": ["Плотва"], "date": "2011-04-09", "title": "Креницы, пятачок плотвы (апрель 2011)", "comment": "Прикормленный пятачок, где плотва брала с утра, по паре кг на человека.", "catch": "~2 кг плотвы", "src": "fisher.spb.ru (Питерский клуб рыбаков)", "srcd": "fisher.spb.ru (ПКР) — Новости с водоемов", "url": "https://fisher.spb.ru/news/message.php?messageId=53967", "sid": "fisher_nsv_53967_p2", "raw": "N60.10.316 E032.16.479", "agent": "forums_old", "season": "ice", "dist": 7.7, "zone": "core", "sector": "Креницы / Волховская губа"}}, {"type": "Feature", "geometry": {"type": "Point", "coordinates": [32.278783, 60.1565]}, "properties": {"kind": "fishing", "cls": "A", "prec": 20, "fish": ["Плотва"], "date": "2011-04-09", "title": "Креницы, плотва ближе к берегу (апрель 2011)", "comment": "По дороге к берегу народ активно ловил плотву, примерно 4,5 км от сараев.", "src": "fisher.spb.ru (Питерский клуб рыбаков)", "srcd": "fisher.spb.ru (ПКР) — Новости с водоемов", "url": "https://fisher.spb.ru/news/message.php?messageId=53967", "sid": "fisher_nsv_53967_p3", "raw": "N60.09.390 E032.16.727", "agent": "forums_old", "season": "ice", "dist": 5.9, "zone": "core", "sector": "Креницы / Волховская губа"}}, {"type": "Feature", "geometry": {"type": "Point", "coordinates": [32.228, 60.182467]}, "properties": {"kind": "fishing", "cls": "A", "prec": 20, "fish": ["Окунь"], "date": "2011-04-06", "title": "Креницы, окунь 6 км от сараев (точка 1)", "comment": "Окунь брал на балансир на глубине около 3 м, поднимаясь до самого льда; ~6 км на СЗ от сараев.", "depth": "3 м", "method": "балансир", "src": "fisher.spb.ru (Питерский клуб рыбаков)", "srcd": "fisher.spb.ru (ПКР) — Новости с водоемов", "url": "https://fisher.spb.ru/news/message.php?messageId=53695", "sid": "fisher_nsv_53695_p1", "raw": "N60.10.948 E032.13.680", "agent": "forums_old", "season": "ice", "dist": 9.5, "zone": "core", "sector": "Креницы / Волховская губа"}}, {"type": "Feature", "geometry": {"type": "Point", "coordinates": [32.25165, 60.170433]}, "properties": {"kind": "fishing", "cls": "A", "prec": 20, "fish": ["Окунь"], "date": "2011-04-06", "title": "Креницы, окунь 6 км от сараев (точка 2)", "comment": "Вторая точка, где брал небольшой окунь на балансир; на 12 км рыбы не было.", "method": "балансир", "src": "fisher.spb.ru (Питерский клуб рыбаков)", "srcd": "fisher.spb.ru (ПКР) — Новости с водоемов", "url": "https://fisher.spb.ru/news/message.php?messageId=53695", "sid": "fisher_nsv_53695_p2", "raw": "N60.10.226 E032.15.099", "agent": "forums_old", "season": "ice", "dist": 7.8, "zone": "core", "sector": "Креницы / Волховская губа"}}, {"type": "Feature", "geometry": {"type": "Point", "coordinates": [32.292472, 60.162306]}, "properties": {"kind": "fishing", "cls": "A", "prec": 20, "fish": ["Плотва"], "date": "2009-02-24", "title": "Креницы, плотва 20 кг с одной лунки", "comment": "Ночная ловля плотвы на маленькую медную мормышку со стуком по дну, 20 кг с одной лунки.", "method": "мормышка", "catch": "20 кг плотвы", "src": "fisher.spb.ru (Питерский клуб рыбаков)", "srcd": "fisher.spb.ru (ПКР) — Новости с водоемов", "url": "https://fisher.spb.ru/news/message.php?messageId=30517", "sid": "fisher_nsv_30517", "raw": "N60 09,44.3\" E 032 17,32.9\"", "agent": "forums_old", "season": "ice", "dist": 6.5, "zone": "core", "sector": "Креницы / Волховская губа"}}, {"type": "Feature", "geometry": {"type": "Point", "coordinates": [32.2831, 60.228933]}, "properties": {"kind": "fishing", "cls": "A", "prec": 20, "fish": ["Окунь"], "date": "2006-02-18", "title": "Креницы, последняя стоянка машин 12,9 км от берега", "comment": "Точка последней стоянки на льду; рядом у толпы на блесну взяли десятки окуней до 400 г.", "method": "блесна", "catch": "~27 окуней", "src": "fisher.spb.ru (Питерский клуб рыбаков)", "srcd": "fisher.spb.ru (ПКР) — Новости с водоемов", "url": "https://fisher.spb.ru/news/message.php?messageId=7957", "sid": "fisher_nsv_7957", "raw": "N60.13.736. E032.16.986.", "agent": "forums_old", "season": "ice", "dist": 13.9, "zone": "core", "sector": "Волховская губа, центр"}}, {"type": "Feature", "geometry": {"type": "Point", "coordinates": [32.189567, 60.197533]}, "properties": {"kind": "fishing", "cls": "A", "prec": 30, "fish": ["Окунь"], "date": "2006-01-05", "title": "Креницы, окунь (январь 2006)", "comment": "Окунь 100–300 г, у автора 18 кг; дорога шла вдоль берега.", "catch": "18 кг окуня", "src": "fisher.spb.ru (Питерский клуб рыбаков)", "srcd": "fisher.spb.ru (ПКР) — Новости с водоемов", "url": "https://fisher.spb.ru/news/message.php?messageId=6881", "sid": "fisher_nsv_6881", "raw": "N60 11 852 E032 11 374", "agent": "forums_old", "season": "ice", "dist": 11.9, "zone": "core", "sector": "Креницы / Волховская губа"}}, {"type": "Feature", "geometry": {"type": "Point", "coordinates": [32.276067, 60.191217]}, "properties": {"kind": "hazard", "cls": "A", "prec": 100, "date": "2005-02-25", "title": "Трещина 10 м перед торосами у Крениц", "comment": "После подвижки льда образовалась трещина шириной ~10 м вдоль берега примерно в 6 км от него (координаты примерные).", "src": "fisher.spb.ru (Питерский клуб рыбаков)", "srcd": "fisher.spb.ru (ПКР) — Новости с водоемов", "url": "https://fisher.spb.ru/news/message.php?messageId=2239", "sid": "fisher_nsv_2239", "raw": "60.11.473 032.16.564", "agent": "forums_old", "season": "ice", "dist": 9.8, "zone": "core", "sector": "Волховская губа, центр"}}, {"type": "Feature", "geometry": {"type": "Point", "coordinates": [31.492117, 59.987667]}, "properties": {"kind": "ice_incident", "cls": "A", "prec": 50, "date": "2009-01-03", "title": "Две промоины в 4 км от Лаврово к Зеленцу", "comment": "Проход между двумя крупными промоинами, в одну провалился рыбак (спасён); автор советует обходить точку на 200 м.", "src": "fisher.spb.ru (Питерский клуб рыбаков)", "srcd": "fisher.spb.ru (ПКР) — Новости с водоемов", "url": "https://fisher.spb.ru/news/message.php?messageId=28360", "sid": "fisher_nsv_28360", "raw": "N 59.59.260 E 031.29.527", "agent": "forums_old", "season": "ice", "dist": 46.4, "zone": "core", "sector": "Кобона / южный берег"}}, {"type": "Feature", "geometry": {"type": "Point", "coordinates": [31.480556, 60.130556]}, "properties": {"kind": "fishing", "cls": "A", "prec": 50, "date": "2016-02-19", "title": "Леднево, толпа в 6 км от берега", "comment": "Стартовая точка ловли в толпе в 6 км от берега, у автора 3,5 кг.", "catch": "3,5 кг", "src": "fisher.spb.ru (Питерский клуб рыбаков)", "srcd": "fisher.spb.ru (ПКР) — Новости с водоемов", "url": "https://fisher.spb.ru/news/message.php?messageId=86696", "sid": "fisher_nsv_86696", "raw": "60°07′50″N 31°28′50″E", "agent": "forums_old", "season": "ice", "dist": 45.2, "zone": "core", "sector": "Кобона / южный берег"}}, {"type": "Feature", "geometry": {"type": "Point", "coordinates": [31.509217, 60.15115]}, "properties": {"kind": "fishing", "cls": "A", "prec": 70, "fish": ["Плотва", "Ёрш"], "date": "2011-01-23", "title": "Леднево, 8 км от берега (стоянка машины)", "comment": "Машину оставили в этой точке, ловили в 70 м от неё на три прикормленные лунки; 2,3 кг плотвы и ёрш.", "catch": "2,3 кг плотвы, ёрш", "src": "fisher.spb.ru (Питерский клуб рыбаков)", "srcd": "fisher.spb.ru (ПКР) — Новости с водоемов", "url": "https://fisher.spb.ru/news/message.php?messageId=47549", "sid": "fisher_nsv_47549", "raw": "N 60*09.069\"; Е 031*30.553\"", "agent": "forums_old", "season": "ice", "dist": 43.8, "zone": "core", "sector": "Кобона / южный берег"}}, {"type": "Feature", "geometry": {"type": "Point", "coordinates": [31.525, 60.101472]}, "properties": {"kind": "fishing", "cls": "A", "prec": 20, "fish": ["Окунь"], "date": "2009-01-17", "title": "Леднево, окунь на мормышку", "comment": "Три окуня на мормышку, балансир и блесна не работали; живых трещин не было.", "method": "мормышка", "catch": "3 окуня", "src": "fisher.spb.ru (Питерский клуб рыбаков)", "srcd": "fisher.spb.ru (ПКР) — Новости с водоемов", "url": "https://fisher.spb.ru/news/message.php?messageId=28888", "sid": "fisher_nsv_28888", "raw": "N 60град06'05,3\" E 31град31'30,0\"", "agent": "forums_old", "season": "ice", "dist": 42.6, "zone": "core", "sector": "Кобона / южный берег"}}, {"type": "Feature", "geometry": {"type": "Point", "coordinates": [31.539517, 60.113867]}, "properties": {"kind": "ice_incident", "cls": "A", "prec": 30, "date": "2008-02-02", "title": "Леднево: автомобиль с рыбаками ушёл под лёд (2008)", "comment": "Легковая машина с тремя рыбаками провалилась под лёд правее выезда в сторону Черного; двоих спасли, один погиб.", "src": "fisher.spb.ru (Питерский клуб рыбаков)", "srcd": "fisher.spb.ru (ПКР) — Новости с водоемов", "url": "https://fisher.spb.ru/news/message.php?messageId=21242", "sid": "fisher_nsv_21242", "raw": "N 60 06.832 E031 32.371 | N 60 06.841 E 031 32.346 (второй очевидец, messageId=…", "agent": "forums_old", "season": "ice", "dist": 41.8, "zone": "core", "sector": "Кобона / южный берег"}}, {"type": "Feature", "geometry": {"type": "Point", "coordinates": [31.546083, 60.106283]}, "properties": {"kind": "hazard", "cls": "A", "prec": 50, "date": "2008-01-26", "title": "Леднево: трещины под снегом, лёд 1–1,5 см", "comment": "У первой площадки трещины до 30 см, присыпанные снегом, с тонким льдом 1–1,5 см.", "src": "fisher.spb.ru (Питерский клуб рыбаков)", "srcd": "fisher.spb.ru (ПКР) — Новости с водоемов", "url": "https://fisher.spb.ru/news/message.php?messageId=20961", "sid": "fisher_nsv_20961", "raw": "N60*06.377 Е031*32.765", "agent": "forums_old", "season": "ice", "dist": 41.4, "zone": "core", "sector": "Кобона / южный берег"}}, {"type": "Feature", "geometry": {"type": "Point", "coordinates": [31.470133, 60.100183]}, "properties": {"kind": "fishing", "cls": "A", "prec": 20, "fish": ["Окунь"], "date": "2008-01-17", "title": "Леднево, окунь у косы", "comment": "18 кг окуня на балансир левее второй стоянки вдоль косы почти до воды; видна свежая трещина параллельно косе.", "method": "балансир", "catch": "18 кг окуня", "src": "fisher.spb.ru (Питерский клуб рыбаков)", "srcd": "fisher.spb.ru (ПКР) — Новости с водоемов", "url": "https://fisher.spb.ru/news/message.php?messageId=20667", "sid": "fisher_nsv_20667", "raw": "N 60*06.011 E031*28.208", "agent": "forums_old", "season": "ice", "dist": 45.7, "zone": "core", "sector": "Кобона / южный берег"}}, {"type": "Feature", "geometry": {"type": "Point", "coordinates": [31.519217, 60.113167]}, "properties": {"kind": "fishing", "cls": "A", "prec": 30, "fish": ["Окунь"], "date": "2008-01-11", "title": "Леднево, окунь (со слов, январь 2008)", "comment": "По словам знакомых, в пятницу здесь окунь брал на всё; на следующий день клёв был только утром.", "src": "fisher.spb.ru (Питерский клуб рыбаков)", "srcd": "fisher.spb.ru (ПКР) — Новости с водоемов", "url": "https://fisher.spb.ru/news/message.php?messageId=20452", "sid": "fisher_nsv_20452_p1", "raw": "N60 06.790 е 031 31.153", "agent": "forums_old", "season": "ice", "dist": 42.9, "zone": "core", "sector": "Кобона / южный берег"}}, {"type": "Feature", "geometry": {"type": "Point", "coordinates": [31.530833, 60.105933]}, "properties": {"kind": "fishing", "cls": "A", "prec": 30, "fish": ["Плотва"], "date": "2008-01-12", "title": "Леднево, плотва (январь 2008)", "comment": "Точка, где у знакомых ловилась плотва, пока их не «обрубили» соседи.", "src": "fisher.spb.ru (Питерский клуб рыбаков)", "srcd": "fisher.spb.ru (ПКР) — Новости с водоемов", "url": "https://fisher.spb.ru/news/message.php?messageId=20452", "sid": "fisher_nsv_20452_p2", "raw": "N 60 06.356 Е031 31 850", "agent": "forums_old", "season": "ice", "dist": 42.3, "zone": "core", "sector": "Кобона / южный берег"}}, {"type": "Feature", "geometry": {"type": "Point", "coordinates": [31.550717, 60.103367]}, "properties": {"kind": "fishing", "cls": "A", "prec": 30, "fish": ["Окунь"], "date": "2008-01-12", "title": "Леднево, окунь в 2 км от берега", "comment": "На обратном пути около 16 ч рыбаки ловили здесь окуня.", "src": "fisher.spb.ru (Питерский клуб рыбаков)", "srcd": "fisher.spb.ru (ПКР) — Новости с водоемов", "url": "https://fisher.spb.ru/news/message.php?messageId=20452", "sid": "fisher_nsv_20452_p3", "raw": "N60 06 202 E031 33 043", "agent": "forums_old", "season": "ice", "dist": 41.2, "zone": "core", "sector": "Кобона / южный берег"}}, {"type": "Feature", "geometry": {"type": "Point", "coordinates": [31.798733, 60.271567]}, "properties": {"kind": "fishing", "cls": "A", "prec": 30, "fish": ["Окунь", "Плотва"], "date": "2012-02-19", "title": "Лигово, окунь и плотва за торосами", "comment": "Мелко (1,5–2 м) с камнями; окуня пришлось раскачивать блесной, рядом ловили плотву; сильная метель.", "depth": "1,5–2 м", "method": "блесна, балансир", "catch": "8 окуней ~1 кг", "src": "fisher.spb.ru (Питерский клуб рыбаков)", "srcd": "fisher.spb.ru (ПКР) — Новости с водоемов", "url": "https://fisher.spb.ru/news/message.php?messageId=63989", "sid": "fisher_nsv_63989", "raw": "N60.16.294 E031.47.924", "agent": "forums_old", "season": "ice", "dist": 33.1, "zone": "core", "sector": "Лигово"}}, {"type": "Feature", "geometry": {"type": "Point", "coordinates": [31.411083, 60.000317]}, "properties": {"kind": "hazard", "cls": "A", "prec": 30, "fish": ["Окунь"], "date": "2008-01-31", "title": "У Большого Зеленца: дальше на машине не ехать (янв. 2008)", "comment": "Точка парковки у Зеленца; лёд ~20 см, мокрый и с трещинами, автор предупреждал дальше не ехать.", "src": "fisher.spb.ru (Питерский клуб рыбаков)", "srcd": "fisher.spb.ru (ПКР) — Новости с водоемов", "url": "https://fisher.spb.ru/news/message.php?messageId=21178", "sid": "fisher_nsv_21178", "raw": "N 60 00.019 E031 24.665", "agent": "forums_old", "season": "ice", "dist": 50.3, "zone": "core", "sector": "Кобона / южный берег"}}, {"type": "Feature", "geometry": {"type": "Point", "coordinates": [32.264517, 60.122767]}, "properties": {"kind": "ice_incident", "cls": "A", "prec": 100, "date": "2009-01-08", "title": "Новая Ладога: майна от провалившейся машины", "comment": "Вдоль камышей между 7 и 8 км машина провалилась под лёд, её вытащили местные; координаты примерные.", "src": "fisher.spb.ru (Питерский клуб рыбаков)", "srcd": "fisher.spb.ru (ПКР) — Новости с водоемов", "url": "https://fisher.spb.ru/news/message.php?messageId=28582", "sid": "fisher_nsv_28582", "raw": "N60 07.366 E32 15.871", "agent": "forums_old", "season": "ice", "dist": 2.7, "zone": "core", "sector": "Новая Ладога / устье Волхова"}}, {"type": "Feature", "geometry": {"type": "Point", "coordinates": [32.898614, 60.483212]}, "properties": {"kind": "fishing", "cls": "A", "prec": 100, "fish": ["Судак"], "date": "2017-03-20", "title": "Свирь у Свирицы, «у красного дома»", "comment": "Отличный лёд на Свири, по реке шёл судак и собирал толпу рыбаков; координаты примерные.", "src": "fisher.spb.ru (Питерский клуб рыбаков)", "srcd": "fisher.spb.ru (ПКР) — Новости с водоемов", "url": "https://fisher.spb.ru/news/message.php?messageId=91466", "sid": "fisher_nsv_91466", "raw": "60.483212, 32.898614", "agent": "forums_old", "season": "ice", "dist": 53.8, "zone": "core", "sector": "Свирская губа / устье Свири"}}, {"type": "Feature", "geometry": {"type": "Point", "coordinates": [31.039084, 59.948739]}, "properties": {"kind": "fishing", "cls": "A", "prec": 20, "date": "2025-05-14", "title": "Шлиссельбург / Петрокрепость, поплавок", "comment": "Ловля на проводку поплавком, клёв вялый, к 14 ч поднялся ветер с волной.", "method": "поплавок", "src": "fisher.spb.ru (Питерский клуб рыбаков)", "srcd": "fisher.spb.ru (ПКР) — Новости с водоемов", "url": "https://fisher.spb.ru/news/message.php?messageId=113990", "sid": "fisher_nsv_113990", "raw": "59.948739, 31.039084", "agent": "forums_old", "season": "open_water", "dist": 71.8, "zone": "ext", "sector": "Шлиссельбург / бухта Петрокрепость"}}, {"type": "Feature", "geometry": {"type": "Point", "coordinates": [32.915198, 60.400665]}, "properties": {"kind": "fishing", "cls": "A", "prec": 30, "date": "2016-06-16", "title": "Нижнее течение р. Паша", "comment": "Улов 47 рыб по 250–400 г (вид не указан); точка из отчёта по р. Паша, примерно в 8 км к югу от Свирицы.", "catch": "47 шт по 250–400 г", "src": "fisher.spb.ru (Питерский клуб рыбаков)", "srcd": "fisher.spb.ru (ПКР) — Новости с водоемов", "url": "https://fisher.spb.ru/news/message.php?messageId=88225", "sid": "fisher_nsv_88225", "raw": "60.400665, 32.915198", "agent": "forums_old", "season": "open_water", "dist": 47.6, "zone": "core", "sector": "Свирица / Загубская губа"}}, {"type": "Feature", "geometry": {"type": "Point", "coordinates": [32.181783, 60.217083]}, "properties": {"kind": "fishing", "cls": "A", "prec": 20, "fish": ["Плотва", "Окунь", "Ёрш"], "date": "2009-03-19", "title": "Креницы, 14-й км: плотва 29 кг", "comment": "Ночная ловля на своих старых лунках на 14-м км: к часу ночи 29,1 кг, в основном плотва; трещин на обратном пути не было.", "catch": "29,1 кг (из них 1,9 кг окуня)", "src": "fisher.spb.ru (Питерский клуб рыбаков)", "srcd": "fisher.spb.ru (ПКР) — Новости с водоемов", "url": "https://fisher.spb.ru/news/message.php?messageId=31282", "sid": "fisher_nsv_31282", "raw": "N 60\" 13,025\" Е 032\"10,907\"", "agent": "forums_old", "season": "ice", "dist": 14.1, "zone": "core", "sector": "Волховская губа, центр"}}, {"type": "Feature", "geometry": {"type": "Point", "coordinates": [32.0816, 60.2946]}, "properties": {"kind": "structure", "cls": "C", "prec": 800, "fish": ["Щука"], "date": "1999-06", "title": "Варецкая банка (описание 1999 г.)", "comment": "По описанию 1999 г. банка лежит в 4 км строго к северу от о. Соболец у мыса Воронов, глубины до 9 м, там брали много хорошей щуки.", "depth": "до 9 м", "src": "fisher.spb.ru (Питерский клуб рыбаков)", "srcd": "fisher.spb.ru (ПКР) — Новости с водоемов (архив гостевой 1999 г.)", "url": "https://fisher.spb.ru/news/message.php?messageId=58", "sid": "fisher_nsv_58", "agent": "forums_old", "season": "open_water", "dist": 24.3, "zone": "core", "sector": "Варецкие банки"}}, {"type": "Feature", "geometry": {"type": "Point", "coordinates": [31.58318, 60.13112]}, "properties": {"kind": "ice_incident", "cls": "C", "prec": 1000, "date": "2014-12-28", "title": "Губа Черная Сатама: гибель двух рыбаков (2014)", "comment": "Двое рыбаков провалились и утонули в 1,3 км по льду вдоль правого берега от выхода из Черного, в 50 м от камышового мыса; там яма и тонкий лёд.", "src": "fisher.spb.ru (Питерский клуб рыбаков)", "srcd": "fisher.spb.ru (ПКР) — Новости с водоемов", "url": "https://fisher.spb.ru/news/message.php?messageId=82296", "sid": "fisher_nsv_82296", "agent": "forums_old", "season": "ice", "dist": 39.5, "zone": "core", "sector": "Кобона / южный берег"}}, {"type": "Feature", "geometry": {"type": "Point", "coordinates": [30.9005, 60.333583]}, "properties": {"kind": "fishing", "cls": "A", "prec": 30, "fish": ["Окунь"], "date": "2005-03-26", "title": "Краськово (западный берег), окунь", "comment": "Около 2 кг окуня за вечер среди плотной толпы рыбаков; машину ставили у шлагбаума.", "catch": "2 кг окуня", "src": "fisher.spb.ru (Питерский клуб рыбаков)", "srcd": "fisher.spb.ru (ПКР) — Новости с водоемов", "url": "https://fisher.spb.ru/news/message.php?messageId=2860", "sid": "fisher_nsv_2860", "raw": "N 60 20 015 E 030 54 030", "agent": "forums_old", "season": "ice", "dist": 81.1, "zone": "ext", "sector": "Осиновец / западный берег"}}, {"type": "Feature", "geometry": {"type": "Point", "coordinates": [32.305583, 60.1145]}, "properties": {"kind": "launch", "cls": "A", "prec": 20, "date": "2006-07-21", "title": "«Лава» через Новоладожский канал (Новая Ладога)", "comment": "Пешеходный мостик-лава через канал: при волне на Ладоге лодку спускают в канал с любой её стороны.", "src": "fisher.spb.ru (Питерский клуб рыбаков)", "srcd": "fisher.spb.ru (ПКР) — форум, тема «Рыбацкие места»", "url": "https://fisher.spb.ru/forums/index.php?app=forums&module=forums&controller=topic&id=83&do=findComment&comment=136901", "sid": "fisher_forum_136901", "raw": "N 60 06.870 E032 18.335", "agent": "forums_old", "season": "open_water", "dist": 1.4, "zone": "core", "sector": "Новая Ладога / устье Волхова"}}, {"type": "Feature", "geometry": {"type": "Point", "coordinates": [31.463317, 59.9018]}, "properties": {"kind": "launch", "cls": "A", "prec": 20, "date": "2009-01-12", "title": "Нижняя Шальдиха: съезд на канал", "comment": "Точка съезда на лёд Новоладожского канала в Нижней Шальдихе из маршрутного описания для зимних выездов.", "src": "fisher.spb.ru (Питерский клуб рыбаков)", "srcd": "fisher.spb.ru (ПКР) — форум, тема «Рыбацкие места»", "url": "https://fisher.spb.ru/forums/index.php?app=forums&module=forums&controller=topic&id=83&do=findComment&comment=373096", "sid": "fisher_forum_373096_p1", "raw": "N59*54.108 Е031*27.799", "agent": "forums_old", "season": "ice", "dist": 51.3, "zone": "core", "sector": "Кобона / южный берег"}}, {"type": "Feature", "geometry": {"type": "Point", "coordinates": [31.555467, 60.024383]}, "properties": {"kind": "landmark", "cls": "A", "prec": 20, "date": "2009-01-12", "title": "Кобона: магазины у мостов", "comment": "Ориентир маршрута; перед магазинами поворот к парковке вдоль протоки между каналами.", "src": "fisher.spb.ru (Питерский клуб рыбаков)", "srcd": "fisher.spb.ru (ПКР) — форум, тема «Рыбацкие места»", "url": "https://fisher.spb.ru/forums/index.php?app=forums&module=forums&controller=topic&id=83&do=findComment&comment=373096", "sid": "fisher_forum_373096_p2", "raw": "N60*01.463 Е031*33.328", "agent": "forums_old", "season": "ice", "dist": 41.9, "zone": "core", "sector": "Кобона / южный берег"}}, {"type": "Feature", "geometry": {"type": "Point", "coordinates": [31.564917, 60.08715]}, "properties": {"kind": "launch", "cls": "A", "prec": 20, "date": "2009-01-12", "title": "Леднево: вторая (центральная) площадка у Нового канала", "comment": "Парковка у Новоладожского канала, откуда съезжают на канал и в Ладогу.", "src": "fisher.spb.ru (Питерский клуб рыбаков)", "srcd": "fisher.spb.ru (ПКР) — форум, тема «Рыбацкие места»", "url": "https://fisher.spb.ru/forums/index.php?app=forums&module=forums&controller=topic&id=83&do=findComment&comment=373096", "sid": "fisher_forum_373096_p3", "raw": "N60*05.229 Е031*33.895", "agent": "forums_old", "season": "ice", "dist": 40.5, "zone": "core", "sector": "Кобона / южный берег"}}, {"type": "Feature", "geometry": {"type": "Point", "coordinates": [31.66005, 60.183667]}, "properties": {"kind": "fishing", "cls": "A", "prec": 20, "date": "2009-01-12", "title": "Сухая протока (от Черного к Лигово)", "comment": "Ближайшая к Черному протока по каналу, автор называет её хорошим местом; лучшие места дальше вплоть до Дубно.", "src": "fisher.spb.ru (Питерский клуб рыбаков)", "srcd": "fisher.spb.ru (ПКР) — форум, тема «Рыбацкие места»", "url": "https://fisher.spb.ru/forums/index.php?app=forums&module=forums&controller=topic&id=83&do=findComment&comment=373096", "sid": "fisher_forum_373096_p4", "raw": "N60*11.020 Е031*39.603", "agent": "forums_old", "season": "ice", "dist": 36.2, "zone": "core", "sector": "Лигово"}}, {"type": "Feature", "geometry": {"type": "Point", "coordinates": [31.975183, 60.222483]}, "properties": {"kind": "launch", "cls": "A", "prec": 20, "date": "2009-04-30", "title": "Дубненская протока (выход из канала в Ладогу)", "comment": "Точка для навигатора на вход в Дубненскую протоку, дана в ответ на просьбу форумчанина.", "src": "fisher.spb.ru (Питерский клуб рыбаков)", "srcd": "fisher.spb.ru (ПКР) — форум, тема «Рыбацкие места»", "url": "https://fisher.spb.ru/forums/index.php?app=forums&module=forums&controller=topic&id=83&do=findComment&comment=487491", "sid": "fisher_forum_487491", "raw": "N 60 13.349 E 031 58.511", "agent": "forums_old", "season": "open_water", "dist": 22.0, "zone": "core", "sector": "Дубно"}}, {"type": "Feature", "geometry": {"type": "Point", "coordinates": [31.102133, 59.973417]}, "properties": {"kind": "structure", "cls": "A", "prec": 150, "date": "2009-08-04", "title": "Банка «Чайка» у Кошкино", "comment": "Примерный центр банки «Чайка» в районе Кошкино (у Кошкинского фарватера); второй форумчанин дал близкую точку.", "src": "fisher.spb.ru (Питерский клуб рыбаков)", "srcd": "fisher.spb.ru (ПКР) — форум, тема «Рыбацкие места»", "url": "https://fisher.spb.ru/forums/index.php?app=forums&module=forums&controller=topic&id=83&do=findComment&comment=515978", "sid": "fisher_forum_515978", "raw": "N 59 58.405 E 31 06.128 | N 5958461 E 03106107 (АБАЖ)", "agent": "forums_old", "season": "open_water", "dist": 67.8, "zone": "ext", "sector": "Шлиссельбург / бухта Петрокрепость"}}, {"type": "Feature", "geometry": {"type": "Point", "coordinates": [31.169067, 60.07445]}, "properties": {"kind": "structure", "cls": "A", "prec": 300, "date": "2011-02-26", "title": "Банка Железница («Шапки»)", "comment": "Координаты банки Железница; при низкой воде там образуются торосы-«шапки», отсюда второе название.", "src": "fisher.spb.ru (Питерский клуб рыбаков)", "srcd": "fisher.spb.ru (ПКР) — форум, тема «Рыбацкие места»", "url": "https://fisher.spb.ru/forums/index.php?app=forums&module=forums&controller=topic&id=83&do=findComment&comment=791411", "sid": "fisher_forum_791411", "raw": "N60 04.467 E31 10.144", "agent": "forums_old", "season": "ice", "dist": 62.5, "zone": "ext", "sector": "Осиновец / западный берег"}}, {"type": "Feature", "geometry": {"type": "Point", "coordinates": [31.19245, 60.071533]}, "properties": {"kind": "structure", "cls": "A", "prec": 300, "date": "2011-02-26", "title": "Банка Железница (вторая оценка)", "comment": "Другой форумчанин дал «примерную» точку банки Железница, ~1,3 км от первой.", "src": "fisher.spb.ru (Питерский клуб рыбаков)", "srcd": "fisher.spb.ru (ПКР) — форум, тема «GPS навигация и картография»", "url": "https://fisher.spb.ru/forums/index.php?app=forums&module=forums&controller=topic&id=44&do=findComment&comment=791415", "sid": "fisher_forum_791415", "raw": "N60 04.292 E31 11.547", "agent": "forums_old", "season": "ice", "dist": 61.2, "zone": "ext", "sector": "Осиновец / западный берег"}}, {"type": "Feature", "geometry": {"type": "Point", "coordinates": [32.077783, 60.258983]}, "properties": {"kind": "landmark", "cls": "A", "prec": 50, "date": "2015-10-27", "title": "Мыс Воронов (северная оконечность о. Птинов)", "comment": "Точку приводили как «Варецкие банки», но форумчане уточнили, что это мыс Воронов; до банок ещё несколько км.", "src": "fisher.spb.ru (Питерский клуб рыбаков)", "srcd": "fisher.spb.ru (ПКР) — форум, тема «Рыбацкие места»", "url": "https://fisher.spb.ru/forums/index.php?app=forums&module=forums&controller=topic&id=83&do=findComment&comment=1499248", "sid": "fisher_forum_1499248", "raw": "N 60 15.539 E 032 04.667", "agent": "forums_old", "season": "open_water", "dist": 21.0, "zone": "core", "sector": "о. Птинов"}}, {"type": "Feature", "geometry": {"type": "Point", "coordinates": [32.105399, 60.29855]}, "properties": {"kind": "structure", "cls": "A", "prec": 500, "date": "2015-10-28", "title": "Варецкие банки (точка форумчанина)", "comment": "Координата района Варецких банок примерно в 5 км к северу от оконечности Птинова; банки обширные и каменистые.", "src": "fisher.spb.ru (Питерский клуб рыбаков)", "srcd": "fisher.spb.ru (ПКР) — форум, тема «Рыбацкие места»", "url": "https://fisher.spb.ru/forums/index.php?app=forums&module=forums&controller=topic&id=83&do=findComment&comment=1499313", "sid": "fisher_forum_1499313", "raw": "60.298550, 32.105399", "agent": "forums_old", "season": "open_water", "dist": 24.0, "zone": "core", "sector": "Варецкие банки"}}, {"type": "Feature", "geometry": {"type": "Point", "coordinates": [31.54363, 60.02106]}, "properties": {"kind": "launch", "cls": "A", "prec": 30, "fish": ["Щука"], "date": "2021-02-27", "title": "Кобона: выход на Ладогу (совет для жерлиц)", "comment": "Точка у Кобоны, которую советовали как старт для ловли щуки на жерлицы.", "src": "fisher.spb.ru (Питерский клуб рыбаков)", "srcd": "fisher.spb.ru (ПКР) — форум, тема «Рыбацкие места»", "url": "https://fisher.spb.ru/forums/index.php?app=forums&module=forums&controller=topic&id=83&do=findComment&comment=1832270", "sid": "fisher_forum_1832270", "raw": "60.02106 31.54363", "agent": "forums_old", "season": "ice", "dist": 42.6, "zone": "core", "sector": "Кобона / южный берег"}}, {"type": "Feature", "geometry": {"type": "Point", "coordinates": [31.068017, 59.972817]}, "properties": {"kind": "launch", "cls": "A", "prec": 20, "date": "2009-09-30", "title": "Кошкино: место спуска лодок", "comment": "Точка спуска надувных лодок у базы в Кошкино / пляжа ближе к Орешку, дана по просьбе форумчанина.", "src": "fisher.spb.ru (Питерский клуб рыбаков)", "srcd": "fisher.spb.ru (ПКР) — форум, тема «Эх, дороги...»", "url": "https://fisher.spb.ru/forums/index.php?app=forums&module=forums&controller=topic&id=75&do=findComment&comment=530165", "sid": "fisher_forum_530165", "raw": "N59 58.369 E31 04.081", "agent": "forums_old", "season": "open_water", "dist": 69.6, "zone": "ext", "sector": "Шлиссельбург / бухта Петрокрепость"}}, {"type": "Feature", "geometry": {"type": "Point", "coordinates": [30.99668, 59.930724]}, "properties": {"kind": "launch", "cls": "A", "prec": 20, "date": "2025-05-20", "title": "Шлиссельбург: бесплатный спуск лодки у АЗС", "comment": "Бесплатный спуск лодки перед Шлиссельбургом у АЗС (левый берег Невы), машину оставляют на парковке рядом.", "src": "fisher.spb.ru (Питерский клуб рыбаков)", "srcd": "fisher.spb.ru (ПКР) — форум, тема «Ладожская «кругосветка»»", "url": "https://fisher.spb.ru/forums/index.php?app=forums&module=forums&controller=topic&id=1364&do=findComment&comment=1872606", "sid": "fisher_forum_1872606_p1", "raw": "59.930724, 30.996680 | 59.93080 30.99636 (2024)", "agent": "forums_old", "season": "open_water", "dist": 74.6, "zone": "ext", "sector": "Шлиссельбург / бухта Петрокрепость"}}, {"type": "Feature", "geometry": {"type": "Point", "coordinates": [31.017037, 59.935325]}, "properties": {"kind": "launch", "cls": "A", "prec": 20, "date": "2025-05-20", "title": "Шлиссельбург: слип яхт-клуба «Петровский причал»", "comment": "Платный слип и стоянка машины в яхт-клубе; высокая рубка может не пройти под мостом.", "src": "fisher.spb.ru (Питерский клуб рыбаков)", "srcd": "fisher.spb.ru (ПКР) — форум, тема «Ладожская «кругосветка»»", "url": "https://fisher.spb.ru/forums/index.php?app=forums&module=forums&controller=topic&id=1364&do=findComment&comment=1872606", "sid": "fisher_forum_1872606_p2", "raw": "59.935325, 31.017037 | 59.93549 31.01680 (2024)", "agent": "forums_old", "season": "open_water", "dist": 73.4, "zone": "ext", "sector": "Шлиссельбург / бухта Петрокрепость"}}, {"type": "Feature", "geometry": {"type": "Point", "coordinates": [31.460217, 59.9063]}, "properties": {"kind": "launch", "cls": "A", "prec": 20, "date": "2009-01-16", "title": "Нижняя Шальдиха: выезд на лёд из тростника", "comment": "Точка выезда из тростника на лёд, откуда машины шли к Зеленцам.", "src": "fisher.spb.ru (Питерский клуб рыбаков)", "srcd": "fisher.spb.ru (ПКР) — форум, тема «Безопасность в лесу, на льду и воде»", "url": "https://fisher.spb.ru/forums/index.php?app=forums&module=forums&controller=topic&id=55&do=findComment&comment=376611", "sid": "fisher_forum_376611_p1", "raw": "N 59.54.378 E 031.27.613", "agent": "forums_old", "season": "ice", "dist": 51.3, "zone": "core", "sector": "Кобона / южный берег"}}, {"type": "Feature", "geometry": {"type": "Point", "coordinates": [31.4613, 59.914667]}, "properties": {"kind": "ice_incident", "cls": "A", "prec": 30, "date": "2009-01-16", "title": "Нижняя Шальдиха: провал «Нивы» под лёд (2009)", "comment": "Машина провалилась примерно в 940 м от выезда из тростника на старой трещине с выдавленной водой; трое выбрались.", "src": "fisher.spb.ru (Питерский клуб рыбаков)", "srcd": "fisher.spb.ru (ПКР) — форум, тема «Безопасность в лесу, на льду и воде»", "url": "https://fisher.spb.ru/forums/index.php?app=forums&module=forums&controller=topic&id=55&do=findComment&comment=376611", "sid": "fisher_forum_376611_p2", "raw": "N 59.54.880 E 031.27.678", "agent": "forums_old", "season": "ice", "dist": 50.8, "zone": "core", "sector": "Кобона / южный берег"}}, {"type": "Feature", "geometry": {"type": "Point", "coordinates": [31.411617, 59.896167]}, "properties": {"kind": "launch", "cls": "A", "prec": 50, "date": "2022-12-14", "title": "«Камнеломня» между Назией и Шальдихой (парковка)", "comment": "Прежнее место парковки у съезда к Староладожскому каналу; в последние годы поворот закрыт шлагбаумом.", "src": "fisher.spb.ru (Питерский клуб рыбаков)", "srcd": "fisher.spb.ru (ПКР) — форум, тема «Зимняя общалка»", "url": "https://fisher.spb.ru/forums/index.php?app=forums&module=forums&controller=topic&id=1094&do=findComment&comment=1854681", "sid": "fisher_forum_1854681", "raw": "N59 53.770 E31 24.697", "agent": "forums_old", "season": "ice", "dist": 54.2, "zone": "core", "sector": "Кобона / южный берег"}}, {"type": "Feature", "geometry": {"type": "Point", "coordinates": [31.541667, 60.125]}, "properties": {"kind": "hazard", "cls": "C", "prec": 2000, "date": "2008-03-14", "title": "Леднево: промоины между скотником и «Сосной»", "comment": "По первому и последнему льду опасно идти от скотника (2-я площадка) к «Сосне»: мелко, течение, промоины раньше; координата дана только до минут.", "src": "fisher.spb.ru (Питерский клуб рыбаков)", "srcd": "fisher.spb.ru (ПКР) — форум, тема «Безопасность в лесу, на льду и воде»", "url": "https://fisher.spb.ru/forums/index.php?app=forums&module=forums&controller=topic&id=55&do=findComment&comment=296093", "sid": "fisher_forum_296093", "raw": "N 60.07...; E 031. 32...", "agent": "forums_old", "season": "ice", "dist": 41.7, "zone": "core", "sector": "Кобона / южный берег"}}, {"type": "Feature", "geometry": {"type": "Point", "coordinates": [32.657329, 60.27176]}, "properties": {"kind": "launch", "cls": "A", "prec": 30, "date": "2015-05-19", "title": "Вороново: рыбацкая база со слипом на р. Воронежке", "comment": "Слип, домики и парковка на левом берегу Воронежки на въезде в Вороново; до озера около 4 км по реке.", "src": "rusfishing.ru", "srcd": "rusfishing.ru — тема «Посоветуйте базу на юге Ладоги»", "url": "https://www.rusfishing.ru/forum/threads/posovetuite-bazu-na-yuge-ladogi.131247/", "sid": "rusfishing_131247_2015-05-19", "raw": "60.271760, 32.657329", "agent": "forums_old", "season": "open_water", "dist": 27.4, "zone": "core", "sector": "Вороново"}}, {"type": "Feature", "geometry": {"type": "Point", "coordinates": [31.25, 60.044167]}, "properties": {"kind": "landmark", "cls": "A", "prec": 30, "date": "2001", "title": "Бугровско-Сосновецкие вехи", "comment": "Навигационные вехи на подходе к истоку Невы из списка GPS-точек клубного сайта 2001 г.", "src": "fishing-club.ru (точки 2001 г.)", "srcd": "Russian Fishing Club (fishing-club.ru / rapala.ru) — «Точки GPS», архив 2001 г.; дубль на iv70.narod.ru", "url": "https://web.archive.org/web/20010307081144/http://www.fishing-club.ru:80/maps12.htm", "sid": "rfc_gps2001_Бугровско-Сосновецкие вехи", "raw": "N 60°02'39\" E 31°14'60\"", "agent": "forums_old", "season": "open_water", "dist": 58.3, "zone": "ext", "sector": "Шлиссельбург / бухта Петрокрепость"}}, {"type": "Feature", "geometry": {"type": "Point", "coordinates": [31.245, 60.0175]}, "properties": {"kind": "landmark", "cls": "A", "prec": 30, "date": "2001", "title": "Бугровский маяк", "comment": "Маяк у входа в Кошкинский фарватер (исток Невы) по списку GPS-точек 2001 г.", "src": "fishing-club.ru (точки 2001 г.)", "srcd": "Russian Fishing Club (fishing-club.ru / rapala.ru) — «Точки GPS», архив 2001 г.; дубль на iv70.narod.ru", "url": "https://web.archive.org/web/20010307081144/http://www.fishing-club.ru:80/maps12.htm", "sid": "rfc_gps2001_Бугровский маяк", "raw": "N 60°01'03\" E 31°14'42\"", "agent": "forums_old", "season": "open_water", "dist": 59.0, "zone": "ext", "sector": "Шлиссельбург / бухта Петрокрепость"}}, {"type": "Feature", "geometry": {"type": "Point", "coordinates": [31.235, 60.077778]}, "properties": {"kind": "landmark", "cls": "A", "prec": 30, "date": "2001", "title": "Маяк Железница", "comment": "Маяк на банке Железница по списку GPS-точек 2001 г.", "src": "fishing-club.ru (точки 2001 г.)", "srcd": "Russian Fishing Club (fishing-club.ru / rapala.ru) — «Точки GPS», архив 2001 г.; дубль на iv70.narod.ru", "url": "https://web.archive.org/web/20010307081144/http://www.fishing-club.ru:80/maps12.htm", "sid": "rfc_gps2001_Маяк Железница", "raw": "N 60°04'40\" E 31°14'06\"", "agent": "forums_old", "season": "open_water", "dist": 58.8, "zone": "ext", "sector": "Осиновец / западный берег"}}, {"type": "Feature", "geometry": {"type": "Point", "coordinates": [32.0885, 60.408111]}, "properties": {"kind": "landmark", "cls": "A", "prec": 30, "date": "2001", "title": "Остров-маяк Сухо", "comment": "Искусственный остров с маяком у входа в Волховскую губу; вокруг мелководная банка.", "src": "fishing-club.ru (точки 2001 г.)", "srcd": "Russian Fishing Club (fishing-club.ru / rapala.ru) — «Точки GPS», архив 2001 г.; дубль на iv70.narod.ru", "url": "https://web.archive.org/web/20010307081144/http://www.fishing-club.ru:80/maps12.htm", "sid": "rfc_gps2001_Остров-маяк Сухо", "raw": "N 60°24'29.2\" E 32°05'18.6\"", "agent": "forums_old", "season": "open_water", "dist": 35.7, "zone": "core", "sector": "о. Сухо"}}, {"type": "Feature", "geometry": {"type": "Point", "coordinates": [31.9755, 60.222333]}, "properties": {"kind": "launch", "cls": "A", "prec": 30, "date": "2001", "title": "Дубно: выход из канала к протоке", "comment": "Точка «Ладога – Дубно (канал)» на пути из Новоладожского канала в озеро.", "src": "fishing-club.ru (точки 2001 г.)", "srcd": "Russian Fishing Club (fishing-club.ru / rapala.ru) — «Точки GPS», архив 2001 г.; дубль на iv70.narod.ru", "url": "https://web.archive.org/web/20010307081144/http://www.fishing-club.ru:80/maps12.htm", "sid": "rfc_gps2001_Дубно: выход из канала к протоке", "raw": "N 60°13'20.4\" E 31°58'31.8\"", "agent": "forums_old", "season": "open_water", "dist": 22.0, "zone": "core", "sector": "Дубно"}}, {"type": "Feature", "geometry": {"type": "Point", "coordinates": [31.981806, 60.22725]}, "properties": {"kind": "launch", "cls": "A", "prec": 30, "date": "2001", "title": "Дубно: протока в Ладогу", "comment": "Выход Дубненской протоки в Ладогу по списку GPS-точек 2001 г.", "src": "fishing-club.ru (точки 2001 г.)", "srcd": "Russian Fishing Club (fishing-club.ru / rapala.ru) — «Точки GPS», архив 2001 г.; дубль на iv70.narod.ru", "url": "https://web.archive.org/web/20010307081144/http://www.fishing-club.ru:80/maps12.htm", "sid": "rfc_gps2001_Дубно: протока в Ладогу", "raw": "N 60°13'38.1\" E 31°58'54.5", "agent": "forums_old", "season": "open_water", "dist": 22.1, "zone": "core", "sector": "Дубно"}}, {"type": "Feature", "geometry": {"type": "Point", "coordinates": [32.226111, 60.136611]}, "properties": {"kind": "launch", "cls": "A", "prec": 30, "date": "2001", "title": "Протока «7 км» из Ладоги", "comment": "Протока у 7-го км Новоладожского канала западнее Новой Ладоги, выход в озеро.", "src": "fishing-club.ru (точки 2001 г.)", "srcd": "Russian Fishing Club (fishing-club.ru / rapala.ru) — «Точки GPS», архив 2001 г.; дубль на iv70.narod.ru", "url": "https://web.archive.org/web/20010307081144/http://www.fishing-club.ru:80/maps12.htm", "sid": "rfc_gps2001_Протока «7 км» из Ладоги", "raw": "N 60.08'11.8\" E032.13'34.0\"", "agent": "forums_old", "season": "open_water", "dist": 5.2, "zone": "core", "sector": "Креницы / Волховская губа"}}, {"type": "Feature", "geometry": {"type": "Point", "coordinates": [31.379944, 60.120444]}, "properties": {"kind": "landmark", "cls": "A", "prec": 30, "date": "2001", "title": "Остров Кареджи", "comment": "Остров с маяком Кареджи; к северу на ~5 миль тянется каменистый Кареджский риф.", "src": "fishing-club.ru (точки 2001 г.)", "srcd": "Russian Fishing Club (fishing-club.ru / rapala.ru) — «Точки GPS», архив 2001 г.; дубль на iv70.narod.ru", "url": "https://web.archive.org/web/20010307081144/http://www.fishing-club.ru:80/maps12.htm", "sid": "rfc_gps2001_Остров Кареджи", "raw": "N 60°07'13.6\" E 31°22'47.8\"", "agent": "forums_old", "season": "open_water", "dist": 50.7, "zone": "core", "sector": "Кобона / южный берег"}}, {"type": "Feature", "geometry": {"type": "Point", "coordinates": [31.353472, 60.000667]}, "properties": {"kind": "landmark", "cls": "A", "prec": 30, "date": "2001", "title": "Остров Малый Зеленец", "comment": "Остров из группы Зеленцы по списку GPS-точек 2001 г.", "src": "fishing-club.ru (точки 2001 г.)", "srcd": "Russian Fishing Club (fishing-club.ru / rapala.ru) — «Точки GPS», архив 2001 г.; дубль на iv70.narod.ru", "url": "https://web.archive.org/web/20010307081144/http://www.fishing-club.ru:80/maps12.htm", "sid": "rfc_gps2001_Остров Малый Зеленец", "raw": "N 60°00'02.4\" E 31°21'12.5\"", "agent": "forums_old", "season": "open_water", "dist": 53.4, "zone": "core", "sector": "Кобона / южный берег"}}, {"type": "Feature", "geometry": {"type": "Point", "coordinates": [32.709722, 60.533889]}, "properties": {"kind": "landmark", "cls": "A", "prec": 30, "date": "2001", "title": "Входной Свирский буй", "comment": "Входной буй на подходе к устью Свири (Свирская губа) по списку GPS-точек 2001 г.", "src": "fishing-club.ru (точки 2001 г.)", "srcd": "Russian Fishing Club (fishing-club.ru / rapala.ru) — «Точки GPS», архив 2001 г.; дубль на iv70.narod.ru", "url": "https://web.archive.org/web/20010307081144/http://www.fishing-club.ru:80/maps12.htm", "sid": "rfc_gps2001_Входной Свирский буй", "raw": "N60°32'02\" E32°42'35\"", "agent": "forums_old", "season": "open_water", "dist": 53.0, "zone": "core", "sector": "Свирская губа / устье Свири"}}, {"type": "Feature", "geometry": {"type": "Point", "coordinates": [32.908056, 60.471667]}, "properties": {"kind": "landmark", "cls": "A", "prec": 30, "date": "2001", "title": "Свирица: диспетчер (р. Свирь)", "comment": "Диспетчерский пункт в пос. Свирица на Свири по списку GPS-точек 2001 г.", "src": "fishing-club.ru (точки 2001 г.)", "srcd": "Russian Fishing Club (fishing-club.ru / rapala.ru) — «Точки GPS», архив 2001 г.; дубль на iv70.narod.ru", "url": "https://web.archive.org/web/20010307081144/http://www.fishing-club.ru:80/maps12.htm", "sid": "rfc_gps2001_Свирица: диспетчер (р. Свирь)", "raw": "N60°28'18\" E32°54'29\"", "agent": "forums_old", "season": "open_water", "dist": 53.1, "zone": "core", "sector": "Свирская губа / устье Свири"}}, {"type": "Feature", "geometry": {"type": "Point", "coordinates": [31.49153, 60.061027]}, "properties": {"kind": "hazard", "cls": "A", "prec": 30, "title": "Остатки пирса Кобоно-Кареджского порта (1/4)", "comment": "Подводная гряда из камней и бревенчатых клетей от военных ж/д пирсов у входа в Кобону, особенно опасна в низкую воду.", "src": "iv70.narod.ru", "srcd": "iv70.narod.ru — «Острова и мысы южного берега Ладоги»", "url": "https://iv70.narod.ru/IV/2/7S.html.htm", "sid": "iv70_7s_pier_1", "raw": "60.061027, 31.491530", "agent": "forums_old", "season": "open_water", "dist": 44.8, "zone": "core", "sector": "Кобона / южный берег"}}, {"type": "Feature", "geometry": {"type": "Point", "coordinates": [31.505629, 60.053325]}, "properties": {"kind": "hazard", "cls": "A", "prec": 30, "title": "Остатки пирса Кобоно-Кареджского порта (2/4)", "comment": "Подводная гряда из камней и бревенчатых клетей от военных ж/д пирсов у входа в Кобону, особенно опасна в низкую воду.", "src": "iv70.narod.ru", "srcd": "iv70.narod.ru — «Острова и мысы южного берега Ладоги»", "url": "https://iv70.narod.ru/IV/2/7S.html.htm", "sid": "iv70_7s_pier_2", "raw": "60.053325, 31.505629", "agent": "forums_old", "season": "open_water", "dist": 44.1, "zone": "core", "sector": "Кобона / южный берег"}}, {"type": "Feature", "geometry": {"type": "Point", "coordinates": [31.506581, 60.05147]}, "properties": {"kind": "hazard", "cls": "A", "prec": 30, "title": "Остатки пирса Кобоно-Кареджского порта (3/4)", "comment": "Подводная гряда из камней и бревенчатых клетей от военных ж/д пирсов у входа в Кобону, особенно опасна в низкую воду.", "src": "iv70.narod.ru", "srcd": "iv70.narod.ru — «Острова и мысы южного берега Ладоги»", "url": "https://iv70.narod.ru/IV/2/7S.html.htm", "sid": "iv70_7s_pier_3", "raw": "60.051470, 31.506581", "agent": "forums_old", "season": "open_water", "dist": 44.1, "zone": "core", "sector": "Кобона / южный берег"}}, {"type": "Feature", "geometry": {"type": "Point", "coordinates": [31.507581, 60.049735]}, "properties": {"kind": "hazard", "cls": "A", "prec": 30, "title": "Остатки пирса Кобоно-Кареджского порта (4/4)", "comment": "Подводная гряда из камней и бревенчатых клетей от военных ж/д пирсов у входа в Кобону, особенно опасна в низкую воду.", "src": "iv70.narod.ru", "srcd": "iv70.narod.ru — «Острова и мысы южного берега Ладоги»", "url": "https://iv70.narod.ru/IV/2/7S.html.htm", "sid": "iv70_7s_pier_4", "raw": "60.049735, 31.507581", "agent": "forums_old", "season": "open_water", "dist": 44.0, "zone": "core", "sector": "Кобона / южный берег"}}, {"type": "Feature", "geometry": {"type": "Point", "coordinates": [32.628333, 60.531667]}, "properties": {"kind": "landmark", "cls": "A", "prec": 200, "title": "Стороженский маяк", "comment": "Кирпичный маяк 1906 г. на мысе Стороженском (восточный край Волховской губы).", "src": "iv70.narod.ru", "srcd": "iv70.narod.ru — «Острова и мысы южного берега Ладоги»", "url": "https://iv70.narod.ru/IV/2/7S.html.htm", "sid": "iv70_7s_storozhno", "raw": "60*31,9'N 32*37,7'E", "agent": "forums_old", "season": "open_water", "dist": 51.0, "zone": "core", "sector": "Свирица / Загубская губа"}}, {"type": "Feature", "geometry": {"type": "Point", "coordinates": [32.0885, 60.4081]}, "properties": {"kind": "structure", "cls": "C", "prec": 2500, "fish": ["Окунь", "Щука"], "date": "2000-07", "title": "Банка у о. Сухо (3×5 км, 2–5 м)", "comment": "Вокруг маяка Сухо мелководная банка около 3×5 км с глубинами 2–5 м, вокруг 8–25 м; в июле 2000 г. дорожкой брали окуня ~400 г и щуку.", "depth": "2–5 м на банке", "method": "дорожка (воблеры), блёсны", "src": "barque.ru", "srcd": "barque.ru — «Рыбалка на Ладоге возле острова Сухо или окуневый рай» (2000)", "url": "https://www.barque.ru/advice/2000/fishing_in_ladoga_near_island_sukho", "sid": "barque_2000_sukho", "agent": "forums_old", "season": "open_water", "dist": 35.7, "zone": "core", "sector": "о. Сухо"}}, {"type": "Feature", "geometry": {"type": "Point", "coordinates": [31.74029, 60.286092]}, "properties": {"kind": "structure", "cls": "C", "prec": 1500, "title": "Банка Южная Головешка", "comment": "Банка, подписанная на схеме сетей: выступ 6-метровой изобаты к северу; привязка по схеме с форума, грубо.", "src": "iv70.narod.ru", "srcd": "Схема сетей (найдена на рыболовном форуме), опубликована на iv70.narod.ru", "url": "https://iv70.narod.ru/IV/2/7S.html.htm", "sid": "iv70_nets_Банка Южная Головешка", "agent": "forums_old", "season": "open_water", "dist": 36.7, "zone": "core", "sector": "Лигово"}}, {"type": "Feature", "geometry": {"type": "Point", "coordinates": [32.039006, 60.284736]}, "properties": {"kind": "landmark", "cls": "C", "prec": 1000, "title": "Варецкая веха (по схеме сетей)", "comment": "Веха у Варецких банок по схеме сетей; положение вех меняется по годам, привязка грубая.", "src": "iv70.narod.ru", "srcd": "Схема сетей (найдена на рыболовном форуме), опубликована на iv70.narod.ru", "url": "https://iv70.narod.ru/IV/2/7S.html.htm", "sid": "iv70_nets_Варецкая веха (по схеме сетей)", "agent": "forums_old", "season": "open_water", "dist": 24.6, "zone": "core", "sector": "Варецкие банки"}}, {"type": "Feature", "geometry": {"type": "Point", "coordinates": [32.08811, 60.283618]}, "properties": {"kind": "landmark", "cls": "C", "prec": 1000, "title": "Варецкий буй (по схеме сетей)", "comment": "Буй у Варецких банок по схеме сетей; по лоции светящий буй ставят в 4,5 мили к NNE от мыса Воронов.", "src": "iv70.narod.ru", "srcd": "Схема сетей (найдена на рыболовном форуме), опубликована на iv70.narod.ru", "url": "https://iv70.narod.ru/IV/2/7S.html.htm", "sid": "iv70_nets_Варецкий буй (по схеме сетей)", "agent": "forums_old", "season": "open_water", "dist": 23.0, "zone": "core", "sector": "Варецкие банки"}}, {"type": "Feature", "geometry": {"type": "Point", "coordinates": [31.758909, 60.278194]}, "properties": {"kind": "hazard", "cls": "C", "prec": 2000, "title": "Сети вдоль изобат 6–10 м (западный участок)", "comment": "На схеме с рыболовного форума официальные и браконьерские сети тянутся вдоль изобат 6–10 м, всего ~25 км.", "src": "iv70.narod.ru", "srcd": "Схема сетей (найдена на рыболовном форуме), опубликована на iv70.narod.ru", "url": "https://iv70.narod.ru/IV/2/7S.html.htm", "sid": "iv70_nets_Сети вдоль изобат 6–10 м (западный участок)", "agent": "forums_old", "season": "open_water", "dist": 35.4, "zone": "core", "sector": "Лигово"}}, {"type": "Feature", "geometry": {"type": "Point", "coordinates": [31.874849, 60.279889]}, "properties": {"kind": "hazard", "cls": "C", "prec": 2000, "title": "Сети вдоль изобат 6–10 м (центральный участок)", "comment": "Участок линий сетей между Лигово и Дубно по схеме с форума; сети без обозначений опасны для троллинга и винта.", "src": "iv70.narod.ru", "srcd": "Схема сетей (найдена на рыболовном форуме), опубликована на iv70.narod.ru", "url": "https://iv70.narod.ru/IV/2/7S.html.htm", "sid": "iv70_nets_Сети вдоль изобат 6–10 м (центральный участок)", "agent": "forums_old", "season": "open_water", "dist": 30.3, "zone": "core", "sector": "Лигово"}}, {"type": "Feature", "geometry": {"type": "Point", "coordinates": [31.963509, 60.278194]}, "properties": {"kind": "hazard", "cls": "C", "prec": 2000, "title": "Сети вдоль изобат 6–10 м (восточный участок)", "comment": "Участок линий сетей западнее Птинова по схеме с форума; реальное положение меняется по годам.", "src": "iv70.narod.ru", "srcd": "Схема сетей (найдена на рыболовном форуме), опубликована на iv70.narod.ru", "url": "https://iv70.narod.ru/IV/2/7S.html.htm", "sid": "iv70_nets_Сети вдоль изобат 6–10 м (восточный участок)", "agent": "forums_old", "season": "open_water", "dist": 26.6, "zone": "core", "sector": "Дубно"}}, {"type": "Feature", "geometry": {"type": "Point", "coordinates": [31.912359, 60.251074]}, "properties": {"kind": "hazard", "cls": "C", "prec": 2000, "title": "Необозначенные сети у берега", "comment": "Оранжевым на схеме отмечены сети без буёв и вех ближе к берегу.", "src": "iv70.narod.ru", "srcd": "Схема сетей (найдена на рыболовном форуме), опубликована на iv70.narod.ru", "url": "https://iv70.narod.ru/IV/2/7S.html.htm", "sid": "iv70_nets_Необозначенные сети у берега", "agent": "forums_old", "season": "open_water", "dist": 26.7, "zone": "core", "sector": "Дубно"}}, {"type": "Feature", "geometry": {"type": "Point", "coordinates": [32.098313, 60.205022]}, "properties": {"kind": "structure", "cls": "C", "prec": 1500, "date": "2010-01-08", "title": "Внутренние озёра-лагуны о. Птинов", "comment": "Два озера в южной части Птинова обведены на карте Генштаба в посте 2010 г.; проход к ним через тростник с Ладоги найти трудно.", "src": "fisher.spb.ru (Питерский клуб рыбаков)", "srcd": "fisher.spb.ru (ПКР) — форум, тема «Рыбацкие места»", "url": "https://fisher.spb.ru/forums/index.php?app=forums&module=forums&controller=topic&id=83&do=findComment&comment=560244", "sid": "fisher_forum_560244", "agent": "forums_old", "season": "open_water", "dist": 15.6, "zone": "core", "sector": "о. Птинов"}}, {"type": "Feature", "geometry": {"type": "Point", "coordinates": [32.066842, 60.27479]}, "properties": {"kind": "fishing", "cls": "C", "prec": 3000, "title": "Район ловли «Варецкие банки» (метка ПКР)", "comment": "Метка района из каталога «Рыбацкие места» ПКР, к ней привязано около 116 отчётов 2003–2026 гг.; это центр района, а не точка ловли.", "src": "fisher.spb.ru (Питерский клуб рыбаков)", "srcd": "fisher.spb.ru (ПКР) — каталог «Рыбацкие места» (метка на карте)", "url": "https://fisher.spb.ru/news/message-bycatalog.php?category=5&water=157", "sid": "fisher_water_5_157", "agent": "forums_old", "dist": 22.8, "zone": "core", "sector": "о. Птинов"}}, {"type": "Feature", "geometry": {"type": "Point", "coordinates": [32.085666, 60.229273]}, "properties": {"kind": "fishing", "cls": "C", "prec": 3000, "title": "Район ловли «о-в Птинов» (метка ПКР)", "comment": "Метка района из каталога «Рыбацкие места» ПКР, к ней привязано около 204 отчётов 2003–2026 гг.; это центр района, а не точка ловли.", "src": "fisher.spb.ru (Питерский клуб рыбаков)", "srcd": "fisher.spb.ru (ПКР) — каталог «Рыбацкие места» (метка на карте)", "url": "https://fisher.spb.ru/news/message-bycatalog.php?category=5&water=176", "sid": "fisher_water_5_176", "agent": "forums_old", "dist": 18.1, "zone": "core", "sector": "о. Птинов"}}, {"type": "Feature", "geometry": {"type": "Point", "coordinates": [32.088586, 60.408378]}, "properties": {"kind": "fishing", "cls": "C", "prec": 3000, "title": "Район ловли «о-в Сухо» (метка ПКР)", "comment": "Метка района из каталога «Рыбацкие места» ПКР, к ней привязано около 19 отчётов 2003–2026 гг.; это центр района, а не точка ловли.", "src": "fisher.spb.ru (Питерский клуб рыбаков)", "srcd": "fisher.spb.ru (ПКР) — каталог «Рыбацкие места» (метка на карте)", "url": "https://fisher.spb.ru/news/message-bycatalog.php?category=5&water=178", "sid": "fisher_water_5_178", "agent": "forums_old", "dist": 35.7, "zone": "core", "sector": "о. Сухо"}}, {"type": "Feature", "geometry": {"type": "Point", "coordinates": [31.384782, 60.116799]}, "properties": {"kind": "fishing", "cls": "C", "prec": 3000, "title": "Район ловли «о-в Кареджи (и банки около него)» (метка ПКР)", "comment": "Метка района из каталога «Рыбацкие места» ПКР, к ней привязано около 82 отчётов 2003–2026 гг.; это центр района, а не точка ловли.", "src": "fisher.spb.ru (Питерский клуб рыбаков)", "srcd": "fisher.spb.ru (ПКР) — каталог «Рыбацкие места» (метка на карте)", "url": "https://fisher.spb.ru/news/message-bycatalog.php?category=5&water=205", "sid": "fisher_water_5_205", "agent": "forums_old", "dist": 50.4, "zone": "core", "sector": "Кобона / южный берег"}}, {"type": "Feature", "geometry": {"type": "Point", "coordinates": [32.337228, 60.155861]}, "properties": {"kind": "fishing", "cls": "C", "prec": 3000, "title": "Район ловли «Новая Ладога» (метка ПКР)", "comment": "Метка района из каталога «Рыбацкие места» ПКР, к ней привязано около 338 отчётов 2003–2026 гг.; это центр района, а не точка ловли.", "src": "fisher.spb.ru (Питерский клуб рыбаков)", "srcd": "fisher.spb.ru (ПКР) — каталог «Рыбацкие места» (метка на карте)", "url": "https://fisher.spb.ru/news/message-bycatalog.php?category=5&water=175", "sid": "fisher_water_5_175", "agent": "forums_old", "dist": 6.3, "zone": "core", "sector": "Креницы / Волховская губа"}}, {"type": "Feature", "geometry": {"type": "Point", "coordinates": [32.284981, 60.133145]}, "properties": {"kind": "fishing", "cls": "C", "prec": 3000, "title": "Район ловли «Креницы» (метка ПКР)", "comment": "Метка района из каталога «Рыбацкие места» ПКР, к ней привязано около 2986 отчётов 2003–2026 гг.; это центр района, а не точка ловли.", "src": "fisher.spb.ru (Питерский клуб рыбаков)", "srcd": "fisher.spb.ru (ПКР) — каталог «Рыбацкие места» (метка на карте)", "url": "https://fisher.spb.ru/news/message-bycatalog.php?category=5&water=166", "sid": "fisher_water_5_166", "agent": "forums_old", "dist": 3.3, "zone": "core", "sector": "Новая Ладога / устье Волхова"}}, {"type": "Feature", "geometry": {"type": "Point", "coordinates": [31.983349, 60.234609]}, "properties": {"kind": "fishing", "cls": "C", "prec": 3000, "title": "Район ловли «Дубно» (метка ПКР)", "comment": "Метка района из каталога «Рыбацкие места» ПКР, к ней привязано около 960 отчётов 2003–2026 гг.; это центр района, а не точка ловли.", "src": "fisher.spb.ru (Питерский клуб рыбаков)", "srcd": "fisher.spb.ru (ПКР) — каталог «Рыбацкие места» (метка на карте)", "url": "https://fisher.spb.ru/news/message-bycatalog.php?category=5&water=161", "sid": "fisher_water_5_161", "agent": "forums_old", "dist": 22.5, "zone": "core", "sector": "Дубно"}}, {"type": "Feature", "geometry": {"type": "Point", "coordinates": [31.778853, 60.240971]}, "properties": {"kind": "fishing", "cls": "C", "prec": 3000, "title": "Район ловли «Лигово» (метка ПКР)", "comment": "Метка района из каталога «Рыбацкие места» ПКР, к ней привязано около 671 отчётов 2003–2026 гг.; это центр района, а не точка ловли.", "src": "fisher.spb.ru (Питерский клуб рыбаков)", "srcd": "fisher.spb.ru (ПКР) — каталог «Рыбацкие места» (метка на карте)", "url": "https://fisher.spb.ru/news/message-bycatalog.php?category=5&water=172", "sid": "fisher_water_5_172", "agent": "forums_old", "dist": 32.3, "zone": "core", "sector": "Лигово"}}, {"type": "Feature", "geometry": {"type": "Point", "coordinates": [32.574507, 60.335524]}, "properties": {"kind": "fishing", "cls": "C", "prec": 3000, "title": "Район ловли «Кириково» (метка ПКР)", "comment": "Метка района из каталога «Рыбацкие места» ПКР, к ней привязано около 495 отчётов 2003–2026 гг.; это центр района, а не точка ловли.", "src": "fisher.spb.ru (Питерский клуб рыбаков)", "srcd": "fisher.spb.ru (ПКР) — каталог «Рыбацкие места» (метка на карте)", "url": "https://fisher.spb.ru/news/message-bycatalog.php?category=5&water=162", "sid": "fisher_water_5_162", "agent": "forums_old", "dist": 30.1, "zone": "core", "sector": "Вороново"}}, {"type": "Feature", "geometry": {"type": "Point", "coordinates": [31.511818, 60.018652]}, "properties": {"kind": "fishing", "cls": "C", "prec": 3000, "title": "Район ловли «Кобона» (метка ПКР)", "comment": "Метка района из каталога «Рыбацкие места» ПКР, к ней привязано около 2353 отчётов 2003–2026 гг.; это центр района, а не точка ловли.", "src": "fisher.spb.ru (Питерский клуб рыбаков)", "srcd": "fisher.spb.ru (ПКР) — каталог «Рыбацкие места» (метка на карте)", "url": "https://fisher.spb.ru/news/message-bycatalog.php?category=5&water=163", "sid": "fisher_water_5_163", "agent": "forums_old", "dist": 44.4, "zone": "core", "sector": "Кобона / южный берег"}}, {"type": "Feature", "geometry": {"type": "Point", "coordinates": [31.485446, 60.10892]}, "properties": {"kind": "fishing", "cls": "C", "prec": 3000, "title": "Район ловли «Леднево» (метка ПКР)", "comment": "Метка района из каталога «Рыбацкие места» ПКР, к ней привязано около 2732 отчётов 2003–2026 гг.; это центр района, а не точка ловли.", "src": "fisher.spb.ru (Питерский клуб рыбаков)", "srcd": "fisher.spb.ru (ПКР) — каталог «Рыбацкие места» (метка на карте)", "url": "https://fisher.spb.ru/news/message-bycatalog.php?category=5&water=171", "sid": "fisher_water_5_171", "agent": "forums_old", "season": "ice", "dist": 44.8, "zone": "core", "sector": "Кобона / южный берег"}}, {"type": "Feature", "geometry": {"type": "Point", "coordinates": [31.568952, 60.133734]}, "properties": {"kind": "fishing", "cls": "C", "prec": 3000, "title": "Район ловли «Черное» (метка ПКР)", "comment": "Метка района из каталога «Рыбацкие места» ПКР, к ней привязано около 1402 отчётов 2003–2026 гг.; это центр района, а не точка ловли.", "src": "fisher.spb.ru (Питерский клуб рыбаков)", "srcd": "fisher.spb.ru (ПКР) — каталог «Рыбацкие места» (метка на карте)", "url": "https://fisher.spb.ru/news/message-bycatalog.php?category=5&water=179", "sid": "fisher_water_5_179", "agent": "forums_old", "dist": 40.3, "zone": "core", "sector": "Кобона / южный берег"}}, {"type": "Feature", "geometry": {"type": "Point", "coordinates": [31.517805, 59.959705]}, "properties": {"kind": "fishing", "cls": "C", "prec": 3000, "title": "Район ловли «Лаврово» (метка ПКР)", "comment": "Метка района из каталога «Рыбацкие места» ПКР, к ней привязано около 622 отчётов 2003–2026 гг.; это центр района, а не точка ловли.", "src": "fisher.spb.ru (Питерский клуб рыбаков)", "srcd": "fisher.spb.ru (ПКР) — каталог «Рыбацкие места» (метка на карте)", "url": "https://fisher.spb.ru/news/message-bycatalog.php?category=5&water=170", "sid": "fisher_water_5_170", "agent": "forums_old", "dist": 46.0, "zone": "core", "sector": "Кобона / южный берег"}}, {"type": "Feature", "geometry": {"type": "Point", "coordinates": [31.43934, 59.919122]}, "properties": {"kind": "fishing", "cls": "C", "prec": 3000, "title": "Район ловли «Нижняя Шальдиха» (метка ПКР)", "comment": "Метка района из каталога «Рыбацкие места» ПКР, к ней привязано около 522 отчётов 2003–2026 гг.; это центр района, а не точка ловли.", "src": "fisher.spb.ru (Питерский клуб рыбаков)", "srcd": "fisher.spb.ru (ПКР) — каталог «Рыбацкие места» (метка на карте)", "url": "https://fisher.spb.ru/news/message-bycatalog.php?category=5&water=174", "sid": "fisher_water_5_174", "agent": "forums_old", "dist": 51.7, "zone": "core", "sector": "Кобона / южный берег"}}, {"type": "Feature", "geometry": {"type": "Point", "coordinates": [31.347673, 59.927492]}, "properties": {"kind": "fishing", "cls": "C", "prec": 3000, "title": "Район ловли «Назия» (метка ПКР)", "comment": "Метка района из каталога «Рыбацкие места» ПКР, к ней привязано около 665 отчётов 2003–2026 гг.; это центр района, а не точка ловли.", "src": "fisher.spb.ru (Питерский клуб рыбаков)", "srcd": "fisher.spb.ru (ПКР) — каталог «Рыбацкие места» (метка на карте)", "url": "https://fisher.spb.ru/news/message-bycatalog.php?category=5&water=173", "sid": "fisher_water_5_173", "agent": "forums_old", "dist": 56.1, "zone": "ext", "sector": "Шлиссельбург / бухта Петрокрепость"}}, {"type": "Feature", "geometry": {"type": "Point", "coordinates": [31.362801, 59.99108]}, "properties": {"kind": "fishing", "cls": "C", "prec": 3000, "title": "Район ловли «о-ва Зеленцы» (метка ПКР)", "comment": "Метка района из каталога «Рыбацкие места» ПКР, к ней привязано около 463 отчётов 2003–2026 гг.; это центр района, а не точка ловли.", "src": "fisher.spb.ru (Питерский клуб рыбаков)", "srcd": "fisher.spb.ru (ПКР) — каталог «Рыбацкие места» (метка на карте)", "url": "https://fisher.spb.ru/news/message-bycatalog.php?category=5&water=188", "sid": "fisher_water_5_188", "agent": "forums_old", "dist": 53.2, "zone": "core", "sector": "Кобона / южный берег"}}, {"type": "Feature", "geometry": {"type": "Point", "coordinates": [31.060315, 59.953711]}, "properties": {"kind": "fishing", "cls": "C", "prec": 3000, "title": "Район ловли «Петрокрепость» (метка ПКР)", "comment": "Метка района из каталога «Рыбацкие места» ПКР, к ней привязано около 647 отчётов 2003–2026 гг.; это центр района, а не точка ловли.", "src": "fisher.spb.ru (Питерский клуб рыбаков)", "srcd": "fisher.spb.ru (ПКР) — каталог «Рыбацкие места» (метка на карте)", "url": "https://fisher.spb.ru/news/message-bycatalog.php?category=5&water=186", "sid": "fisher_water_5_186", "agent": "forums_old", "dist": 70.5, "zone": "ext", "sector": "Шлиссельбург / бухта Петрокрепость"}}, {"type": "Feature", "geometry": {"type": "Point", "coordinates": [31.076845, 59.976375]}, "properties": {"kind": "fishing", "cls": "C", "prec": 3000, "title": "Район ловли «Кошкино — им. Морозова» (метка ПКР)", "comment": "Метка района из каталога «Рыбацкие места» ПКР, к ней привязано около 1130 отчётов 2003–2026 гг.; это центр района, а не точка ловли.", "src": "fisher.spb.ru (Питерский клуб рыбаков)", "srcd": "fisher.spb.ru (ПКР) — каталог «Рыбацкие места» (метка на карте)", "url": "https://fisher.spb.ru/news/message-bycatalog.php?category=5&water=165", "sid": "fisher_water_5_165", "agent": "forums_old", "dist": 69.1, "zone": "ext", "sector": "Шлиссельбург / бухта Петрокрепость"}}, {"type": "Feature", "geometry": {"type": "Point", "coordinates": [31.080278, 60.057129]}, "properties": {"kind": "fishing", "cls": "C", "prec": 3000, "title": "Район ловли «Кокорево (44-й км)» (метка ПКР)", "comment": "Метка района из каталога «Рыбацкие места» ПКР, к ней привязано около 1248 отчётов 2003–2026 гг.; это центр района, а не точка ловли.", "src": "fisher.spb.ru (Питерский клуб рыбаков)", "srcd": "fisher.spb.ru (ПКР) — каталог «Рыбацкие места» (метка на карте)", "url": "https://fisher.spb.ru/news/message-bycatalog.php?category=5&water=164", "sid": "fisher_water_5_164", "agent": "forums_old", "dist": 67.5, "zone": "ext", "sector": "Шлиссельбург / бухта Петрокрепость"}}, {"type": "Feature", "geometry": {"type": "Point", "coordinates": [31.090732, 60.122426]}, "properties": {"kind": "fishing", "cls": "C", "prec": 3000, "title": "Район ловли «ст. Ладожское Озеро» (метка ПКР)", "comment": "Метка района из каталога «Рыбацкие места» ПКР, к ней привязано около 263 отчётов 2003–2026 гг.; это центр района, а не точка ловли.", "src": "fisher.spb.ru (Питерский клуб рыбаков)", "srcd": "fisher.spb.ru (ПКР) — каталог «Рыбацкие места» (метка на карте)", "url": "https://fisher.spb.ru/news/message-bycatalog.php?category=5&water=169", "sid": "fisher_water_5_169", "agent": "forums_old", "dist": 66.7, "zone": "ext", "sector": "Осиновец / западный берег"}}, {"type": "Feature", "geometry": {"type": "Point", "coordinates": [31.100817, 60.011068]}, "properties": {"kind": "fishing", "cls": "C", "prec": 3000, "title": "Район ловли «бухта Глубокая» (метка ПКР)", "comment": "Метка района из каталога «Рыбацкие места» ПКР, к ней привязано около 331 отчётов 2003–2026 гг.; это центр района, а не точка ловли.", "src": "fisher.spb.ru (Питерский клуб рыбаков)", "srcd": "fisher.spb.ru (ПКР) — каталог «Рыбацкие места» (метка на карте)", "url": "https://fisher.spb.ru/news/message-bycatalog.php?category=5&water=160", "sid": "fisher_water_5_160", "agent": "forums_old", "dist": 67.0, "zone": "ext", "sector": "Шлиссельбург / бухта Петрокрепость"}}, {"type": "Feature", "geometry": {"type": "Point", "coordinates": [30.951229, 60.24514]}, "properties": {"kind": "fishing", "cls": "C", "prec": 3000, "title": "Район ловли «бухта Гавань» (метка ПКР)", "comment": "Метка района из каталога «Рыбацкие места» ПКР, к ней привязано около 227 отчётов 2003–2026 гг.; это центр района, а не точка ловли.", "src": "fisher.spb.ru (Питерский клуб рыбаков)", "srcd": "fisher.spb.ru (ПКР) — каталог «Рыбацкие места» (метка на карте)", "url": "https://fisher.spb.ru/news/message-bycatalog.php?category=5&water=159", "sid": "fisher_water_5_159", "agent": "forums_old", "dist": 75.9, "zone": "ext", "sector": "Осиновец / западный берег"}}, {"type": "Feature", "geometry": {"type": "Point", "coordinates": [32.799904, 60.518875]}, "properties": {"kind": "fishing", "cls": "C", "prec": 3000, "title": "Район ловли «Свирица» (метка ПКР)", "comment": "Метка района из каталога «Рыбацкие места» ПКР, к ней привязано около 889 отчётов 2003–2026 гг.; это центр района, а не точка ловли.", "src": "fisher.spb.ru (Питерский клуб рыбаков)", "srcd": "fisher.spb.ru (ПКР) — каталог «Рыбацкие места» (метка на карте)", "url": "https://fisher.spb.ru/news/message-bycatalog.php?category=5&water=177", "sid": "fisher_water_5_177", "agent": "forums_old", "dist": 53.9, "zone": "core", "sector": "Свирская губа / устье Свири"}}, {"type": "Feature", "geometry": {"type": "Point", "coordinates": [32.010948, 60.21127]}, "properties": {"kind": "fishing", "cls": "C", "prec": 3000, "title": "Район ловли «Каналы (Ново- и Староладожский)» (метка ПКР)", "comment": "Метка района из каталога «Рыбацкие места» ПКР, к ней привязано около 237 отчётов 2003–2026 гг.; это центр района, а не точка ловли.", "src": "fisher.spb.ru (Питерский клуб рыбаков)", "srcd": "fisher.spb.ru (ПКР) — каталог «Рыбацкие места» (метка на карте)", "url": "https://fisher.spb.ru/news/message-bycatalog.php?category=5&water=192", "sid": "fisher_water_5_192", "agent": "forums_old", "dist": 19.7, "zone": "core", "sector": "Дубно"}}, {"type": "Feature", "geometry": {"type": "Point", "coordinates": [32.571872, 60.096094]}, "properties": {"kind": "fishing", "cls": "C", "prec": 3000, "title": "Район ловли «р. Сясь (низовья)» (метка ПКР)", "comment": "Метка района из каталога «Рыбацкие места» ПКР, к ней привязано около 122 отчётов 2003–2026 гг.; это центр района, а не точка ловли.", "src": "fisher.spb.ru (Питерский клуб рыбаков)", "srcd": "fisher.spb.ru (ПКР) — каталог «Рыбацкие места» (метка на карте)", "url": "https://fisher.spb.ru/news/message-bycatalog.php?category=2&water=145", "sid": "fisher_water_2_145", "agent": "forums_old", "dist": 15.4, "zone": "core", "sector": "Устье Сяси / Сясьстрой"}}, {"type": "Feature", "geometry": {"type": "Point", "coordinates": [30.98135, 59.922987]}, "properties": {"kind": "observation", "cls": "B", "prec": 5, "fish": ["Окунь"], "date": "2020-06-14", "title": "Окунь: р. Нева, Чёрная Речка", "comment": "Окунь в прозрачной ёмкости, Нева ниже истока.", "src": "iNaturalist", "url": "https://www.inaturalist.org/observations/49555366", "sid": "49555366", "raw": "59.9229866147,30.9813500941", "agent": "observations", "season": "open_water", "dist": 75.7, "zone": "ext", "sector": "Шлиссельбург / бухта Петрокрепость"}}, {"type": "Feature", "geometry": {"type": "Point", "coordinates": [31.097436, 60.047729]}, "properties": {"kind": "observation", "cls": "B", "prec": 19, "fish": ["Уклейка"], "date": "2020-08-15", "title": "Уклейка: Ладога, Коккорево", "comment": "Мёртвая уклейка на песчаном пляже.", "src": "iNaturalist", "url": "https://www.inaturalist.org/observations/56504992", "sid": "56504992", "raw": "60.0477293703,31.0974362986", "agent": "observations", "season": "open_water", "dist": 66.7, "zone": "ext", "sector": "Шлиссельбург / бухта Петрокрепость"}}, {"type": "Feature", "geometry": {"type": "Point", "coordinates": [31.032163, 59.957198]}, "properties": {"kind": "fishing", "cls": "B", "prec": 225, "fish": ["Окунь"], "date": "2021-03-13", "title": "Окунь: Ладога, Ореховый остров", "comment": "Три окуня на тарелке — улов у истока Невы (Морозовка).", "catch": "Окунь", "src": "iNaturalist", "url": "https://www.inaturalist.org/observations/71137406", "sid": "71137406", "raw": "59.9571984495,31.0321632041", "agent": "observations", "season": "ice", "dist": 72.0, "zone": "ext", "sector": "Шлиссельбург / бухта Петрокрепость"}}, {"type": "Feature", "geometry": {"type": "Point", "coordinates": [31.032045, 59.957394]}, "properties": {"kind": "fishing", "cls": "B", "prec": 60, "fish": ["Ёрш"], "date": "2021-03-13", "title": "Ёрш: Ладога, Ореховый остров", "comment": "Три ерша на тарелке — улов у истока Невы (Морозовка).", "catch": "Ёрш", "src": "iNaturalist", "url": "https://www.inaturalist.org/observations/71137582", "sid": "71137582", "raw": "59.9573936409,31.0320448794", "agent": "observations", "season": "ice", "dist": 72.0, "zone": "ext", "sector": "Шлиссельбург / бухта Петрокрепость"}}, {"type": "Feature", "geometry": {"type": "Point", "coordinates": [31.032219, 59.957229]}, "properties": {"kind": "fishing", "cls": "B", "prec": 305, "fish": ["Уклейка"], "date": "2021-03-13", "title": "Уклейка: Ладога, Ореховый остров", "comment": "Уклейка на тарелке — улов у истока Невы (Морозовка).", "catch": "Уклейка", "src": "iNaturalist", "url": "https://www.inaturalist.org/observations/71137603", "sid": "71137603", "raw": "59.9572294917,31.032219087", "agent": "observations", "season": "ice", "dist": 72.0, "zone": "ext", "sector": "Шлиссельбург / бухта Петрокрепость"}}, {"type": "Feature", "geometry": {"type": "Point", "coordinates": [31.032225, 59.9572]}, "properties": {"kind": "fishing", "cls": "B", "prec": 289, "fish": ["Трехиглая колюшка"], "date": "2021-03-13", "title": "Трёхиглая колюшка: Ладога, Ореховый остров", "comment": "Колюшка на тарелке — мелочь из улова у истока Невы.", "catch": "Трёхиглая колюшка", "src": "iNaturalist", "url": "https://www.inaturalist.org/observations/71137765", "sid": "71137765", "raw": "59.9572000921,31.0322251527", "agent": "observations", "season": "ice", "dist": 72.0, "zone": "ext", "sector": "Шлиссельбург / бухта Петрокрепость"}}, {"type": "Feature", "geometry": {"type": "Point", "coordinates": [31.03208, 59.957195]}, "properties": {"kind": "fishing", "cls": "B", "prec": 4, "fish": ["Язь"], "date": "2021-07-24", "title": "Язь: Ладога, Ореховый остров", "comment": "Язь пойман на удочку (метод указан автором), сфотографирован в бутылке с водой.", "method": "удочка", "catch": "Язь", "src": "iNaturalist", "url": "https://www.inaturalist.org/observations/88794440", "sid": "88794440", "raw": "59.957195,31.0320805", "agent": "observations", "season": "open_water", "dist": 72.0, "zone": "ext", "sector": "Шлиссельбург / бухта Петрокрепость"}}, {"type": "Feature", "geometry": {"type": "Point", "coordinates": [30.993756, 59.940844]}, "properties": {"kind": "observation", "cls": "B", "prec": 122, "fish": ["Плотва"], "date": "2021-08-19", "title": "Плотва: р. Нева, Резвых", "comment": "Плотва лежала мёртвой на берегу Невы (по словам автора, не поймана).", "src": "iNaturalist", "url": "https://www.inaturalist.org/observations/91930421", "sid": "91930421", "raw": "59.9408439292,30.9937562968", "agent": "observations", "season": "open_water", "dist": 74.5, "zone": "ext", "sector": "Шлиссельбург / бухта Петрокрепость"}}, {"type": "Feature", "geometry": {"type": "Point", "coordinates": [31.081559, 60.119685]}, "properties": {"kind": "observation", "cls": "B", "prec": 29, "fish": ["Окунь"], "date": "2021-08-30", "title": "Окунь: Ладога, Осиновецкий маяк", "comment": "Мелкий мёртвый окунь на песке у Осиновецкого маяка.", "src": "iNaturalist", "url": "https://www.inaturalist.org/observations/93205594", "sid": "93205594", "raw": "60.1196848961,31.0815588085", "agent": "observations", "season": "open_water", "dist": 67.2, "zone": "ext", "sector": "Осиновец / западный берег"}}, {"type": "Feature", "geometry": {"type": "Point", "coordinates": [31.07287, 60.071386]}, "properties": {"kind": "observation", "cls": "B", "prec": 1980, "fish": ["Щука"], "date": "2022-06-26", "title": "Щука: Ладога, Коккорево", "comment": "Щука, сфотографирована в воде у берега.", "src": "iNaturalist", "url": "https://www.inaturalist.org/observations/123528402", "sid": "123528402", "raw": "60.0713856224,31.0728697479", "agent": "observations", "season": "open_water", "dist": 67.8, "zone": "ext", "sector": "Осиновец / западный берег"}}, {"type": "Feature", "geometry": {"type": "Point", "coordinates": [32.328238, 60.070027]}, "properties": {"kind": "fishing", "cls": "B", "prec": 2599, "fish": ["Ёрш"], "date": "2023-07-15", "title": "Ёрш: р. Волхов, Речников", "comment": "Ёрш на берегу Волхова, пойман в тот же день, что щука и плотва этого автора.", "catch": "Ёрш", "src": "iNaturalist", "url": "https://www.inaturalist.org/observations/172951713", "sid": "172951713", "raw": "60.0700269,32.3282381", "agent": "observations", "season": "open_water", "dist": 4.2, "zone": "core", "sector": "Нижний Волхов"}}, {"type": "Feature", "geometry": {"type": "Point", "coordinates": [32.321789, 60.067323]}, "properties": {"kind": "fishing", "cls": "B", "prec": 800, "fish": ["Плотва"], "date": "2023-07-15", "title": "Плотва: р. Волхов, Речников", "comment": "Плотва на леске, рядом спиннинг на берегу Волхова.", "method": "спиннинг", "catch": "Плотва", "src": "iNaturalist", "url": "https://www.inaturalist.org/observations/172963510", "sid": "172963510", "raw": "60.0673232,32.3217893", "agent": "observations", "season": "open_water", "dist": 4.3, "zone": "core", "sector": "Нижний Волхов"}}, {"type": "Feature", "geometry": {"type": "Point", "coordinates": [32.328238, 60.070027]}, "properties": {"kind": "fishing", "cls": "B", "prec": 2599, "fish": ["Щука"], "date": "2023-07-15", "title": "Щука: р. Волхов, Речников", "comment": "Щука на траве берега Волхова — улов.", "catch": "Щука", "src": "iNaturalist", "url": "https://www.inaturalist.org/observations/172973468", "sid": "172973468", "raw": "60.0700269,32.3282381", "agent": "observations", "season": "open_water", "dist": 4.2, "zone": "core", "sector": "Нижний Волхов"}}, {"type": "Feature", "geometry": {"type": "Point", "coordinates": [31.10945, 59.96731]}, "properties": {"kind": "fishing", "cls": "B", "prec": 977, "fish": ["Лещ"], "date": "2023-07-20", "title": "Лещ: Ладога, Кошкино", "comment": "Крупный лещ в руках; точка в бухте Петрокрепость в 2 км от берега, вероятно лов с лодки.", "catch": "Лещ", "src": "iNaturalist", "url": "https://www.inaturalist.org/observations/174069584", "sid": "174069584", "raw": "59.9673097121,31.109449559", "agent": "observations", "season": "open_water", "dist": 67.5, "zone": "ext", "sector": "Шлиссельбург / бухта Петрокрепость"}}, {"type": "Feature", "geometry": {"type": "Point", "coordinates": [31.142031, 59.994717]}, "properties": {"kind": "fishing", "cls": "B", "prec": 3906, "fish": ["Густера"], "date": "2023-07-20", "title": "Густера: Ладога, мыс Кошкинский носок", "comment": "Куча пойманной густеры и леща; точка в бухте Петрокрепость (погрешность около 4 км).", "catch": "Густера", "src": "iNaturalist", "url": "https://www.inaturalist.org/observations/174069585", "sid": "174069585", "raw": "59.9947169981,31.1420308351", "agent": "observations", "season": "open_water", "dist": 65.1, "zone": "ext", "sector": "Шлиссельбург / бухта Петрокрепость"}}, {"type": "Feature", "geometry": {"type": "Point", "coordinates": [31.034661, 59.953483]}, "properties": {"kind": "fishing", "cls": "B", "prec": 165, "fish": ["Окунь"], "date": "2020-08-14", "title": "Окунь: Ладога, Ореховый остров", "comment": "Окунь в руке на каменистом берегу у крепости Орешек.", "catch": "Окунь", "src": "iNaturalist", "url": "https://www.inaturalist.org/observations/174733717", "sid": "174733717", "raw": "59.9534833333,31.0346611111", "agent": "observations", "season": "open_water", "dist": 71.9, "zone": "ext", "sector": "Шлиссельбург / бухта Петрокрепость"}}, {"type": "Feature", "geometry": {"type": "Point", "coordinates": [32.352549, 60.060527]}, "properties": {"kind": "fishing", "cls": "B", "prec": 2700, "fish": ["Синец"], "date": "2023-08-05", "title": "Синец: р. Волхов, Иссад", "comment": "Синец на траве берега Волхова — улов.", "catch": "Синец", "src": "iNaturalist", "url": "https://www.inaturalist.org/observations/176730985", "sid": "176730985", "raw": "60.0605267,32.3525493", "agent": "observations", "season": "open_water", "dist": 5.8, "zone": "core", "sector": "Нижний Волхов"}}, {"type": "Feature", "geometry": {"type": "Point", "coordinates": [31.0846, 60.052061]}, "properties": {"kind": "fishing", "cls": "B", "prec": 100, "fish": ["Щука"], "date": "2022-06-18", "title": "Щука: Ладога, Коккорево", "comment": "Молодая щука в руке над ведром у берега Коккорево.", "catch": "Щука", "src": "iNaturalist", "url": "https://www.inaturalist.org/observations/201135771", "sid": "201135771", "raw": "60.052061,31.0845999722", "agent": "observations", "season": "open_water", "dist": 67.3, "zone": "ext", "sector": "Шлиссельбург / бухта Петрокрепость"}}, {"type": "Feature", "geometry": {"type": "Point", "coordinates": [31.051272, 59.965213]}, "properties": {"kind": "observation", "cls": "B", "prec": 100, "fish": ["Щука"], "date": "2024-05-11", "title": "Щука: Ладога, Шереметьевка", "comment": "Щуку поймала чомга (связанное наблюдение птицы).", "src": "iNaturalist", "url": "https://www.inaturalist.org/observations/215184691", "sid": "215184691", "raw": "59.9652133333,31.0512716667", "agent": "observations", "season": "open_water", "dist": 70.7, "zone": "ext", "sector": "Шлиссельбург / бухта Петрокрепость"}}, {"type": "Feature", "geometry": {"type": "Point", "coordinates": [31.078692, 60.121231]}, "properties": {"kind": "observation", "cls": "B", "prec": 100, "fish": ["Корюшка"], "date": "2024-05-26", "title": "Корюшка: Ладога, пос. Ладожское Озеро", "comment": "Мёртвая корюшка на песчаном пляже в конце мая. (iNat: needs_id)", "src": "iNaturalist", "url": "https://www.inaturalist.org/observations/218827590", "sid": "218827590", "raw": "60.1212305556,31.0786916667", "agent": "observations", "season": "open_water", "dist": 67.4, "zone": "ext", "sector": "Осиновец / западный берег"}}, {"type": "Feature", "geometry": {"type": "Point", "coordinates": [31.108322, 60.026146]}, "properties": {"kind": "observation", "cls": "B", "prec": 13, "fish": ["Уклейка"], "date": "2024-05-19", "title": "Уклейка: Ладога, мыс Сосновец", "comment": "Уклейка на мелководье у берега. (iNat: needs_id)", "src": "iNaturalist", "url": "https://www.inaturalist.org/observations/220549798", "sid": "220549798", "raw": "60.0261462882,31.1083219155", "agent": "observations", "season": "open_water", "dist": 66.4, "zone": "ext", "sector": "Шлиссельбург / бухта Петрокрепость"}}, {"type": "Feature", "geometry": {"type": "Point", "coordinates": [31.108406, 60.025967]}, "properties": {"kind": "observation", "cls": "B", "prec": 26, "fish": ["Щука"], "date": "2024-05-19", "title": "Щука: Ладога, мыс Сосновец", "comment": "Молодь щуки на мелководье среди травы.", "src": "iNaturalist", "url": "https://www.inaturalist.org/observations/220549804", "sid": "220549804", "raw": "60.0259669857,31.1084055768", "agent": "observations", "season": "open_water", "dist": 66.4, "zone": "ext", "sector": "Шлиссельбург / бухта Петрокрепость"}}, {"type": "Feature", "geometry": {"type": "Point", "coordinates": [31.065694, 60.072363]}, "properties": {"kind": "observation", "cls": "B", "prec": 51, "fish": ["Окунь"], "date": "2024-07-22", "title": "Окунь: Ладога, Коккорево", "comment": "Окунь в воде у берега.", "src": "iNaturalist", "url": "https://www.inaturalist.org/observations/231474423", "sid": "231474423", "raw": "60.0723633371,31.0656938329", "agent": "observations", "season": "open_water", "dist": 68.2, "zone": "ext", "sector": "Осиновец / западный берег"}}, {"type": "Feature", "geometry": {"type": "Point", "coordinates": [31.064107, 60.072191]}, "properties": {"kind": "observation", "cls": "B", "prec": 6, "fish": ["Трехиглая колюшка"], "date": "2024-08-14", "title": "Трёхиглая колюшка: Ладога, Коккорево", "comment": "Колюшка в воде у берега.", "src": "iNaturalist", "url": "https://www.inaturalist.org/observations/235731644", "sid": "235731644", "raw": "60.0721913818,31.064106971", "agent": "observations", "season": "open_water", "dist": 68.3, "zone": "ext", "sector": "Осиновец / западный берег"}}, {"type": "Feature", "geometry": {"type": "Point", "coordinates": [31.062364, 60.072831]}, "properties": {"kind": "fishing", "cls": "B", "prec": 100, "fish": ["Ротан"], "date": "2024-10-19", "title": "Ротан: Ладога, Коккорево", "comment": "Ротан на траве у берега Коккорево — пойман.", "catch": "Ротан", "src": "iNaturalist", "url": "https://www.inaturalist.org/observations/248272728", "sid": "248272728", "raw": "60.0728305556,31.0623638889", "agent": "observations", "season": "open_water", "dist": 68.4, "zone": "ext", "sector": "Осиновец / западный берег"}}, {"type": "Feature", "geometry": {"type": "Point", "coordinates": [31.038868, 59.962207]}, "properties": {"kind": "observation", "cls": "B", "prec": 100, "fish": ["Сиг"], "date": "2025-05-24", "title": "Сиговые: Ладога, Шереметьевка", "comment": "Крачка несёт в клюве сиговую рыбу (молодь сига или ряпушки).", "src": "iNaturalist", "url": "https://www.inaturalist.org/observations/283891504", "sid": "283891504", "raw": "59.9622066667,31.0388683333", "agent": "observations", "season": "open_water", "dist": 71.5, "zone": "ext", "sector": "Шлиссельбург / бухта Петрокрепость"}}, {"type": "Feature", "geometry": {"type": "Point", "coordinates": [32.322463, 60.080803]}, "properties": {"kind": "fishing", "cls": "B", "prec": 3, "fish": ["Судак"], "date": "2025-06-01", "title": "Судак: р. Волхов, Юшково", "comment": "Судак в руке, снят с лодки на Волхове.", "catch": "Судак", "src": "iNaturalist", "url": "https://www.inaturalist.org/observations/286037440", "sid": "286037440", "raw": "60.0808028333,32.3224633333", "agent": "observations", "season": "open_water", "dist": 3.0, "zone": "core", "sector": "Нижний Волхов"}}, {"type": "Feature", "geometry": {"type": "Point", "coordinates": [31.053904, 60.156697]}, "properties": {"kind": "observation", "cls": "B", "prec": 100, "fish": ["Подкаменщик"], "date": "2025-05-25", "title": "Подкаменщик: Ладога, Морье", "comment": "Подкаменщик пойман руками/сачком на каменистом берегу.", "src": "iNaturalist", "url": "https://www.inaturalist.org/observations/287257058", "sid": "287257058", "raw": "60.156697,31.0539039722", "agent": "observations", "season": "open_water", "dist": 68.9, "zone": "ext", "sector": "Осиновец / западный берег"}}, {"type": "Feature", "geometry": {"type": "Point", "coordinates": [31.05421, 60.144862]}, "properties": {"kind": "observation", "cls": "B", "prec": 100, "fish": ["Усатый голец"], "date": "2025-05-25", "title": "Усатый голец: Ладога, Морье", "comment": "Усатый голец в сачке на каменистом берегу.", "src": "iNaturalist", "url": "https://www.inaturalist.org/observations/287257590", "sid": "287257590", "raw": "60.144862,31.05421", "agent": "observations", "season": "open_water", "dist": 68.8, "zone": "ext", "sector": "Осиновец / западный берег"}}, {"type": "Feature", "geometry": {"type": "Point", "coordinates": [31.148508, 59.995675]}, "properties": {"kind": "observation", "cls": "B", "prec": 100, "fish": ["Уклейка"], "date": "2025-07-07", "title": "Уклейка: Ладога, мыс Кошкинский носок", "comment": "Мёртвая уклейка на галечном берегу бухты Петрокрепость. (iNat: needs_id)", "src": "iNaturalist", "url": "https://www.inaturalist.org/observations/296337537", "sid": "296337537", "raw": "59.995675,31.1485083333", "agent": "observations", "season": "open_water", "dist": 64.7, "zone": "ext", "sector": "Шлиссельбург / бухта Петрокрепость"}}, {"type": "Feature", "geometry": {"type": "Point", "coordinates": [31.107842, 60.0393]}, "properties": {"kind": "observation", "cls": "B", "prec": 100, "fish": ["Верховка"], "date": "2025-07-30", "title": "Верховка: Ладога, мыс Сосновец", "comment": "Мёртвая верховка на песке. (iNat: needs_id)", "src": "iNaturalist", "url": "https://www.inaturalist.org/observations/302324740", "sid": "302324740", "raw": "60.0393,31.1078416667", "agent": "observations", "season": "open_water", "dist": 66.2, "zone": "ext", "sector": "Шлиссельбург / бухта Петрокрепость"}}, {"type": "Feature", "geometry": {"type": "Point", "coordinates": [32.304562, 60.125382]}, "properties": {"kind": "observation", "cls": "B", "prec": 10808, "fish": ["Судак"], "date": "2025-07-31", "title": "Судак: Новая Ладога (точка ±10 км)", "comment": "Два судака на газете, автор отметил как 'ладожский' (улов или покупка); координата грубая, около 10 км. (iNat: casual)", "src": "iNaturalist", "url": "https://www.inaturalist.org/observations/302611368", "sid": "302611368", "raw": "60.1253819495,32.3045615711", "agent": "observations", "season": "open_water", "dist": 2.5, "zone": "core", "sector": "Новая Ладога / устье Волхова"}}, {"type": "Feature", "geometry": {"type": "Point", "coordinates": [31.067703, 60.060631]}, "properties": {"kind": "fishing", "cls": "B", "prec": 100, "fish": ["Елец"], "date": "2025-08-11", "title": "Елец: Ладога, Коккорево", "comment": "Елец в руке над ведром, берег у Коккорево.", "catch": "Елец", "src": "iNaturalist", "url": "https://www.inaturalist.org/observations/305502993", "sid": "305502993", "raw": "60.0606305556,31.0677027778", "agent": "observations", "season": "open_water", "dist": 68.2, "zone": "ext", "sector": "Осиновец / западный берег"}}, {"type": "Feature", "geometry": {"type": "Point", "coordinates": [31.080689, 60.053625]}, "properties": {"kind": "fishing", "cls": "B", "prec": 100, "fish": ["Язь"], "date": "2025-08-12", "title": "Язь: Ладога, Коккорево", "comment": "Язь в руке на песчаном берегу у Коккорево.", "catch": "Язь", "src": "iNaturalist", "url": "https://www.inaturalist.org/observations/306027545", "sid": "306027545", "raw": "60.053625,31.0806888889", "agent": "observations", "season": "open_water", "dist": 67.5, "zone": "ext", "sector": "Шлиссельбург / бухта Петрокрепость"}}, {"type": "Feature", "geometry": {"type": "Point", "coordinates": [31.071422, 60.058053]}, "properties": {"kind": "fishing", "cls": "B", "prec": 100, "fish": ["Плотва"], "date": "2025-08-12", "title": "Плотва: Ладога, Коккорево", "comment": "Плотва в руке, берег у Коккорево.", "catch": "Плотва", "src": "iNaturalist", "url": "https://www.inaturalist.org/observations/306027603", "sid": "306027603", "raw": "60.0580527778,31.0714222222", "agent": "observations", "season": "open_water", "dist": 68.0, "zone": "ext", "sector": "Шлиссельбург / бухта Петрокрепость"}}, {"type": "Feature", "geometry": {"type": "Point", "coordinates": [31.067703, 60.060631]}, "properties": {"kind": "fishing", "cls": "B", "prec": 100, "fish": ["Уклейка"], "date": "2025-08-12", "title": "Уклейка: Ладога, Коккорево", "comment": "Уклейка в руке, берег у Коккорево. (iNat: needs_id)", "catch": "Уклейка", "src": "iNaturalist", "url": "https://www.inaturalist.org/observations/306027634", "sid": "306027634", "raw": "60.0606305556,31.0677027778", "agent": "observations", "season": "open_water", "dist": 68.2, "zone": "ext", "sector": "Осиновец / западный берег"}}, {"type": "Feature", "geometry": {"type": "Point", "coordinates": [31.066043, 60.088013]}, "properties": {"kind": "fishing", "cls": "B", "prec": 3024, "fish": ["Окунь"], "date": "2025-08-12", "title": "Окунь: Ладога, Коккорево", "comment": "Окунь в руке, песчаный берег у Коккорево.", "catch": "Окунь", "src": "iNaturalist", "url": "https://www.inaturalist.org/observations/306027655", "sid": "306027655", "raw": "60.088013365,31.0660425201", "agent": "observations", "season": "open_water", "dist": 68.1, "zone": "ext", "sector": "Осиновец / западный берег"}}, {"type": "Feature", "geometry": {"type": "Point", "coordinates": [31.098546, 60.048193]}, "properties": {"kind": "observation", "cls": "B", "prec": 65, "fish": ["Лещ"], "date": "2025-08-24", "title": "Лещ: Ладога, Коккорево", "comment": "Лещ у поверхности воды (слабый или снулый). (iNat: needs_id)", "src": "iNaturalist", "url": "https://www.inaturalist.org/observations/315226028", "sid": "315226028", "raw": "60.0481925076,31.0985462653", "agent": "observations", "season": "open_water", "dist": 66.6, "zone": "ext", "sector": "Шлиссельбург / бухта Петрокрепость"}}, {"type": "Feature", "geometry": {"type": "Point", "coordinates": [31.086951, 60.117108]}, "properties": {"kind": "fishing", "cls": "B", "prec": 11, "fish": ["Окунь"], "date": "2025-10-18", "title": "Окунь: Ладога, мыс Осиновец", "comment": "Два окуня на траве у Осиновецкого маяка — улов.", "catch": "Окунь", "src": "iNaturalist", "url": "https://www.inaturalist.org/observations/321650391", "sid": "321650391", "raw": "60.1171079466,31.0869506747", "agent": "observations", "season": "open_water", "dist": 66.9, "zone": "ext", "sector": "Осиновец / западный берег"}}, {"type": "Feature", "geometry": {"type": "Point", "coordinates": [31.086878, 60.117115]}, "properties": {"kind": "fishing", "cls": "B", "prec": 29, "fish": ["Уклейка"], "date": "2025-10-18", "title": "Уклейка: Ладога, мыс Осиновец", "comment": "Уклейка на леске у Осиновецкого маяка.", "catch": "Уклейка", "src": "iNaturalist", "url": "https://www.inaturalist.org/observations/321652821", "sid": "321652821", "raw": "60.1171152965,31.0868775845", "agent": "observations", "season": "open_water", "dist": 66.9, "zone": "ext", "sector": "Осиновец / западный берег"}}, {"type": "Feature", "geometry": {"type": "Point", "coordinates": [31.088883, 60.11686]}, "properties": {"kind": "observation", "cls": "B", "prec": 75, "fish": ["Плотва"], "date": "2025-11-08", "title": "Плотва: Ладога, мыс Осиновец", "comment": "Мёртвая плотва на камнях с водорослями.", "src": "iNaturalist", "url": "https://www.inaturalist.org/observations/327414904", "sid": "327414904", "raw": "60.1168603861,31.0888825357", "agent": "observations", "season": "open_water", "dist": 66.8, "zone": "ext", "sector": "Осиновец / западный берег"}}, {"type": "Feature", "geometry": {"type": "Point", "coordinates": [31.085443, 60.117037]}, "properties": {"kind": "observation", "cls": "B", "prec": 15, "fish": ["Окунь"], "date": "2025-11-15", "title": "Окунь: Ладога, мыс Осиновец", "comment": "Гагара с пойманным окунем у Осиновецкого маяка.", "src": "iNaturalist", "url": "https://www.inaturalist.org/observations/327521262", "sid": "327521262", "raw": "60.117037032,31.0854434266", "agent": "observations", "season": "open_water", "dist": 67.0, "zone": "ext", "sector": "Осиновец / западный берег"}}, {"type": "Feature", "geometry": {"type": "Point", "coordinates": [31.086921, 60.116875]}, "properties": {"kind": "observation", "cls": "B", "prec": 138, "fish": ["Уклейка"], "date": "2025-10-28", "title": "Уклейка: Ладога, мыс Осиновец", "comment": "Гагара с уклейкой в клюве у Осиновецкого маяка.", "src": "iNaturalist", "url": "https://www.inaturalist.org/observations/328205464", "sid": "328205464", "raw": "60.1168750861,31.0869208351", "agent": "observations", "season": "open_water", "dist": 66.9, "zone": "ext", "sector": "Осиновец / западный берег"}}, {"type": "Feature", "geometry": {"type": "Point", "coordinates": [31.084722, 60.117159]}, "properties": {"kind": "observation", "cls": "B", "prec": 8, "fish": ["Окунь"], "date": "2025-11-15", "title": "Окунь: Ладога, мыс Осиновец", "comment": "Водоплавающая птица с пойманным окунем.", "src": "iNaturalist", "url": "https://www.inaturalist.org/observations/330839925", "sid": "330839925", "raw": "60.1171586729,31.0847222975", "agent": "observations", "season": "open_water", "dist": 67.0, "zone": "ext", "sector": "Осиновец / западный берег"}}, {"type": "Feature", "geometry": {"type": "Point", "coordinates": [31.085013, 60.116973]}, "properties": {"kind": "observation", "cls": "B", "prec": 31, "fish": ["Окунь"], "date": "2025-11-11", "title": "Окунь: Ладога, мыс Осиновец", "comment": "Гагара с пойманным окунем.", "src": "iNaturalist", "url": "https://www.inaturalist.org/observations/330840207", "sid": "330840207", "raw": "60.1169733714,31.0850134731", "agent": "observations", "season": "open_water", "dist": 67.0, "zone": "ext", "sector": "Осиновец / западный берег"}}, {"type": "Feature", "geometry": {"type": "Point", "coordinates": [31.063825, 60.070264]}, "properties": {"kind": "observation", "cls": "B", "prec": 100, "fish": ["Плотва"], "date": "2026-05-01", "title": "Плотва: Ладога, Коккорево", "comment": "Мёртвая плотва на берегу. (iNat: needs_id)", "src": "iNaturalist", "url": "https://www.inaturalist.org/observations/358024513", "sid": "358024513", "raw": "60.0702638889,31.063825", "agent": "observations", "season": "open_water", "dist": 68.3, "zone": "ext", "sector": "Осиновец / западный берег"}}, {"type": "Feature", "geometry": {"type": "Point", "coordinates": [31.088472, 60.050811]}, "properties": {"kind": "observation", "cls": "B", "prec": 1282, "fish": ["Девятииглая колюшка"], "date": "2026-06-04", "title": "Девятииглая колюшка: Ладога, Коккорево", "comment": "Малёк девятииглой колюшки в ладони. (iNat: needs_id)", "src": "iNaturalist", "url": "https://www.inaturalist.org/observations/369966480", "sid": "369966480", "raw": "60.0508114325,31.088472493", "agent": "observations", "season": "open_water", "dist": 67.1, "zone": "ext", "sector": "Шлиссельбург / бухта Петрокрепость"}}, {"type": "Feature", "geometry": {"type": "Point", "coordinates": [31.066622, 59.960463]}, "properties": {"kind": "fishing", "cls": "B", "prec": 5, "fish": ["Окунь"], "date": "2026-06-20", "title": "Окунь: Ладога, Кошкино", "comment": "Окунь на деревянном причале, по словам автора сразу отпущен.", "method": "удочка, поймал-отпустил", "catch": "Окунь", "src": "iNaturalist", "url": "https://www.inaturalist.org/observations/373607396", "sid": "373607396", "raw": "59.9604633333,31.0666221667", "agent": "observations", "season": "open_water", "dist": 70.0, "zone": "ext", "sector": "Шлиссельбург / бухта Петрокрепость"}}, {"type": "Feature", "geometry": {"type": "Point", "coordinates": [31.0666, 59.960437]}, "properties": {"kind": "fishing", "cls": "B", "prec": 20, "fish": ["Плотва"], "date": "2026-06-20", "title": "Плотва: Ладога, Шереметьевка", "comment": "Плотва на деревянном причале, по словам автора сразу отпущена. (iNat: needs_id)", "method": "удочка, поймал-отпустил", "catch": "Плотва", "src": "iNaturalist", "url": "https://www.inaturalist.org/observations/373607501", "sid": "373607501", "raw": "59.9604372635,31.0666001185", "agent": "observations", "season": "open_water", "dist": 70.0, "zone": "ext", "sector": "Шлиссельбург / бухта Петрокрепость"}}, {"type": "Feature", "geometry": {"type": "Point", "coordinates": [32.321337, 60.06908]}, "properties": {"kind": "observation", "cls": "B", "prec": 44, "fish": ["Лещ"], "date": "2026-07-20", "title": "Лещ: р. Волхов, Речников", "comment": "Вяленый лещ на верёвке в деревне на Волхове.", "src": "iNaturalist", "url": "https://www.inaturalist.org/observations/383324332", "sid": "383324332", "raw": "60.0690805,32.3213366667", "agent": "observations", "season": "open_water", "dist": 4.1, "zone": "core", "sector": "Нижний Волхов"}}, {"type": "Feature", "geometry": {"type": "Point", "coordinates": [31.205193, 59.90916]}, "properties": {"kind": "fishing", "cls": "B", "prec": 334, "fish": ["Окунь"], "date": "2026-07-22", "title": "Окунь: Новоладожский канал, урочище Липка", "comment": "Окунь на гранитном камне у Новоладожского канала — улов.", "catch": "Окунь", "src": "iNaturalist", "url": "https://www.inaturalist.org/observations/384250117", "sid": "384250117", "raw": "59.9091598875,31.2051931769", "agent": "observations", "season": "open_water", "dist": 64.3, "zone": "ext", "sector": "Шлиссельбург / бухта Петрокрепость"}}, {"type": "Feature", "geometry": {"type": "Point", "coordinates": [31.212885, 59.910702]}, "properties": {"kind": "fishing", "cls": "B", "prec": 223, "fish": ["Плотва"], "date": "2026-07-22", "title": "Плотва: Новоладожский канал, урочище Липка", "comment": "Плотва на гранитном камне у Новоладожского канала — улов.", "catch": "Плотва", "src": "iNaturalist", "url": "https://www.inaturalist.org/observations/384250305", "sid": "384250305", "raw": "59.9107021527,31.2128847465", "agent": "observations", "season": "open_water", "dist": 63.8, "zone": "ext", "sector": "Шлиссельбург / бухта Петрокрепость"}}, {"type": "Feature", "geometry": {"type": "Point", "coordinates": [31.059439, 60.076867]}, "properties": {"kind": "observation", "cls": "B", "prec": 100, "fish": ["Ротан"], "date": "2026-07-25", "title": "Ротан: Ладога, Коккорево", "comment": "Молодь ротана в банке.", "src": "iNaturalist", "url": "https://www.inaturalist.org/observations/386191872", "sid": "386191872", "raw": "60.0768666667,31.0594388889", "agent": "observations", "season": "open_water", "dist": 68.5, "zone": "ext", "sector": "Осиновец / западный берег"}}, {"type": "Feature", "geometry": {"type": "Point", "coordinates": [31.054302, 59.939645]}, "properties": {"kind": "fishing", "cls": "B", "prec": 66, "fish": ["Налим"], "date": "2026-08-29", "title": "Налим: Новоладожский канал, Шлиссельбург", "comment": "Налим в руках, рядом видна удочка; берег у Шлиссельбурга.", "catch": "Налим", "src": "iNaturalist", "url": "https://www.inaturalist.org/observations/395438341", "sid": "395438341", "raw": "59.9396446114,31.0543024912", "agent": "observations", "season": "open_water", "dist": 71.3, "zone": "ext", "sector": "Шлиссельбург / бухта Петрокрепость"}}, {"type": "Feature", "geometry": {"type": "Point", "coordinates": [31.084811, 60.051835]}, "properties": {"kind": "observation", "cls": "B", "prec": 830, "fish": ["Щука"], "date": "2026-08-30", "title": "Щука: Ладога, Коккорево", "comment": "Скопа несёт пойманную щуку.", "src": "iNaturalist", "url": "https://www.inaturalist.org/observations/395917698", "sid": "395917698", "raw": "60.051834781,31.0848112777", "agent": "observations", "season": "open_water", "dist": 67.3, "zone": "ext", "sector": "Шлиссельбург / бухта Петрокрепость"}}, {"type": "Feature", "geometry": {"type": "Point", "coordinates": [32.605103, 60.30367]}, "properties": {"kind": "observation", "cls": "B", "prec": 14, "fish": ["Минога"], "date": "2026-07-25", "title": "Минога: Ладога, Заостровье", "comment": "Мёртвая минога на каменистом берегу. (iNat: needs_id)", "src": "iNaturalist", "url": "https://www.inaturalist.org/observations/402433824", "sid": "402433824", "raw": "60.30367,32.6051033333", "agent": "observations", "season": "open_water", "dist": 28.1, "zone": "core", "sector": "Вороново"}}, {"type": "Feature", "geometry": {"type": "Point", "coordinates": [31.01827, 59.94332]}, "properties": {"kind": "observation", "cls": "B", "prec": 100, "fish": ["Минога"], "date": "2013-12-07", "title": "Речная минога: р. Нева (исток), Шлиссельбург (GBIF)", "comment": "Речная минога у истока Невы в Шлиссельбурге: 4 пробы, всего 75 экз. — осенне-зимний ход (образцы ИПЭЭ РАН).", "catch": "75 экз.", "src": "GBIF", "srcd": "GBIF: Database of European river lamprey (Lampetra fluviatilis (Linnaeus, 1758)) actual samples deposited in the A.N. S…", "url": "https://www.gbif.org/occurrence/3117068316", "sid": "3117068316,3117068320,3117068323,3117068326", "raw": "59.94332, 31.01827 ±15 m", "agent": "observations", "season": "ice", "dist": 73.1, "zone": "ext", "sector": "Шлиссельбург / бухта Петрокрепость"}}, {"type": "Feature", "geometry": {"type": "Point", "coordinates": [31.553, 60.023]}, "properties": {"kind": "observation", "cls": "B", "prec": 1000, "fish": ["Налим", "Бычок"], "date": "2005-10-15", "title": "Налим, Четырёхрогий бычок (рогатка): Ладога, Кобона (GBIF)", "comment": "Налим и четырёхрогий бычок (рогатка) у Кобоны — образцы ЗИН РАН с ДНК-штрихкодами.", "src": "GBIF", "srcd": "GBIF: International Barcode of Life project (iBOL) [MATERIAL_SAMPLE]", "url": "https://www.gbif.org/occurrence/2249114193", "sid": "2249114193,2249115786", "raw": "60.023, 31.553", "agent": "observations", "season": "open_water", "dist": 42.1, "zone": "core", "sector": "Кобона / южный берег"}}, {"type": "Feature", "geometry": {"type": "Point", "coordinates": [31.137, 60.192]}, "properties": {"kind": "observation", "cls": "B", "prec": 1000, "fish": ["Бычок"], "date": "2021-12-02", "title": "Четырёхрогий бычок (рогатка): Ладога, ~7 км от Морье (GBIF)", "comment": "Четырёхрогий бычок (рогатка, ледниковый реликт) — 2 образца ЗИН РАН с последовательностями ДНК.", "src": "GBIF", "srcd": "GBIF: International Barcode of Life project (iBOL) [MATERIAL_SAMPLE]", "url": "https://www.gbif.org/occurrence/5864066155", "sid": "5864066155,5864809215", "raw": "60.192, 31.137", "agent": "observations", "season": "ice", "dist": 64.8, "zone": "ext", "sector": "Осиновец / западный берег"}}, {"type": "Feature", "geometry": {"type": "Point", "coordinates": [31.5667, 60.0]}, "properties": {"kind": "observation", "cls": "B", "prec": 5000, "fish": ["Чехонь"], "date": "2002-05-02", "title": "Чехонь: Ладога, Кобона (GBIF)", "comment": "Чехонь в 5 км от устья р. Кобона (южный берег), музейный экземпляр ZFMK; координата округлена до минут.", "src": "GBIF", "srcd": "GBIF: ZFMK Ichthyology collection [PRESERVED_SPECIMEN]", "url": "https://www.gbif.org/occurrence/3774881781", "sid": "3774881781", "raw": "60.0, 31.5667", "agent": "observations", "season": "open_water", "dist": 42.0, "zone": "core", "sector": "Кобона / южный берег"}}, {"type": "Feature", "geometry": {"type": "Point", "coordinates": [32.32681, 60.10957]}, "properties": {"kind": "observation", "cls": "B", "prec": 3525, "fish": ["Сиг"], "title": "Сиг (волховский): Новая Ладога (GBIF, музейный экземпляр 1891 г.)", "comment": "Волховский сиг (Coregonus lavaretus baeri) из Новой Ладоги, получен музеем MCZ в 1891 г. — исторический промысловый вид.", "catch": "1 экз.", "src": "GBIF", "srcd": "GBIF: Museum of Comparative Zoology, Harvard University [PRESERVED_SPECIMEN]", "url": "https://www.gbif.org/occurrence/863120455", "sid": "863120455", "raw": "60.10957, 32.32681 ±3525 m", "agent": "observations", "dist": 1.9, "zone": "core", "sector": "Новая Ладога / устье Волхова"}}, {"type": "Feature", "geometry": {"type": "Point", "coordinates": [31.06, 59.96]}, "properties": {"kind": "observation", "cls": "B", "prec": 2000, "fish": ["Щиповка"], "title": "Щиповка: Ладога, Шереметьевка (GBIF)", "comment": "Щиповка из истока Невы у Шлиссельбурга, экземпляр финского музея Luomus, дата не указана.", "catch": "1 экз.", "src": "GBIF", "srcd": "GBIF: Pisces (Luomus) [PRESERVED_SPECIMEN]", "url": "https://www.gbif.org/occurrence/3436749613", "sid": "3436749613", "raw": "59.96, 31.06 ±2000 m", "agent": "observations", "dist": 70.4, "zone": "ext", "sector": "Шлиссельбург / бухта Петрокрепость"}}, {"type": "Feature", "geometry": {"type": "Point", "coordinates": [31.0368, 59.9494]}, "properties": {"kind": "observation", "cls": "B", "prec": 500, "fish": ["Трехиглая колюшка"], "title": "Трёхиглая колюшка: исток Невы, Шлиссельбург (GBIF)", "comment": "Трёхиглая колюшка у истока Невы — 4 образца с ДНК-последовательностями (GenBank), дата не указана.", "src": "GBIF", "srcd": "GBIF: International Barcode of Life project (iBOL) [MATERIAL_SAMPLE]", "url": "https://www.gbif.org/occurrence/4038893224", "sid": "4038893224,4038902214,4038912217,4039088270", "raw": "59.9494, 31.0368", "agent": "observations", "season": "ice", "dist": 71.9, "zone": "ext", "sector": "Шлиссельбург / бухта Петрокрепость"}}, {"type": "Feature", "geometry": {"type": "Point", "coordinates": [33.207, 60.65]}, "properties": {"kind": "observation", "cls": "B", "prec": 2000, "fish": ["Налим", "Минога", "Подкаменщик", "Плотва"], "title": "Налим, Минога, Подкаменщик, Плотва: р. Свирь, Горка (GBIF)", "comment": "Нижняя Свирь у д. Горка: налим, минога, подкаменщик, плотва — сборы Р. Сиверса 1875 г. (Luomus).", "catch": "≥3 экз.", "src": "GBIF", "srcd": "GBIF: Pisces (Luomus) [PRESERVED_SPECIMEN]", "url": "https://www.gbif.org/occurrence/3436749864", "sid": "3436749864,3436750853,3436751601,3436753166", "raw": "60.65, 33.207 ±1000 m", "agent": "observations", "season": "open_water", "dist": 78.8, "zone": "ext", "sector": "Свирская губа / устье Свири"}}, {"type": "Feature", "geometry": {"type": "Point", "coordinates": [31.02959, 59.944584]}, "properties": {"kind": "fishing", "cls": "B", "prec": 300, "date": "1992", "title": "Рыбаки у висячего моста, Шлиссельбург (1992)", "comment": "Рыбаки на висячем мосту в Шлиссельбурге (архивное фото 1992 г.).", "src": "PastVu (старые фото)", "srcd": "PastVu (ретрофото, точку ставил пользователь)", "url": "https://pastvu.com/p/1994429", "sid": "1994429", "raw": "59.944584, 31.02959", "agent": "observations", "dist": 72.4, "zone": "ext", "sector": "Шлиссельбург / бухта Петрокрепость"}}, {"type": "Feature", "geometry": {"type": "Point", "coordinates": [31.031712, 59.945248]}, "properties": {"kind": "fishing", "cls": "B", "prec": 300, "date": "1988", "title": "Рыбак на Староладожском канале, Шлиссельбург (1988)", "comment": "Рыбак на Староладожском канале в Шлиссельбурге (архивное фото 1988 г.).", "src": "PastVu (старые фото)", "srcd": "PastVu (ретрофото, точку ставил пользователь)", "url": "https://pastvu.com/p/2627969", "sid": "2627969", "raw": "59.945248, 31.031712", "agent": "observations", "dist": 72.3, "zone": "ext", "sector": "Шлиссельбург / бухта Петрокрепость"}}, {"type": "Feature", "geometry": {"type": "Point", "coordinates": [32.318483, 60.106004]}, "properties": {"kind": "landmark", "cls": "B", "prec": 300, "date": "1975", "title": "Новоладожский рыбокомбинат (1975)", "comment": "Территория Новоладожского рыбокомбината на фото 1975 г. — база промыслового лова.", "src": "PastVu (старые фото)", "srcd": "PastVu (ретрофото, точку ставил пользователь)", "url": "https://pastvu.com/p/900405", "sid": "900405", "raw": "60.106004, 32.318483", "agent": "observations", "dist": 1.4, "zone": "core", "sector": "Новая Ладога / устье Волхова"}}, {"type": "Feature", "geometry": {"type": "Point", "coordinates": [32.825775, 60.549261]}, "properties": {"kind": "fishing", "cls": "B", "prec": 300, "date": "2014-04-14", "title": "Рыбаки-промысловики из Сясьстроя в лодке (~10 км от Свирица)", "comment": "Фоторепортаж: рыбаки Сясьстроя выходят на лодке в озеро, лёд уже сошёл (утро 14 апреля).", "method": "промысел с лодки", "src": "Flickr", "srcd": "Flickr (публичная geo-лента по тегам)", "url": "https://www.flickr.com/photos/a-solo/14929913853/", "sid": "14929913853", "raw": "60.549261, 32.825775", "agent": "observations", "season": "open_water", "dist": 57.5, "zone": "ext", "sector": "Свирская губа / устье Свири"}}, {"type": "Feature", "geometry": {"type": "Point", "coordinates": [32.816162, 60.542171]}, "properties": {"kind": "fishing", "cls": "B", "prec": 300, "date": "2014-04-14", "title": "Рыбаки-промысловики из Сясьстроя в лодке (~9 км от Свирица)", "comment": "Тот же фоторепортаж: рыбак в деревянной лодке на открытой воде, днём 14 апреля.", "method": "промысел с лодки", "src": "Flickr", "srcd": "Flickr (публичная geo-лента по тегам)", "url": "https://www.flickr.com/photos/a-solo/15363960298/", "sid": "15363960298", "raw": "60.542171, 32.816162", "agent": "observations", "season": "open_water", "dist": 56.6, "zone": "ext", "sector": "Свирская губа / устье Свири"}}, {"type": "Feature", "geometry": {"type": "Point", "coordinates": [32.802944, 60.528661]}, "properties": {"kind": "fishing", "cls": "B", "prec": 300, "date": "2014-04-14", "title": "Рыбаки-промысловики из Сясьстроя в лодке (~9 км от Свирица)", "comment": "Тот же фоторепортаж: возвращение лодки с промысла вечером 14 апреля.", "method": "промысел с лодки", "src": "Flickr", "srcd": "Flickr (публичная geo-лента по тегам)", "url": "https://www.flickr.com/photos/a-solo/15364086687/", "sid": "15364086687", "raw": "60.528661, 32.802944", "agent": "observations", "season": "open_water", "dist": 54.9, "zone": "core", "sector": "Свирская губа / устье Свири"}}, {"type": "Feature", "geometry": {"type": "Point", "coordinates": [31.033973, 59.958963]}, "properties": {"kind": "fishing", "cls": "B", "prec": 300, "date": "2010-05-03", "title": "Рыбаки на каменной гряде у истока Невы (Ореховый остров)", "comment": "Рыболовы стоят на каменной гряде и ловят с лодок у выхода Невы из Ладоги.", "method": "с камней и с лодок", "src": "Flickr", "srcd": "Flickr (публичная geo-лента по тегам)", "url": "https://www.flickr.com/photos/dr_tr/4578713333/", "sid": "4578713333", "raw": "59.958963, 31.033973", "agent": "observations", "season": "open_water", "dist": 71.8, "zone": "ext", "sector": "Шлиссельбург / бухта Петрокрепость"}}, {"type": "Feature", "geometry": {"type": "Point", "coordinates": [31.067104, 60.142102]}, "properties": {"kind": "fishing", "cls": "B", "prec": 300, "date": "2014-02-15", "title": "Палатка подлёдника на льду (пос. Ладожское Озеро)", "comment": "Палатка рыбака-подлёдника и снасть на льду Ладоги севернее Осиновца.", "method": "подлёдная ловля", "src": "Flickr", "srcd": "Flickr (публичная geo-лента по тегам)", "url": "https://www.flickr.com/photos/94013412@N04/12546736945/", "sid": "12546736945", "raw": "60.142102, 31.067104", "agent": "observations", "season": "ice", "dist": 68.1, "zone": "ext", "sector": "Осиновец / западный берег"}}, {"type": "Feature", "geometry": {"type": "Point", "coordinates": [31.536941, 60.145606]}, "properties": {"kind": "fishing", "cls": "B", "prec": 1000, "date": "2007-10-13", "title": "Рыбацкая лодка с удочками на берегу (мыс Песоцкий нос)", "comment": "Моторная лодка с удочками вытащена на песчаный пляж; геотег неточный (точка в воде).", "src": "Flickr", "srcd": "Flickr (публичная geo-лента по тегам)", "url": "https://www.flickr.com/photos/130278722@N03/16409492811/", "sid": "16409492811", "raw": "60.145606, 31.536941", "agent": "observations", "season": "open_water", "dist": 42.2, "zone": "core", "sector": "Кобона / южный берег"}}, {"type": "Feature", "geometry": {"type": "Point", "coordinates": [31.034299, 59.941398]}, "properties": {"kind": "fishing", "cls": "B", "prec": 300, "date": "2011-08-18", "title": "Рыбак вброд у Шлиссельбурга", "comment": "Рыболов ловит, стоя в воде у берега в Шлиссельбурге.", "method": "удочка вброд", "src": "Flickr", "srcd": "Flickr (публичная geo-лента по тегам)", "url": "https://www.flickr.com/photos/northtothefuture/6104646031/", "sid": "6104646031", "raw": "59.941398, 31.034299", "agent": "observations", "season": "open_water", "dist": 72.3, "zone": "ext", "sector": "Шлиссельбург / бухта Петрокрепость"}}, {"type": "Feature", "geometry": {"type": "Point", "coordinates": [31.029922, 59.944511]}, "properties": {"kind": "fishing", "cls": "B", "prec": 200, "date": "2024-03-02", "title": "Рыбаки у шлюзов в Шлиссельбурге", "comment": "Несколько рыбаков на набережной у шлюзов; в начале марта вода здесь открыта.", "src": "Flickr", "srcd": "Flickr (публичная geo-лента по тегам)", "url": "https://www.flickr.com/photos/fintravel/54404049136/", "sid": "54404049136", "raw": "59.944511, 31.029922", "agent": "observations", "season": "open_water", "dist": 72.4, "zone": "ext", "sector": "Шлиссельбург / бухта Петрокрепость"}}, {"type": "Feature", "geometry": {"type": "Point", "coordinates": [31.06985, 60.063812]}, "properties": {"kind": "fishing", "cls": "B", "prec": 1500, "date": "2013-02-05", "title": "Подлёдный рыбак вдали от берега (Коккорево)", "comment": "Одинокая фигура (вероятно, рыбак-подлёдник) на льду; точка — место съёмки с берега у Коккорево.", "method": "подлёдная ловля", "src": "Flickr", "srcd": "Flickr (публичная geo-лента по тегам)", "url": "https://www.flickr.com/photos/26207979n04/26213257804/", "sid": "26213257804", "raw": "60.063812, 31.069850", "agent": "observations", "season": "ice", "dist": 68.0, "zone": "ext", "sector": "Осиновец / западный берег"}}, {"type": "Feature", "geometry": {"type": "Point", "coordinates": [31.063327, 59.931341]}, "properties": {"kind": "structure", "cls": "B", "prec": 200, "date": "2020-07-09", "title": "Рыболовецкий бот ССП-34 в Новоладожском канале (Шлиссельбург)", "comment": "Небольшое рыболовецкое судно ССП-34 у берега Новоладожского канала (так подписал автор фото).", "src": "Flickr", "srcd": "Flickr (публичная geo-лента по тегам)", "url": "https://www.flickr.com/photos/cetus13/50100444371/", "sid": "50100444371", "raw": "59.931341, 31.063327", "agent": "observations", "season": "open_water", "dist": 71.0, "zone": "ext", "sector": "Шлиссельбург / бухта Петрокрепость"}}, {"type": "Feature", "geometry": {"type": "Point", "coordinates": [32.321434, 60.115172]}, "properties": {"kind": "structure", "cls": "B", "prec": 300, "date": "2007-08-14", "title": "Стоянка рыболовецких судов, Новая Ладога", "comment": "Два небольших рыболовецких судна у деревянного причала на Новоладожском канале (фото Panoramio, 2007).", "src": "Wikimedia Commons", "srcd": "Wikimedia Commons (архив Panoramio)", "url": "https://commons.wikimedia.org/wiki/File:Fishing_vessels._%D0%A0%D1%8B%D0%B1%D0%BE%D0%BB%D0%BE%D0%B2%D0%BD%D1%8B%D0%B5_%D1%81%D1%83%D0%B4%D0%B0._-_panoramio.jpg", "sid": "45231441", "raw": "60.115172, 32.321434", "agent": "observations", "season": "open_water", "dist": 2.0, "zone": "core", "sector": "Новая Ладога / устье Волхова"}}, {"type": "Feature", "geometry": {"type": "Point", "coordinates": [32.333503, 60.073101]}, "properties": {"kind": "fishing", "cls": "B", "prec": 100, "fish": ["Лещ", "Линь"], "date": "2026-09", "title": "Нижний Волхов у Юшково", "comment": "Лещи 1,5–2,2 кг на фидер при сильном ветре, попался линь.", "method": "фидер", "catch": "лещи 1,5–2,2 кг", "src": "fishing-report.ru", "url": "https://fishing-report.ru/120755/", "sid": "120755", "raw": "60.073101,32.333503", "agent": "report_sites", "season": "open_water", "dist": 4.0, "zone": "core", "sector": "Нижний Волхов"}}, {"type": "Feature", "geometry": {"type": "Point", "coordinates": [31.073379, 59.978216]}, "properties": {"kind": "fishing", "cls": "B", "prec": 100, "fish": ["Окунь"], "date": "2026-06-02", "title": "Бухта Петрокрепость у Кошкино", "comment": "2 июня окунь на нересте; очень низкая вода, в середине бухты отмели до 20 см.", "depth": "отмели ~0,2 м", "src": "fishing-report.ru", "url": "https://fishing-report.ru/120331/", "sid": "120331", "raw": "59.978216,31.073379", "agent": "report_sites", "season": "open_water", "dist": 69.2, "zone": "ext", "sector": "Шлиссельбург / бухта Петрокрепость"}}, {"type": "Feature", "geometry": {"type": "Point", "coordinates": [32.3414, 60.055396]}, "properties": {"kind": "fishing", "cls": "B", "prec": 100, "fish": ["Лещ", "Густера"], "date": "2026-05", "title": "Нижний Волхов у Иссада", "comment": "Волхов: лещ, подлещик, густера (вид по фото).", "src": "fishing-report.ru", "url": "https://fishing-report.ru/120199/", "sid": "120199", "raw": "60.055396,32.3414", "agent": "report_sites", "season": "open_water", "dist": 6.0, "zone": "core", "sector": "Нижний Волхов"}}, {"type": "Feature", "geometry": {"type": "Point", "coordinates": [31.852692, 60.268709]}, "properties": {"kind": "fishing", "cls": "B", "prec": 100, "fish": ["Судак"], "date": "2026-02-16", "title": "Лигово, 3 км от берега", "comment": "Лигово 16–17 февраля: судак со льда в 3 км от берега, в ходу мормулет.", "method": "мормулет со льда", "src": "fishing-report.ru", "url": "https://fishing-report.ru/119872/", "sid": "119872", "raw": "60.268709,31.852692", "agent": "report_sites", "season": "ice", "dist": 30.5, "zone": "core", "sector": "Лигово"}}, {"type": "Feature", "geometry": {"type": "Point", "coordinates": [31.370381, 59.928905]}, "properties": {"kind": "fishing", "cls": "B", "prec": 100, "fish": ["Окунь"], "date": "2025-11-04", "title": "Назия", "comment": "Назия: активный клёв окуня.", "src": "fishing-report.ru", "url": "https://fishing-report.ru/95002/", "sid": "95002", "raw": "59.928905,31.370381", "agent": "report_sites", "season": "open_water", "dist": 54.9, "zone": "core", "sector": "Кобона / южный берег"}}, {"type": "Feature", "geometry": {"type": "Point", "coordinates": [31.129211, 59.976217]}, "properties": {"kind": "fishing", "cls": "B", "prec": 100, "fish": ["Язь", "Окунь"], "date": "2025-07", "title": "Кошкино, бухта Петрокрепость", "comment": "Язь на небольшую вертушку в зарастающей траве бухты, основной улов — окунь на ультралайт с лодки.", "method": "ультралайт, вертушка, с лодки", "src": "fishing-report.ru", "url": "https://fishing-report.ru/85061/", "sid": "85061", "raw": "59.976217,31.129211", "agent": "report_sites", "season": "open_water", "dist": 66.2, "zone": "ext", "sector": "Шлиссельбург / бухта Петрокрепость"}}, {"type": "Feature", "geometry": {"type": "Point", "coordinates": [31.474687, 60.017712]}, "properties": {"kind": "fishing", "cls": "B", "prec": 100, "fish": ["Окунь"], "date": "2025-01", "title": "Кобона", "comment": "Кобона: окунь, около двух часов активной раздачи.", "method": "зимняя удочка", "src": "fishing-report.ru", "url": "https://fishing-report.ru/58712/", "sid": "58712", "raw": "60.017712,31.474687", "agent": "report_sites", "season": "ice", "dist": 46.5, "zone": "core", "sector": "Кобона / южный берег"}}, {"type": "Feature", "geometry": {"type": "Point", "coordinates": [31.224273, 59.920009]}, "properties": {"kind": "fishing", "cls": "B", "prec": 100, "fish": ["Плотва", "Густера", "Лещ", "Окунь", "Уклейка"], "date": "2024-05", "title": "Новоладожский канал у Липок", "comment": "За 4 выезда около 2,5 кг: плотва, густера, подлещик, окунь, уклейка на опарыша и червя.", "method": "поплавок/донка, опарыш, червь", "catch": "~2,5 кг за 4 выезда", "src": "fishing-report.ru", "url": "https://fishing-report.ru/53457/", "sid": "53457", "raw": "59.920009,31.224273", "agent": "report_sites", "season": "open_water", "dist": 62.9, "zone": "ext", "sector": "Шлиссельбург / бухта Петрокрепость"}}, {"type": "Feature", "geometry": {"type": "Point", "coordinates": [31.599189, 60.131401]}, "properties": {"kind": "fishing", "cls": "B", "prec": 100, "fish": ["Плотва"], "date": "2024-04", "title": "Чёрное (губа Чёрная Сатама)", "comment": "Много плотвы в конце апреля.", "src": "fishing-report.ru", "url": "https://fishing-report.ru/52207/", "sid": "52207", "raw": "60.131401,31.599189", "agent": "report_sites", "dist": 38.6, "zone": "core", "sector": "Кобона / южный берег"}}, {"type": "Feature", "geometry": {"type": "Point", "coordinates": [31.090698, 60.002608]}, "properties": {"kind": "fishing", "cls": "B", "prec": 100, "fish": ["Щука"], "date": "2024-03", "title": "Западный берег бухты Петрокрепость", "comment": "Щука активна в марте; лёд держит, но у камышей подмывает.", "src": "fishing-report.ru", "url": "https://fishing-report.ru/51829/", "sid": "51829", "raw": "60.002608,31.090698", "agent": "report_sites", "season": "ice", "dist": 67.7, "zone": "ext", "sector": "Шлиссельбург / бухта Петрокрепость"}}, {"type": "Feature", "geometry": {"type": "Point", "coordinates": [31.943687, 60.262203]}, "properties": {"kind": "fishing", "cls": "B", "prec": 100, "date": "2024-02", "title": "Дубно, 3,5 км от берега", "comment": "Дубно: хорошая погода и удачная рыбалка.", "src": "fishing-report.ru", "url": "https://fishing-report.ru/51112/", "sid": "51112", "raw": "60.262203,31.943687", "agent": "report_sites", "season": "ice", "dist": 26.2, "zone": "core", "sector": "Дубно"}}, {"type": "Feature", "geometry": {"type": "Point", "coordinates": [32.091712, 60.405998]}, "properties": {"kind": "fishing", "cls": "B", "prec": 100, "fish": ["Окунь"], "date": "2024-01", "title": "Остров Сухо", "comment": "Зимой у о. Сухо на грядах и глубинах до 4 м окуня не нашли, затем около 30 окуней в Дубно.", "depth": "до 4 м", "method": "зимняя удочка", "catch": "0 у о. Сухо", "src": "fishing-report.ru", "url": "https://fishing-report.ru/50674/", "sid": "50674", "raw": "60.405998,32.091712", "agent": "report_sites", "season": "ice", "dist": 35.4, "zone": "core", "sector": "о. Сухо"}}, {"type": "Feature", "geometry": {"type": "Point", "coordinates": [31.075406, 59.919911]}, "properties": {"kind": "fishing", "cls": "B", "prec": 100, "fish": ["Щука"], "date": "2023-11", "title": "Канал у Шлиссельбурга", "comment": "Открытие сезона — щука; геометка в канале у Шлиссельбурга.", "src": "fishing-report.ru", "url": "https://fishing-report.ru/49495/", "sid": "49495", "raw": "59.919911,31.075406", "agent": "report_sites", "season": "open_water", "dist": 70.7, "zone": "ext", "sector": "Шлиссельбург / бухта Петрокрепость"}}, {"type": "Feature", "geometry": {"type": "Point", "coordinates": [32.344204, 60.04941]}, "properties": {"kind": "fishing", "cls": "B", "prec": 100, "date": "2023-10", "title": "Нижний Волхов у Иссада", "comment": "Геометка отчёта без описания.", "src": "fishing-report.ru", "url": "https://fishing-report.ru/49035/", "sid": "49035", "raw": "60.04941,32.344204", "agent": "report_sites", "season": "open_water", "dist": 6.6, "zone": "core", "sector": "Нижний Волхов"}}, {"type": "Feature", "geometry": {"type": "Point", "coordinates": [32.314274, 60.085507]}, "properties": {"kind": "fishing", "cls": "B", "prec": 100, "date": "2023-05", "title": "Нижний Волхов", "comment": "Открытие сезона: кемпинг на берегу Волхова.", "src": "fishing-report.ru", "url": "https://fishing-report.ru/40520/", "sid": "40520", "raw": "60.085507,32.314274", "agent": "report_sites", "season": "open_water", "dist": 2.3, "zone": "core", "sector": "Нижний Волхов"}}, {"type": "Feature", "geometry": {"type": "Point", "coordinates": [32.306801, 60.11502]}, "properties": {"kind": "fishing", "cls": "B", "prec": 100, "date": "2023-05", "title": "Новоладожский канал в Новой Ладоге", "comment": "Рыбалка на канале в Новой Ладоге (без подробностей).", "src": "fishing-report.ru", "url": "https://fishing-report.ru/40490/", "sid": "40490", "raw": "60.11502,32.306801", "agent": "report_sites", "season": "open_water", "dist": 1.4, "zone": "core", "sector": "Новая Ладога / устье Волхова"}}, {"type": "Feature", "geometry": {"type": "Point", "coordinates": [31.075583, 59.920601]}, "properties": {"kind": "fishing", "cls": "B", "prec": 100, "fish": ["Щука"], "date": "2023-03", "title": "Канал у Шлиссельбурга (кромка камыша)", "comment": "Щука в конце марта держалась в метре от камыша; геометка в канале у Шлиссельбурга, автор пишет «Ладога».", "src": "fishing-report.ru", "url": "https://fishing-report.ru/38624/", "sid": "38624", "raw": "59.920601,31.075583", "agent": "report_sites", "season": "ice", "dist": 70.7, "zone": "ext", "sector": "Шлиссельбург / бухта Петрокрепость"}}, {"type": "Feature", "geometry": {"type": "Point", "coordinates": [31.382218, 60.070309]}, "properties": {"kind": "fishing", "cls": "B", "prec": 100, "fish": ["Окунь"], "date": "2023-02-25", "title": "Кобона, выход на глубину", "comment": "Кобона: неожиданный выход на глубину 7,5 м, окунь.", "depth": "7.5 м", "src": "fishing-report.ru", "url": "https://fishing-report.ru/38126/", "sid": "38126", "raw": "60.070309,31.382218", "agent": "report_sites", "season": "ice", "dist": 50.7, "zone": "core", "sector": "Кобона / южный берег"}}, {"type": "Feature", "geometry": {"type": "Point", "coordinates": [32.613413, 60.284315]}, "properties": {"kind": "fishing", "cls": "B", "prec": 100, "date": "2023-01", "title": "Ладога у Вороново", "comment": "Геометка отчёта без описания.", "src": "fishing-report.ru", "url": "https://fishing-report.ru/37135/", "sid": "37135", "raw": "60.284315,32.613413", "agent": "report_sites", "season": "ice", "dist": 26.7, "zone": "core", "sector": "Вороново"}}, {"type": "Feature", "geometry": {"type": "Point", "coordinates": [31.421005, 59.991515]}, "properties": {"kind": "fishing", "cls": "B", "prec": 100, "date": "2022-12", "title": "Бухта Петрокрепость у Зеленцов", "comment": "Геометка отчёта без описания.", "src": "fishing-report.ru", "url": "https://fishing-report.ru/36310/", "sid": "36310", "raw": "59.991515,31.421005", "agent": "report_sites", "dist": 50.0, "zone": "core", "sector": "Кобона / южный берег"}}, {"type": "Feature", "geometry": {"type": "Point", "coordinates": [32.601296, 60.285915]}, "properties": {"kind": "fishing", "cls": "B", "prec": 100, "date": "2022-12", "title": "Ладога у Вороново", "comment": "Отчёт с Ладоги у Вороново без подробностей.", "src": "fishing-report.ru", "url": "https://fishing-report.ru/35610/", "sid": "35610", "raw": "60.285915,32.601296", "agent": "report_sites", "dist": 26.4, "zone": "core", "sector": "Вороново"}}, {"type": "Feature", "geometry": {"type": "Point", "coordinates": [32.13682, 60.256104]}, "properties": {"kind": "fishing", "cls": "B", "prec": 100, "date": "2022-06", "title": "Волховская губа, центр", "comment": "Геометка отчёта в Волховской губе без описания.", "src": "fishing-report.ru", "url": "https://fishing-report.ru/32331/", "sid": "32331", "raw": "60.256104,32.136820", "agent": "report_sites", "season": "open_water", "dist": 19.0, "zone": "core", "sector": "о. Птинов"}}, {"type": "Feature", "geometry": {"type": "Point", "coordinates": [31.556335, 60.024603]}, "properties": {"kind": "fishing", "cls": "B", "prec": 100, "fish": ["Плотва", "Окунь"], "date": "2022-02", "title": "Кобона (у канала)", "comment": "Геометка у Кобоны без текста; на фото плотва и окунь.", "src": "fishing-report.ru", "url": "https://fishing-report.ru/29524/", "sid": "29524", "raw": "60.024603,31.556335", "agent": "report_sites", "season": "ice", "dist": 41.9, "zone": "core", "sector": "Кобона / южный берег"}}, {"type": "Feature", "geometry": {"type": "Point", "coordinates": [32.044871, 60.248535]}, "properties": {"kind": "fishing", "cls": "B", "prec": 100, "fish": ["Щука"], "date": "2022-02-20", "title": "Дубно", "comment": "Дубно: 11 щук от 1 до 7 кг, клевало до 13 ч, до начала метели.", "catch": "11 щук, 1–7 кг", "src": "fishing-report.ru", "url": "https://fishing-report.ru/29385/", "sid": "29385", "raw": "60.248535,32.044871", "agent": "report_sites", "season": "ice", "dist": 21.2, "zone": "core", "sector": "о. Птинов"}}, {"type": "Feature", "geometry": {"type": "Point", "coordinates": [31.705373, 60.239988]}, "properties": {"kind": "fishing", "cls": "B", "prec": 100, "date": "2022-02", "title": "Ладога у Лигово", "comment": "Удачный выезд на Ладогу (без подробностей).", "src": "fishing-report.ru", "url": "https://fishing-report.ru/27999/", "sid": "27999", "raw": "60.239988,31.705373", "agent": "report_sites", "season": "ice", "dist": 35.9, "zone": "core", "sector": "Лигово"}}, {"type": "Feature", "geometry": {"type": "Point", "coordinates": [31.523887, 60.112777]}, "properties": {"kind": "fishing", "cls": "B", "prec": 100, "date": "2022-01-21", "title": "Леднёво", "comment": "Леднёво, 21–22 января 2022 г. (короткий отчёт).", "src": "fishing-report.ru", "url": "https://fishing-report.ru/27686/", "sid": "27686", "raw": "60.112777,31.523887", "agent": "report_sites", "season": "ice", "dist": 42.7, "zone": "core", "sector": "Кобона / южный берег"}}, {"type": "Feature", "geometry": {"type": "Point", "coordinates": [31.493579, 59.982424]}, "properties": {"kind": "fishing", "cls": "B", "prec": 100, "fish": ["Окунь"], "date": "2022-01-22", "title": "Бухта Петрокрепость у Лаврово", "comment": "Ветрено, окунь брал вяло.", "src": "fishing-report.ru", "url": "https://fishing-report.ru/25778/", "sid": "25778", "raw": "59.982424,31.493579", "agent": "report_sites", "season": "ice", "dist": 46.4, "zone": "core", "sector": "Кобона / южный берег"}}, {"type": "Feature", "geometry": {"type": "Point", "coordinates": [32.826078, 60.488606]}, "properties": {"kind": "fishing", "cls": "B", "prec": 100, "date": "2022-01", "title": "Свирь у устья", "comment": "Трофейный улов на Свири (без подробностей).", "src": "fishing-report.ru", "url": "https://fishing-report.ru/25729/", "sid": "25729", "raw": "60.488606,32.826078", "agent": "report_sites", "season": "ice", "dist": 51.9, "zone": "core", "sector": "Свирская губа / устье Свири"}}, {"type": "Feature", "geometry": {"type": "Point", "coordinates": [31.46597, 60.018017]}, "properties": {"kind": "fishing", "cls": "B", "prec": 100, "date": "2022-01-18", "title": "Кобона, 4 км от берега", "comment": "Кобона: активный клёв с 10 до 13 ч, в остальное время вяло.", "src": "fishing-report.ru", "url": "https://fishing-report.ru/25668/", "sid": "25668", "raw": "60.018017,31.465970", "agent": "report_sites", "season": "ice", "dist": 46.9, "zone": "core", "sector": "Кобона / южный берег"}}, {"type": "Feature", "geometry": {"type": "Point", "coordinates": [31.478386, 59.909595]}, "properties": {"kind": "fishing", "cls": "B", "prec": 100, "date": "2022-01-18", "title": "Шальдиха", "comment": "Шальдиха: пойманную рыбу отпустил.", "src": "fishing-report.ru", "url": "https://fishing-report.ru/25501/", "sid": "25501", "raw": "59.909595,31.478386", "agent": "report_sites", "season": "ice", "dist": 50.2, "zone": "core", "sector": "Кобона / южный берег"}}, {"type": "Feature", "geometry": {"type": "Point", "coordinates": [31.589724, 60.124808]}, "properties": {"kind": "fishing", "cls": "B", "prec": 100, "date": "2021-12", "title": "Чёрное (губа Чёрная Сатама)", "comment": "Короткий отчёт из Чёрного на рубеже 2021–2022 гг.", "src": "fishing-report.ru", "url": "https://fishing-report.ru/24295/", "sid": "24295", "raw": "60.124808,31.589724", "agent": "report_sites", "dist": 39.1, "zone": "core", "sector": "Кобона / южный берег"}}, {"type": "Feature", "geometry": {"type": "Point", "coordinates": [32.797262, 60.453142]}, "properties": {"kind": "fishing", "cls": "B", "prec": 100, "fish": ["Щука"], "date": "2021-12", "title": "Загубская губа", "comment": "Открытие сезона со льда: щука на жерлицы.", "method": "жерлицы", "src": "fishing-report.ru", "url": "https://fishing-report.ru/18476/", "sid": "18476", "raw": "60.453142,32.797262", "agent": "report_sites", "season": "ice", "dist": 47.7, "zone": "core", "sector": "Свирица / Загубская губа"}}, {"type": "Feature", "geometry": {"type": "Point", "coordinates": [31.567786, 60.131824]}, "properties": {"kind": "fishing", "cls": "B", "prec": 100, "fish": ["Окунь"], "date": "2021-12-12", "title": "Чёрное (губа Чёрная Сатама)", "comment": "Открытие зимнего сезона у Чёрного: клёв слабый, мелкий окунь на уху.", "method": "зимняя удочка, палатка", "src": "fishing-report.ru", "url": "https://fishing-report.ru/18333/", "sid": "18333", "raw": "60.131824,31.567786", "agent": "report_sites", "season": "ice", "dist": 40.4, "zone": "core", "sector": "Кобона / южный берег"}}, {"type": "Feature", "geometry": {"type": "Point", "coordinates": [31.605446, 60.133886]}, "properties": {"kind": "fishing", "cls": "B", "prec": 100, "fish": ["Щука"], "date": "2021-12", "title": "Чёрное (губа Чёрная Сатама)", "comment": "Три поклёвки щуки, реализована одна; мороз снизил активность рыбы.", "catch": "1 щука", "src": "fishing-report.ru", "url": "https://fishing-report.ru/18142/", "sid": "18142", "raw": "60.133886,31.605446", "agent": "report_sites", "dist": 38.3, "zone": "core", "sector": "Кобона / южный берег"}}, {"type": "Feature", "geometry": {"type": "Point", "coordinates": [32.945364, 60.451139]}, "properties": {"kind": "fishing", "cls": "B", "prec": 100, "fish": ["Налим"], "date": "2021-11-13", "title": "Нижняя Паша у Свирицы", "comment": "Налим на нижней Паше 13–14 ноября.", "src": "fishing-report.ru", "url": "https://fishing-report.ru/16900/", "sid": "16900", "raw": "60.451139,32.945364", "agent": "report_sites", "season": "open_water", "dist": 52.7, "zone": "core", "sector": "Свирская губа / устье Свири"}}, {"type": "Feature", "geometry": {"type": "Point", "coordinates": [32.902736, 60.470804]}, "properties": {"kind": "fishing", "cls": "B", "prec": 100, "date": "2021-10", "title": "Загубье (дельта Свири)", "comment": "Короткий отчёт с протоки у Загубья под Свирицей.", "src": "fishing-report.ru", "url": "https://fishing-report.ru/16085/", "sid": "16085", "raw": "60.470804,32.902736", "agent": "report_sites", "season": "open_water", "dist": 52.8, "zone": "core", "sector": "Свирская губа / устье Свири"}}, {"type": "Feature", "geometry": {"type": "Point", "coordinates": [32.012897, 60.240732]}, "properties": {"kind": "fishing", "cls": "B", "prec": 100, "fish": ["Окунь"], "date": "2021-10-08", "title": "Ладога у Дубно", "comment": "Окунь брал вяло, к вечеру активизировался (08.10.2021).", "src": "fishing-report.ru", "url": "https://fishing-report.ru/14053/", "sid": "14053", "raw": "60.240732,32.012897", "agent": "report_sites", "season": "open_water", "dist": 21.8, "zone": "core", "sector": "Дубно"}}, {"type": "Feature", "geometry": {"type": "Point", "coordinates": [31.395548, 59.911808]}, "properties": {"kind": "fishing", "cls": "B", "prec": 100, "fish": ["Щука"], "date": "2021-10", "title": "Бухта Петрокрепость у Назии", "comment": "Удачная ловля хищника — щука.", "method": "спиннинг", "src": "fishing-report.ru", "url": "https://fishing-report.ru/13972/", "sid": "13972", "raw": "59.911808,31.395548", "agent": "report_sites", "season": "open_water", "dist": 54.3, "zone": "core", "sector": "Кобона / южный берег"}}, {"type": "Feature", "geometry": {"type": "Point", "coordinates": [31.418269, 59.969472]}, "properties": {"kind": "fishing", "cls": "B", "prec": 100, "fish": ["Окунь"], "date": "2021-10", "title": "Бухта Петрокрепость", "comment": "Окунь; удачный первый за много лет выезд на Ладогу.", "src": "fishing-report.ru", "url": "https://fishing-report.ru/13963/", "sid": "13963", "raw": "59.969472,31.418269", "agent": "report_sites", "season": "open_water", "dist": 50.9, "zone": "core", "sector": "Кобона / южный берег"}}, {"type": "Feature", "geometry": {"type": "Point", "coordinates": [32.339528, 60.057829]}, "properties": {"kind": "fishing", "cls": "B", "prec": 100, "date": "2021-10-04", "title": "Нижний Волхов у Иссада", "comment": "Волхов 4 октября: утром холодно, вода сильно упала, часть рыбы отпущена.", "src": "fishing-report.ru", "url": "https://fishing-report.ru/11593/", "sid": "11593", "raw": "60.057829,32.339528", "agent": "report_sites", "season": "open_water", "dist": 5.7, "zone": "core", "sector": "Нижний Волхов"}}, {"type": "Feature", "geometry": {"type": "Point", "coordinates": [31.384679, 59.981464]}, "properties": {"kind": "fishing", "cls": "B", "prec": 100, "date": "2021-09", "title": "Бухта Петрокрепость (восточная часть)", "comment": "Геометка отчёта без описания.", "src": "fishing-report.ru", "url": "https://fishing-report.ru/10333/", "sid": "10333", "raw": "59.981464,31.384679", "agent": "report_sites", "season": "open_water", "dist": 52.3, "zone": "core", "sector": "Кобона / южный берег"}}, {"type": "Feature", "geometry": {"type": "Point", "coordinates": [30.99826, 59.933656]}, "properties": {"kind": "fishing", "cls": "B", "prec": 100, "fish": ["Плотва"], "date": "2021-09", "title": "Нева в Шлиссельбурге", "comment": "Плотва на Неве в Шлиссельбурге, на повороте реки.", "src": "fishing-report.ru", "url": "https://fishing-report.ru/9924/", "sid": "9924", "raw": "59.933656,30.998260", "agent": "report_sites", "season": "open_water", "dist": 74.4, "zone": "ext", "sector": "Шлиссельбург / бухта Петрокрепость"}}, {"type": "Feature", "geometry": {"type": "Point", "coordinates": [32.960831, 60.4514]}, "properties": {"kind": "fishing", "cls": "B", "prec": 100, "date": "2021-08-27", "title": "Нижняя Паша у Свирицы", "comment": "Нижняя Паша у Свирицы: ни одной поклёвки (27.08.2021).", "catch": "0", "src": "fishing-report.ru", "url": "https://fishing-report.ru/9487/", "sid": "9487", "raw": "60.451400,32.960831", "agent": "report_sites", "season": "open_water", "dist": 53.4, "zone": "core", "sector": "Свирская губа / устье Свири"}}, {"type": "Feature", "geometry": {"type": "Point", "coordinates": [32.193626, 60.186123]}, "properties": {"kind": "fishing", "cls": "B", "prec": 100, "date": "2021-08", "title": "Волховская губа напротив Крениц", "comment": "С базы Креницы на лодке в Ладогу, ловля в заброс.", "method": "спиннинг в заброс с лодки", "src": "fishing-report.ru", "url": "https://fishing-report.ru/8997/", "sid": "8997", "raw": "60.186123,32.193626", "agent": "report_sites", "season": "open_water", "dist": 10.7, "zone": "core", "sector": "Креницы / Волховская губа"}}, {"type": "Feature", "geometry": {"type": "Point", "coordinates": [32.330439, 60.130961]}, "properties": {"kind": "fishing", "cls": "B", "prec": 100, "fish": ["Щука"], "date": "2021-08", "title": "Креницы — устье Волхова", "comment": "Щука у Крениц в устье Волхова.", "src": "fishing-report.ru", "url": "https://fishing-report.ru/8392/", "sid": "8392", "raw": "60.130961,32.330439", "agent": "report_sites", "season": "open_water", "dist": 3.6, "zone": "core", "sector": "Новая Ладога / устье Волхова"}}, {"type": "Feature", "geometry": {"type": "Point", "coordinates": [32.95196, 60.504441]}, "properties": {"kind": "fishing", "cls": "B", "prec": 100, "date": "2020-08-06", "title": "Свирица, у турбазы (дельта Свири)", "comment": "Под Свирицей в дождь и ветер: одна поклёвка — одна рыба (06.08.2020).", "catch": "1 рыба", "src": "fishing-report.ru", "url": "https://fishing-report.ru/8004/", "sid": "8004", "raw": "60.504441,32.951960", "agent": "report_sites", "season": "open_water", "dist": 57.4, "zone": "ext", "sector": "Свирская губа / устье Свири"}}, {"type": "Feature", "geometry": {"type": "Point", "coordinates": [32.341373, 60.055375]}, "properties": {"kind": "fishing", "cls": "B", "prec": 100, "fish": ["Синец"], "date": "2021-05", "title": "Нижний Волхов у Иссада", "comment": "Синец (сопа) клевал волнами, 2 мая.", "src": "fishing-report.ru", "url": "https://fishing-report.ru/7090/", "sid": "7090", "raw": "60.055375,32.341373", "agent": "report_sites", "season": "open_water", "dist": 6.0, "zone": "core", "sector": "Нижний Волхов"}}, {"type": "Feature", "geometry": {"type": "Point", "coordinates": [32.630563, 60.283298]}, "properties": {"kind": "fishing", "cls": "B", "prec": 100, "fish": ["Густера", "Плотва"], "title": "Канал у Вороново", "comment": "На Волхове не клевало, на канале густера и плотва на фидер с опарышем; клёв осторожный.", "method": "фидер, опарыш", "src": "fishing-report.ru", "url": "https://fishing-report.ru/7087/", "sid": "7087", "raw": "60.283298,32.630563", "agent": "report_sites", "season": "open_water", "dist": 27.3, "zone": "core", "sector": "Вороново"}}, {"type": "Feature", "geometry": {"type": "Point", "coordinates": [30.982882, 59.908056]}, "properties": {"kind": "fishing", "cls": "B", "prec": 100, "fish": ["Окунь"], "date": "2021-06", "title": "Верхняя Нева ниже Шлиссельбурга", "comment": "Окунь на микроджиг с берега Невы примерно в 5 км ниже истока.", "method": "спиннинг, микроджиг", "src": "fishing-report.ru", "url": "https://fishing-report.ru/5640/", "sid": "5640", "raw": "59.908056,30.982882", "agent": "report_sites", "season": "open_water", "dist": 76.1, "zone": "ext", "sector": "Шлиссельбург / бухта Петрокрепость"}}, {"type": "Feature", "geometry": {"type": "Point", "coordinates": [32.332952, 60.11248]}, "properties": {"kind": "fishing", "cls": "B", "prec": 100, "fish": ["Жерех"], "date": "2021-06", "title": "Новоладожский канал у устья Волхова", "comment": "Первый жерех в Новой Ладоге (канал у устья Волхова).", "src": "fishing-report.ru", "url": "https://fishing-report.ru/5631/", "sid": "5631", "raw": "60.112480,32.332952", "agent": "report_sites", "season": "open_water", "dist": 2.4, "zone": "core", "sector": "Новая Ладога / устье Волхова"}}, {"type": "Feature", "geometry": {"type": "Point", "coordinates": [31.509968, 60.027601]}, "properties": {"kind": "fishing", "cls": "B", "prec": 100, "fish": ["Плотва"], "date": "2021-03", "title": "Кобона — в сторону о-вов Зеленцы", "comment": "Ночная зимняя ловля плотвы с прикормкой на глубине около 6 м, клёв редкий; выход с берега у Кобоны.", "depth": "6 м", "method": "мормышка, прикормка, ночью", "src": "fishing-report.ru", "url": "https://fishing-report.ru/2368/", "sid": "2368", "raw": "60.027601,31.509968", "agent": "report_sites", "season": "ice", "dist": 44.3, "zone": "core", "sector": "Кобона / южный берег"}}, {"type": "Feature", "geometry": {"type": "Point", "coordinates": [32.872726, 60.475926]}, "properties": {"kind": "fishing", "cls": "B", "prec": 100, "fish": ["Щука", "Налим"], "date": "2021-03", "title": "Ново-Свирский канал у Свирицы", "comment": "Щука и налим с Ново-Свирского канала у устья Свири (вид по фото).", "src": "fishing-report.ru", "url": "https://fishing-report.ru/2308/", "sid": "2308", "raw": "60.475926,32.872726", "agent": "report_sites", "season": "ice", "dist": 52.3, "zone": "core", "sector": "Свирская губа / устье Свири"}}, {"type": "Feature", "geometry": {"type": "Point", "coordinates": [31.873992, 60.251624]}, "properties": {"kind": "fishing", "cls": "B", "prec": 100, "date": "2021-02-14", "title": "Ладога между Лигово и Дубно", "comment": "Короткая зимняя заметка: лёд, сильный мороз.", "src": "fishing-report.ru", "url": "https://fishing-report.ru/2051/", "sid": "2051", "raw": "60.251624,31.873992", "agent": "report_sites", "season": "ice", "dist": 28.5, "zone": "core", "sector": "Лигово"}}, {"type": "Feature", "geometry": {"type": "Point", "coordinates": [31.473646, 59.90869]}, "properties": {"kind": "fishing", "cls": "B", "prec": 100, "fish": ["Окунь"], "date": "2021-01", "title": "Верхняя Шальдиха", "comment": "Выход на лёд у Верхней Шальдихи: вдали от берега поклёвок почти не было, окунь ловился в тростнике; на льду трещины.", "method": "зимняя удочка", "src": "fishing-report.ru", "url": "https://fishing-report.ru/1935/", "sid": "1935", "raw": "59.908690,31.473646", "agent": "report_sites", "season": "ice", "dist": 50.5, "zone": "core", "sector": "Кобона / южный берег"}}, {"type": "Feature", "geometry": {"type": "Point", "coordinates": [31.08696, 60.013975]}, "properties": {"kind": "fishing", "cls": "B", "prec": 100, "date": "2021-01", "title": "Западный берег бухты Петрокрепость (у бухты Глубокой)", "comment": "Открытие зимнего сезона 2021 г.: рыба капризная, подход к берегу через заповедный лес.", "method": "зимняя удочка", "src": "fishing-report.ru", "url": "https://fishing-report.ru/1933/", "sid": "1933", "raw": "60.013975,31.086960", "agent": "report_sites", "season": "ice", "dist": 67.7, "zone": "ext", "sector": "Шлиссельбург / бухта Петрокрепость"}}, {"type": "Feature", "geometry": {"type": "Point", "coordinates": [31.467525, 59.907043]}, "properties": {"kind": "fishing", "cls": "B", "prec": 100, "fish": ["Окунь"], "date": "2020-12", "title": "Шальдиха, кромка тростника", "comment": "Пассивный окунь у границы тростника и чистой воды: сработала только мормышка, балансир и блесна пустые; отход от берега до 1 км.", "method": "мормышка со льда", "src": "fishing-report.ru", "url": "https://fishing-report.ru/1931/", "sid": "1931", "raw": "59.907043,31.467525", "agent": "report_sites", "season": "ice", "dist": 50.9, "zone": "core", "sector": "Кобона / южный берег"}}, {"type": "Feature", "geometry": {"type": "Point", "coordinates": [32.306857, 60.092493]}, "properties": {"kind": "fishing", "cls": "B", "prec": 100, "fish": ["Щука"], "title": "Нижний Волхов у Новой Ладоги", "comment": "Щука на спиннинг в нижнем Волхове; фото летнее, опубликовано зимой.", "method": "спиннинг", "src": "fishing-report.ru", "url": "https://fishing-report.ru/1122/", "sid": "1122", "raw": "60.092493,32.306857", "agent": "report_sites", "season": "open_water", "dist": 1.4, "zone": "core", "sector": "Нижний Волхов"}}, {"type": "Feature", "geometry": {"type": "Point", "coordinates": [31.226467, 59.938525]}, "properties": {"kind": "fishing", "cls": "C", "prec": 700, "fish": ["Щука", "Окунь"], "date": "2021-09-15", "title": "У Бугровского маяка", "comment": "Немного щук и окуней у Бугровского маяка; точка поставлена по маяку (OSM), т.к. геометка поста стоит в пруду в 5 км от берега.", "src": "fishing-report.ru", "url": "https://fishing-report.ru/10331/", "sid": "10331", "raw": "геометка поста: 59.893780,31.167527 (не Ладога); текст: «у Бугровского маяка»", "agent": "report_sites", "season": "open_water", "dist": 62.1, "zone": "ext", "sector": "Шлиссельбург / бухта Петрокрепость"}}, {"type": "Feature", "geometry": {"type": "Point", "coordinates": [31.038763, 59.954165]}, "properties": {"kind": "fishing", "cls": "C", "prec": 700, "fish": ["Окунь", "Плотва", "Лещ"], "date": "2021-08-17", "title": "Нева у крепости Орешек (исток Невы)", "comment": "Окунь и плотва 150–250 г, подлещик ~350 г у Орешка; точка по крепости (OSM), геометка поста у Чёрной речки.", "catch": "окунь/плотва 150–250 г, подлещик 350 г", "src": "fishing-report.ru", "url": "https://fishing-report.ru/7181/", "sid": "7181", "raw": "геометка поста: 59.927013,30.984185; текст: «Нева у Орешка»", "agent": "report_sites", "season": "open_water", "dist": 71.7, "zone": "ext", "sector": "Шлиссельбург / бухта Петрокрепость"}}, {"type": "Feature", "geometry": {"type": "Point", "coordinates": [31.4259, 59.9497]}, "properties": {"kind": "fishing", "cls": "B", "prec": 100, "fish": ["Окунь"], "title": "Нижняя Шальдиха", "comment": "Метка fish-search без описания: окунь у Нижней Шальдихи.", "src": "fish-search.ru", "url": "https://fish-search.ru/kirovskiy-rayon/okun", "sid": "181", "raw": "59.9497, 31.4259", "agent": "report_sites", "dist": 51.2, "zone": "core", "sector": "Кобона / южный берег"}}, {"type": "Feature", "geometry": {"type": "Point", "coordinates": [31.735, 60.2664]}, "properties": {"kind": "fishing", "cls": "B", "prec": 100, "fish": ["Щука"], "title": "Ладога у Лигово (Кивгода)", "comment": "Метка fish-search без описания: щука, около 2 км от берега у Лигово.", "src": "fish-search.ru", "url": "https://fish-search.ru/leningradskaya-oblast/schuka", "sid": "183", "raw": "60.2664, 31.735", "agent": "report_sites", "dist": 35.8, "zone": "core", "sector": "Лигово"}}, {"type": "Feature", "geometry": {"type": "Point", "coordinates": [31.713, 60.2525]}, "properties": {"kind": "fishing", "cls": "B", "prec": 100, "fish": ["Щука"], "title": "Ладога у Лигово (Кивгода)", "comment": "Метка fish-search без описания: щука, около 1 км от берега у Лигово.", "src": "fish-search.ru", "url": "https://fish-search.ru/leningradskaya-oblast/schuka-184", "sid": "184", "raw": "60.2525, 31.713", "agent": "report_sites", "dist": 36.1, "zone": "core", "sector": "Лигово"}}, {"type": "Feature", "geometry": {"type": "Point", "coordinates": [31.1887, 60.0053]}, "properties": {"kind": "fishing", "cls": "B", "prec": 100, "fish": ["Плотва"], "title": "Бухта Петрокрепость, 4 км от берега", "comment": "Плотва в 4 км от берега (метка fish-search, район «Рижской поляны»).", "src": "fish-search.ru", "url": "https://fish-search.ru/leningradskaya-oblast/plotva", "sid": "185", "raw": "60.0053, 31.1887", "agent": "report_sites", "dist": 62.3, "zone": "ext", "sector": "Шлиссельбург / бухта Петрокрепость"}}, {"type": "Feature", "geometry": {"type": "Point", "coordinates": [32.9883, 60.4413]}, "properties": {"kind": "fishing", "cls": "B", "prec": 100, "fish": ["Лещ"], "date": "2019-08", "title": "Нижняя Паша у Подбережья", "comment": "Лещ на джиг на нижней Паше у Подбережья (копия карточки FisherMap #9223).", "method": "джиг", "src": "FisherMap", "srcd": "fish-search.ru (копия FisherMap)", "url": "https://fish-search.ru/podberezh-e/lesch", "sid": "8942", "raw": "60.4413, 32.9883 (= FisherMap #9223: https://ru.fishermap.org/location/9223/)", "agent": "report_sites", "season": "open_water", "dist": 53.6, "zone": "core", "sector": "Свирская губа / устье Свири"}}, {"type": "Feature", "geometry": {"type": "Point", "coordinates": [30.9827, 59.908]}, "properties": {"kind": "fishing", "cls": "B", "prec": 100, "fish": ["Лещ", "Плотва", "Щука"], "date": "2019-07", "title": "Нева ниже Шлиссельбурга (Морозовка)", "comment": "Лещ, плотва и щука на Неве в ~5 км ниже истока, много сходов (копия карточки FisherMap #11102).", "src": "FisherMap", "srcd": "fish-search.ru (копия FisherMap)", "url": "https://fish-search.ru/vsevolozhskiy-rayon/lesch-plotva-schuka", "sid": "10809", "raw": "59.9080, 30.9827 (= FisherMap #11102: https://ru.fishermap.org/location/11102/)", "agent": "report_sites", "season": "open_water", "dist": 76.1, "zone": "ext", "sector": "Шлиссельбург / бухта Петрокрепость"}}, {"type": "Feature", "geometry": {"type": "Point", "coordinates": [30.9925, 59.9245]}, "properties": {"kind": "fishing", "cls": "B", "prec": 100, "fish": ["Судак"], "date": "2019-09", "title": "Нева у Шлиссельбурга", "comment": "Судак на Неве у Шлиссельбурга в конце сезона (копия карточки FisherMap #13152).", "src": "FisherMap", "srcd": "fish-search.ru (копия FisherMap)", "url": "https://fish-search.ru/shlissel-burg/sudak", "sid": "12842", "raw": "59.9245, 30.9925 (= FisherMap #13152: https://ru.fishermap.org/location/13152/)", "agent": "report_sites", "season": "open_water", "dist": 75.0, "zone": "ext", "sector": "Шлиссельбург / бухта Петрокрепость"}}, {"type": "Feature", "geometry": {"type": "Point", "coordinates": [30.9818, 59.9241]}, "properties": {"kind": "fishing", "cls": "B", "prec": 100, "fish": ["Плотва"], "date": "2019-05", "title": "Нева у Чёрной Речки", "comment": "Плотва на Неве у Чёрной Речки, без описания (копия карточки FisherMap #13396).", "src": "FisherMap", "srcd": "fish-search.ru (копия FisherMap)", "url": "https://fish-search.ru/chernaya-rechka-primorskiy/plotva", "sid": "13086", "raw": "59.9241, 30.9818 (= FisherMap #13396: https://ru.fishermap.org/location/13396/)", "agent": "report_sites", "season": "open_water", "dist": 75.6, "zone": "ext", "sector": "Шлиссельбург / бухта Петрокрепость"}}, {"type": "Feature", "geometry": {"type": "Point", "coordinates": [31.088905, 59.98628]}, "properties": {"kind": "fishing", "cls": "B", "prec": 100, "title": "«Глубокое» у Кошкино", "comment": "Метка «Глубокое» у Кошкино без описания (fish-search).", "src": "fish-search.ru", "url": "https://fish-search.ru/koshkino/glubokoe", "sid": "21103", "raw": "59.986280, 31.088905", "agent": "report_sites", "dist": 68.2, "zone": "ext", "sector": "Шлиссельбург / бухта Петрокрепость"}}, {"type": "Feature", "geometry": {"type": "Point", "coordinates": [32.893965, 60.471319]}, "properties": {"kind": "fishing", "cls": "B", "prec": 100, "fish": ["Щука", "Окунь"], "date": "2022-09", "title": "Свирь у Свирицы", "comment": "Свирь у Свирицы: щука 1,8 кг на воблер «уточку».", "method": "воблер", "src": "fish-search.ru", "url": "https://fish-search.ru/poselok-svirica/lovlya-schuki-i-okunya", "sid": "22586", "raw": "60.471319, 32.893965", "agent": "report_sites", "season": "open_water", "dist": 52.6, "zone": "core", "sector": "Свирская губа / устье Свири"}}, {"type": "Feature", "geometry": {"type": "Point", "coordinates": [31.065505, 59.950341]}, "properties": {"kind": "fishing", "cls": "B", "prec": 100, "fish": ["Окунь"], "date": "2024-07-21", "title": "Бухта Петрокрепость у Шлиссельбурга", "comment": "Утренний окунь с лодки на всё подряд — два ведра к полудню.", "method": "спиннинг с лодки: попер, вертушка, воблер, джиг", "catch": "2 ведра окуня", "src": "vpodsak.ru", "url": "https://vpodsak.ru/reports/rybalka-v-leningradskoy-oblasti-shlisselburge-lovlya-na-spinning-okunya-letnyaya-rybalka-21-iyulya-2024", "sid": "rybalka-v-leningradskoy-oblasti-shlisselburge-lovlya-na-spinning-okunya-letnyaya-rybalka-21-iyulya-2024", "raw": "[31.065505, 59.950341] (lon, lat)", "agent": "report_sites", "season": "open_water", "dist": 70.3, "zone": "ext", "sector": "Шлиссельбург / бухта Петрокрепость"}}, {"type": "Feature", "geometry": {"type": "Point", "coordinates": [31.069528, 59.949723]}, "properties": {"kind": "fishing", "cls": "B", "prec": 100, "fish": ["Окунь"], "date": "2024-07-24", "title": "Бухта Петрокрепость у Шлиссельбурга", "comment": "Летний окунь с лодки у Шлиссельбурга, около двух вёдер за утро.", "method": "спиннинг с лодки", "catch": "около 2 вёдер окуня", "src": "vpodsak.ru", "url": "https://vpodsak.ru/reports/rybalka-v-leningradskoy-oblasti-shlisselburge-lovlya-na-spinning-okunya-letnyaya-rybalka-24-iyulya-2024", "sid": "rybalka-v-leningradskoy-oblasti-shlisselburge-lovlya-na-spinning-okunya-letnyaya-rybalka-24-iyulya-2024", "raw": "[31.069528, 59.949723] (lon, lat)", "agent": "report_sites", "season": "open_water", "dist": 70.1, "zone": "ext", "sector": "Шлиссельбург / бухта Петрокрепость"}}, {"type": "Feature", "geometry": {"type": "Point", "coordinates": [31.056895, 59.952827]}, "properties": {"kind": "fishing", "cls": "B", "prec": 100, "fish": ["Щука"], "date": "2024-10-30", "title": "Бухта Петрокрепость у Шлиссельбурга", "comment": "Осенняя щука на медленный воблер над затопленными полями травы.", "method": "спиннинг с лодки, воблер нейтральной плавучести", "src": "vpodsak.ru", "url": "https://vpodsak.ru/reports/rybalka-v-leningradskoy-oblasti-shlisselburge-lovlya-na-spinning-shchuki-rybalka-osenyu-30-oktyabrya-2024", "sid": "rybalka-v-leningradskoy-oblasti-shlisselburge-lovlya-na-spinning-shchuki-rybalka-osenyu-30-oktyabrya-2024", "raw": "[31.056895, 59.952827] (lon, lat)", "agent": "report_sites", "season": "open_water", "dist": 70.7, "zone": "ext", "sector": "Шлиссельбург / бухта Петрокрепость"}}, {"type": "Feature", "geometry": {"type": "Point", "coordinates": [31.072124, 59.951326]}, "properties": {"kind": "fishing", "cls": "B", "prec": 100, "fish": ["Щука"], "date": "2024-11-14", "title": "Бухта Петрокрепость у Шлиссельбурга", "comment": "Поздняя осень, вода +3,5 °C: щука стоит локально, нужен подбор приманки.", "method": "спиннинг с лодки", "src": "vpodsak.ru", "url": "https://vpodsak.ru/reports/rybalka-v-leningradskoy-oblasti-shlisselburge-lovlya-na-spinning-shchuki-rybalka-osenyu-14-noyabrya-2024", "sid": "rybalka-v-leningradskoy-oblasti-shlisselburge-lovlya-na-spinning-shchuki-rybalka-osenyu-14-noyabrya-2024", "raw": "[31.072124, 59.951326] (lon, lat)", "agent": "report_sites", "season": "open_water", "dist": 70.0, "zone": "ext", "sector": "Шлиссельбург / бухта Петрокрепость"}}, {"type": "Feature", "geometry": {"type": "Point", "coordinates": [32.338313, 60.04248]}, "properties": {"kind": "fishing", "cls": "B", "prec": 100, "fish": ["Лещ"], "date": "2024-11-10", "title": "Нижний Волхов у Поляши", "comment": "Поздняя осень на Волхове: лещ на фидер с берега, лучше всего мотыль с опарышем.", "method": "фидер с берега; мотыль с опарышем, пшено в прикормку", "src": "vpodsak.ru", "url": "https://vpodsak.ru/reports/rybalka-v-leningradskoy-oblasti-polyashe-lovlya-na-fider-leshcha-rybalka-osenyu-10-noyabrya-2024", "sid": "rybalka-v-leningradskoy-oblasti-polyashe-lovlya-na-fider-leshcha-rybalka-osenyu-10-noyabrya-2024", "raw": "[32.338313, 60.04248] (lon, lat)", "agent": "report_sites", "season": "open_water", "dist": 7.2, "zone": "core", "sector": "Нижний Волхов"}}, {"type": "Feature", "geometry": {"type": "Point", "coordinates": [31.065484, 59.970907]}, "properties": {"kind": "launch", "cls": "C", "prec": 500, "title": "Слип яхт-клуба «Кошкинский фарватер» (Кошкино)", "comment": "Яхт-клуб: спуск с прицепа, есть стоянка, платно (800 ₽ на момент публикации).", "src": "boatfisher.ru (слипы)", "srcd": "boatfisher.ru (карта слипов)", "url": "https://boatfisher.ru/karta-slipov/", "sid": "CCUuEGVP1B", "raw": "ll=31.065484,59.970907 z=14 (центр карты по ссылке «Смотреть на карте»)", "agent": "report_sites", "dist": 69.8, "zone": "ext", "sector": "Шлиссельбург / бухта Петрокрепость"}}, {"type": "Feature", "geometry": {"type": "Point", "coordinates": [32.318144, 60.119162]}, "properties": {"kind": "launch", "cls": "C", "prec": 150, "title": "Слип базы «Креницы» (Новая Ладога)", "comment": "База отдыха: спуск лодок бесплатно, прокат лодок.", "src": "boatfisher.ru (слипы)", "srcd": "boatfisher.ru (карта слипов)", "url": "https://boatfisher.ru/karta-slipov/", "sid": "CCUuEGfZOC", "raw": "ll=32.318144,60.119162 z=16.35 (центр карты по ссылке «Смотреть на карте»)", "agent": "report_sites", "dist": 2.2, "zone": "core", "sector": "Новая Ладога / устье Волхова"}}, {"type": "Feature", "geometry": {"type": "Point", "coordinates": [32.335052, 60.074122]}, "properties": {"kind": "launch", "cls": "C", "prec": 300, "title": "Слип на Волхове у Иссада", "comment": "База с оборудованным слипом на нижнем Волхове, условия уточнять.", "src": "boatfisher.ru (слипы)", "srcd": "boatfisher.ru (карта слипов)", "url": "https://boatfisher.ru/karta-slipov/", "sid": "CCUuEGvzCB", "raw": "ll=32.335052,60.074122 z=15.2 (центр карты по ссылке «Смотреть на карте»)", "agent": "report_sites", "dist": 4.0, "zone": "core", "sector": "Нижний Волхов"}}, {"type": "Feature", "geometry": {"type": "Point", "coordinates": [32.312736, 60.006681]}, "properties": {"kind": "launch", "cls": "C", "prec": 500, "title": "Подъезд к Волхову у Сельцо-Горки", "comment": "Бесплатный подъезд к воде без прицепа напротив Старой Ладоги.", "src": "boatfisher.ru (слипы)", "srcd": "boatfisher.ru (карта слипов)", "url": "https://boatfisher.ru/karta-slipov/", "sid": "CCUuEGGQcA", "raw": "ll=32.312736,60.006681 z=14.8 (центр карты по ссылке «Смотреть на карте»)", "agent": "report_sites", "dist": 10.8, "zone": "core", "sector": "Старая Ладога / Волхов"}}, {"type": "Feature", "geometry": {"type": "Point", "coordinates": [32.289881, 60.115177]}, "properties": {"kind": "launch", "cls": "C", "prec": 150, "title": "Слип турбазы «Горизонт» (Новая Ладога)", "comment": "Оборудованный платный слип турбазы, выход в Новый канал.", "src": "boatfisher.ru (слипы)", "srcd": "boatfisher.ru (карта слипов)", "url": "https://boatfisher.ru/karta-slipov/", "sid": "CCUuEGWIKD", "raw": "ll=32.289881,60.115177 z=16.48 (центр карты по ссылке «Смотреть на карте»)", "agent": "report_sites", "dist": 1.3, "zone": "core", "sector": "Новая Ладога / устье Волхова"}}, {"type": "Feature", "geometry": {"type": "Point", "coordinates": [32.305519, 60.114154]}, "properties": {"kind": "launch", "cls": "C", "prec": 150, "title": "Спуск у моста в Новой Ладоге", "comment": "Спуск с прицепа возможен, но оставить машину негде; платно.", "src": "boatfisher.ru (слипы)", "srcd": "boatfisher.ru (карта слипов)", "url": "https://boatfisher.ru/karta-slipov/", "sid": "CCUuEGWpTB", "raw": "ll=32.305519,60.114154 z=16.48 (центр карты по ссылке «Смотреть на карте»)", "agent": "report_sites", "dist": 1.3, "zone": "core", "sector": "Новая Ладога / устье Волхова"}}, {"type": "Feature", "geometry": {"type": "Point", "coordinates": [31.344081, 59.902142]}, "properties": {"kind": "launch", "cls": "C", "prec": 50, "title": "Слип базы «Беловодье» (Назия)", "comment": "Оборудованный платный слип на базе в Назии.", "src": "boatfisher.ru (слипы)", "srcd": "boatfisher.ru (карта слипов)", "url": "https://boatfisher.ru/karta-slipov/", "sid": "CCUuEGTMlD", "raw": "ll=31.344081,59.902142 z=17.18 (центр карты по ссылке «Смотреть на карте»)", "agent": "report_sites", "dist": 57.4, "zone": "ext", "sector": "Шлиссельбург / бухта Петрокрепость"}}, {"type": "Feature", "geometry": {"type": "Point", "coordinates": [31.348565, 59.901089]}, "properties": {"kind": "launch", "cls": "C", "prec": 50, "title": "Бесплатный спуск в Назии (ул. Казанка)", "comment": "Свободный подъезд к воде, бесплатно.", "src": "boatfisher.ru (слипы)", "srcd": "boatfisher.ru (карта слипов)", "url": "https://boatfisher.ru/karta-slipov/", "sid": "CCUuEGdsWD", "raw": "ll=31.348565,59.901089 z=18 (центр карты по ссылке «Смотреть на карте»)", "agent": "report_sites", "dist": 57.2, "zone": "ext", "sector": "Шлиссельбург / бухта Петрокрепость"}}, {"type": "Feature", "geometry": {"type": "Point", "coordinates": [32.666151, 60.273429]}, "properties": {"kind": "launch", "cls": "C", "prec": 500, "title": "Спуск на рыболовной базе в Вороново", "comment": "Платный спуск на рыболовной базе.", "src": "boatfisher.ru (слипы)", "srcd": "boatfisher.ru (карта слипов)", "url": "https://boatfisher.ru/karta-slipov/", "sid": "CCUuEGxmCC", "raw": "ll=32.666151,60.273429 z=14.34 (центр карты по ссылке «Смотреть на карте»)", "agent": "report_sites", "dist": 27.9, "zone": "core", "sector": "Вороново"}}, {"type": "Feature", "geometry": {"type": "Point", "coordinates": [31.557036, 60.022826]}, "properties": {"kind": "launch", "cls": "C", "prec": 300, "title": "Слип турбазы «Кобона»", "comment": "Платный спуск на турбазе у Староладожского канала.", "src": "boatfisher.ru (слипы)", "srcd": "boatfisher.ru (карта слипов)", "url": "https://boatfisher.ru/karta-slipov/", "sid": "CCUuEKEChA", "raw": "ll=31.557036,60.022826 z=15.4 (центр карты по ссылке «Смотреть на карте»)", "agent": "report_sites", "dist": 41.9, "zone": "core", "sector": "Кобона / южный берег"}}, {"type": "Feature", "geometry": {"type": "Point", "coordinates": [31.617879, 60.141565]}, "properties": {"kind": "launch", "cls": "A", "prec": 30, "title": "Слип на Новоладожском канале (Чёрное)", "comment": "Платный слип на канале с охраняемой стоянкой; координаты указаны на сайте.", "src": "boatfisher.ru (слипы)", "srcd": "boatfisher.ru (карта слипов)", "url": "https://boatfisher.ru/karta-slipov/", "sid": "CCU0j2fmKD", "raw": "60.141565, 31.617879 (в адресе на сайте)", "agent": "report_sites", "dist": 37.7, "zone": "core", "sector": "Кобона / южный берег"}}, {"type": "Feature", "geometry": {"type": "Point", "coordinates": [31.660567, 60.178594]}, "properties": {"kind": "launch", "cls": "C", "prec": 1500, "title": "Слип на Новоладожском канале (Белые Озерки)", "comment": "Бесплатный слип на канале, проезд через базу платный.", "src": "boatfisher.ru (слипы)", "srcd": "boatfisher.ru (карта слипов)", "url": "https://boatfisher.ru/karta-slipov/", "sid": "CCUuEKQd9D", "raw": "ll=31.660567,60.178594 z=12.8 (центр карты по ссылке «Смотреть на карте»)", "agent": "report_sites", "dist": 36.0, "zone": "core", "sector": "Лигово"}}, {"type": "Feature", "geometry": {"type": "Point", "coordinates": [30.989659, 60.192893]}, "properties": {"kind": "launch", "cls": "C", "prec": 1500, "title": "Спуск севернее бухты Морье", "comment": "Бесплатный спуск на западном берегу у бухты Морье.", "src": "boatfisher.ru (слипы)", "srcd": "boatfisher.ru (карта слипов)", "url": "https://boatfisher.ru/karta-slipov/", "sid": "CCUuE-H1pD", "raw": "ll=30.989659,60.192893 z=13 (центр карты по ссылке «Смотреть на карте»)", "agent": "report_sites", "dist": 72.9, "zone": "ext", "sector": "Осиновец / западный берег"}}, {"type": "Feature", "geometry": {"type": "Point", "coordinates": [32.900756, 60.47034]}, "properties": {"kind": "launch", "cls": "C", "prec": 500, "title": "Спуск на рыболовной базе в Свирице", "comment": "Платный спуск на рыболовной базе.", "src": "boatfisher.ru (слипы)", "srcd": "boatfisher.ru (карта слипов)", "url": "https://boatfisher.ru/karta-slipov/", "sid": "CCUuEKBrGB", "raw": "ll=32.900756,60.470340 z=14 (центр карты по ссылке «Смотреть на карте»)", "agent": "report_sites", "dist": 52.7, "zone": "core", "sector": "Свирская губа / устье Свири"}}, {"type": "Feature", "geometry": {"type": "Point", "coordinates": [31.9755, 60.222333]}, "properties": {"kind": "structure", "cls": "A", "prec": 400, "title": "Выход из Новоладожского канала в Ладогу у Дубно", "comment": "Проход для лодок из канала в озеро у Дубно (GPS из списка стоянок катамаранщика). Формат ГГ.ММ.ССс, проверен по о. Сухо.", "src": "iv70.narod.ru", "srcd": "iv70.narod.ru (GPS координаты стоянок Ладоги)", "url": "https://iv70.narod.ru/IV2/GPS_lattoka/GPSLad.htm", "sid": "Выход из Новоладожского канала в Ладогу у Дубно", "raw": "N60.13.204 E31.58.318", "agent": "report_sites", "dist": 22.0, "zone": "core", "sector": "Дубно"}}, {"type": "Feature", "geometry": {"type": "Point", "coordinates": [31.981806, 60.22725]}, "properties": {"kind": "structure", "cls": "A", "prec": 400, "title": "Протока Дубно", "comment": "Протока из канала в Ладогу в Дубно (GPS из списка стоянок катамаранщика). Формат ГГ.ММ.ССс, проверен по о. Сухо.", "src": "iv70.narod.ru", "srcd": "iv70.narod.ru (GPS координаты стоянок Ладоги)", "url": "https://iv70.narod.ru/IV2/GPS_lattoka/GPSLad.htm", "sid": "Протока Дубно", "raw": "N60.13.381 E31.58.545", "agent": "report_sites", "dist": 22.1, "zone": "core", "sector": "Дубно"}}, {"type": "Feature", "geometry": {"type": "Point", "coordinates": [32.226111, 60.136611]}, "properties": {"kind": "structure", "cls": "A", "prec": 400, "title": "Протока «7 км» из канала в Ладогу", "comment": "Проход из канала в Ладогу примерно в 7 км западнее устья Волхова (GPS из списка стоянок). Формат ГГ.ММ.ССс, проверен по о. Сухо.", "src": "iv70.narod.ru", "srcd": "iv70.narod.ru (GPS координаты стоянок Ладоги)", "url": "https://iv70.narod.ru/IV2/GPS_lattoka/GPSLad.htm", "sid": "Протока «7 км» из канала в Ладогу", "raw": "N60.08.118 E32.13.340", "agent": "report_sites", "dist": 5.2, "zone": "core", "sector": "Креницы / Волховская губа"}}, {"type": "Feature", "geometry": {"type": "Point", "coordinates": [31.571396, 59.980319]}, "properties": {"kind": "launch", "cls": "A", "prec": 20, "fish": ["Окунь", "Плотва"], "date": "2025-03-17", "title": "Парковка / выход к воде: Ладога — район Кобона (~4.7 км)", "comment": "Парковка у места ловли, указанная в 4 отчётах (2024-01-23…2025-03-17); ловили рядом: окунь, плотва.", "depth": "4.5 м", "method": "блесна, поплавок, мормышка, со льда", "src": "Telegram: Рыболовная сводка СПб", "srcd": "Telegram: Рыболовная сводка Спб (@rybalka_spb_lenoblasti)", "url": "https://t.me/rybalka_spb_lenoblasti/15576", "sid": "96; 13467; 14674; 15576", "raw": "Координаты парковки: 59.980319, 31.571396", "agent": "social_reports", "season": "ice", "dist": 42.4, "zone": "core", "sector": "Кобона / южный берег"}}, {"type": "Feature", "geometry": {"type": "Point", "coordinates": [31.614352, 60.137864]}, "properties": {"kind": "launch", "cls": "A", "prec": 20, "fish": ["Окунь", "Щука", "Плотва", "Краснопёрка", "Судак", "Ёрш", "Линь", "Лещ", "Налим", "Сиг", "Форель", "Густера", "Карась"], "date": "2026-09-06", "title": "Парковка / выход к воде: Ладога — д. Чёрное", "comment": "Парковка у места ловли, указанная в 80 отчётах (2024-01-25…2026-09-06); ловили рядом: окунь, щука, плотва, краснопёрка.", "depth": "0.5 м", "method": "жерлицы, мормышка, блесна, со льда", "src": "Telegram: Рыболовная сводка СПб", "srcd": "Telegram: Рыболовная сводка Спб (@rybalka_spb_lenoblasti)", "url": "https://t.me/rybalka_spb_lenoblasti/26439", "sid": "132; 227; 254; 638; 732; 942; 1046; 1095; 1109; 1456; 1543; 6899; 6943; 7026; 7302; 7354; 8090; 8613; 8959; 9376; 9673; 9709; 9905; 10410; 10845; 10990; 11757; 12264; 12314; 12359; 12433; 12577; 12595; 12632; 12694; 12700; 12706; 12751; 12761; 12825; 16104; 16181; 16261; 16281; 16383; 19451; 21275; 21293; 21575; 21644; 21657; 21690; 21694; 21786; 21847; 22024; 22103; 22195; 22312; 22715; 22787; 22919; 23446; 23468; 23641; 23667; 23706; 23717; 23811; 23899; 24121; 24594; 24653; 24950; 25031; 25083; 25204; 25357; 26066; 26439", "raw": "Координаты парковки: 60.137864, 31.614352", "agent": "social_reports", "season": "ice", "dist": 37.8, "zone": "core", "sector": "Кобона / южный берег"}}, {"type": "Feature", "geometry": {"type": "Point", "coordinates": [32.2711, 60.116983]}, "properties": {"kind": "launch", "cls": "A", "prec": 20, "fish": ["Окунь", "Щука", "Плотва", "Краснопёрка", "Язь"], "date": "2026-04-15", "title": "Парковка / выход к воде: Ладога — Креницы", "comment": "Парковка у места ловли, указанная в 33 отчётах (2024-01-25…2026-04-15); ловили рядом: окунь, щука, плотва, краснопёрка.", "depth": "2 м", "method": "мормышка, блесна, со льда, жерлицы", "src": "Telegram: Рыболовная сводка СПб", "srcd": "Telegram: Рыболовная сводка Спб (@rybalka_spb_lenoblasti)", "url": "https://t.me/rybalka_spb_lenoblasti/23726", "sid": "135; 280; 340; 528; 700; 1163; 1174; 1326; 1600; 12642; 12687; 13301; 13484; 13644; 14309; 15086; 15236; 15250; 15310; 15323; 15329; 15430; 15480; 21924; 22121; 22349; 22397; 22569; 22617; 22643; 22765; 22899; 23726", "raw": "Координаты парковки: 60.116983, 32.271100", "agent": "social_reports", "season": "ice", "dist": 1.9, "zone": "core", "sector": "Новая Ладога / устье Волхова"}}, {"type": "Feature", "geometry": {"type": "Point", "coordinates": [31.555083, 60.023481]}, "properties": {"kind": "launch", "cls": "A", "prec": 20, "fish": ["Окунь", "Плотва", "Корюшка"], "date": "2025-03-16", "title": "Парковка / выход к воде: Ладога — Кобона", "comment": "Парковка у места ловли, указанная в 25 отчётах (2024-01-27…2025-03-16); ловили рядом: окунь, плотва, корюшка.", "depth": "4.5 м", "method": "блесна, со льда, мормышка, балансир", "src": "Telegram: Рыболовная сводка СПб", "srcd": "Telegram: Рыболовная сводка Спб (@rybalka_spb_lenoblasti)", "url": "https://t.me/rybalka_spb_lenoblasti/15569", "sid": "217; 263; 475; 975; 1216; 1268; 1343; 1425; 1531; 1559; 13590; 13692; 13975; 14009; 14033; 14044; 14072; 14098; 14372; 14763; 15052; 15205; 15451; 15478; 15569", "raw": "Координаты парковки: 60.023481, 31.555083", "agent": "social_reports", "season": "ice", "dist": 42.0, "zone": "core", "sector": "Кобона / южный берег"}}, {"type": "Feature", "geometry": {"type": "Point", "coordinates": [31.367962, 59.896753]}, "properties": {"kind": "launch", "cls": "A", "prec": 20, "fish": ["Окунь"], "date": "2025-03-19", "title": "Парковка / выход к воде: Ладога — Назия", "comment": "Парковка у места ловли, указанная в 3 отчётах (2024-02-07…2025-03-19); ловили рядом: окунь.", "src": "Telegram: Рыболовная сводка СПб", "srcd": "Telegram: Рыболовная сводка Спб (@rybalka_spb_lenoblasti)", "url": "https://t.me/rybalka_spb_lenoblasti/15578", "sid": "569; 14084; 15578", "raw": "Координаты парковки: 59.896753, 31.367962", "agent": "social_reports", "season": "ice", "dist": 56.4, "zone": "ext", "sector": "Кобона / южный берег"}}, {"type": "Feature", "geometry": {"type": "Point", "coordinates": [32.296196, 60.121105]}, "properties": {"kind": "launch", "cls": "A", "prec": 20, "fish": ["Окунь"], "date": "2024-02-15", "title": "Парковка / выход к воде: Ладога — Креницы", "comment": "Парковка у места ловли, указанная в отчёте (2024-02-15); ловили рядом: окунь.", "method": "поплавок, мормышка, блесна, со льда", "src": "Telegram: Рыболовная сводка СПб", "srcd": "Telegram: Рыболовная сводка Спб (@rybalka_spb_lenoblasti)", "url": "https://t.me/rybalka_spb_lenoblasti/805", "sid": "805", "raw": "Координаты : 60.121105, 32.296196", "agent": "social_reports", "season": "ice", "dist": 1.9, "zone": "core", "sector": "Новая Ладога / устье Волхова"}}, {"type": "Feature", "geometry": {"type": "Point", "coordinates": [31.053181, 60.001554]}, "properties": {"kind": "launch", "cls": "A", "prec": 20, "fish": ["Окунь", "Плотва", "Щука", "Налим"], "date": "2026-03-07", "title": "Парковка / выход к воде: Ладога — бухта Глубокая, д. Ганнибаловка", "comment": "Парковка у места ловли, указанная в 27 отчётах (2024-03-07…2026-03-07); ловили рядом: окунь, плотва, щука, налим.", "depth": "4 м", "method": "блесна, со льда, жерлицы, спиннинг", "src": "Telegram: Рыболовная сводка СПб", "srcd": "Telegram: Рыболовная сводка Спб (@rybalka_spb_lenoblasti)", "url": "https://t.me/rybalka_spb_lenoblasti/22911", "sid": "1393; 1496; 1915; 12382; 12494; 12530; 12598; 12606; 12736; 12883; 13140; 13243; 13297; 13491; 15120; 15379; 21265; 21326; 21652; 22044; 22067; 22107; 22132; 22276; 22557; 22578; 22911", "raw": "Координаты парковки: 60.001554, 31.053181", "agent": "social_reports", "season": "ice", "dist": 69.8, "zone": "ext", "sector": "Шлиссельбург / бухта Петрокрепость"}}, {"type": "Feature", "geometry": {"type": "Point", "coordinates": [31.468074, 59.90335]}, "properties": {"kind": "launch", "cls": "A", "prec": 20, "fish": ["Окунь", "Плотва", "Сиг", "Щука", "Ёрш", "Налим", "Корюшка"], "date": "2026-03-09", "title": "Парковка / выход к воде: Ладога — д. Нижняя Шальдиха", "comment": "Парковка у места ловли, указанная в 24 отчётах (2024-03-07…2026-03-09); ловили рядом: окунь, плотва, сиг, щука.", "method": "блесна, со льда, мормышка, поплавок", "src": "Telegram: Рыболовная сводка СПб", "srcd": "Telegram: Рыболовная сводка Спб (@rybalka_spb_lenoblasti)", "url": "https://t.me/rybalka_spb_lenoblasti/22987", "sid": "1395; 3008; 12636; 13267; 13342; 13362; 13509; 13807; 14538; 14592; 14891; 15069; 15194; 15252; 15278; 15596; 21599; 21684; 21704; 21902; 22770; 22820; 22918; 22987", "raw": "Координаты парковки: 59.903350, 31.468074", "agent": "social_reports", "season": "ice", "dist": 51.0, "zone": "core", "sector": "Кобона / южный берег"}}, {"type": "Feature", "geometry": {"type": "Point", "coordinates": [32.296799, 60.121135]}, "properties": {"kind": "launch", "cls": "A", "prec": 20, "fish": ["Плотва", "Окунь"], "date": "2026-03-13", "title": "Парковка / выход к воде: Ладога — километры, Креницы", "comment": "Парковка у места ловли, указанная в 8 отчётах (2024-03-10…2026-03-13); ловили рядом: плотва, окунь.", "depth": "2.3 м", "method": "со льда, жерлицы", "src": "Telegram: Рыболовная сводка СПб", "srcd": "Telegram: Рыболовная сводка Спб (@rybalka_spb_lenoblasti)", "url": "https://t.me/rybalka_spb_lenoblasti/1761", "sid": "1477; 1620; 1682; 1697; 1747; 1761; 12653; 23021", "raw": "Координаты : 60.121135, 32.296799", "agent": "social_reports", "season": "ice", "dist": 1.9, "zone": "core", "sector": "Новая Ладога / устье Волхова"}}, {"type": "Feature", "geometry": {"type": "Point", "coordinates": [31.555976, 60.024322]}, "properties": {"kind": "launch", "cls": "A", "prec": 20, "fish": ["Окунь", "Плотва", "Щука", "Налим", "Сиг", "Густера", "Язь", "Краснопёрка"], "date": "2026-04-05", "title": "Парковка / выход к воде: Новоладожский канал — д. Кобона", "comment": "Парковка у места ловли, указанная в 51 отчётах (2024-03-22…2026-04-05); ловили рядом: окунь, плотва, щука, налим.", "method": "поплавок, спиннинг, со льда, балансир", "src": "Telegram: Рыболовная сводка СПб", "srcd": "Telegram: Рыболовная сводка Спб (@rybalka_spb_lenoblasti)", "url": "https://t.me/rybalka_spb_lenoblasti/23098", "sid": "1801; 7272; 7603; 7765; 7800; 8641; 8694; 8836; 8869; 9575; 9651; 10386; 10471; 10670; 12039; 12867; 13293; 13340; 13547; 13571; 13781; 13804; 13852; 13954; 14025; 14201; 14240; 14291; 14430; 14540; 14803; 14957; 15092; 15111; 15142; 15397; 15593; 16068; 16748; 17199; 17464; 17656; 18802; 21858; 22077; 22524; 22648; 22866; 22885; 23098; 23490", "raw": "Координаты парковки: 60.024322, 31.555976", "agent": "social_reports", "season": "ice", "dist": 41.9, "zone": "core", "sector": "Кобона / южный берег"}}, {"type": "Feature", "geometry": {"type": "Point", "coordinates": [31.348195, 59.901541]}, "properties": {"kind": "launch", "cls": "A", "prec": 20, "fish": ["Окунь", "Плотва", "Щука", "Ёрш", "Сом", "Линь"], "date": "2026-08-09", "title": "Парковка / выход к воде: Ладога — д. Назия", "comment": "Парковка у места ловли, указанная в 21 отчётах (2024-04-26…2026-08-09); ловили рядом: окунь, плотва, щука, ёрш.", "depth": "0.5–08 м", "method": "поплавок, спиннинг, мормышка, блесна", "src": "Telegram: Рыболовная сводка СПб", "srcd": "Telegram: Рыболовная сводка Спб (@rybalka_spb_lenoblasti)", "url": "https://t.me/rybalka_spb_lenoblasti/11602", "sid": "2957; 3013; 3079; 8476; 8696; 8762; 9484; 10086; 10203; 11222; 11602; 12456; 12716; 16143; 16290; 16336; 16371; 24399; 25688; 25897; 26501", "raw": "Координаты парковки: 59.901541, 31.348195", "agent": "social_reports", "season": "ice", "dist": 57.2, "zone": "ext", "sector": "Шлиссельбург / бухта Петрокрепость"}}, {"type": "Feature", "geometry": {"type": "Point", "coordinates": [31.061742, 59.967833]}, "properties": {"kind": "launch", "cls": "A", "prec": 20, "fish": ["Плотва", "Окунь", "Щука", "Лещ", "Язь", "Ёрш"], "date": "2025-05-14", "title": "Парковка / выход к воде: Ладога — Кошкино", "comment": "Парковка у места ловли, указанная в 18 отчётах (2024-05-06…2025-05-14); ловили рядом: плотва, окунь, щука, подлещик.", "depth": "4.7 м", "method": "фидер/донка, поплавок, спиннинг, троллинг", "src": "Telegram: Рыболовная сводка СПб", "srcd": "Telegram: Рыболовная сводка Спб (@rybalka_spb_lenoblasti)", "url": "https://t.me/rybalka_spb_lenoblasti/16833", "sid": "3779; 3936; 4593; 4736; 5777; 6873; 7326; 7691; 8019; 8132; 8175; 8189; 9698; 9771; 9869; 16577; 16791; 16833", "raw": "Координаты парковки: 59.967833, 31.061742", "agent": "social_reports", "season": "open_water", "dist": 70.1, "zone": "ext", "sector": "Шлиссельбург / бухта Петрокрепость"}}, {"type": "Feature", "geometry": {"type": "Point", "coordinates": [31.649189, 60.175807]}, "properties": {"kind": "launch", "cls": "A", "prec": 20, "fish": ["Плотва"], "date": "2024-05-15", "title": "Парковка / выход к воде: Новоладожский канал — район Чёрное (~4.6 км)", "comment": "Парковка у места ловли, указанная в отчёте (2024-05-15); ловили рядом: плотва.", "method": "поплавок", "src": "Telegram: Рыболовная сводка СПб", "srcd": "Telegram: Рыболовная сводка Спб (@rybalka_spb_lenoblasti)", "url": "https://t.me/rybalka_spb_lenoblasti/3790", "sid": "3790", "raw": "Координаты парковки: 60.175807, 31.649189", "agent": "social_reports", "season": "open_water", "dist": 36.6, "zone": "core", "sector": "Лигово"}}, {"type": "Feature", "geometry": {"type": "Point", "coordinates": [31.032892, 59.958493]}, "properties": {"kind": "launch", "cls": "A", "prec": 20, "fish": ["Щука", "Окунь", "Плотва", "Уклейка", "Форель", "Елец"], "date": "2024-11-29", "title": "Парковка / выход к воде: Ладога — посёлок имени Морозова", "comment": "Парковка у места ловли, указанная в 8 отчётах (2024-05-30…2024-11-29); ловили рядом: щука, окунь, плотва, уклейка.", "method": "троллинг", "catch": "6 штук", "src": "Telegram: Рыболовная сводка СПб", "srcd": "Telegram: Рыболовная сводка Спб (@rybalka_spb_lenoblasti)", "url": "https://t.me/rybalka_spb_lenoblasti/11982", "sid": "4402; 10016; 10163; 10483; 10897; 11173; 11410; 11982", "raw": "Координаты парковки: 59.958493, 31.032892", "agent": "social_reports", "season": "open_water", "dist": 71.9, "zone": "ext", "sector": "Шлиссельбург / бухта Петрокрепость"}}, {"type": "Feature", "geometry": {"type": "Point", "coordinates": [31.066527, 59.975757]}, "properties": {"kind": "launch", "cls": "A", "prec": 20, "fish": ["Щука", "Окунь"], "date": "2024-06-22", "title": "Слип / старт на воду: Ладога — Кошкино", "comment": "Точка спуска лодки из отчёта (2024-06-22).", "method": "спиннинг", "catch": "окунь 10 грамм", "src": "Telegram: Рыболовная сводка СПб", "srcd": "Telegram: Рыболовная сводка Спб (@rybalka_spb_lenoblasti)", "url": "https://t.me/rybalka_spb_lenoblasti/5334", "sid": "5334", "raw": "Координаты места старта: 59.975757, 31.066527", "agent": "social_reports", "season": "open_water", "dist": 69.6, "zone": "ext", "sector": "Шлиссельбург / бухта Петрокрепость"}}, {"type": "Feature", "geometry": {"type": "Point", "coordinates": [32.291639, 60.114104]}, "properties": {"kind": "launch", "cls": "A", "prec": 20, "fish": ["Окунь", "Судак", "Щука", "Сом"], "date": "2026-08-14", "title": "Слип / старт на воду: Ладога — район Новая Ладога / Креницы (~0.6 км)", "comment": "Точка спуска лодки из 4 отчётов (2024-06-23…2026-08-14).", "depth": "4–4.5 м", "method": "троллинг", "src": "Telegram: Рыболовная сводка СПб", "srcd": "Telegram: Рыболовная сводка Спб (@rybalka_spb_lenoblasti)", "url": "https://t.me/rybalka_spb_lenoblasti/26097", "sid": "5454; 6305; 24998; 26097", "raw": "Координаты слипа: 60.114104, 32.291639", "agent": "social_reports", "season": "open_water", "dist": 1.2, "zone": "core", "sector": "Новая Ладога / устье Волхова"}}, {"type": "Feature", "geometry": {"type": "Point", "coordinates": [32.333906, 60.075171]}, "properties": {"kind": "launch", "cls": "A", "prec": 20, "fish": ["Судак"], "date": "2024-07-03", "title": "Слип / старт на воду: Ладога — Волховская губа", "comment": "Точка спуска лодки из отчёта (2024-07-03).", "src": "Telegram: Рыболовная сводка СПб", "srcd": "Telegram: Рыболовная сводка Спб (@rybalka_spb_lenoblasti)", "url": "https://t.me/rybalka_spb_lenoblasti/5845", "sid": "5845", "raw": "Координаты слипа: 60.075171, 32.333906", "agent": "social_reports", "season": "open_water", "dist": 3.9, "zone": "core", "sector": "Нижний Волхов"}}, {"type": "Feature", "geometry": {"type": "Point", "coordinates": [32.915012, 60.483723]}, "properties": {"kind": "launch", "cls": "A", "prec": 20, "fish": ["Окунь", "Судак", "Щука", "Лещ"], "date": "2024-11-23", "title": "Парковка / выход к воде: р. Свирь — Свирица", "comment": "Парковка у места ловли, указанная в 4 отчётах (2024-08-01…2024-11-23); ловили рядом: окунь, судак, щука, лещ.", "src": "Telegram: Рыболовная сводка СПб", "srcd": "Telegram: Рыболовная сводка Спб (@rybalka_spb_lenoblasti)", "url": "https://t.me/rybalka_spb_lenoblasti/11836", "sid": "6977; 10248; 11609; 11836", "raw": "Координаты парковки: 60.483723, 32.915012", "agent": "social_reports", "season": "open_water", "dist": 54.4, "zone": "core", "sector": "Свирская губа / устье Свири"}}, {"type": "Feature", "geometry": {"type": "Point", "coordinates": [31.618515, 60.131122]}, "properties": {"kind": "launch", "cls": "A", "prec": 20, "fish": ["Щука", "Окунь"], "date": "2024-10-20", "title": "Парковка / выход к воде: Ладога — район Чёрное (~0.8 км)", "comment": "Парковка у места ловли, указанная в 2 отчётах (2024-08-14…2024-10-20); ловили рядом: щука, окунь.", "src": "Telegram: Рыболовная сводка СПб", "srcd": "Telegram: Рыболовная сводка Спб (@rybalka_spb_lenoblasti)", "url": "https://t.me/rybalka_spb_lenoblasti/10381", "sid": "7513; 10381", "raw": "Координаты парковки: 60.131122, 31.618515", "agent": "social_reports", "season": "open_water", "dist": 37.5, "zone": "core", "sector": "Кобона / южный берег"}}, {"type": "Feature", "geometry": {"type": "Point", "coordinates": [31.066742, 59.975661]}, "properties": {"kind": "launch", "cls": "A", "prec": 20, "fish": ["Щука", "Окунь"], "date": "2026-07-24", "title": "Парковка / выход к воде: Ладога — Кошкино", "comment": "Парковка у места ловли, указанная в 2 отчётах (2024-08-15…2026-07-24); ловили рядом: щука, окунь.", "method": "спиннинг, блесна", "src": "Telegram: Рыболовная сводка СПб", "srcd": "Telegram: Рыболовная сводка Спб (@rybalka_spb_lenoblasti)", "url": "https://t.me/rybalka_spb_lenoblasti/25657", "sid": "7540; 25657", "raw": "Координаты парковки: 59.975661, 31.066742", "agent": "social_reports", "season": "open_water", "dist": 69.6, "zone": "ext", "sector": "Шлиссельбург / бухта Петрокрепость"}}, {"type": "Feature", "geometry": {"type": "Point", "coordinates": [31.02422, 59.951573]}, "properties": {"kind": "launch", "cls": "A", "prec": 20, "fish": ["Окунь"], "date": "2024-08-29", "title": "Парковка / выход к воде: р. Нева — район Шлиссельбург / Петрокрепость (~0.6 км)", "comment": "Парковка у места ловли, указанная в отчёте (2024-08-29); ловили рядом: окунь.", "src": "Telegram: Рыболовная сводка СПб", "srcd": "Telegram: Рыболовная сводка Спб (@rybalka_spb_lenoblasti)", "url": "https://t.me/rybalka_spb_lenoblasti/8118", "sid": "8118", "raw": "Координаты парковки: 59.951573, 31.024220", "agent": "social_reports", "season": "open_water", "dist": 72.5, "zone": "ext", "sector": "Шлиссельбург / бухта Петрокрепость"}}, {"type": "Feature", "geometry": {"type": "Point", "coordinates": [31.614855, 60.137716]}, "properties": {"kind": "launch", "cls": "A", "prec": 20, "fish": ["Окунь", "Щука", "Плотва"], "date": "2026-01-02", "title": "Парковка / выход к воде: Ладога — д. Чёрное", "comment": "Парковка у места ловли, указанная в 41 отчётах (2024-09-01…2026-01-02); ловили рядом: окунь, щука, плотва.", "method": "жерлицы, со льда, мормышка, блесна", "catch": "5 штук", "src": "Telegram: Рыболовная сводка СПб", "srcd": "Telegram: Рыболовная сводка Спб (@rybalka_spb_lenoblasti)", "url": "https://t.me/rybalka_spb_lenoblasti/15495", "sid": "8227; 12724; 12781; 12798; 12838; 12949; 12972; 12985; 13014; 13078; 13130; 13206; 13258; 13303; 13423; 13500; 13525; 13628; 13855; 13860; 13882; 14022; 14097; 14403; 14499; 14658; 14723; 14977; 15044; 15177; 15199; 15217; 15225; 15279; 15495; 16396; 17327; 18496; 19115; 19170; 21639", "raw": "Координаты парковки: 60.137716, 31.614855", "agent": "social_reports", "season": "ice", "dist": 37.8, "zone": "core", "sector": "Кобона / южный берег"}}, {"type": "Feature", "geometry": {"type": "Point", "coordinates": [32.318687, 60.120571]}, "properties": {"kind": "launch", "cls": "A", "prec": 20, "fish": ["Щука", "Окунь"], "date": "2024-09-13", "title": "Парковка / выход к воде: Ладога — Креницы", "comment": "Парковка у места ловли, указанная в 2 отчётах (2024-09-03…2024-09-13); ловили рядом: щука, окунь.", "depth": "4–5 м", "src": "Telegram: Рыболовная сводка СПб", "srcd": "Telegram: Рыболовная сводка Спб (@rybalka_spb_lenoblasti)", "url": "https://t.me/rybalka_spb_lenoblasti/8741", "sid": "8268; 8741", "raw": "Координаты парковки: 60.120571, 32.318687", "agent": "social_reports", "season": "open_water", "dist": 2.3, "zone": "core", "sector": "Новая Ладога / устье Волхова"}}, {"type": "Feature", "geometry": {"type": "Point", "coordinates": [32.302111, 59.990572]}, "properties": {"kind": "launch", "cls": "A", "prec": 20, "fish": ["Щука"], "date": "2024-09-08", "title": "Парковка / выход к воде: р. Волхов — Старая Ладога", "comment": "Парковка у места ловли, указанная в отчёте (2024-09-08); ловили рядом: щука.", "catch": "щука 2 кг", "src": "Telegram: Рыболовная сводка СПб", "srcd": "Telegram: Рыболовная сводка Спб (@rybalka_spb_lenoblasti)", "url": "https://t.me/rybalka_spb_lenoblasti/8407", "sid": "8407", "raw": "Координаты парковки: 59.990572, 32.302111", "agent": "social_reports", "season": "open_water", "dist": 12.6, "zone": "core", "sector": "Старая Ладога / Волхов"}}, {"type": "Feature", "geometry": {"type": "Point", "coordinates": [32.291682, 60.114376]}, "properties": {"kind": "launch", "cls": "A", "prec": 20, "fish": ["Окунь", "Щука", "Судак", "Язь"], "date": "2024-09-23", "title": "Парковка / выход к воде: Ладога — район Новая Ладога / Креницы (~0.6 км)", "comment": "Парковка у места ловли, указанная в 3 отчётах (2024-09-07…2024-09-23); ловили рядом: окунь, щука, судак, язь.", "depth": "3–5 м", "method": "спиннинг", "catch": "окуня 17 кг; 5 шт", "src": "Telegram: Рыболовная сводка СПб", "srcd": "Telegram: Рыболовная сводка Спб (@rybalka_spb_lenoblasti)", "url": "https://t.me/rybalka_spb_lenoblasti/9094", "sid": "8528; 8890; 9094", "raw": "Координаты парковки: 60.114376, 32.291682", "agent": "social_reports", "season": "open_water", "dist": 1.2, "zone": "core", "sector": "Новая Ладога / устье Волхова"}}, {"type": "Feature", "geometry": {"type": "Point", "coordinates": [32.907314, 60.482147]}, "properties": {"kind": "launch", "cls": "A", "prec": 20, "fish": ["Щука", "Судак"], "date": "2025-06-21", "title": "Парковка / выход к воде: Ладога — Свирская губа", "comment": "Парковка у места ловли, указанная в 2 отчётах (2024-10-03…2025-06-21); ловили рядом: щука, судак.", "method": "троллинг", "catch": "судак 1 кг", "src": "Telegram: Рыболовная сводка СПб", "srcd": "Telegram: Рыболовная сводка Спб (@rybalka_spb_lenoblasti)", "url": "https://t.me/rybalka_spb_lenoblasti/17765", "sid": "9621; 17765", "raw": "Координаты парковки: 60.482147, 32.907314", "agent": "social_reports", "season": "open_water", "dist": 54.0, "zone": "core", "sector": "Свирская губа / устье Свири"}}, {"type": "Feature", "geometry": {"type": "Point", "coordinates": [32.887512, 60.475809]}, "properties": {"kind": "launch", "cls": "A", "prec": 20, "fish": ["Окунь"], "date": "2024-10-06", "title": "Парковка / выход к воде: р. Свирь — Свирица", "comment": "Парковка у места ловли, указанная в отчёте (2024-10-06); ловили рядом: окунь.", "src": "Telegram: Рыболовная сводка СПб", "srcd": "Telegram: Рыболовная сводка Спб (@rybalka_spb_lenoblasti)", "url": "https://t.me/rybalka_spb_lenoblasti/9641", "sid": "9641", "raw": "Координаты парковки: 60.475809, 32.887512", "agent": "social_reports", "season": "open_water", "dist": 52.7, "zone": "core", "sector": "Свирская губа / устье Свири"}}, {"type": "Feature", "geometry": {"type": "Point", "coordinates": [32.905255, 60.48203]}, "properties": {"kind": "launch", "cls": "A", "prec": 20, "fish": ["Щука", "Окунь", "Лещ", "Плотва", "Чехонь", "Судак", "Густера"], "date": "2026-06-28", "title": "Парковка / выход к воде: Ладога — район Свирица (~1.3 км)", "comment": "Парковка у места ловли, указанная в 25 отчётах (2024-10-07…2026-06-28); ловили рядом: щука, окунь, лещ, плотва.", "method": "со льда", "src": "Telegram: Рыболовная сводка СПб", "srcd": "Telegram: Рыболовная сводка Спб (@rybalka_spb_lenoblasti)", "url": "https://t.me/rybalka_spb_lenoblasti/25086", "sid": "9737; 9770; 9861; 11051; 11512; 13619; 14108; 14682; 15043; 15386; 15542; 16299; 18211; 18332; 18750; 22140; 22517; 23447; 23470; 23829; 24316; 24472; 24642; 24887; 25086", "raw": "Координаты парковки: 60.482030, 32.905255", "agent": "social_reports", "season": "open_water", "dist": 53.9, "zone": "core", "sector": "Свирская губа / устье Свири"}}, {"type": "Feature", "geometry": {"type": "Point", "coordinates": [31.345852, 59.903016]}, "properties": {"kind": "launch", "cls": "A", "prec": 20, "fish": ["Окунь", "Щука", "Лещ"], "date": "2026-08-15", "title": "Парковка / выход к воде: Новоладожский канал — д. Назия", "comment": "Парковка у места ловли, указанная в 15 отчётах (2024-10-07…2026-08-15); ловили рядом: окунь, щука, лещ.", "method": "фидер/донка, спиннинг, троллинг", "src": "Telegram: Рыболовная сводка СПб", "srcd": "Telegram: Рыболовная сводка Спб (@rybalka_spb_lenoblasti)", "url": "https://t.me/rybalka_spb_lenoblasti/20718", "sid": "9738; 9952; 15935; 16096; 17319; 19187; 19462; 19735; 19902; 19966; 20067; 20549; 20718; 23220; 26056", "raw": "Координаты парковки: 59.903016, 31.345852", "agent": "social_reports", "season": "open_water", "dist": 57.2, "zone": "ext", "sector": "Шлиссельбург / бухта Петрокрепость"}}, {"type": "Feature", "geometry": {"type": "Point", "coordinates": [32.291403, 60.115465]}, "properties": {"kind": "launch", "cls": "A", "prec": 20, "fish": ["Окунь", "Форель"], "date": "2025-12-11", "title": "Парковка / выход к воде: Ладога — Волховская губа", "comment": "Парковка у места ловли, указанная в 5 отчётах (2024-10-19…2025-12-11); ловили рядом: окунь, форель.", "method": "спиннинг, троллинг, со льда, поплавок", "src": "Telegram: Рыболовная сводка СПб", "srcd": "Telegram: Рыболовная сводка Спб (@rybalka_spb_lenoblasti)", "url": "https://t.me/rybalka_spb_lenoblasti/11930", "sid": "10286; 10499; 11907; 11930; 21301", "raw": "Координаты парковки: 60.115465, 32.291403", "agent": "social_reports", "season": "open_water", "dist": 1.3, "zone": "core", "sector": "Новая Ладога / устье Волхова"}}, {"type": "Feature", "geometry": {"type": "Point", "coordinates": [32.317622, 60.119947]}, "properties": {"kind": "launch", "cls": "A", "prec": 20, "fish": ["Окунь", "Щука", "Лещ", "Судак"], "date": "2026-01-18", "title": "Парковка / выход к воде: Ладога — Креницы", "comment": "Парковка у места ловли, указанная в 3 отчётах (2024-10-27…2026-01-18); ловили рядом: окунь, щука, лещ, судак.", "method": "жерлицы", "src": "Telegram: Рыболовная сводка СПб", "srcd": "Telegram: Рыболовная сводка Спб (@rybalka_spb_lenoblasti)", "url": "https://t.me/rybalka_spb_lenoblasti/21890", "sid": "10686; 18131; 21890", "raw": "Координаты парковки: 60.119947, 32.317622", "agent": "social_reports", "season": "ice", "dist": 2.2, "zone": "core", "sector": "Новая Ладога / устье Волхова"}}, {"type": "Feature", "geometry": {"type": "Point", "coordinates": [32.335696, 60.074831]}, "properties": {"kind": "launch", "cls": "A", "prec": 20, "fish": ["Судак", "Лещ", "Корюшка", "Щука"], "date": "2025-09-12", "title": "Парковка / выход к воде: р. Волхов — Новая Ладога", "comment": "Парковка у места ловли, указанная в 3 отчётах (2024-10-29…2025-09-12); ловили рядом: судак, лещ, корюшка, щука.", "method": "спиннинг, троллинг, фидер/донка", "src": "Telegram: Рыболовная сводка СПб", "srcd": "Telegram: Рыболовная сводка Спб (@rybalka_spb_lenoblasti)", "url": "https://t.me/rybalka_spb_lenoblasti/19514", "sid": "10793; 11182; 19514", "raw": "Координаты парковки: 60.074831, 32.335696", "agent": "social_reports", "season": "open_water", "dist": 4.0, "zone": "core", "sector": "Нижний Волхов"}}, {"type": "Feature", "geometry": {"type": "Point", "coordinates": [32.908835, 60.470685]}, "properties": {"kind": "launch", "cls": "A", "prec": 20, "fish": ["Окунь"], "date": "2024-10-07", "title": "Парковка / выход к воде: р. Свирь — Свирица", "comment": "Парковка у места ловли, указанная в отчёте (2024-10-07); ловили рядом: окунь.", "src": "Telegram: Рыболовная сводка СПб", "srcd": "Telegram: Рыболовная сводка Спб (@rybalka_spb_lenoblasti)", "url": "https://t.me/rybalka_spb_lenoblasti/11078", "sid": "11078", "raw": "Координаты парковки: 60.470685, 32.908835", "agent": "social_reports", "season": "open_water", "dist": 53.0, "zone": "core", "sector": "Свирская губа / устье Свири"}}, {"type": "Feature", "geometry": {"type": "Point", "coordinates": [32.883324, 60.465185]}, "properties": {"kind": "launch", "cls": "A", "prec": 20, "fish": ["Окунь", "Плотва", "Судак", "Лещ", "Чехонь"], "date": "2026-07-02", "title": "Парковка / выход к воде: Ладога — Свирская губа", "comment": "Парковка у места ловли, указанная в 17 отчётах (2024-11-12…2026-07-02); ловили рядом: окунь, плотва, судак, лещ.", "depth": "12.5 м", "method": "спиннинг, мормышка, со льда", "src": "Telegram: Рыболовная сводка СПб", "srcd": "Telegram: Рыболовная сводка Спб (@rybalka_spb_lenoblasti)", "url": "https://t.me/rybalka_spb_lenoblasti/25170", "sid": "11378; 11651; 11901; 11977; 14203; 15173; 16778; 16807; 20550; 20662; 20842; 21060; 21142; 21465; 24047; 25038; 25170", "raw": "Координаты парковки: 60.465185, 32.883324", "agent": "social_reports", "season": "ice", "dist": 51.7, "zone": "core", "sector": "Свирская губа / устье Свири"}}, {"type": "Feature", "geometry": {"type": "Point", "coordinates": [32.33439, 60.110943]}, "properties": {"kind": "launch", "cls": "A", "prec": 20, "fish": ["Щука", "Окунь", "Налим"], "date": "2024-11-11", "title": "Парковка / выход к воде: р. Волхов — Новая Ладога", "comment": "Парковка у места ловли, указанная в отчёте (2024-11-11); ловили рядом: щука, окунь, налим.", "src": "Telegram: Рыболовная сводка СПб", "srcd": "Telegram: Рыболовная сводка Спб (@rybalka_spb_lenoblasti)", "url": "https://t.me/rybalka_spb_lenoblasti/11389", "sid": "11389", "raw": "Координаты парковки: 60.110943, 32.334390", "agent": "social_reports", "season": "open_water", "dist": 2.4, "zone": "core", "sector": "Новая Ладога / устье Волхова"}}, {"type": "Feature", "geometry": {"type": "Point", "coordinates": [32.906473, 60.48231]}, "properties": {"kind": "launch", "cls": "A", "prec": 20, "fish": ["Щука", "Окунь"], "date": "2024-11-30", "title": "Парковка / выход к воде: р. Свирь — Свирица", "comment": "Парковка у места ловли, указанная в отчёте (2024-11-30); ловили рядом: щука, окунь.", "src": "Telegram: Рыболовная сводка СПб", "srcd": "Telegram: Рыболовная сводка Спб (@rybalka_spb_lenoblasti)", "url": "https://t.me/rybalka_spb_lenoblasti/12013", "sid": "12013", "raw": "Координаты парковки: 60.482310, 32.906473", "agent": "social_reports", "season": "open_water", "dist": 54.0, "zone": "core", "sector": "Свирская губа / устье Свири"}}, {"type": "Feature", "geometry": {"type": "Point", "coordinates": [32.887571, 60.476851]}, "properties": {"kind": "launch", "cls": "A", "prec": 20, "fish": ["Окунь", "Лещ", "Плотва", "Щука", "Густера", "Чехонь", "Карась", "Ёрш", "Язь"], "date": "2026-05-04", "title": "Парковка / выход к воде: р. Свирь — Свирица, Лисья", "comment": "Парковка у места ловли, указанная в 19 отчётах (2024-12-24…2026-05-04); ловили рядом: окунь, лещ, плотва, щука.", "depth": "1.3 м", "method": "со льда, жерлицы, мормышка, балансир", "src": "Telegram: Рыболовная сводка СПб", "srcd": "Telegram: Рыболовная сводка Спб (@rybalka_spb_lenoblasti)", "url": "https://t.me/rybalka_spb_lenoblasti/17204", "sid": "12932; 12987; 13041; 13278; 13560; 13725; 13872; 14054; 14230; 14584; 14666; 15099; 15647; 16840; 17204; 22332; 22548; 22615; 24094", "raw": "Координаты парковки: 60.476851, 32.887571", "agent": "social_reports", "season": "ice", "dist": 52.8, "zone": "core", "sector": "Свирская губа / устье Свири"}}, {"type": "Feature", "geometry": {"type": "Point", "coordinates": [31.468074, 59.90335]}, "properties": {"kind": "launch", "cls": "A", "prec": 50, "fish": ["Окунь"], "date": "2025-01-06", "title": "Ледовая обстановка: Ладожское озеро — Нижняя Шальдиха", "comment": "Сводка о состоянии льда (2025-01-06), координаты точки выхода на лёд.", "src": "Telegram: Рыболовная сводка СПб", "srcd": "Telegram: Рыболовная сводка Спб (@rybalka_spb_lenoblasti)", "url": "https://t.me/rybalka_spb_lenoblasti/13445", "sid": "13445", "raw": "Координаты парковки: 59.903350, 31.468074", "agent": "social_reports", "season": "ice", "dist": 51.0, "zone": "core", "sector": "Кобона / южный берег"}}, {"type": "Feature", "geometry": {"type": "Point", "coordinates": [31.544364, 60.021938]}, "properties": {"kind": "launch", "cls": "A", "prec": 50, "date": "2025-01-12", "title": "Ледовая обстановка: Кобоне", "comment": "Сводка о состоянии льда (2025-01-12), координаты точки выхода на лёд.", "src": "Telegram: Рыболовная сводка СПб", "srcd": "Telegram: Рыболовная сводка Спб (@rybalka_spb_lenoblasti)", "url": "https://t.me/rybalka_spb_lenoblasti/13638", "sid": "13638", "raw": "Координаты локации: 60.021938, 31.544364", "agent": "social_reports", "season": "ice", "dist": 42.6, "zone": "core", "sector": "Кобона / южный берег"}}, {"type": "Feature", "geometry": {"type": "Point", "coordinates": [32.2711, 60.116983]}, "properties": {"kind": "launch", "cls": "A", "prec": 50, "fish": ["Окунь"], "date": "2025-01-25", "title": "Ледовая обстановка: Ладожское озеро — район Новая Ладога / Креницы (~1.4 км)", "comment": "Сводка о состоянии льда (2025-01-14…2025-01-25), координаты точки выхода на лёд.", "method": "блесна, со льда", "src": "Telegram: Рыболовная сводка СПб", "srcd": "Telegram: Рыболовная сводка Спб (@rybalka_spb_lenoblasti)", "url": "https://t.me/rybalka_spb_lenoblasti/14062", "sid": "13683; 14062", "raw": "Координаты парковки: 60.116983, 32.271100", "agent": "social_reports", "season": "ice", "dist": 1.9, "zone": "core", "sector": "Новая Ладога / устье Волхова"}}, {"type": "Feature", "geometry": {"type": "Point", "coordinates": [31.614854, 60.137777]}, "properties": {"kind": "launch", "cls": "A", "prec": 50, "date": "2025-01-17", "title": "Ледовая обстановка: Ладожское озеро — Чёрное", "comment": "Сводка о состоянии льда (2025-01-17), координаты точки выхода на лёд.", "src": "Telegram: Рыболовная сводка СПб", "srcd": "Telegram: Рыболовная сводка Спб (@rybalka_spb_lenoblasti)", "url": "https://t.me/rybalka_spb_lenoblasti/13793", "sid": "13793", "raw": "Координаты парковки: 60.137777, 31.614854", "agent": "social_reports", "season": "ice", "dist": 37.8, "zone": "core", "sector": "Кобона / южный берег"}}, {"type": "Feature", "geometry": {"type": "Point", "coordinates": [32.790139, 60.44194]}, "properties": {"kind": "launch", "cls": "A", "prec": 20, "fish": ["Окунь", "Щука"], "date": "2025-12-15", "title": "Парковка / выход к воде: р. Свирь — Загубская губа, Загубье", "comment": "Парковка у места ловли, указанная в 3 отчётах (2025-01-24…2025-12-15); ловили рядом: окунь, щука.", "method": "со льда, жерлицы, мормышка", "src": "Telegram: Рыболовная сводка СПб", "srcd": "Telegram: Рыболовная сводка Спб (@rybalka_spb_lenoblasti)", "url": "https://t.me/rybalka_spb_lenoblasti/14095", "sid": "14016; 14095; 21295", "raw": "Координаты парковки: 60.441940, 32.790139", "agent": "social_reports", "season": "ice", "dist": 46.5, "zone": "core", "sector": "Свирица / Загубская губа"}}, {"type": "Feature", "geometry": {"type": "Point", "coordinates": [31.555976, 60.024322]}, "properties": {"kind": "launch", "cls": "A", "prec": 50, "fish": ["Окунь"], "date": "2025-02-04", "title": "Ледовая обстановка: Кобона", "comment": "Сводка о состоянии льда (2025-01-29…2025-02-04), координаты точки выхода на лёд.", "method": "со льда", "src": "Telegram: Рыболовная сводка СПб", "srcd": "Telegram: Рыболовная сводка Спб (@rybalka_spb_lenoblasti)", "url": "https://t.me/rybalka_spb_lenoblasti/14416", "sid": "14212; 14262; 14416", "raw": "Координаты парковки: 60.024322, 31.555976", "agent": "social_reports", "season": "ice", "dist": 41.9, "zone": "core", "sector": "Кобона / южный берег"}}, {"type": "Feature", "geometry": {"type": "Point", "coordinates": [32.32673, 60.10196]}, "properties": {"kind": "launch", "cls": "A", "prec": 20, "fish": ["Окунь", "Ёрш"], "date": "2025-01-27", "title": "Парковка / выход к воде: р. Волхов — Новая Ладога, д. Березье", "comment": "Парковка у места ловли, указанная в отчёте (2025-01-27); ловили рядом: окунь, ёрш.", "src": "Telegram: Рыболовная сводка СПб", "srcd": "Telegram: Рыболовная сводка Спб (@rybalka_spb_lenoblasti)", "url": "https://t.me/rybalka_spb_lenoblasti/14213", "sid": "14213", "raw": "Координаты парковки: 60.101960, 32.326730", "agent": "social_reports", "season": "ice", "dist": 1.8, "zone": "core", "sector": "Новая Ладога / устье Волхова"}}, {"type": "Feature", "geometry": {"type": "Point", "coordinates": [31.555083, 60.023481]}, "properties": {"kind": "launch", "cls": "A", "prec": 50, "date": "2025-02-02", "title": "Ледовая обстановка: Ладожское озеро — Кобона", "comment": "Сводка о состоянии льда (2025-02-02), координаты точки выхода на лёд.", "method": "со льда", "src": "Telegram: Рыболовная сводка СПб", "srcd": "Telegram: Рыболовная сводка Спб (@rybalka_spb_lenoblasti)", "url": "https://t.me/rybalka_spb_lenoblasti/14353", "sid": "14353", "raw": "Координаты парковки: 60.023481, 31.555083", "agent": "social_reports", "season": "ice", "dist": 42.0, "zone": "core", "sector": "Кобона / южный берег"}}, {"type": "Feature", "geometry": {"type": "Point", "coordinates": [31.060546, 59.968321]}, "properties": {"kind": "launch", "cls": "A", "prec": 20, "fish": ["Окунь", "Плотва"], "date": "2025-02-06", "title": "Парковка / выход к воде: Ладога — пгт им Морозова, д. Кошкино", "comment": "Парковка у места ловли, указанная в отчёте (2025-02-06); ловили рядом: окунь, плотва.", "method": "со льда", "src": "Telegram: Рыболовная сводка СПб", "srcd": "Telegram: Рыболовная сводка Спб (@rybalka_spb_lenoblasti)", "url": "https://t.me/rybalka_spb_lenoblasti/14484", "sid": "14484", "raw": "Координаты парковки: 59.968321, 31.060546", "agent": "social_reports", "season": "ice", "dist": 70.1, "zone": "ext", "sector": "Шлиссельбург / бухта Петрокрепость"}}, {"type": "Feature", "geometry": {"type": "Point", "coordinates": [31.348195, 59.901541]}, "properties": {"kind": "launch", "cls": "A", "prec": 50, "date": "2024-02-07", "title": "Ледовая обстановка: Назии", "comment": "Сводка о состоянии льда (2024-02-07), координаты точки выхода на лёд.", "src": "Telegram: Рыболовная сводка СПб", "srcd": "Telegram: Рыболовная сводка Спб (@rybalka_spb_lenoblasti)", "url": "https://t.me/rybalka_spb_lenoblasti/14529", "sid": "14529", "raw": "Координаты локации: 59.901541, 31.348195", "agent": "social_reports", "season": "ice", "dist": 57.2, "zone": "ext", "sector": "Шлиссельбург / бухта Петрокрепость"}}, {"type": "Feature", "geometry": {"type": "Point", "coordinates": [31.070763, 60.127733]}, "properties": {"kind": "launch", "cls": "A", "prec": 50, "date": "2025-02-12", "title": "Ледовая обстановка: Ладожское озеро — район Осиновец (~1.1 км)", "comment": "Сводка о состоянии льда (2025-02-12), координаты точки выхода на лёд.", "src": "Telegram: Рыболовная сводка СПб", "srcd": "Telegram: Рыболовная сводка Спб (@rybalka_spb_lenoblasti)", "url": "https://t.me/rybalka_spb_lenoblasti/14709", "sid": "14709", "raw": "Координаты локации: 60.127733, 31.070763", "agent": "social_reports", "season": "ice", "dist": 67.8, "zone": "ext", "sector": "Осиновец / западный берег"}}, {"type": "Feature", "geometry": {"type": "Point", "coordinates": [32.30534, 60.11493]}, "properties": {"kind": "launch", "cls": "A", "prec": 20, "fish": ["Окунь"], "date": "2026-02-15", "title": "Парковка / выход к воде: Ладога — д. Лигово", "comment": "Парковка у места ловли, указанная в 2 отчётах (2025-02-16…2026-02-15); ловили рядом: окунь.", "method": "мормышка, блесна", "src": "Telegram: Рыболовная сводка СПб", "srcd": "Telegram: Рыболовная сводка Спб (@rybalka_spb_lenoblasti)", "url": "https://t.me/rybalka_spb_lenoblasti/22460", "sid": "14838; 22460", "raw": "Координаты заезда на канал: 60.114930, 32.305340", "agent": "social_reports", "season": "ice", "dist": 1.4, "zone": "core", "sector": "Новая Ладога / устье Волхова"}}, {"type": "Feature", "geometry": {"type": "Point", "coordinates": [32.804651, 60.445949]}, "properties": {"kind": "launch", "cls": "A", "prec": 20, "fish": ["Щука", "Окунь"], "date": "2025-03-24", "title": "Парковка / выход к воде: р. Свирь — Загубская губа", "comment": "Парковка у места ловли, указанная в 3 отчётах (2025-03-13…2025-03-24); ловили рядом: щука, окунь.", "method": "со льда", "src": "Telegram: Рыболовная сводка СПб", "srcd": "Telegram: Рыболовная сводка Спб (@rybalka_spb_lenoblasti)", "url": "https://t.me/rybalka_spb_lenoblasti/15711", "sid": "15494; 15590; 15711", "raw": "Координаты парковки: 60.445949, 32.804651", "agent": "social_reports", "season": "open_water", "dist": 47.3, "zone": "core", "sector": "Свирица / Загубская губа"}}, {"type": "Feature", "geometry": {"type": "Point", "coordinates": [31.053181, 60.001554]}, "properties": {"kind": "launch", "cls": "A", "prec": 50, "date": "2026-03-04", "title": "Ледовая обстановка: Ладожское озеро — бухта Глубокая / Ганнибаловка", "comment": "Сводка о состоянии льда (2025-03-18…2026-03-04), координаты точки выхода на лёд.", "method": "со льда", "src": "Telegram: Рыболовная сводка СПб", "srcd": "Telegram: Рыболовная сводка Спб (@rybalka_spb_lenoblasti)", "url": "https://t.me/rybalka_spb_lenoblasti/22849", "sid": "15560; 22849", "raw": "Координаты парковки: 60.001554, 31.053181", "agent": "social_reports", "season": "ice", "dist": 69.8, "zone": "ext", "sector": "Шлиссельбург / бухта Петрокрепость"}}, {"type": "Feature", "geometry": {"type": "Point", "coordinates": [31.179445, 59.910319]}, "properties": {"kind": "launch", "cls": "A", "prec": 20, "fish": ["Плотва", "Ёрш"], "date": "2025-04-19", "title": "Парковка / выход к воде: Ладога — район Кошкино (~9.2 км)", "comment": "Парковка у места ловли, указанная в отчёте (2025-04-19); ловили рядом: плотва, ёрш.", "depth": "1.5 м", "src": "Telegram: Рыболовная сводка СПб", "srcd": "Telegram: Рыболовная сводка Спб (@rybalka_spb_lenoblasti)", "url": "https://t.me/rybalka_spb_lenoblasti/16182", "sid": "16182", "raw": "Координаты парковки: 59.910319, 31.179445", "agent": "social_reports", "season": "open_water", "dist": 65.6, "zone": "ext", "sector": "Шлиссельбург / бухта Петрокрепость"}}, {"type": "Feature", "geometry": {"type": "Point", "coordinates": [31.039033, 59.948608]}, "properties": {"kind": "launch", "cls": "A", "prec": 20, "fish": ["Окунь", "Плотва", "Густера", "Ёрш", "Язь"], "date": "2025-04-28", "title": "Парковка / выход к воде: Ладога — Шлиссельбург", "comment": "Парковка у места ловли, указанная в отчёте (2025-04-28); ловили рядом: окунь, плотва, густера, ёрш.", "depth": "2 м", "method": "фидер/донка, поплавок", "src": "Telegram: Рыболовная сводка СПб", "srcd": "Telegram: Рыболовная сводка Спб (@rybalka_spb_lenoblasti)", "url": "https://t.me/rybalka_spb_lenoblasti/16397", "sid": "16397", "raw": "Координаты парковки: 59.948608, 31.039033", "agent": "social_reports", "season": "open_water", "dist": 71.8, "zone": "ext", "sector": "Шлиссельбург / бухта Петрокрепость"}}, {"type": "Feature", "geometry": {"type": "Point", "coordinates": [31.339374, 59.895981]}, "properties": {"kind": "launch", "cls": "A", "prec": 20, "fish": ["Плотва"], "date": "2025-05-15", "title": "Парковка / выход к воде: Ладога — Назия", "comment": "Парковка у места ловли, указанная в отчёте (2025-05-15); ловили рядом: плотва.", "src": "Telegram: Рыболовная сводка СПб", "srcd": "Telegram: Рыболовная сводка Спб (@rybalka_spb_lenoblasti)", "url": "https://t.me/rybalka_spb_lenoblasti/16832", "sid": "16832", "raw": "Координаты парковки: 59.895981, 31.339374", "agent": "social_reports", "season": "open_water", "dist": 57.9, "zone": "ext", "sector": "Шлиссельбург / бухта Петрокрепость"}}, {"type": "Feature", "geometry": {"type": "Point", "coordinates": [31.34787, 59.9011]}, "properties": {"kind": "launch", "cls": "A", "prec": 20, "fish": ["Окунь", "Щука", "Плотва", "Ёрш", "Лещ"], "date": "2026-05-31", "title": "Парковка / выход к воде: Ладога — Назия", "comment": "Парковка у места ловли, указанная в 31 отчётах (2025-05-30…2026-05-31); ловили рядом: окунь, щука, плотва, ёрш.", "depth": "1–1.5 м", "method": "спиннинг, поплавок, фидер/донка, мормышка", "src": "Telegram: Рыболовная сводка СПб", "srcd": "Telegram: Рыболовная сводка Спб (@rybalka_spb_lenoblasti)", "url": "https://t.me/rybalka_spb_lenoblasti/24609", "sid": "17209; 17384; 17449; 17848; 18703; 19886; 19888; 19943; 19981; 20027; 20281; 20348; 20524; 20543; 20562; 20570; 20596; 20610; 20687; 20696; 20754; 23680; 23753; 23786; 23844; 23851; 23939; 23955; 23978; 23993; 24609", "raw": "Координаты парковки: 59.901100, 31.347870", "agent": "social_reports", "season": "ice", "dist": 57.2, "zone": "ext", "sector": "Шлиссельбург / бухта Петрокрепость"}}, {"type": "Feature", "geometry": {"type": "Point", "coordinates": [32.31867, 60.120574]}, "properties": {"kind": "launch", "cls": "A", "prec": 20, "fish": ["Щука", "Окунь"], "date": "2025-07-26", "title": "Слип / старт на воду: Ладога — Волховская губа", "comment": "Точка спуска лодки из отчёта (2025-07-26).", "depth": "3–4 м", "src": "Telegram: Рыболовная сводка СПб", "srcd": "Telegram: Рыболовная сводка Спб (@rybalka_spb_lenoblasti)", "url": "https://t.me/rybalka_spb_lenoblasti/18533", "sid": "18533", "raw": "Координаты парковки и слипа: 60.120574, 32.318670", "agent": "social_reports", "season": "open_water", "dist": 2.3, "zone": "core", "sector": "Новая Ладога / устье Волхова"}}, {"type": "Feature", "geometry": {"type": "Point", "coordinates": [31.615948, 60.133115]}, "properties": {"kind": "launch", "cls": "A", "prec": 20, "fish": ["Щука", "Окунь", "Судак"], "date": "2025-10-26", "title": "Парковка / выход к воде: Новоладожский канал — д. Чёрное", "comment": "Парковка у места ловли, указанная в 8 отчётах (2025-07-29…2025-10-26); ловили рядом: щука, окунь, судак.", "src": "Telegram: Рыболовная сводка СПб", "srcd": "Telegram: Рыболовная сводка Спб (@rybalka_spb_lenoblasti)", "url": "https://t.me/rybalka_spb_lenoblasti/20420", "sid": "18631; 19468; 19604; 20081; 20100; 20255; 20289; 20420", "raw": "Координаты парковки: 60.133115, 31.615948", "agent": "social_reports", "season": "open_water", "dist": 37.7, "zone": "core", "sector": "Кобона / южный берег"}}, {"type": "Feature", "geometry": {"type": "Point", "coordinates": [31.348047, 59.901104]}, "properties": {"kind": "launch", "cls": "A", "prec": 20, "fish": ["Щука", "Окунь"], "date": "2025-09-13", "title": "Парковка / выход к воде: Ладога — Назия", "comment": "Парковка у места ловли, указанная в отчёте (2025-09-13); ловили рядом: щука, окунь.", "src": "Telegram: Рыболовная сводка СПб", "srcd": "Telegram: Рыболовная сводка Спб (@rybalka_spb_lenoblasti)", "url": "https://t.me/rybalka_spb_lenoblasti/19512", "sid": "19512", "raw": "Координаты парковки: 59.901104, 31.348047", "agent": "social_reports", "season": "open_water", "dist": 57.2, "zone": "ext", "sector": "Шлиссельбург / бухта Петрокрепость"}}, {"type": "Feature", "geometry": {"type": "Point", "coordinates": [32.291545, 60.115562]}, "properties": {"kind": "launch", "cls": "A", "prec": 20, "fish": ["Щука"], "date": "2025-09-21", "title": "Парковка / выход к воде: Ладога — район Новая Ладога / Креницы (~0.5 км)", "comment": "Парковка у места ловли, указанная в отчёте (2025-09-21); ловили рядом: щука.", "src": "Telegram: Рыболовная сводка СПб", "srcd": "Telegram: Рыболовная сводка Спб (@rybalka_spb_lenoblasti)", "url": "https://t.me/rybalka_spb_lenoblasti/19780", "sid": "19780", "raw": "Координаты парковки: 60.115562, 32.291545", "agent": "social_reports", "season": "open_water", "dist": 1.3, "zone": "core", "sector": "Новая Ладога / устье Волхова"}}, {"type": "Feature", "geometry": {"type": "Point", "coordinates": [32.912125, 60.470082]}, "properties": {"kind": "launch", "cls": "A", "prec": 20, "fish": ["Окунь"], "date": "2025-12-21", "title": "Парковка / выход к воде: р. Свирь — Свирица", "comment": "Парковка у места ловли, указанная в 2 отчётах (2025-11-07…2025-12-21); ловили рядом: окунь.", "method": "спиннинг", "src": "Telegram: Рыболовная сводка СПб", "srcd": "Telegram: Рыболовная сводка Спб (@rybalka_spb_lenoblasti)", "url": "https://t.me/rybalka_spb_lenoblasti/21482", "sid": "20680; 21482", "raw": "Координаты парковки: 60.470082, 32.912125", "agent": "social_reports", "season": "open_water", "dist": 53.1, "zone": "core", "sector": "Свирская губа / устье Свири"}}, {"type": "Feature", "geometry": {"type": "Point", "coordinates": [32.905672, 60.482124]}, "properties": {"kind": "launch", "cls": "A", "prec": 50, "date": "2025-12-26", "title": "Ледовая обстановка: Свирь — район Свирица (~1.3 км)", "comment": "Сводка о состоянии льда (2025-12-26), координаты точки выхода на лёд.", "src": "Telegram: Рыболовная сводка СПб", "srcd": "Telegram: Рыболовная сводка Спб (@rybalka_spb_lenoblasti)", "url": "https://t.me/rybalka_spb_lenoblasti/21498", "sid": "21498", "raw": "Координаты парковки: 60.482124, 32.905672", "agent": "social_reports", "season": "ice", "dist": 53.9, "zone": "core", "sector": "Свирская губа / устье Свири"}}, {"type": "Feature", "geometry": {"type": "Point", "coordinates": [31.066897, 60.078878]}, "properties": {"kind": "launch", "cls": "A", "prec": 20, "fish": ["Плотва"], "date": "2026-01-12", "title": "Парковка / выход к воде: Ладога — д. Коккорево", "comment": "Парковка у места ловли, указанная в отчёте (2026-01-12); ловили рядом: плотва.", "src": "Telegram: Рыболовная сводка СПб", "srcd": "Telegram: Рыболовная сводка Спб (@rybalka_spb_lenoblasti)", "url": "https://t.me/rybalka_spb_lenoblasti/21768", "sid": "21768", "raw": "Координаты парковки: 60.078878, 31.066897", "agent": "social_reports", "season": "ice", "dist": 68.1, "zone": "ext", "sector": "Осиновец / западный берег"}}, {"type": "Feature", "geometry": {"type": "Point", "coordinates": [32.30534, 60.11493]}, "properties": {"kind": "launch", "cls": "A", "prec": 50, "date": "2026-03-03", "title": "Ледовая обстановка: Ладожское озеро — район Новая Ладога / Креницы (~0.7 км)", "comment": "Сводка о состоянии льда (2026-03-03), координаты точки выхода на лёд.", "method": "мормышка", "src": "Telegram: Рыболовная сводка СПб", "srcd": "Telegram: Рыболовная сводка Спб (@rybalka_spb_lenoblasti)", "url": "https://t.me/rybalka_spb_lenoblasti/22829", "sid": "22829", "raw": "Координаты заезда на канал: 60.114930, 32.305340", "agent": "social_reports", "season": "ice", "dist": 1.4, "zone": "core", "sector": "Новая Ладога / устье Волхова"}}, {"type": "Feature", "geometry": {"type": "Point", "coordinates": [31.064867, 60.08147]}, "properties": {"kind": "launch", "cls": "A", "prec": 20, "fish": ["Окунь"], "date": "2026-03-14", "title": "Парковка / выход к воде: Ладога — д. Коккорево", "comment": "Парковка у места ловли, указанная в отчёте (2026-03-14); ловили рядом: окунь.", "depth": "6 м", "src": "Telegram: Рыболовная сводка СПб", "srcd": "Telegram: Рыболовная сводка Спб (@rybalka_spb_lenoblasti)", "url": "https://t.me/rybalka_spb_lenoblasti/23042", "sid": "23042", "raw": "Координаты парковки: 60.081470, 31.064867", "agent": "social_reports", "season": "ice", "dist": 68.2, "zone": "ext", "sector": "Осиновец / западный берег"}}, {"type": "Feature", "geometry": {"type": "Point", "coordinates": [31.068849, 59.980456]}, "properties": {"kind": "launch", "cls": "A", "prec": 20, "fish": ["Окунь", "Щука"], "date": "2026-07-12", "title": "Парковка / выход к воде: Ладога — Кошкино", "comment": "Парковка у места ловли, указанная в 4 отчётах (2026-06-02…2026-07-12); ловили рядом: окунь, щука.", "method": "спиннинг", "src": "Telegram: Рыболовная сводка СПб", "srcd": "Telegram: Рыболовная сводка Спб (@rybalka_spb_lenoblasti)", "url": "https://t.me/rybalka_spb_lenoblasti/25400", "sid": "24584; 24658; 25330; 25400", "raw": "Координаты парковки: 59.980456, 31.068849", "agent": "social_reports", "season": "open_water", "dist": 69.4, "zone": "ext", "sector": "Шлиссельбург / бухта Петрокрепость"}}, {"type": "Feature", "geometry": {"type": "Point", "coordinates": [32.304856, 60.121774]}, "properties": {"kind": "launch", "cls": "A", "prec": 20, "fish": ["Судак"], "date": "2026-06-22", "title": "Слип / старт на воду: Ладога — город Новая Ладога", "comment": "Точка спуска лодки из отчёта (2026-06-22).", "src": "Telegram: Рыболовная сводка СПб", "srcd": "Telegram: Рыболовная сводка Спб (@rybalka_spb_lenoblasti)", "url": "https://t.me/rybalka_spb_lenoblasti/24955", "sid": "24955", "raw": "Координаты слипа: 60.121774, 32.304856", "agent": "social_reports", "season": "open_water", "dist": 2.1, "zone": "core", "sector": "Новая Ладога / устье Волхова"}}, {"type": "Feature", "geometry": {"type": "Point", "coordinates": [31.344632, 59.90212]}, "properties": {"kind": "launch", "cls": "A", "prec": 20, "fish": ["Сом"], "date": "2026-06-28", "title": "Парковка / выход к воде: Новоладожский канал — д. Назия", "comment": "Парковка у места ловли, указанная в отчёте (2026-06-28); ловили рядом: сом.", "src": "Telegram: Рыболовная сводка СПб", "srcd": "Telegram: Рыболовная сводка Спб (@rybalka_spb_lenoblasti)", "url": "https://t.me/rybalka_spb_lenoblasti/25088", "sid": "25088", "raw": "Координаты парковки: 59.902120, 31.344632", "agent": "social_reports", "season": "open_water", "dist": 57.3, "zone": "ext", "sector": "Шлиссельбург / бухта Петрокрепость"}}, {"type": "Feature", "geometry": {"type": "Point", "coordinates": [32.912027, 60.469934]}, "properties": {"kind": "launch", "cls": "A", "prec": 20, "fish": ["Судак"], "date": "2026-07-12", "title": "Слип / старт на воду: Ладога — Свирица, Свирская губа", "comment": "Точка спуска лодки из отчёта (2026-07-12).", "src": "Telegram: Рыболовная сводка СПб", "srcd": "Telegram: Рыболовная сводка Спб (@rybalka_spb_lenoblasti)", "url": "https://t.me/rybalka_spb_lenoblasti/25368", "sid": "25368", "raw": "Координаты слипа: 60.469934, 32.912027", "agent": "social_reports", "season": "open_water", "dist": 53.1, "zone": "core", "sector": "Свирская губа / устье Свири"}}, {"type": "Feature", "geometry": {"type": "Point", "coordinates": [31.661368, 60.170807]}, "properties": {"kind": "launch", "cls": "A", "prec": 20, "fish": ["Щука", "Окунь"], "date": "2026-09-13", "title": "Парковка / выход к воде: Ладога — район Чёрное (~4.5 км)", "comment": "Парковка у места ловли, указанная в отчёте (2026-09-13); ловили рядом: щука, окунь.", "method": "спиннинг", "src": "Telegram: Рыболовная сводка СПб", "srcd": "Telegram: Рыболовная сводка Спб (@rybalka_spb_lenoblasti)", "url": "https://t.me/rybalka_spb_lenoblasti/26597", "sid": "26597", "raw": "Координаты парковки: 60.170807, 31.661368", "agent": "social_reports", "season": "open_water", "dist": 35.8, "zone": "core", "sector": "Лигово"}}, {"type": "Feature", "geometry": {"type": "Point", "coordinates": [32.59676, 60.33168]}, "properties": {"kind": "fishing", "cls": "C", "prec": 700, "fish": ["Плотва", "Окунь"], "date": "2025-02-11", "title": "Кириково (метка канала)", "comment": "Метка «На карте» канала-агрегатора к 2 отчётам (2024-04-28…2025-02-11): плотва, окунь.", "method": "Поплавок, Зимняя удочка", "src": "Telegram: Отчёты Рыбалка СПб", "srcd": "Telegram: Отчёты Рыбалка СПб (@fishingspb1)", "url": "https://t.me/fishingspb1/36906", "sid": "19958; 36906", "raw": "https://yandex.ru/maps?whatshere[point]=32.59676247296723,60.331675644516686&wh…", "agent": "social_reports", "season": "ice", "dist": 30.4, "zone": "core", "sector": "Вороново"}}, {"type": "Feature", "geometry": {"type": "Point", "coordinates": [31.34616, 59.90245]}, "properties": {"kind": "fishing", "cls": "C", "prec": 700, "fish": ["Плотва"], "date": "2024-04-29", "title": "Назия (метка канала)", "comment": "Метка «На карте» канала-агрегатора к 2 отчётам (2024-04-27…2024-04-29): плотва.", "method": "Поплавок, Фидер", "src": "Telegram: Отчёты Рыбалка СПб", "srcd": "Telegram: Отчёты Рыбалка СПб (@fishingspb1)", "url": "https://t.me/fishingspb1/20077", "sid": "19981; 20077", "raw": "https://yandex.ru/maps?whatshere[point]=31.34616,59.902449&whatshere[zoom]=9.76…", "agent": "social_reports", "season": "open_water", "dist": 57.2, "zone": "ext", "sector": "Шлиссельбург / бухта Петрокрепость"}}, {"type": "Feature", "geometry": {"type": "Point", "coordinates": [32.31898, 60.12035]}, "properties": {"kind": "fishing", "cls": "C", "prec": 700, "fish": ["Плотва", "Щука", "Окунь", "Язь"], "date": "2025-04-20", "title": "Креницы (метка канала)", "comment": "Метка «На карте» канала-агрегатора к 10 отчётам (2024-04-28…2025-04-20): плотва, щука, окунь, язь.", "method": "Поплавок, Спиннинг, Троллинг, Зимний спиннинг", "src": "Telegram: Отчёты Рыбалка СПб", "srcd": "Telegram: Отчёты Рыбалка СПб (@fishingspb1)", "url": "https://t.me/fishingspb1/40688", "sid": "19988; 20042; 25985; 34714; 34917; 35527; 38084; 38095; 38244; 40688", "raw": "https://yandex.ru/maps?whatshere[point]=32.31898,60.12035&whatshere[zoom]=11.55…", "agent": "social_reports", "season": "ice", "dist": 2.3, "zone": "core", "sector": "Новая Ладога / устье Волхова"}}, {"type": "Feature", "geometry": {"type": "Point", "coordinates": [31.54927, 60.02317]}, "properties": {"kind": "fishing", "cls": "C", "prec": 700, "fish": ["Щука", "Окунь"], "date": "2024-07-17", "title": "Новоладожский канал (метка канала)", "comment": "Метка «На карте» канала-агрегатора к 2 отчётам (2024-04-29…2024-07-17): щука, окунь.", "method": "Поплавок, Спиннинг", "src": "Telegram: Отчёты Рыбалка СПб", "srcd": "Telegram: Отчёты Рыбалка СПб (@fishingspb1)", "url": "https://t.me/fishingspb1/25364", "sid": "20272; 25364", "raw": "https://yandex.ru/maps?whatshere[point]=31.549267,60.023174&whatshere[zoom]=14.…", "agent": "social_reports", "season": "open_water", "dist": 42.3, "zone": "core", "sector": "Кобона / южный берег"}}, {"type": "Feature", "geometry": {"type": "Point", "coordinates": [31.06749, 59.976]}, "properties": {"kind": "fishing", "cls": "C", "prec": 700, "fish": ["Плотва"], "date": "2024-05-01", "title": "Кошкино (метка канала)", "comment": "Метка «На карте» канала-агрегатора к отчёту (2024-05-01): плотва.", "method": "Поплавок", "src": "Telegram: Отчёты Рыбалка СПб", "srcd": "Telegram: Отчёты Рыбалка СПб (@fishingspb1)", "url": "https://t.me/fishingspb1/20346", "sid": "20346", "raw": "https://yandex.ru/maps?whatshere[point]=31.067486526484313,59.97599857401054&wh…", "agent": "social_reports", "season": "open_water", "dist": 69.6, "zone": "ext", "sector": "Шлиссельбург / бухта Петрокрепость"}}, {"type": "Feature", "geometry": {"type": "Point", "coordinates": [31.06253, 59.96801]}, "properties": {"kind": "fishing", "cls": "C", "prec": 700, "fish": ["Плотва", "Щука", "Окунь"], "date": "2024-10-05", "title": "Кошкино (метка канала)", "comment": "Метка «На карте» канала-агрегатора к 2 отчётам (2024-05-04…2024-10-05): плотва, щука, окунь.", "method": "Донка, Спиннинг", "src": "Telegram: Отчёты Рыбалка СПб", "srcd": "Telegram: Отчёты Рыбалка СПб (@fishingspb1)", "url": "https://t.me/fishingspb1/29741", "sid": "20392; 29741", "raw": "https://yandex.ru/maps?whatshere[point]=31.06253,59.96801&whatshere[zoom]=10.80…", "agent": "social_reports", "season": "open_water", "dist": 70.0, "zone": "ext", "sector": "Шлиссельбург / бухта Петрокрепость"}}, {"type": "Feature", "geometry": {"type": "Point", "coordinates": [31.45937, 59.89927]}, "properties": {"kind": "fishing", "cls": "C", "prec": 700, "fish": ["Окунь"], "date": "2026-01-15", "title": "Шальдиха (метка канала)", "comment": "Метка «На карте» канала-агрегатора к 7 отчётам (2024-05-04…2026-01-15): окунь.", "depth": "3.8 м", "method": "Поплавок, Зимний спиннинг, Зимняя удочка, Спиннинг", "src": "Telegram: Отчёты Рыбалка СПб", "srcd": "Telegram: Отчёты Рыбалка СПб (@fishingspb1)", "url": "https://t.me/fishingspb1/53858", "sid": "20430; 33976; 36986; 37550; 38192; 47964; 53858", "raw": "https://yandex.ru/maps?whatshere[point]=31.45936955913213,59.89926563347535&wha…", "agent": "social_reports", "season": "ice", "dist": 51.7, "zone": "core", "sector": "Кобона / южный берег"}}, {"type": "Feature", "geometry": {"type": "Point", "coordinates": [31.03461, 59.95856]}, "properties": {"kind": "fishing", "cls": "C", "prec": 700, "fish": ["Плотва", "Ёрш", "Щука", "Окунь", "Язь"], "date": "2024-06-08", "title": "бухта Петрокрепость (метка канала)", "comment": "Метка «На карте» канала-агрегатора к 3 отчётам (2024-05-06…2024-06-08): плотва, ёрш, щука, окунь.", "method": "Фидер, Спиннинг, Поплавок", "src": "Telegram: Отчёты Рыбалка СПб", "srcd": "Telegram: Отчёты Рыбалка СПб (@fishingspb1)", "url": "https://t.me/fishingspb1/22914", "sid": "20578; 22909; 22914", "raw": "https://yandex.ru/maps?whatshere[point]=31.03461,59.95856&whatshere[zoom]=16.34…", "agent": "social_reports", "season": "open_water", "dist": 71.8, "zone": "ext", "sector": "Шлиссельбург / бухта Петрокрепость"}}, {"type": "Feature", "geometry": {"type": "Point", "coordinates": [31.25628, 59.9303]}, "properties": {"kind": "fishing", "cls": "C", "prec": 700, "fish": ["Плотва"], "date": "2024-05-11", "title": "Новоладожский канал (метка канала)", "comment": "Метка «На карте» канала-агрегатора к отчёту (2024-05-11): плотва.", "method": "Фидер", "src": "Telegram: Отчёты Рыбалка СПб", "srcd": "Telegram: Отчёты Рыбалка СПб (@fishingspb1)", "url": "https://t.me/fishingspb1/20882", "sid": "20882", "raw": "https://yandex.ru/maps?whatshere[point]=31.256278439698388,59.930304227696084&w…", "agent": "social_reports", "season": "open_water", "dist": 60.8, "zone": "ext", "sector": "Шлиссельбург / бухта Петрокрепость"}}, {"type": "Feature", "geometry": {"type": "Point", "coordinates": [31.03412, 59.95888]}, "properties": {"kind": "fishing", "cls": "C", "prec": 700, "fish": ["Уклейка", "Ёрш"], "date": "2024-05-30", "title": "пос. им. Морозова (метка канала)", "comment": "Метка «На карте» канала-агрегатора к отчёту (2024-05-30): уклейка, ёрш.", "method": "Фидер", "src": "Telegram: Отчёты Рыбалка СПб", "srcd": "Telegram: Отчёты Рыбалка СПб (@fishingspb1)", "url": "https://t.me/fishingspb1/22234", "sid": "22234", "raw": "https://yandex.ru/maps?whatshere[point]=31.034116033265995,59.95887936712046&wh…", "agent": "social_reports", "season": "open_water", "dist": 71.8, "zone": "ext", "sector": "Шлиссельбург / бухта Петрокрепость"}}, {"type": "Feature", "geometry": {"type": "Point", "coordinates": [31.0344, 59.95874]}, "properties": {"kind": "fishing", "cls": "C", "prec": 150, "fish": ["Плотва", "Окунь", "Форель", "Елец"], "date": "2024-09-18", "title": "бухта Петрокрепость (метка канала)", "comment": "Метка «На карте» канала-агрегатора к 5 отчётам (2024-06-09…2024-09-18): плотва, окунь, форель, елец; указано «точное место».", "method": "Спиннинг, Поплавок, Фидер", "src": "Telegram: Отчёты Рыбалка СПб", "srcd": "Telegram: Отчёты Рыбалка СПб (@fishingspb1)", "url": "https://t.me/fishingspb1/28708", "sid": "23035; 23269; 24928; 26080; 28708", "raw": "https://yandex.ru/maps?whatshere[point]=31.03440354767371,59.95873707915686&wha…", "agent": "social_reports", "season": "open_water", "dist": 71.8, "zone": "ext", "sector": "Шлиссельбург / бухта Петрокрепость"}}, {"type": "Feature", "geometry": {"type": "Point", "coordinates": [32.34983, 60.06077]}, "properties": {"kind": "fishing", "cls": "C", "prec": 700, "date": "2026-09-12", "title": "р. Волхов (метка канала)", "comment": "Метка «На карте» канала-агрегатора к 2 отчётам (2024-06-20…2026-09-12): улов не указан.", "method": "Донка, Фидер", "src": "Telegram: Отчёты Рыбалка СПб", "srcd": "Telegram: Отчёты Рыбалка СПб (@fishingspb1)", "url": "https://t.me/fishingspb1/64703", "sid": "23672; 64703", "raw": "https://yandex.ru/maps?whatshere[point]=32.34983356766845,60.06077436497337&wha…", "agent": "social_reports", "season": "open_water", "dist": 5.7, "zone": "core", "sector": "Нижний Волхов"}}, {"type": "Feature", "geometry": {"type": "Point", "coordinates": [31.34822, 59.90156]}, "properties": {"kind": "fishing", "cls": "C", "prec": 700, "fish": ["Окунь", "Плотва", "Уклейка"], "date": "2025-01-18", "title": "Назия (метка канала)", "comment": "Метка «На карте» канала-агрегатора к 7 отчётам (2024-06-23…2025-01-18): окунь, плотва, уклейка.", "method": "Спиннинг, Поплавок, Жерлицы", "src": "Telegram: Отчёты Рыбалка СПб", "srcd": "Telegram: Отчёты Рыбалка СПб (@fishingspb1)", "url": "https://t.me/fishingspb1/35421", "sid": "23922; 26220; 27851; 30926; 31779; 32258; 35421", "raw": "https://yandex.ru/maps?whatshere[point]=31.34822,59.90156&whatshere[zoom]=12.77…", "agent": "social_reports", "season": "ice", "dist": 57.2, "zone": "ext", "sector": "Шлиссельбург / бухта Петрокрепость"}}, {"type": "Feature", "geometry": {"type": "Point", "coordinates": [32.08853, 60.40839]}, "properties": {"kind": "fishing", "cls": "C", "prec": 700, "fish": ["Судак", "Окунь"], "date": "2024-06-24", "title": "о. Сухо (метка канала)", "comment": "Метка «На карте» канала-агрегатора к отчёту (2024-06-24): судак, окунь.", "method": "Спиннинг", "src": "Telegram: Отчёты Рыбалка СПб", "srcd": "Telegram: Отчёты Рыбалка СПб (@fishingspb1)", "url": "https://t.me/fishingspb1/23994", "sid": "23994", "raw": "https://yandex.ru/maps?whatshere[point]=32.08853161782376,60.40839095173821&wha…", "agent": "social_reports", "season": "open_water", "dist": 35.7, "zone": "core", "sector": "о. Сухо"}}, {"type": "Feature", "geometry": {"type": "Point", "coordinates": [32.06935, 60.26774]}, "properties": {"kind": "fishing", "cls": "C", "prec": 1500, "fish": ["Судак", "Окунь", "Щука"], "date": "2024-08-08", "title": "Варецкие банки (метка канала)", "comment": "Метка «На карте» канала-агрегатора к 3 отчётам (2024-06-24…2024-08-08): судак, окунь, щука.", "depth": "3–6 м", "method": "Спиннинг, Троллинг", "src": "Telegram: Отчёты Рыбалка СПб", "srcd": "Telegram: Отчёты Рыбалка СПб (@fishingspb1)", "url": "https://t.me/fishingspb1/26646", "sid": "23994; 24487; 26646", "raw": "https://yandex.ru/maps?whatshere[point]=32.06935,60.26774&whatshere[zoom]=12.42…", "agent": "social_reports", "season": "open_water", "dist": 22.1, "zone": "core", "sector": "о. Птинов"}}, {"type": "Feature", "geometry": {"type": "Point", "coordinates": [32.56128, 60.13706]}, "properties": {"kind": "fishing", "cls": "C", "prec": 700, "fish": ["Судак"], "date": "2024-06-24", "title": "Сясьстрой (метка канала)", "comment": "Метка «На карте» канала-агрегатора к отчёту (2024-06-24): судак.", "depth": "13 м", "method": "Спиннинг", "src": "Telegram: Отчёты Рыбалка СПб", "srcd": "Telegram: Отчёты Рыбалка СПб (@fishingspb1)", "url": "https://t.me/fishingspb1/24020", "sid": "24020", "raw": "https://yandex.ru/maps?whatshere[point]=32.5612790192445,60.137057101133806&wha…", "agent": "social_reports", "season": "open_water", "dist": 15.3, "zone": "core", "sector": "Устье Сяси / Сясьстрой"}}, {"type": "Feature", "geometry": {"type": "Point", "coordinates": [32.64382, 60.27138]}, "properties": {"kind": "fishing", "cls": "C", "prec": 700, "fish": ["Судак", "Плотва"], "date": "2026-04-25", "title": "Вороново (метка канала)", "comment": "Метка «На карте» канала-агрегатора к 5 отчётам (2024-06-24…2026-04-25): судак, плотва.", "depth": "13 м", "method": "Спиннинг, Троллинг, Зимняя удочка, Поплавок", "src": "Telegram: Отчёты Рыбалка СПб", "srcd": "Telegram: Отчёты Рыбалка СПб (@fishingspb1)", "url": "https://t.me/fishingspb1/58382", "sid": "24020; 24191; 24289; 52751; 58382", "raw": "https://yandex.ru/maps?ol=geo&text=деревня Вороново&sll=32.643816,60.271382&ssp…", "agent": "social_reports", "season": "ice", "dist": 26.9, "zone": "core", "sector": "Вороново"}}, {"type": "Feature", "geometry": {"type": "Point", "coordinates": [32.32642, 60.11666]}, "properties": {"kind": "fishing", "cls": "C", "prec": 700, "fish": ["Судак", "Щука", "Окунь"], "date": "2024-07-02", "title": "Креницы (метка канала)", "comment": "Метка «На карте» канала-агрегатора к отчёту (2024-07-02): судак, щука, окунь.", "depth": "3–6 м", "method": "Спиннинг, Троллинг", "src": "Telegram: Отчёты Рыбалка СПб", "srcd": "Telegram: Отчёты Рыбалка СПб (@fishingspb1)", "url": "https://t.me/fishingspb1/24487", "sid": "24487", "raw": "https://yandex.ru/maps?whatshere[point]=32.326420523317985,60.116660934327825&w…", "agent": "social_reports", "season": "open_water", "dist": 2.3, "zone": "core", "sector": "Новая Ладога / устье Волхова"}}, {"type": "Feature", "geometry": {"type": "Point", "coordinates": [32.08567, 60.22928]}, "properties": {"kind": "fishing", "cls": "C", "prec": 700, "fish": ["Щука", "Окунь", "Судак", "Лещ"], "date": "2024-08-26", "title": "о. Птинов (метка канала)", "comment": "Метка «На карте» канала-агрегатора к 3 отчётам (2024-07-08…2024-08-26): щука, окунь, судак, лещ.", "depth": "3–4.5 м", "method": "Спиннинг, Троллинг", "catch": "щука 3 кг; окуня 6 кг", "src": "Telegram: Отчёты Рыбалка СПб", "srcd": "Telegram: Отчёты Рыбалка СПб (@fishingspb1)", "url": "https://t.me/fishingspb1/27477", "sid": "24879; 26642; 27477", "raw": "https://yandex.ru/maps?whatshere[point]=32.08567497522026,60.229277707187165&wh…", "agent": "social_reports", "season": "open_water", "dist": 18.1, "zone": "core", "sector": "о. Птинов"}}, {"type": "Feature", "geometry": {"type": "Point", "coordinates": [32.32532, 60.11739]}, "properties": {"kind": "fishing", "cls": "C", "prec": 700, "fish": ["Судак", "Щука"], "date": "2024-07-08", "title": "Новая Ладога / Креницы (метка канала)", "comment": "Метка «На карте» канала-агрегатора к отчёту (2024-07-08): судак, щука.", "method": "Спиннинг, Троллинг", "src": "Telegram: Отчёты Рыбалка СПб", "srcd": "Telegram: Отчёты Рыбалка СПб (@fishingspb1)", "url": "https://t.me/fishingspb1/24879", "sid": "24879", "raw": "https://yandex.ru/maps?whatshere[point]=32.32532053896148,60.11739173288696&wha…", "agent": "social_reports", "season": "open_water", "dist": 2.3, "zone": "core", "sector": "Новая Ладога / устье Волхова"}}, {"type": "Feature", "geometry": {"type": "Point", "coordinates": [33.07553, 60.52128]}, "properties": {"kind": "fishing", "cls": "C", "prec": 700, "fish": ["Окунь"], "date": "2024-07-14", "title": "Свирица↔️р.Корелка (устье) (метка канала)", "comment": "Метка «На карте» канала-агрегатора к отчёту (2024-07-14): окунь.", "method": "Спиннинг", "src": "Telegram: Отчёты Рыбалка СПб", "srcd": "Telegram: Отчёты Рыбалка СПб (@fishingspb1)", "url": "https://t.me/fishingspb1/25198", "sid": "25198", "raw": "https://yandex.ru/maps?whatshere[point]=33.07552815796558,60.52128335451226&wha…", "agent": "social_reports", "season": "open_water", "dist": 63.3, "zone": "ext", "sector": "Свирская губа / устье Свири"}}, {"type": "Feature", "geometry": {"type": "Point", "coordinates": [31.03425, 59.95877]}, "properties": {"kind": "fishing", "cls": "C", "prec": 700, "fish": ["Щука", "Окунь"], "date": "2024-07-27", "title": "бухта Петрокрепость (метка канала)", "comment": "Метка «На карте» канала-агрегатора к 2 отчётам (2024-07-26…2024-07-27): щука, окунь.", "method": "Спиннинг", "src": "Telegram: Отчёты Рыбалка СПб", "srcd": "Telegram: Отчёты Рыбалка СПб (@fishingspb1)", "url": "https://t.me/fishingspb1/25874", "sid": "25848; 25874", "raw": "https://yandex.ru/maps?whatshere[point]=31.03425419274569,59.95876603738812&wha…", "agent": "social_reports", "season": "open_water", "dist": 71.8, "zone": "ext", "sector": "Шлиссельбург / бухта Петрокрепость"}}, {"type": "Feature", "geometry": {"type": "Point", "coordinates": [32.07446, 60.27142]}, "properties": {"kind": "fishing", "cls": "C", "prec": 1500, "fish": ["Судак", "Щука", "Окунь"], "date": "2024-07-27", "title": "Варецкие банки (метка канала)", "comment": "Метка «На карте» канала-агрегатора к отчёту (2024-07-27): судак, щука, окунь.", "method": "Троллинг", "src": "Telegram: Отчёты Рыбалка СПб", "srcd": "Telegram: Отчёты Рыбалка СПб (@fishingspb1)", "url": "https://t.me/fishingspb1/25980", "sid": "25980", "raw": "https://yandex.ru/maps?whatshere[point]=32.074456002363355,60.27141856096346&wh…", "agent": "social_reports", "season": "open_water", "dist": 22.2, "zone": "core", "sector": "о. Птинов"}}, {"type": "Feature", "geometry": {"type": "Point", "coordinates": [32.34227, 60.04162]}, "properties": {"kind": "fishing", "cls": "C", "prec": 700, "fish": ["Лещ", "Густера", "Линь"], "date": "2026-08-31", "title": "Поляша (метка канала)", "comment": "Метка «На карте» канала-агрегатора к 5 отчётам (2024-08-01…2026-08-31): лещ, густера, линь.", "method": "Фидер", "catch": "линьчиков 600 гр", "src": "Telegram: Отчёты Рыбалка СПб", "srcd": "Telegram: Отчёты Рыбалка СПб (@fishingspb1)", "url": "https://t.me/fishingspb1/64221", "sid": "26178; 29255; 29602; 29805; 64221", "raw": "https://yandex.ru/maps?ol=geo&text=деревня Поляша&sll=32.342270,60.041624&sspn=…", "agent": "social_reports", "season": "open_water", "dist": 7.4, "zone": "core", "sector": "Нижний Волхов"}}, {"type": "Feature", "geometry": {"type": "Point", "coordinates": [31.61788, 60.14156]}, "properties": {"kind": "fishing", "cls": "C", "prec": 700, "fish": ["Щука", "Окунь", "Плотва"], "date": "2026-07-09", "title": "Чёрное (метка канала)", "comment": "Метка «На карте» канала-агрегатора к 12 отчётам (2024-07-31…2026-07-09): щука, окунь, плотва.", "method": "Спиннинг, Троллинг, Зимний спиннинг, Жерлицы", "src": "Telegram: Отчёты Рыбалка СПб", "srcd": "Telegram: Отчёты Рыбалка СПб (@fishingspb1)", "url": "https://t.me/fishingspb1/61627", "sid": "26195; 29881; 33456; 34489; 34497; 34837; 34966; 35600; 36360; 40480; 49519; 61627", "raw": "https://yandex.ru/maps?whatshere[point]=31.617877291015024,60.14156410183707&wh…", "agent": "social_reports", "season": "ice", "dist": 37.7, "zone": "core", "sector": "Кобона / южный берег"}}, {"type": "Feature", "geometry": {"type": "Point", "coordinates": [32.84542, 60.52931]}, "properties": {"kind": "fishing", "cls": "C", "prec": 1500, "fish": ["Судак", "Щука"], "date": "2024-08-04", "title": "Свирица (метка канала)", "comment": "Метка «На карте» канала-агрегатора к отчёту (2024-08-04): судак, щука.", "depth": "5–9 м", "method": "Троллинг", "src": "Telegram: Отчёты Рыбалка СПб", "srcd": "Telegram: Отчёты Рыбалка СПб (@fishingspb1)", "url": "https://t.me/fishingspb1/26348", "sid": "26348", "raw": "https://yandex.ru/maps?whatshere[point]=32.84541880286662,60.52931297799171&wha…", "agent": "social_reports", "season": "open_water", "dist": 56.2, "zone": "ext", "sector": "Свирская губа / устье Свири"}}, {"type": "Feature", "geometry": {"type": "Point", "coordinates": [31.97083, 60.22012]}, "properties": {"kind": "fishing", "cls": "C", "prec": 700, "fish": ["Окунь", "Щука", "Лещ"], "date": "2026-08-28", "title": "Дубно (метка канала)", "comment": "Метка «На карте» канала-агрегатора к 7 отчётам (2024-08-08…2026-08-28): окунь, щука, лещ.", "depth": "3–4.5 м", "method": "Спиннинг, Зимний спиннинг, Зимняя удочка", "src": "Telegram: Отчёты Рыбалка СПб", "srcd": "Telegram: Отчёты Рыбалка СПб (@fishingspb1)", "url": "https://t.me/fishingspb1/64020", "sid": "26642; 27477; 36729; 36987; 50876; 53862; 64020", "raw": "https://yandex.ru/maps?ol=geo&text=деревня Дубно&sll=31.970825,60.220117&sspn=0…", "agent": "social_reports", "season": "ice", "dist": 22.1, "zone": "core", "sector": "Дубно"}}, {"type": "Feature", "geometry": {"type": "Point", "coordinates": [31.7111, 60.22055]}, "properties": {"kind": "fishing", "cls": "C", "prec": 700, "fish": ["Судак", "Щука", "Окунь"], "date": "2024-08-16", "title": "метка у Лигово (метка канала)", "comment": "Метка «На карте» канала-агрегатора к отчёту (2024-08-16): судак, щука, окунь.", "depth": "4–6 м", "method": "Троллинг, Спиннинг", "src": "Telegram: Отчёты Рыбалка СПб", "srcd": "Telegram: Отчёты Рыбалка СПб (@fishingspb1)", "url": "https://t.me/fishingspb1/27336", "sid": "27336", "raw": "https://yandex.ru/maps?whatshere[point]=31.711104451200942,60.22055088842945&wh…", "agent": "social_reports", "season": "open_water", "dist": 34.8, "zone": "core", "sector": "Лигово"}}, {"type": "Feature", "geometry": {"type": "Point", "coordinates": [32.32089, 60.01252]}, "properties": {"kind": "fishing", "cls": "C", "prec": 150, "date": "2024-10-02", "title": "Старая Ладога (метка канала)", "comment": "Метка «На карте» канала-агрегатора к отчёту (2024-10-02): улов не указан; указано «точное место».", "method": "Донка", "src": "Telegram: Отчёты Рыбалка СПб", "srcd": "Telegram: Отчёты Рыбалка СПб (@fishingspb1)", "url": "https://t.me/fishingspb1/29472", "sid": "29472", "raw": "https://yandex.ru/maps?whatshere[point]=32.32089329461759,60.012517621997006&wh…", "agent": "social_reports", "season": "open_water", "dist": 10.2, "zone": "core", "sector": "Старая Ладога / Волхов"}}, {"type": "Feature", "geometry": {"type": "Point", "coordinates": [31.38464, 59.99917]}, "properties": {"kind": "fishing", "cls": "C", "prec": 700, "fish": ["Окунь", "Щука", "Плотва"], "date": "2026-02-04", "title": "о-ва Зеленцы (Кобона) (метка канала)", "comment": "Метка «На карте» канала-агрегатора к 13 отчётам (2024-10-03…2026-02-04): окунь, щука, плотва.", "method": "Спиннинг, Троллинг, Зимний спиннинг, Зимняя удочка", "src": "Telegram: Отчёты Рыбалка СПб", "srcd": "Telegram: Отчёты Рыбалка СПб (@fishingspb1)", "url": "https://t.me/fishingspb1/54926", "sid": "29539; 29659; 31199; 35753; 36678; 36834; 37395; 37560; 38302; 48658; 50359; 54391; 54926", "raw": "https://yandex.ru/maps/?ol=geo&text=острова Зеленцы&sll=31.384639,59.999170&ssp…", "agent": "social_reports", "season": "ice", "dist": 51.8, "zone": "core", "sector": "Кобона / южный берег"}}, {"type": "Feature", "geometry": {"type": "Point", "coordinates": [32.31825, 60.01219]}, "properties": {"kind": "fishing", "cls": "C", "prec": 150, "date": "2024-10-17", "title": "Старая Ладога (метка канала)", "comment": "Метка «На карте» канала-агрегатора к отчёту (2024-10-17): улов не указан; указано «точное место».", "method": "Фидер", "src": "Telegram: Отчёты Рыбалка СПб", "srcd": "Telegram: Отчёты Рыбалка СПб (@fishingspb1)", "url": "https://t.me/fishingspb1/30278", "sid": "30278", "raw": "https://yandex.ru/maps?whatshere[point]=32.318245791235455,60.01219159161529&wh…", "agent": "social_reports", "season": "open_water", "dist": 10.3, "zone": "core", "sector": "Старая Ладога / Волхов"}}, {"type": "Feature", "geometry": {"type": "Point", "coordinates": [32.33827, 60.0474]}, "properties": {"kind": "fishing", "cls": "C", "prec": 1500, "date": "2024-10-19", "title": "Поляша (метка канала)", "comment": "Метка «На карте» канала-агрегатора к отчёту (2024-10-19): улов не указан.", "depth": "10–12 м", "method": "Фидер", "src": "Telegram: Отчёты Рыбалка СПб", "srcd": "Telegram: Отчёты Рыбалка СПб (@fishingspb1)", "url": "https://t.me/fishingspb1/30433", "sid": "30433", "raw": "https://yandex.ru/maps?whatshere[point]=32.33826521298636,60.04739829778241&wha…", "agent": "social_reports", "season": "open_water", "dist": 6.7, "zone": "core", "sector": "Нижний Волхов"}}, {"type": "Feature", "geometry": {"type": "Point", "coordinates": [32.33314, 60.07225]}, "properties": {"kind": "fishing", "cls": "C", "prec": 1500, "date": "2024-10-20", "title": "Иссад (метка канала)", "comment": "Метка «На карте» канала-агрегатора к отчёту (2024-10-20): улов не указан.", "method": "Спиннинг", "src": "Telegram: Отчёты Рыбалка СПб", "srcd": "Telegram: Отчёты Рыбалка СПб (@fishingspb1)", "url": "https://t.me/fishingspb1/30616", "sid": "30616", "raw": "https://yandex.ru/maps?whatshere[point]=32.33313683120963,60.07225218855733&wha…", "agent": "social_reports", "season": "open_water", "dist": 4.1, "zone": "core", "sector": "Нижний Волхов"}}, {"type": "Feature", "geometry": {"type": "Point", "coordinates": [32.51458, 60.14215]}, "properties": {"kind": "fishing", "cls": "C", "prec": 700, "fish": ["Окунь", "Лещ", "Плотва"], "date": "2024-10-27", "title": "р. Сясь (метка канала)", "comment": "Метка «На карте» канала-агрегатора к отчёту (2024-10-27): окунь, лещ, плотва.", "method": "Спиннинг, Донка", "src": "Telegram: Отчёты Рыбалка СПб", "srcd": "Telegram: Отчёты Рыбалка СПб (@fishingspb1)", "url": "https://t.me/fishingspb1/30885", "sid": "30885", "raw": "https://yandex.ru/maps?whatshere[point]=32.51458459077597,60.142150951961824&wh…", "agent": "social_reports", "season": "open_water", "dist": 12.9, "zone": "core", "sector": "Устье Сяси / Сясьстрой"}}, {"type": "Feature", "geometry": {"type": "Point", "coordinates": [32.32622, 60.11677]}, "properties": {"kind": "fishing", "cls": "C", "prec": 700, "date": "2024-10-27", "title": "Креницы (метка канала)", "comment": "Метка «На карте» канала-агрегатора к отчёту (2024-10-27): улов не указан.", "method": "Спиннинг", "src": "Telegram: Отчёты Рыбалка СПб", "srcd": "Telegram: Отчёты Рыбалка СПб (@fishingspb1)", "url": "https://t.me/fishingspb1/30940", "sid": "30940", "raw": "https://yandex.ru/maps?whatshere[point]=32.32622111969578,60.116766287680925&wh…", "agent": "social_reports", "season": "open_water", "dist": 2.3, "zone": "core", "sector": "Новая Ладога / устье Волхова"}}, {"type": "Feature", "geometry": {"type": "Point", "coordinates": [31.58215, 59.95005]}, "properties": {"kind": "fishing", "cls": "C", "prec": 700, "fish": ["Окунь"], "date": "2025-02-13", "title": "Лаврово (метка канала)", "comment": "Метка «На карте» канала-агрегатора к 2 отчётам (2024-11-10…2025-02-13): окунь.", "method": "Спиннинг, Зимняя удочка", "src": "Telegram: Отчёты Рыбалка СПб", "srcd": "Telegram: Отчёты Рыбалка СПб (@fishingspb1)", "url": "https://t.me/fishingspb1/37135", "sid": "31779; 37135", "raw": "https://yandex.ru/maps?whatshere[point]=31.582151292165587,59.95004622667475&wh…", "agent": "social_reports", "season": "ice", "dist": 43.1, "zone": "core", "sector": "Кобона / южный берег"}}, {"type": "Feature", "geometry": {"type": "Point", "coordinates": [31.07432, 60.04569]}, "properties": {"kind": "fishing", "cls": "C", "prec": 700, "date": "2024-11-15", "title": "метка у бухта Глубокая / Ганнибаловка (метка канала)", "comment": "Метка «На карте» канала-агрегатора к отчёту (2024-11-15): улов не указан.", "method": "ВАШУ ИСТОРИЮ РЫБАЛКИ мы с радостью опубликуем на канале", "src": "Telegram: Отчёты Рыбалка СПб", "srcd": "Telegram: Отчёты Рыбалка СПб (@fishingspb1)", "url": "https://t.me/fishingspb1/31866", "sid": "31866", "raw": "https://yandex.ru/maps?whatshere[point]=31.074324678899984,60.045686146675145&w…", "agent": "social_reports", "season": "open_water", "dist": 68.0, "zone": "ext", "sector": "Шлиссельбург / бухта Петрокрепость"}}, {"type": "Feature", "geometry": {"type": "Point", "coordinates": [32.76548, 60.43168]}, "properties": {"kind": "fishing", "cls": "C", "prec": 2500, "fish": ["Окунь", "Щука"], "date": "2025-01-19", "title": "Загубье (метка канала)", "comment": "Метка «На карте» канала-агрегатора к 2 отчётам (2024-11-16…2025-01-19): окунь, щука.", "method": "Спиннинг, Зимний спиннинг", "src": "Telegram: Отчёты Рыбалка СПб", "srcd": "Telegram: Отчёты Рыбалка СПб (@fishingspb1)", "url": "https://t.me/fishingspb1/35647", "sid": "32074; 35647", "raw": "https://yandex.ru/maps/?ol=geo&text=деревня Загубье&sll=32.765484,60.431683&ssp…", "agent": "social_reports", "season": "ice", "dist": 44.8, "zone": "core", "sector": "Свирица / Загубская губа"}}, {"type": "Feature", "geometry": {"type": "Point", "coordinates": [31.06531, 59.97553]}, "properties": {"kind": "fishing", "cls": "C", "prec": 700, "fish": ["Окунь", "Щука"], "date": "2026-09-13", "title": "Кошкино (метка канала)", "comment": "Метка «На карте» канала-агрегатора к 2 отчётам (2024-12-15…2026-09-13): окунь, щука.", "method": "Зимний спиннинг, Спиннинг", "src": "Telegram: Отчёты Рыбалка СПб", "srcd": "Telegram: Отчёты Рыбалка СПб (@fishingspb1)", "url": "https://t.me/fishingspb1/64780", "sid": "33893; 64780", "raw": "https://yandex.ru/maps?whatshere[point]=31.06531457660026,59.975526607080376&wh…", "agent": "social_reports", "season": "ice", "dist": 69.7, "zone": "ext", "sector": "Шлиссельбург / бухта Петрокрепость"}}, {"type": "Feature", "geometry": {"type": "Point", "coordinates": [31.5302, 60.07383]}, "properties": {"kind": "fishing", "cls": "C", "prec": 2500, "fish": ["Окунь", "Плотва", "Сиг"], "date": "2026-01-09", "title": "Леднево (метка канала)", "comment": "Метка «На карте» канала-агрегатора к 7 отчётам (2025-01-03…2026-01-09): окунь, плотва, сиг.", "depth": "3–3.5 м", "method": "Зимний спиннинг, Зимняя удочка", "src": "Telegram: Отчёты Рыбалка СПб", "srcd": "Telegram: Отчёты Рыбалка СПб (@fishingspb1)", "url": "https://t.me/fishingspb1/53688", "sid": "34729; 35618; 39040; 39255; 39422; 53481; 53688", "raw": "https://yandex.ru/maps/?ol=geo&text=деревня Леднево&sll=31.530202,60.073831&ssp…", "agent": "social_reports", "season": "ice", "dist": 42.5, "zone": "core", "sector": "Кобона / южный берег"}}, {"type": "Feature", "geometry": {"type": "Point", "coordinates": [31.79952, 60.22318]}, "properties": {"kind": "fishing", "cls": "C", "prec": 2500, "date": "2025-01-05", "title": "Лигово (метка канала)", "comment": "Метка «На карте» канала-агрегатора к отчёту (2025-01-05): улов не указан.", "method": "Зимний спиннинг", "src": "Telegram: Отчёты Рыбалка СПб", "srcd": "Telegram: Отчёты Рыбалка СПб (@fishingspb1)", "url": "https://t.me/fishingspb1/34754", "sid": "34754", "raw": "https://yandex.ru/maps/?ol=geo&text=деревня Лигово&sll=31.799517,60.223183&sspn…", "agent": "social_reports", "season": "ice", "dist": 30.4, "zone": "core", "sector": "Лигово"}}, {"type": "Feature", "geometry": {"type": "Point", "coordinates": [31.55058, 60.02447]}, "properties": {"kind": "fishing", "cls": "C", "prec": 700, "fish": ["Окунь", "Плотва", "Форель", "Корюшка"], "date": "2026-03-15", "title": "Кобона (метка канала)", "comment": "Метка «На карте» канала-агрегатора к 32 отчётам (2025-01-04…2026-03-15): окунь, плотва, форель, корюшка.", "depth": "4.5–6.5 м", "method": "Зимний спиннинг, Зимняя удочка, Балансир", "src": "Telegram: Отчёты Рыбалка СПб", "srcd": "Telegram: Отчёты Рыбалка СПб (@fishingspb1)", "url": "https://t.me/fishingspb1/56463", "sid": "34864; 34875; 34979; 35105; 35612; 35692; 35713; 35742; 35795; 35906; 35934; 35945; 36021; 36026; 36113; 36152; 36311; 36395; 36522; 36763; 37114; 38171; 38776; 38971; 54075; 54082; 54669; 55131; 55216; 55511; 56282; 56463", "raw": "https://yandex.ru/maps?whatshere[point]=31.550575509928784,60.02447278642793&wh…", "agent": "social_reports", "season": "ice", "dist": 42.2, "zone": "core", "sector": "Кобона / южный берег"}}, {"type": "Feature", "geometry": {"type": "Point", "coordinates": [31.04826, 59.9992]}, "properties": {"kind": "fishing", "cls": "C", "prec": 2500, "date": "2026-02-07", "title": "бухта Глубокая / Ганнибаловка (метка канала)", "comment": "Метка «На карте» канала-агрегатора к 2 отчётам (2025-03-15…2026-02-07): улов не указан.", "method": "Жерлицы, Зимняя удочка", "src": "Telegram: Отчёты Рыбалка СПб", "srcd": "Telegram: Отчёты Рыбалка СПб (@fishingspb1)", "url": "https://t.me/fishingspb1/54958", "sid": "38702; 54958", "raw": "https://yandex.ru/maps/?ol=geo&text=деревня Ганнибаловка&sll=31.048256,59.99920…", "agent": "social_reports", "season": "ice", "dist": 70.1, "zone": "ext", "sector": "Шлиссельбург / бухта Петрокрепость"}}, {"type": "Feature", "geometry": {"type": "Point", "coordinates": [32.31938, 60.08222]}, "properties": {"kind": "fishing", "cls": "C", "prec": 1500, "date": "2025-11-03", "title": "Юшково (метка канала)", "comment": "Метка «На карте» канала-агрегатора к отчёту (2025-11-03): улов не указан.", "method": "Фидер", "src": "Telegram: Отчёты Рыбалка СПб", "srcd": "Telegram: Отчёты Рыбалка СПб (@fishingspb1)", "url": "https://t.me/fishingspb1/51077", "sid": "51077", "raw": "https://yandex.ru/maps?whatshere[point]=32.319377747179395,60.08222179042687&wh…", "agent": "social_reports", "season": "open_water", "dist": 2.8, "zone": "core", "sector": "Нижний Волхов"}}, {"type": "Feature", "geometry": {"type": "Point", "coordinates": [32.3149, 60.09179]}, "properties": {"kind": "fishing", "cls": "C", "prec": 1500, "fish": ["Лещ", "Густера"], "date": "2025-11-16", "title": "р. Волхов: Куршавель↔️Воинская часть (метка канала)", "comment": "Метка «На карте» канала-агрегатора к отчёту (2025-11-16): подлещик, густера.", "src": "Telegram: Отчёты Рыбалка СПб", "srcd": "Telegram: Отчёты Рыбалка СПб (@fishingspb1)", "url": "https://t.me/fishingspb1/51546", "sid": "51546", "raw": "https://yandex.ru/navi?whatshere[point]=32.31489632757135,60.091791880778345&wh…", "agent": "social_reports", "season": "open_water", "dist": 1.8, "zone": "core", "sector": "Нижний Волхов"}}, {"type": "Feature", "geometry": {"type": "Point", "coordinates": [32.34528, 60.05194]}, "properties": {"kind": "fishing", "cls": "C", "prec": 1500, "fish": ["Лещ", "Линь"], "date": "2026-08-20", "title": "метка у Иссад (метка канала)", "comment": "Метка «На карте» канала-агрегатора к отчёту (2026-08-20): лещ, линь.", "method": "Фидер", "src": "Telegram: Отчёты Рыбалка СПб", "srcd": "Telegram: Отчёты Рыбалка СПб (@fishingspb1)", "url": "https://t.me/fishingspb1/63511", "sid": "63511", "raw": "https://yandex.ru/maps?whatshere[zoom]=15&whatshere[point]=32.345281,60.051940&…", "agent": "social_reports", "season": "open_water", "dist": 6.4, "zone": "core", "sector": "Нижний Волхов"}}, {"type": "Feature", "geometry": {"type": "Point", "coordinates": [31.181562, 59.92882]}, "properties": {"kind": "hazard", "cls": "B", "prec": 500, "date": "2024-07-29", "title": "Опрокидывание лодки при волне — бухта Петрокрепость", "comment": "Небольшая ПВХ-лодка с мотором перевернулась при усилении ветра и волны после выхода из Новоладожского канала; точка указана автором как приблизительная.", "src": "Telegram: @damfishspb", "srcd": "Telegram: @damfishspb (Рыбалка СПб)", "url": "https://t.me/damfishspb/2109", "sid": "2109", "raw": "Примерно здесь перевернулись ... 59.928820, 31.181562", "agent": "social_reports", "season": "open_water", "dist": 64.8, "zone": "ext", "sector": "Шлиссельбург / бухта Петрокрепость"}}, {"type": "Feature", "geometry": {"type": "Point", "coordinates": [31.562589, 60.084945]}, "properties": {"kind": "fishing", "cls": "A", "prec": 20, "fish": ["Окунь"], "date": "2024-01-28", "title": "Ладожское озеро, район Леднёво", "comment": "глубина 2.5 м", "depth": "2.5 м", "src": "Telegram: Рыболовная сводка СПб", "srcd": "Telegram @rybalka_spb_lenoblasti", "url": "https://t.me/rybalka_spb_lenoblasti/257", "sid": "https://t.me/rybalka_spb_lenoblasti/257", "agent": "social_reports", "season": "ice", "dist": 40.6, "zone": "core", "sector": "Кобона / южный берег"}}, {"type": "Feature", "geometry": {"type": "Point", "coordinates": [32.914847, 60.483699]}, "properties": {"kind": "fishing", "cls": "A", "prec": 20, "fish": ["Щука"], "date": "2024-01-29", "title": "Река Свирь, Свирица", "comment": "жерлицы", "method": "жерлицы", "src": "Telegram: Рыболовная сводка СПб", "srcd": "Telegram @rybalka_spb_lenoblasti", "url": "https://t.me/rybalka_spb_lenoblasti/265", "sid": "https://t.me/rybalka_spb_lenoblasti/265", "agent": "social_reports", "season": "ice", "dist": 54.4, "zone": "core", "sector": "Свирская губа / устье Свири"}}, {"type": "Feature", "geometry": {"type": "Point", "coordinates": [31.031191, 59.946562]}, "properties": {"kind": "fishing", "cls": "A", "prec": 20, "fish": ["Щука"], "date": "2024-02-01", "title": "Река Нева", "comment": "Отчёт с координатами места ловли.", "src": "Telegram: Рыболовная сводка СПб", "srcd": "Telegram @rybalka_spb_lenoblasti", "url": "https://t.me/rybalka_spb_lenoblasti/369", "sid": "https://t.me/rybalka_spb_lenoblasti/369", "agent": "social_reports", "season": "ice", "dist": 72.3, "zone": "ext", "sector": "Шлиссельбург / бухта Петрокрепость"}}, {"type": "Feature", "geometry": {"type": "Point", "coordinates": [32.914847, 60.483699]}, "properties": {"kind": "fishing", "cls": "A", "prec": 20, "fish": ["Налим"], "date": "2024-02-01", "title": "Река Свирь", "comment": "Отчёт с координатами места ловли.", "src": "Telegram: Рыболовная сводка СПб", "srcd": "Telegram @rybalka_spb_lenoblasti", "url": "https://t.me/rybalka_spb_lenoblasti/373", "sid": "https://t.me/rybalka_spb_lenoblasti/373", "agent": "social_reports", "season": "ice", "dist": 54.4, "zone": "core", "sector": "Свирская губа / устье Свири"}}, {"type": "Feature", "geometry": {"type": "Point", "coordinates": [32.635071, 60.276513]}, "properties": {"kind": "fishing", "cls": "A", "prec": 20, "fish": ["Окунь"], "date": "2024-02-03", "title": "Ладожское озеро", "comment": "Отчёт с координатами места ловли.", "src": "Telegram: Рыболовная сводка СПб", "srcd": "Telegram @rybalka_spb_lenoblasti", "url": "https://t.me/rybalka_spb_lenoblasti/410", "sid": "https://t.me/rybalka_spb_lenoblasti/410", "agent": "social_reports", "season": "ice", "dist": 26.9, "zone": "core", "sector": "Вороново"}}, {"type": "Feature", "geometry": {"type": "Point", "coordinates": [31.971296, 60.220069]}, "properties": {"kind": "fishing", "cls": "A", "prec": 20, "fish": ["Щука", "Окунь"], "date": "2024-02-06", "title": "Ладожское озеро", "comment": "жерлицы", "method": "жерлицы", "src": "Telegram: Рыболовная сводка СПб", "srcd": "Telegram @rybalka_spb_lenoblasti", "url": "https://t.me/rybalka_spb_lenoblasti/559", "sid": "https://t.me/rybalka_spb_lenoblasti/559", "agent": "social_reports", "season": "ice", "dist": 22.0, "zone": "core", "sector": "Дубно"}}, {"type": "Feature", "geometry": {"type": "Point", "coordinates": [31.971296, 60.220069]}, "properties": {"kind": "fishing", "cls": "A", "prec": 20, "fish": ["Окунь", "Карась"], "date": "2024-02-10", "title": "Ладожское озеро", "comment": "блесна", "method": "блесна", "src": "Telegram: Рыболовная сводка СПб", "srcd": "Telegram @rybalka_spb_lenoblasti", "url": "https://t.me/rybalka_spb_lenoblasti/658", "sid": "https://t.me/rybalka_spb_lenoblasti/658", "agent": "social_reports", "season": "ice", "dist": 22.0, "zone": "core", "sector": "Дубно"}}, {"type": "Feature", "geometry": {"type": "Point", "coordinates": [32.887587, 60.476832]}, "properties": {"kind": "fishing", "cls": "A", "prec": 20, "fish": ["Окунь"], "date": "2024-02-11", "title": "Река Свирь", "comment": "Отчёт с координатами места ловли.", "src": "Telegram: Рыболовная сводка СПб", "srcd": "Telegram @rybalka_spb_lenoblasti", "url": "https://t.me/rybalka_spb_lenoblasti/757", "sid": "https://t.me/rybalka_spb_lenoblasti/757", "agent": "social_reports", "season": "ice", "dist": 52.8, "zone": "core", "sector": "Свирская губа / устье Свири"}}, {"type": "Feature", "geometry": {"type": "Point", "coordinates": [31.786865, 60.226984]}, "properties": {"kind": "fishing", "cls": "A", "prec": 20, "fish": ["Окунь"], "date": "2024-02-14", "title": "Ладожское озеро", "comment": "Отчёт с координатами места ловли.", "src": "Telegram: Рыболовная сводка СПб", "srcd": "Telegram @rybalka_spb_lenoblasti", "url": "https://t.me/rybalka_spb_lenoblasti/769", "sid": "https://t.me/rybalka_spb_lenoblasti/769", "agent": "social_reports", "season": "ice", "dist": 31.2, "zone": "core", "sector": "Лигово"}}, {"type": "Feature", "geometry": {"type": "Point", "coordinates": [31.786865, 60.226984]}, "properties": {"kind": "fishing", "cls": "A", "prec": 20, "fish": ["Окунь"], "date": "2024-02-15", "title": "Ладожское озеро. Лигово", "comment": "блесна, со льда", "method": "блесна, со льда", "src": "Telegram: Рыболовная сводка СПб", "srcd": "Telegram @rybalka_spb_lenoblasti", "url": "https://t.me/rybalka_spb_lenoblasti/793", "sid": "https://t.me/rybalka_spb_lenoblasti/793", "agent": "social_reports", "season": "ice", "dist": 31.2, "zone": "core", "sector": "Лигово"}}, {"type": "Feature", "geometry": {"type": "Point", "coordinates": [31.786865, 60.226984]}, "properties": {"kind": "fishing", "cls": "A", "prec": 20, "fish": ["Окунь"], "date": "2024-02-15", "title": "Ладожское озеро. Лигово", "comment": "со льда", "method": "со льда", "src": "Telegram: Рыболовная сводка СПб", "srcd": "Telegram @rybalka_spb_lenoblasti", "url": "https://t.me/rybalka_spb_lenoblasti/850", "sid": "https://t.me/rybalka_spb_lenoblasti/850", "agent": "social_reports", "season": "ice", "dist": 31.2, "zone": "core", "sector": "Лигово"}}, {"type": "Feature", "geometry": {"type": "Point", "coordinates": [31.886959, 60.211084]}, "properties": {"kind": "fishing", "cls": "A", "prec": 20, "fish": ["Окунь"], "date": "2024-02-16", "title": "Ладожское озеро", "comment": "Отчёт с координатами места ловли.", "src": "Telegram: Рыболовная сводка СПб", "srcd": "Telegram @rybalka_spb_lenoblasti", "url": "https://t.me/rybalka_spb_lenoblasti/842", "sid": "https://t.me/rybalka_spb_lenoblasti/842", "agent": "social_reports", "season": "ice", "dist": 25.5, "zone": "core", "sector": "Дубно"}}, {"type": "Feature", "geometry": {"type": "Point", "coordinates": [31.971296, 60.220069]}, "properties": {"kind": "fishing", "cls": "A", "prec": 20, "fish": ["Окунь"], "date": "2024-02-17", "title": "Ладожское озеро", "comment": "Отчёт с координатами места ловли.", "src": "Telegram: Рыболовная сводка СПб", "srcd": "Telegram @rybalka_spb_lenoblasti", "url": "https://t.me/rybalka_spb_lenoblasti/870", "sid": "https://t.me/rybalka_spb_lenoblasti/870", "agent": "social_reports", "season": "ice", "dist": 22.0, "zone": "core", "sector": "Дубно"}}, {"type": "Feature", "geometry": {"type": "Point", "coordinates": [31.971296, 60.220069]}, "properties": {"kind": "fishing", "cls": "A", "prec": 20, "fish": ["Окунь"], "date": "2024-02-21", "title": "Ладожское озеро", "comment": "Отчёт с координатами места ловли.", "src": "Telegram: Рыболовная сводка СПб", "srcd": "Telegram @rybalka_spb_lenoblasti", "url": "https://t.me/rybalka_spb_lenoblasti/995", "sid": "https://t.me/rybalka_spb_lenoblasti/995", "agent": "social_reports", "season": "ice", "dist": 22.0, "zone": "core", "sector": "Дубно"}}, {"type": "Feature", "geometry": {"type": "Point", "coordinates": [32.635071, 60.276513]}, "properties": {"kind": "fishing", "cls": "A", "prec": 20, "fish": ["Окунь"], "date": "2024-02-23", "title": "Ладожское озеро, Вороново", "comment": "балансир", "method": "балансир", "src": "Telegram: Рыболовная сводка СПб", "srcd": "Telegram @rybalka_spb_lenoblasti", "url": "https://t.me/rybalka_spb_lenoblasti/1035", "sid": "https://t.me/rybalka_spb_lenoblasti/1035", "agent": "social_reports", "season": "ice", "dist": 26.9, "zone": "core", "sector": "Вороново"}}, {"type": "Feature", "geometry": {"type": "Point", "coordinates": [31.41048, 59.990967]}, "properties": {"kind": "fishing", "cls": "A", "prec": 20, "fish": ["Окунь"], "date": "2024-02-24", "title": "Ладожское озеро. Зеленцы", "comment": "окунь 425 гр; балансир, блесна, со льда", "method": "балансир, блесна, со льда", "catch": "окунь 425 гр", "src": "Telegram: Рыболовная сводка СПб", "srcd": "Telegram @rybalka_spb_lenoblasti", "url": "https://t.me/rybalka_spb_lenoblasti/1093", "sid": "https://t.me/rybalka_spb_lenoblasti/1093", "agent": "social_reports", "season": "ice", "dist": 50.6, "zone": "core", "sector": "Кобона / южный берег"}}, {"type": "Feature", "geometry": {"type": "Point", "coordinates": [32.596487, 60.338497]}, "properties": {"kind": "fishing", "cls": "A", "prec": 20, "fish": ["Окунь"], "date": "2024-02-27", "title": "Ладожское озеро", "comment": "Отчёт с координатами места ловли.", "src": "Telegram: Рыболовная сводка СПб", "srcd": "Telegram @rybalka_spb_lenoblasti", "url": "https://t.me/rybalka_spb_lenoblasti/1157", "sid": "https://t.me/rybalka_spb_lenoblasti/1157", "agent": "social_reports", "season": "ice", "dist": 31.0, "zone": "core", "sector": "Вороново"}}, {"type": "Feature", "geometry": {"type": "Point", "coordinates": [31.348191, 59.901493]}, "properties": {"kind": "fishing", "cls": "A", "prec": 20, "fish": ["Щука"], "date": "2024-03-02", "title": "Новоладожский канал, Назия", "comment": "Отчёт с координатами места ловли.", "src": "Telegram: Рыболовная сводка СПб", "srcd": "Telegram @rybalka_spb_lenoblasti", "url": "https://t.me/rybalka_spb_lenoblasti/1222", "sid": "https://t.me/rybalka_spb_lenoblasti/1222", "agent": "social_reports", "season": "ice", "dist": 57.2, "zone": "ext", "sector": "Шлиссельбург / бухта Петрокрепость"}}, {"type": "Feature", "geometry": {"type": "Point", "coordinates": [32.302437, 59.991468]}, "properties": {"kind": "fishing", "cls": "A", "prec": 20, "date": "2024-03-08", "title": "река Волхов", "comment": "Отчёт с координатами места ловли.", "src": "Telegram: Рыболовная сводка СПб", "srcd": "Telegram @rybalka_spb_lenoblasti", "url": "https://t.me/rybalka_spb_lenoblasti/1433", "sid": "https://t.me/rybalka_spb_lenoblasti/1433", "agent": "social_reports", "season": "ice", "dist": 12.5, "zone": "core", "sector": "Старая Ладога / Волхов"}}, {"type": "Feature", "geometry": {"type": "Point", "coordinates": [31.57948, 59.948203]}, "properties": {"kind": "fishing", "cls": "A", "prec": 20, "fish": ["Щука", "Окунь"], "date": "2024-03-17", "title": "Ладожское озеро, Лаврово", "comment": "сом 300 гр; 6 шт; жерлицы", "method": "жерлицы", "catch": "сом 300 гр; 6 шт", "src": "Telegram: Рыболовная сводка СПб", "srcd": "Telegram @rybalka_spb_lenoblasti", "url": "https://t.me/rybalka_spb_lenoblasti/1648", "sid": "https://t.me/rybalka_spb_lenoblasti/1648", "agent": "social_reports", "season": "ice", "dist": 43.3, "zone": "core", "sector": "Кобона / южный берег"}}, {"type": "Feature", "geometry": {"type": "Point", "coordinates": [31.562589, 60.084945]}, "properties": {"kind": "fishing", "cls": "A", "prec": 20, "fish": ["Окунь", "Плотва"], "date": "2024-03-18", "title": "Ладожское озеро, район Леднёво", "comment": "со льда", "method": "со льда", "src": "Telegram: Рыболовная сводка СПб", "srcd": "Telegram @rybalka_spb_lenoblasti", "url": "https://t.me/rybalka_spb_lenoblasti/1728", "sid": "https://t.me/rybalka_spb_lenoblasti/1728", "agent": "social_reports", "season": "ice", "dist": 40.6, "zone": "core", "sector": "Кобона / южный берег"}}, {"type": "Feature", "geometry": {"type": "Point", "coordinates": [31.562589, 60.084945]}, "properties": {"kind": "fishing", "cls": "A", "prec": 20, "fish": ["Плотва"], "date": "2024-03-23", "title": "Ладожское озеро, Леднёво", "comment": "со льда", "method": "со льда", "src": "Telegram: Рыболовная сводка СПб", "srcd": "Telegram @rybalka_spb_lenoblasti", "url": "https://t.me/rybalka_spb_lenoblasti/1824", "sid": "https://t.me/rybalka_spb_lenoblasti/1824", "agent": "social_reports", "season": "ice", "dist": 40.6, "zone": "core", "sector": "Кобона / южный берег"}}, {"type": "Feature", "geometry": {"type": "Point", "coordinates": [31.031662, 59.947835]}, "properties": {"kind": "fishing", "cls": "A", "prec": 20, "fish": ["Плотва", "Густера", "Елец"], "date": "2024-03-29", "title": "Новоладожский канал, Шлиссельбург", "comment": "мормышка", "method": "мормышка", "src": "Telegram: Рыболовная сводка СПб", "srcd": "Telegram @rybalka_spb_lenoblasti", "url": "https://t.me/rybalka_spb_lenoblasti/2004", "sid": "https://t.me/rybalka_spb_lenoblasti/2004", "agent": "social_reports", "season": "open_water", "dist": 72.2, "zone": "ext", "sector": "Шлиссельбург / бухта Петрокрепость"}}, {"type": "Feature", "geometry": {"type": "Point", "coordinates": [32.333023, 60.112319]}, "properties": {"kind": "fishing", "cls": "A", "prec": 20, "fish": ["Лещ"], "date": "2024-03-31", "title": "Река Волхов, Новая Ладога", "comment": "Отчёт с координатами места ловли.", "src": "Telegram: Рыболовная сводка СПб", "srcd": "Telegram @rybalka_spb_lenoblasti", "url": "https://t.me/rybalka_spb_lenoblasti/2091", "sid": "https://t.me/rybalka_spb_lenoblasti/2091", "agent": "social_reports", "season": "ice", "dist": 2.4, "zone": "core", "sector": "Новая Ладога / устье Волхова"}}, {"type": "Feature", "geometry": {"type": "Point", "coordinates": [32.31428, 60.122505]}, "properties": {"kind": "fishing", "cls": "A", "prec": 20, "fish": ["Плотва", "Густера"], "date": "2024-04-01", "title": "Протока Волховец. Новая Ладога", "comment": "со льда", "method": "со льда", "src": "Telegram: Рыболовная сводка СПб", "srcd": "Telegram @rybalka_spb_lenoblasti", "url": "https://t.me/rybalka_spb_lenoblasti/2143", "sid": "https://t.me/rybalka_spb_lenoblasti/2143", "agent": "social_reports", "dist": 2.4, "zone": "core", "sector": "Новая Ладога / устье Волхова"}}, {"type": "Feature", "geometry": {"type": "Point", "coordinates": [31.55574, 60.024288]}, "properties": {"kind": "fishing", "cls": "A", "prec": 20, "fish": ["Плотва"], "date": "2024-04-06", "title": "Староладожский канал", "comment": "Отчёт с координатами места ловли.", "src": "Telegram: Рыболовная сводка СПб", "srcd": "Telegram @rybalka_spb_lenoblasti", "url": "https://t.me/rybalka_spb_lenoblasti/2217", "sid": "https://t.me/rybalka_spb_lenoblasti/2217", "agent": "social_reports", "dist": 41.9, "zone": "core", "sector": "Кобона / южный берег"}}, {"type": "Feature", "geometry": {"type": "Point", "coordinates": [32.314284, 60.122482]}, "properties": {"kind": "fishing", "cls": "A", "prec": 20, "fish": ["Плотва"], "date": "2024-04-07", "title": "Ладожское озеро", "comment": "Отчёт с координатами места ловли.", "src": "Telegram: Рыболовная сводка СПб", "srcd": "Telegram @rybalka_spb_lenoblasti", "url": "https://t.me/rybalka_spb_lenoblasti/2242", "sid": "https://t.me/rybalka_spb_lenoblasti/2242", "agent": "social_reports", "dist": 2.4, "zone": "core", "sector": "Новая Ладога / устье Волхова"}}, {"type": "Feature", "geometry": {"type": "Point", "coordinates": [32.332463, 60.111357]}, "properties": {"kind": "fishing", "cls": "A", "prec": 20, "fish": ["Плотва", "Густера", "Синец"], "date": "2024-04-07", "title": "Река Волхов, Новая Ладога", "comment": "фидер/донка", "method": "фидер/донка", "src": "Telegram: Рыболовная сводка СПб", "srcd": "Telegram @rybalka_spb_lenoblasti", "url": "https://t.me/rybalka_spb_lenoblasti/2270", "sid": "https://t.me/rybalka_spb_lenoblasti/2270", "agent": "social_reports", "season": "open_water", "dist": 2.3, "zone": "core", "sector": "Новая Ладога / устье Волхова"}}, {"type": "Feature", "geometry": {"type": "Point", "coordinates": [31.55574, 60.024288]}, "properties": {"kind": "fishing", "cls": "A", "prec": 20, "fish": ["Краснопёрка"], "date": "2024-04-09", "title": "Староладожский канал", "comment": "Отчёт с координатами места ловли.", "src": "Telegram: Рыболовная сводка СПб", "srcd": "Telegram @rybalka_spb_lenoblasti", "url": "https://t.me/rybalka_spb_lenoblasti/2325", "sid": "https://t.me/rybalka_spb_lenoblasti/2325", "agent": "social_reports", "dist": 41.9, "zone": "core", "sector": "Кобона / южный берег"}}, {"type": "Feature", "geometry": {"type": "Point", "coordinates": [31.555746, 60.024269]}, "properties": {"kind": "fishing", "cls": "A", "prec": 20, "fish": ["Окунь", "Плотва", "Густера"], "date": "2024-04-11", "title": "Новоладожский канал", "comment": "Отчёт с координатами места ловли.", "src": "Telegram: Рыболовная сводка СПб", "srcd": "Telegram @rybalka_spb_lenoblasti", "url": "https://t.me/rybalka_spb_lenoblasti/2386", "sid": "https://t.me/rybalka_spb_lenoblasti/2386", "agent": "social_reports", "season": "open_water", "dist": 41.9, "zone": "core", "sector": "Кобона / южный берег"}}, {"type": "Feature", "geometry": {"type": "Point", "coordinates": [31.975481, 60.222035]}, "properties": {"kind": "fishing", "cls": "A", "prec": 20, "fish": ["Плотва"], "date": "2024-04-13", "title": "Новоладожский канал", "comment": "196 шт", "catch": "196 шт", "src": "Telegram: Рыболовная сводка СПб", "srcd": "Telegram @rybalka_spb_lenoblasti", "url": "https://t.me/rybalka_spb_lenoblasti/2418", "sid": "https://t.me/rybalka_spb_lenoblasti/2418", "agent": "social_reports", "dist": 22.0, "zone": "core", "sector": "Дубно"}}, {"type": "Feature", "geometry": {"type": "Point", "coordinates": [32.30288, 60.011592]}, "properties": {"kind": "fishing", "cls": "A", "prec": 20, "fish": ["Лещ"], "date": "2024-04-13", "title": "Река Волхов, курганы", "comment": "Отчёт с координатами места ловли.", "src": "Telegram: Рыболовная сводка СПб", "srcd": "Telegram @rybalka_spb_lenoblasti", "url": "https://t.me/rybalka_spb_lenoblasti/2433", "sid": "https://t.me/rybalka_spb_lenoblasti/2433", "agent": "social_reports", "dist": 10.3, "zone": "core", "sector": "Старая Ладога / Волхов"}}, {"type": "Feature", "geometry": {"type": "Point", "coordinates": [32.297721, 59.999673]}, "properties": {"kind": "fishing", "cls": "A", "prec": 20, "fish": ["Лещ"], "date": "2024-04-13", "title": "Река Волхов, Старая Ладога", "comment": "лещик 1,9 кг", "catch": "лещик 1,9 кг", "src": "Telegram: Рыболовная сводка СПб", "srcd": "Telegram @rybalka_spb_lenoblasti", "url": "https://t.me/rybalka_spb_lenoblasti/2479", "sid": "https://t.me/rybalka_spb_lenoblasti/2479", "agent": "social_reports", "dist": 11.6, "zone": "core", "sector": "Старая Ладога / Волхов"}}, {"type": "Feature", "geometry": {"type": "Point", "coordinates": [31.348199, 59.901538]}, "properties": {"kind": "fishing", "cls": "A", "prec": 20, "fish": ["Окунь", "Плотва", "Ёрш", "Елец"], "date": "2024-04-13", "title": "Ладожское озеро, Назия", "comment": "Отчёт с координатами места ловли.", "src": "Telegram: Рыболовная сводка СПб", "srcd": "Telegram @rybalka_spb_lenoblasti", "url": "https://t.me/rybalka_spb_lenoblasti/2491", "sid": "https://t.me/rybalka_spb_lenoblasti/2491", "agent": "social_reports", "dist": 57.2, "zone": "ext", "sector": "Шлиссельбург / бухта Петрокрепость"}}, {"type": "Feature", "geometry": {"type": "Point", "coordinates": [32.324771, 60.080843]}, "properties": {"kind": "fishing", "cls": "A", "prec": 20, "fish": ["Густера"], "date": "2024-04-13", "title": "Река Волхов, напротив Юшково", "comment": "Отчёт с координатами места ловли.", "src": "Telegram: Рыболовная сводка СПб", "srcd": "Telegram @rybalka_spb_lenoblasti", "url": "https://t.me/rybalka_spb_lenoblasti/2500", "sid": "https://t.me/rybalka_spb_lenoblasti/2500", "agent": "social_reports", "dist": 3.1, "zone": "core", "sector": "Нижний Волхов"}}, {"type": "Feature", "geometry": {"type": "Point", "coordinates": [32.314284, 60.122482]}, "properties": {"kind": "fishing", "cls": "A", "prec": 20, "fish": ["Щука", "Лещ", "Плотва", "Корюшка"], "date": "2024-04-13", "title": "Ладожское озеро. Креницы", "comment": "поплавок; глубина 1–1.5 м", "depth": "1–1.5 м", "method": "поплавок", "src": "Telegram: Рыболовная сводка СПб", "srcd": "Telegram @rybalka_spb_lenoblasti", "url": "https://t.me/rybalka_spb_lenoblasti/2529", "sid": "https://t.me/rybalka_spb_lenoblasti/2529", "agent": "social_reports", "season": "open_water", "dist": 2.4, "zone": "core", "sector": "Новая Ладога / устье Волхова"}}, {"type": "Feature", "geometry": {"type": "Point", "coordinates": [32.30288, 60.011592]}, "properties": {"kind": "fishing", "cls": "A", "prec": 20, "fish": ["Лещ"], "date": "2024-04-15", "title": "Река Волхов, курганы", "comment": "поплавок", "method": "поплавок", "src": "Telegram: Рыболовная сводка СПб", "srcd": "Telegram @rybalka_spb_lenoblasti", "url": "https://t.me/rybalka_spb_lenoblasti/2552", "sid": "https://t.me/rybalka_spb_lenoblasti/2552", "agent": "social_reports", "season": "open_water", "dist": 10.3, "zone": "core", "sector": "Старая Ладога / Волхов"}}, {"type": "Feature", "geometry": {"type": "Point", "coordinates": [31.55574, 60.024288]}, "properties": {"kind": "fishing", "cls": "A", "prec": 20, "fish": ["Плотва"], "date": "2024-04-16", "title": "Новоладожский канал", "comment": "Отчёт с координатами места ловли.", "src": "Telegram: Рыболовная сводка СПб", "srcd": "Telegram @rybalka_spb_lenoblasti", "url": "https://t.me/rybalka_spb_lenoblasti/2563", "sid": "https://t.me/rybalka_spb_lenoblasti/2563", "agent": "social_reports", "season": "ice", "dist": 41.9, "zone": "core", "sector": "Кобона / южный берег"}}, {"type": "Feature", "geometry": {"type": "Point", "coordinates": [31.614375, 60.137908]}, "properties": {"kind": "fishing", "cls": "A", "prec": 20, "fish": ["Плотва"], "date": "2024-04-16", "title": "Ладожское озеро, д. Чёрное", "comment": "Отчёт с координатами места ловли.", "src": "Telegram: Рыболовная сводка СПб", "srcd": "Telegram @rybalka_spb_lenoblasti", "url": "https://t.me/rybalka_spb_lenoblasti/2594", "sid": "https://t.me/rybalka_spb_lenoblasti/2594", "agent": "social_reports", "season": "open_water", "dist": 37.8, "zone": "core", "sector": "Кобона / южный берег"}}, {"type": "Feature", "geometry": {"type": "Point", "coordinates": [32.330941, 60.108741]}, "properties": {"kind": "fishing", "cls": "A", "prec": 20, "fish": ["Плотва", "Густера", "Карась", "Елец"], "date": "2024-04-16", "title": "Река Волхов, Новая Ладога, д. Немятово", "comment": "поплавок", "method": "поплавок", "src": "Telegram: Рыболовная сводка СПб", "srcd": "Telegram @rybalka_spb_lenoblasti", "url": "https://t.me/rybalka_spb_lenoblasti/2636", "sid": "https://t.me/rybalka_spb_lenoblasti/2636", "agent": "social_reports", "season": "open_water", "dist": 2.1, "zone": "core", "sector": "Новая Ладога / устье Волхова"}}, {"type": "Feature", "geometry": {"type": "Point", "coordinates": [31.614375, 60.137908]}, "properties": {"kind": "fishing", "cls": "A", "prec": 20, "fish": ["Плотва"], "date": "2024-04-18", "title": "Ладожское озеро, д. Чёрное", "comment": "Отчёт с координатами места ловли.", "src": "Telegram: Рыболовная сводка СПб", "srcd": "Telegram @rybalka_spb_lenoblasti", "url": "https://t.me/rybalka_spb_lenoblasti/2661", "sid": "https://t.me/rybalka_spb_lenoblasti/2661", "agent": "social_reports", "dist": 37.8, "zone": "core", "sector": "Кобона / южный берег"}}, {"type": "Feature", "geometry": {"type": "Point", "coordinates": [31.55574, 60.024288]}, "properties": {"kind": "fishing", "cls": "A", "prec": 20, "date": "2024-04-19", "title": "Староладожский канал", "comment": "Отчёт с координатами места ловли.", "src": "Telegram: Рыболовная сводка СПб", "srcd": "Telegram @rybalka_spb_lenoblasti", "url": "https://t.me/rybalka_spb_lenoblasti/2650", "sid": "https://t.me/rybalka_spb_lenoblasti/2650", "agent": "social_reports", "dist": 41.9, "zone": "core", "sector": "Кобона / южный берег"}}, {"type": "Feature", "geometry": {"type": "Point", "coordinates": [32.302901, 60.011516]}, "properties": {"kind": "fishing", "cls": "A", "prec": 20, "fish": ["Лещ", "Синец"], "date": "2024-04-21", "title": "Река Волхов, Курганы", "comment": "Отчёт с координатами места ловли.", "src": "Telegram: Рыболовная сводка СПб", "srcd": "Telegram @rybalka_spb_lenoblasti", "url": "https://t.me/rybalka_spb_lenoblasti/2732", "sid": "https://t.me/rybalka_spb_lenoblasti/2732", "agent": "social_reports", "dist": 10.3, "zone": "core", "sector": "Старая Ладога / Волхов"}}, {"type": "Feature", "geometry": {"type": "Point", "coordinates": [31.981904, 60.226912]}, "properties": {"kind": "fishing", "cls": "A", "prec": 20, "fish": ["Плотва"], "date": "2024-04-21", "title": "Ладожское озеро. Дубно", "comment": "Отчёт с координатами места ловли.", "src": "Telegram: Рыболовная сводка СПб", "srcd": "Telegram @rybalka_spb_lenoblasti", "url": "https://t.me/rybalka_spb_lenoblasti/2770", "sid": "https://t.me/rybalka_spb_lenoblasti/2770", "agent": "social_reports", "dist": 22.0, "zone": "core", "sector": "Дубно"}}, {"type": "Feature", "geometry": {"type": "Point", "coordinates": [31.348191, 59.901493]}, "properties": {"kind": "fishing", "cls": "A", "prec": 20, "fish": ["Плотва"], "date": "2024-04-21", "title": "Новоладожский канал", "comment": "5 шт; фидер/донка, поплавок", "method": "фидер/донка, поплавок", "catch": "5 шт", "src": "Telegram: Рыболовная сводка СПб", "srcd": "Telegram @rybalka_spb_lenoblasti", "url": "https://t.me/rybalka_spb_lenoblasti/2774", "sid": "https://t.me/rybalka_spb_lenoblasti/2774", "agent": "social_reports", "season": "open_water", "dist": 57.2, "zone": "ext", "sector": "Шлиссельбург / бухта Петрокрепость"}}, {"type": "Feature", "geometry": {"type": "Point", "coordinates": [32.637092, 60.27525]}, "properties": {"kind": "fishing", "cls": "A", "prec": 20, "fish": ["Плотва"], "date": "2024-04-24", "title": "Ладожское озеро", "comment": "Отчёт с координатами места ловли.", "src": "Telegram: Рыболовная сводка СПб", "srcd": "Telegram @rybalka_spb_lenoblasti", "url": "https://t.me/rybalka_spb_lenoblasti/2904", "sid": "https://t.me/rybalka_spb_lenoblasti/2904", "agent": "social_reports", "dist": 26.9, "zone": "core", "sector": "Вороново"}}, {"type": "Feature", "geometry": {"type": "Point", "coordinates": [31.55574, 60.024288]}, "properties": {"kind": "fishing", "cls": "A", "prec": 20, "fish": ["Плотва"], "date": "2024-04-24", "title": "Новоладожский канал. Кобона", "comment": "Отчёт с координатами места ловли.", "src": "Telegram: Рыболовная сводка СПб", "srcd": "Telegram @rybalka_spb_lenoblasti", "url": "https://t.me/rybalka_spb_lenoblasti/2933", "sid": "https://t.me/rybalka_spb_lenoblasti/2933", "agent": "social_reports", "dist": 41.9, "zone": "core", "sector": "Кобона / южный берег"}}, {"type": "Feature", "geometry": {"type": "Point", "coordinates": [31.614375, 60.137908]}, "properties": {"kind": "fishing", "cls": "A", "prec": 20, "fish": ["Плотва"], "date": "2024-04-25", "title": "Новоладожский канал, д. Чёрное", "comment": "Отчёт с координатами места ловли.", "src": "Telegram: Рыболовная сводка СПб", "srcd": "Telegram @rybalka_spb_lenoblasti", "url": "https://t.me/rybalka_spb_lenoblasti/2940", "sid": "https://t.me/rybalka_spb_lenoblasti/2940", "agent": "social_reports", "dist": 37.8, "zone": "core", "sector": "Кобона / южный берег"}}, {"type": "Feature", "geometry": {"type": "Point", "coordinates": [32.302901, 60.011516]}, "properties": {"kind": "fishing", "cls": "A", "prec": 20, "fish": ["Синец"], "date": "2024-04-26", "title": "Река Волхов, Курганы", "comment": "поплавок", "method": "поплавок", "src": "Telegram: Рыболовная сводка СПб", "srcd": "Telegram @rybalka_spb_lenoblasti", "url": "https://t.me/rybalka_spb_lenoblasti/2973", "sid": "https://t.me/rybalka_spb_lenoblasti/2973", "agent": "social_reports", "season": "open_water", "dist": 10.3, "zone": "core", "sector": "Старая Ладога / Волхов"}}, {"type": "Feature", "geometry": {"type": "Point", "coordinates": [32.302901, 60.011516]}, "properties": {"kind": "fishing", "cls": "A", "prec": 20, "fish": ["Лещ"], "date": "2024-04-26", "title": "Река Волхов, Курганы", "comment": "фидер/донка, поплавок", "method": "фидер/донка, поплавок", "src": "Telegram: Рыболовная сводка СПб", "srcd": "Telegram @rybalka_spb_lenoblasti", "url": "https://t.me/rybalka_spb_lenoblasti/2997", "sid": "https://t.me/rybalka_spb_lenoblasti/2997", "agent": "social_reports", "season": "open_water", "dist": 10.3, "zone": "core", "sector": "Старая Ладога / Волхов"}}, {"type": "Feature", "geometry": {"type": "Point", "coordinates": [31.089124, 60.014483]}, "properties": {"kind": "fishing", "cls": "A", "prec": 20, "fish": ["Плотва"], "date": "2024-04-29", "title": "Ладожское озеро", "comment": "Отчёт с координатами места ловли.", "src": "Telegram: Рыболовная сводка СПб", "srcd": "Telegram @rybalka_spb_lenoblasti", "url": "https://t.me/rybalka_spb_lenoblasti/3095", "sid": "https://t.me/rybalka_spb_lenoblasti/3095", "agent": "social_reports", "dist": 67.6, "zone": "ext", "sector": "Шлиссельбург / бухта Петрокрепость"}}, {"type": "Feature", "geometry": {"type": "Point", "coordinates": [32.34479, 60.053782]}, "properties": {"kind": "fishing", "cls": "A", "prec": 20, "fish": ["Синец"], "date": "2024-04-29", "title": "Река Волхов, д. Иссад", "comment": "фидер/донка", "method": "фидер/донка", "src": "Telegram: Рыболовная сводка СПб", "srcd": "Telegram @rybalka_spb_lenoblasti", "url": "https://t.me/rybalka_spb_lenoblasti/3099", "sid": "https://t.me/rybalka_spb_lenoblasti/3099", "agent": "social_reports", "season": "open_water", "dist": 6.2, "zone": "core", "sector": "Нижний Волхов"}}, {"type": "Feature", "geometry": {"type": "Point", "coordinates": [32.32236, 60.077029]}, "properties": {"kind": "fishing", "cls": "A", "prec": 20, "fish": ["Плотва", "Карась", "Синец"], "date": "2024-05-01", "title": "Река Волхов, д. Юшково", "comment": "поплавок", "method": "поплавок", "src": "Telegram: Рыболовная сводка СПб", "srcd": "Telegram @rybalka_spb_lenoblasti", "url": "https://t.me/rybalka_spb_lenoblasti/3256", "sid": "https://t.me/rybalka_spb_lenoblasti/3256", "agent": "social_reports", "season": "open_water", "dist": 3.4, "zone": "core", "sector": "Нижний Волхов"}}, {"type": "Feature", "geometry": {"type": "Point", "coordinates": [32.305255, 60.009738]}, "properties": {"kind": "fishing", "cls": "A", "prec": 20, "fish": ["Лещ"], "date": "2024-05-03", "title": "Река Волхов, Курганы", "comment": "лещ 10 кг; фидер/донка, поплавок", "method": "фидер/донка, поплавок", "catch": "лещ 10 кг", "src": "Telegram: Рыболовная сводка СПб", "srcd": "Telegram @rybalka_spb_lenoblasti", "url": "https://t.me/rybalka_spb_lenoblasti/3204", "sid": "https://t.me/rybalka_spb_lenoblasti/3204", "agent": "social_reports", "season": "open_water", "dist": 10.5, "zone": "core", "sector": "Старая Ладога / Волхов"}}, {"type": "Feature", "geometry": {"type": "Point", "coordinates": [32.312476, 60.011965]}, "properties": {"kind": "fishing", "cls": "A", "prec": 20, "fish": ["Плотва", "Густера", "Синец", "Елец"], "date": "2024-05-04", "title": "Река Волхов, Курганы", "comment": "26 шт; 2 шт; 4 шт; поплавок; глубина 1 м", "depth": "1 м", "method": "поплавок", "catch": "26 шт; 2 шт; 4 шт", "src": "Telegram: Рыболовная сводка СПб", "srcd": "Telegram @rybalka_spb_lenoblasti", "url": "https://t.me/rybalka_spb_lenoblasti/3318", "sid": "https://t.me/rybalka_spb_lenoblasti/3318", "agent": "social_reports", "season": "open_water", "dist": 10.3, "zone": "core", "sector": "Старая Ладога / Волхов"}}, {"type": "Feature", "geometry": {"type": "Point", "coordinates": [32.302901, 60.011516]}, "properties": {"kind": "fishing", "cls": "A", "prec": 20, "fish": ["Лещ", "Синец"], "date": "2024-05-09", "title": "Река Волхов, Курганы", "comment": "поплавок", "method": "поплавок", "src": "Telegram: Рыболовная сводка СПб", "srcd": "Telegram @rybalka_spb_lenoblasti", "url": "https://t.me/rybalka_spb_lenoblasti/3485", "sid": "https://t.me/rybalka_spb_lenoblasti/3485", "agent": "social_reports", "season": "open_water", "dist": 10.3, "zone": "core", "sector": "Старая Ладога / Волхов"}}, {"type": "Feature", "geometry": {"type": "Point", "coordinates": [32.32655, 60.116329]}, "properties": {"kind": "fishing", "cls": "A", "prec": 20, "fish": ["Плотва", "Густера"], "date": "2024-05-10", "title": "Река Волхов, Новая Ладога", "comment": "Отчёт с координатами места ловли.", "src": "Telegram: Рыболовная сводка СПб", "srcd": "Telegram @rybalka_spb_lenoblasti", "url": "https://t.me/rybalka_spb_lenoblasti/3606", "sid": "https://t.me/rybalka_spb_lenoblasti/3606", "agent": "social_reports", "season": "open_water", "dist": 2.3, "zone": "core", "sector": "Новая Ладога / устье Волхова"}}, {"type": "Feature", "geometry": {"type": "Point", "coordinates": [32.320909, 60.012505]}, "properties": {"kind": "fishing", "cls": "A", "prec": 20, "fish": ["Лещ"], "date": "2024-05-13", "title": "Река Волхов, Сельцо-Горка", "comment": "Отчёт с координатами места ловли.", "src": "Telegram: Рыболовная сводка СПб", "srcd": "Telegram @rybalka_spb_lenoblasti", "url": "https://t.me/rybalka_spb_lenoblasti/3694", "sid": "https://t.me/rybalka_spb_lenoblasti/3694", "agent": "social_reports", "season": "open_water", "dist": 10.3, "zone": "core", "sector": "Старая Ладога / Волхов"}}, {"type": "Feature", "geometry": {"type": "Point", "coordinates": [31.346023, 59.903018]}, "properties": {"kind": "fishing", "cls": "A", "prec": 20, "fish": ["Лещ", "Плотва"], "date": "2024-05-16", "title": "Новоладожский канал", "comment": "Отчёт с координатами места ловли.", "src": "Telegram: Рыболовная сводка СПб", "srcd": "Telegram @rybalka_spb_lenoblasti", "url": "https://t.me/rybalka_spb_lenoblasti/3825", "sid": "https://t.me/rybalka_spb_lenoblasti/3825", "agent": "social_reports", "season": "open_water", "dist": 57.2, "zone": "ext", "sector": "Шлиссельбург / бухта Петрокрепость"}}, {"type": "Feature", "geometry": {"type": "Point", "coordinates": [31.346023, 59.903018]}, "properties": {"kind": "fishing", "cls": "A", "prec": 20, "fish": ["Лещ"], "date": "2024-05-22", "title": "Новоладожский канал", "comment": "Отчёт с координатами места ловли.", "src": "Telegram: Рыболовная сводка СПб", "srcd": "Telegram @rybalka_spb_lenoblasti", "url": "https://t.me/rybalka_spb_lenoblasti/4065", "sid": "https://t.me/rybalka_spb_lenoblasti/4065", "agent": "social_reports", "season": "open_water", "dist": 57.2, "zone": "ext", "sector": "Шлиссельбург / бухта Петрокрепость"}}, {"type": "Feature", "geometry": {"type": "Point", "coordinates": [32.333066, 60.112429]}, "properties": {"kind": "fishing", "cls": "A", "prec": 20, "fish": ["Окунь", "Жерех"], "date": "2024-05-22", "title": "Река Волхов, Новая Ладога, д. Немятово", "comment": "Отчёт с координатами места ловли.", "src": "Telegram: Рыболовная сводка СПб", "srcd": "Telegram @rybalka_spb_lenoblasti", "url": "https://t.me/rybalka_spb_lenoblasti/4092", "sid": "https://t.me/rybalka_spb_lenoblasti/4092", "agent": "social_reports", "season": "open_water", "dist": 2.4, "zone": "core", "sector": "Новая Ладога / устье Волхова"}}, {"type": "Feature", "geometry": {"type": "Point", "coordinates": [31.037158, 60.165377]}, "properties": {"kind": "fishing", "cls": "A", "prec": 20, "fish": ["Щука"], "date": "2024-05-25", "title": "Река Морье", "comment": "Отчёт с координатами места ловли.", "src": "Telegram: Рыболовная сводка СПб", "srcd": "Telegram @rybalka_spb_lenoblasti", "url": "https://t.me/rybalka_spb_lenoblasti/4142", "sid": "https://t.me/rybalka_spb_lenoblasti/4142", "agent": "social_reports", "season": "open_water", "dist": 69.9, "zone": "ext", "sector": "Осиновец / западный берег"}}, {"type": "Feature", "geometry": {"type": "Point", "coordinates": [31.346023, 59.903018]}, "properties": {"kind": "fishing", "cls": "A", "prec": 20, "fish": ["Лещ"], "date": "2024-05-29", "title": "Новоладожский канал. Назия", "comment": "Отчёт с координатами места ловли.", "src": "Telegram: Рыболовная сводка СПб", "srcd": "Telegram @rybalka_spb_lenoblasti", "url": "https://t.me/rybalka_spb_lenoblasti/4330", "sid": "https://t.me/rybalka_spb_lenoblasti/4330", "agent": "social_reports", "season": "open_water", "dist": 57.2, "zone": "ext", "sector": "Шлиссельбург / бухта Петрокрепость"}}, {"type": "Feature", "geometry": {"type": "Point", "coordinates": [31.033181, 59.958679]}, "properties": {"kind": "fishing", "cls": "A", "prec": 20, "fish": ["Плотва"], "date": "2024-05-31", "title": "Ладожское озеро, п. им. Морозова", "comment": "Отчёт с координатами места ловли.", "src": "Telegram: Рыболовная сводка СПб", "srcd": "Telegram @rybalka_spb_lenoblasti", "url": "https://t.me/rybalka_spb_lenoblasti/4340", "sid": "https://t.me/rybalka_spb_lenoblasti/4340", "agent": "social_reports", "season": "open_water", "dist": 71.9, "zone": "ext", "sector": "Шлиссельбург / бухта Петрокрепость"}}, {"type": "Feature", "geometry": {"type": "Point", "coordinates": [32.333066, 60.112429]}, "properties": {"kind": "fishing", "cls": "A", "prec": 20, "fish": ["Судак"], "date": "2024-05-31", "title": "Река Волхов, Новая Ладога, д. Немятово", "comment": "Отчёт с координатами места ловли.", "src": "Telegram: Рыболовная сводка СПб", "srcd": "Telegram @rybalka_spb_lenoblasti", "url": "https://t.me/rybalka_spb_lenoblasti/4429", "sid": "https://t.me/rybalka_spb_lenoblasti/4429", "agent": "social_reports", "season": "open_water", "dist": 2.4, "zone": "core", "sector": "Новая Ладога / устье Волхова"}}, {"type": "Feature", "geometry": {"type": "Point", "coordinates": [32.344632, 60.053354]}, "properties": {"kind": "fishing", "cls": "A", "prec": 20, "fish": ["Щука"], "date": "2024-06-02", "title": "Река Волхов", "comment": "щука 2,4 кг", "catch": "щука 2,4 кг", "src": "Telegram: Рыболовная сводка СПб", "srcd": "Telegram @rybalka_spb_lenoblasti", "url": "https://t.me/rybalka_spb_lenoblasti/4514", "sid": "https://t.me/rybalka_spb_lenoblasti/4514", "agent": "social_reports", "season": "open_water", "dist": 6.3, "zone": "core", "sector": "Нижний Волхов"}}, {"type": "Feature", "geometry": {"type": "Point", "coordinates": [31.087768, 60.117463]}, "properties": {"kind": "fishing", "cls": "A", "prec": 20, "fish": ["Окунь"], "date": "2024-06-04", "title": "Ладожское озеро", "comment": "поплавок", "method": "поплавок", "src": "Telegram: Рыболовная сводка СПб", "srcd": "Telegram @rybalka_spb_lenoblasti", "url": "https://t.me/rybalka_spb_lenoblasti/4623", "sid": "https://t.me/rybalka_spb_lenoblasti/4623", "agent": "social_reports", "season": "open_water", "dist": 66.9, "zone": "ext", "sector": "Осиновец / западный берег"}}, {"type": "Feature", "geometry": {"type": "Point", "coordinates": [32.313463, 60.092368]}, "properties": {"kind": "fishing", "cls": "A", "prec": 20, "fish": ["Судак"], "date": "2024-06-08", "title": "Река Волхов. Новая Ладога", "comment": "Отчёт с координатами места ловли.", "src": "Telegram: Рыболовная сводка СПб", "srcd": "Telegram @rybalka_spb_lenoblasti", "url": "https://t.me/rybalka_spb_lenoblasti/4783", "sid": "https://t.me/rybalka_spb_lenoblasti/4783", "agent": "social_reports", "season": "open_water", "dist": 1.7, "zone": "core", "sector": "Нижний Волхов"}}, {"type": "Feature", "geometry": {"type": "Point", "coordinates": [31.346023, 59.903018]}, "properties": {"kind": "fishing", "cls": "A", "prec": 20, "fish": ["Лещ"], "date": "2024-06-13", "title": "Новоладожский канал. Назия", "comment": "Отчёт с координатами места ловли.", "src": "Telegram: Рыболовная сводка СПб", "srcd": "Telegram @rybalka_spb_lenoblasti", "url": "https://t.me/rybalka_spb_lenoblasti/4951", "sid": "https://t.me/rybalka_spb_lenoblasti/4951", "agent": "social_reports", "season": "open_water", "dist": 57.2, "zone": "ext", "sector": "Шлиссельбург / бухта Петрокрепость"}}, {"type": "Feature", "geometry": {"type": "Point", "coordinates": [31.066527, 59.975757]}, "properties": {"kind": "fishing", "cls": "A", "prec": 20, "fish": ["Щука", "Окунь", "Язь"], "date": "2024-06-15", "title": "Ладожское озеро, Кошкино", "comment": "щуку 1,5 кг; язя 1 кг; окуней 400 г; спиннинг, блесна", "method": "спиннинг, блесна", "catch": "щуку 1,5 кг; язя 1 кг; окуней 400 г", "src": "Telegram: Рыболовная сводка СПб", "srcd": "Telegram @rybalka_spb_lenoblasti", "url": "https://t.me/rybalka_spb_lenoblasti/5042", "sid": "https://t.me/rybalka_spb_lenoblasti/5042", "agent": "social_reports", "season": "open_water", "dist": 69.6, "zone": "ext", "sector": "Шлиссельбург / бухта Петрокрепость"}}, {"type": "Feature", "geometry": {"type": "Point", "coordinates": [32.915063, 60.483666]}, "properties": {"kind": "fishing", "cls": "A", "prec": 20, "fish": ["Судак"], "date": "2024-06-18", "title": "Река Свирь, Свирица", "comment": "Отчёт с координатами места ловли.", "src": "Telegram: Рыболовная сводка СПб", "srcd": "Telegram @rybalka_spb_lenoblasti", "url": "https://t.me/rybalka_spb_lenoblasti/5265", "sid": "https://t.me/rybalka_spb_lenoblasti/5265", "agent": "social_reports", "season": "open_water", "dist": 54.4, "zone": "core", "sector": "Свирская губа / устье Свири"}}, {"type": "Feature", "geometry": {"type": "Point", "coordinates": [32.318573, 60.12067]}, "properties": {"kind": "fishing", "cls": "A", "prec": 20, "fish": ["Судак"], "date": "2024-06-19", "title": "Ладожское озеро. Креницы", "comment": "троллинг", "method": "троллинг", "src": "Telegram: Рыболовная сводка СПб", "srcd": "Telegram @rybalka_spb_lenoblasti", "url": "https://t.me/rybalka_spb_lenoblasti/5252", "sid": "https://t.me/rybalka_spb_lenoblasti/5252", "agent": "social_reports", "season": "open_water", "dist": 2.3, "zone": "core", "sector": "Новая Ладога / устье Волхова"}}, {"type": "Feature", "geometry": {"type": "Point", "coordinates": [31.032759, 59.957344]}, "properties": {"kind": "fishing", "cls": "A", "prec": 20, "fish": ["Лещ", "Плотва", "Густера"], "date": "2024-06-21", "title": "Река Нева. Шереметьевка", "comment": "густера 200 г", "catch": "густера 200 г", "src": "Telegram: Рыболовная сводка СПб", "srcd": "Telegram @rybalka_spb_lenoblasti", "url": "https://t.me/rybalka_spb_lenoblasti/5287", "sid": "https://t.me/rybalka_spb_lenoblasti/5287", "agent": "social_reports", "season": "open_water", "dist": 71.9, "zone": "ext", "sector": "Шлиссельбург / бухта Петрокрепость"}}, {"type": "Feature", "geometry": {"type": "Point", "coordinates": [32.908795, 60.470737]}, "properties": {"kind": "fishing", "cls": "A", "prec": 20, "fish": ["Окунь"], "date": "2024-06-22", "title": "Река Свирь, Свирица", "comment": "спиннинг, троллинг", "method": "спиннинг, троллинг", "src": "Telegram: Рыболовная сводка СПб", "srcd": "Telegram @rybalka_spb_lenoblasti", "url": "https://t.me/rybalka_spb_lenoblasti/5382", "sid": "https://t.me/rybalka_spb_lenoblasti/5382", "agent": "social_reports", "season": "open_water", "dist": 53.0, "zone": "core", "sector": "Свирская губа / устье Свири"}}, {"type": "Feature", "geometry": {"type": "Point", "coordinates": [32.502462, 60.144188]}, "properties": {"kind": "fishing", "cls": "A", "prec": 20, "fish": ["Судак"], "date": "2024-06-23", "title": "Ладожское озеро, Сясьстрой", "comment": "Отчёт с координатами места ловли.", "src": "Telegram: Рыболовная сводка СПб", "srcd": "Telegram @rybalka_spb_lenoblasti", "url": "https://t.me/rybalka_spb_lenoblasti/5405", "sid": "https://t.me/rybalka_spb_lenoblasti/5405", "agent": "social_reports", "season": "open_water", "dist": 12.4, "zone": "core", "sector": "Устье Сяси / Сясьстрой"}}, {"type": "Feature", "geometry": {"type": "Point", "coordinates": [31.348173, 59.901548]}, "properties": {"kind": "fishing", "cls": "A", "prec": 20, "fish": ["Окунь", "Плотва", "Уклейка"], "date": "2024-06-23", "title": "Ладожское озеро, Назия", "comment": "спиннинг, поплавок, мормышка", "method": "спиннинг, поплавок, мормышка", "src": "Telegram: Рыболовная сводка СПб", "srcd": "Telegram @rybalka_spb_lenoblasti", "url": "https://t.me/rybalka_spb_lenoblasti/5515", "sid": "https://t.me/rybalka_spb_lenoblasti/5515", "agent": "social_reports", "season": "open_water", "dist": 57.2, "zone": "ext", "sector": "Шлиссельбург / бухта Петрокрепость"}}, {"type": "Feature", "geometry": {"type": "Point", "coordinates": [32.313864, 60.122659]}, "properties": {"kind": "fishing", "cls": "A", "prec": 20, "fish": ["Судак"], "date": "2024-06-24", "title": "Ладожское озеро, Креницы", "comment": "Отчёт с координатами места ловли.", "src": "Telegram: Рыболовная сводка СПб", "srcd": "Telegram @rybalka_spb_lenoblasti", "url": "https://t.me/rybalka_spb_lenoblasti/5472", "sid": "https://t.me/rybalka_spb_lenoblasti/5472", "agent": "social_reports", "season": "open_water", "dist": 2.4, "zone": "core", "sector": "Новая Ладога / устье Волхова"}}, {"type": "Feature", "geometry": {"type": "Point", "coordinates": [32.318501, 60.120701]}, "properties": {"kind": "fishing", "cls": "A", "prec": 20, "fish": ["Судак"], "date": "2024-06-24", "title": "Ладожское озеро. Креницы", "comment": "Отчёт с координатами места ловли.", "src": "Telegram: Рыболовная сводка СПб", "srcd": "Telegram @rybalka_spb_lenoblasti", "url": "https://t.me/rybalka_spb_lenoblasti/5550", "sid": "https://t.me/rybalka_spb_lenoblasti/5550", "agent": "social_reports", "season": "open_water", "dist": 2.3, "zone": "core", "sector": "Новая Ладога / устье Волхова"}}, {"type": "Feature", "geometry": {"type": "Point", "coordinates": [32.318501, 60.120701]}, "properties": {"kind": "fishing", "cls": "A", "prec": 20, "fish": ["Судак"], "date": "2024-06-25", "title": "Ладожское озеро. Креницы", "comment": "Отчёт с координатами места ловли.", "src": "Telegram: Рыболовная сводка СПб", "srcd": "Telegram @rybalka_spb_lenoblasti", "url": "https://t.me/rybalka_spb_lenoblasti/5507", "sid": "https://t.me/rybalka_spb_lenoblasti/5507", "agent": "social_reports", "season": "open_water", "dist": 2.3, "zone": "core", "sector": "Новая Ладога / устье Волхова"}}, {"type": "Feature", "geometry": {"type": "Point", "coordinates": [32.313864, 60.122659]}, "properties": {"kind": "fishing", "cls": "A", "prec": 20, "fish": ["Сом"], "date": "2024-06-25", "title": "Ладожское озеро, Креницы", "comment": "троллинг", "method": "троллинг", "src": "Telegram: Рыболовная сводка СПб", "srcd": "Telegram @rybalka_spb_lenoblasti", "url": "https://t.me/rybalka_spb_lenoblasti/5586", "sid": "https://t.me/rybalka_spb_lenoblasti/5586", "agent": "social_reports", "season": "open_water", "dist": 2.4, "zone": "core", "sector": "Новая Ладога / устье Волхова"}}, {"type": "Feature", "geometry": {"type": "Point", "coordinates": [32.502462, 60.144188]}, "properties": {"kind": "fishing", "cls": "A", "prec": 20, "fish": ["Судак"], "date": "2024-06-27", "title": "Ладожское озеро, Сясьстрой", "comment": "Отчёт с координатами места ловли.", "src": "Telegram: Рыболовная сводка СПб", "srcd": "Telegram @rybalka_spb_lenoblasti", "url": "https://t.me/rybalka_spb_lenoblasti/5587", "sid": "https://t.me/rybalka_spb_lenoblasti/5587", "agent": "social_reports", "season": "open_water", "dist": 12.4, "zone": "core", "sector": "Устье Сяси / Сясьстрой"}}, {"type": "Feature", "geometry": {"type": "Point", "coordinates": [32.604802, 60.306736]}, "properties": {"kind": "fishing", "cls": "A", "prec": 20, "fish": ["Судак"], "date": "2024-06-27", "title": "Ладожское озеро. Заостровье", "comment": "Отчёт с координатами места ловли.", "src": "Telegram: Рыболовная сводка СПб", "srcd": "Telegram @rybalka_spb_lenoblasti", "url": "https://t.me/rybalka_spb_lenoblasti/5625", "sid": "https://t.me/rybalka_spb_lenoblasti/5625", "agent": "social_reports", "season": "open_water", "dist": 28.4, "zone": "core", "sector": "Вороново"}}, {"type": "Feature", "geometry": {"type": "Point", "coordinates": [31.550135, 60.022821]}, "properties": {"kind": "fishing", "cls": "A", "prec": 20, "fish": ["Окунь"], "date": "2024-06-28", "title": "Ладожское озеро. Кобона", "comment": "спиннинг, троллинг", "method": "спиннинг, троллинг", "src": "Telegram: Рыболовная сводка СПб", "srcd": "Telegram @rybalka_spb_lenoblasti", "url": "https://t.me/rybalka_spb_lenoblasti/5649", "sid": "https://t.me/rybalka_spb_lenoblasti/5649", "agent": "social_reports", "season": "open_water", "dist": 42.2, "zone": "core", "sector": "Кобона / южный берег"}}, {"type": "Feature", "geometry": {"type": "Point", "coordinates": [32.318501, 60.120701]}, "properties": {"kind": "fishing", "cls": "A", "prec": 20, "fish": ["Судак"], "date": "2024-06-28", "title": "Ладожское озеро. Креницы", "comment": "Отчёт с координатами места ловли.", "src": "Telegram: Рыболовная сводка СПб", "srcd": "Telegram @rybalka_spb_lenoblasti", "url": "https://t.me/rybalka_spb_lenoblasti/5659", "sid": "https://t.me/rybalka_spb_lenoblasti/5659", "agent": "social_reports", "season": "open_water", "dist": 2.3, "zone": "core", "sector": "Новая Ладога / устье Волхова"}}, {"type": "Feature", "geometry": {"type": "Point", "coordinates": [32.318501, 60.120701]}, "properties": {"kind": "fishing", "cls": "A", "prec": 20, "fish": ["Судак"], "date": "2024-06-28", "title": "Ладожское озеро. Волховская губа", "comment": "Отчёт с координатами места ловли.", "src": "Telegram: Рыболовная сводка СПб", "srcd": "Telegram @rybalka_spb_lenoblasti", "url": "https://t.me/rybalka_spb_lenoblasti/5664", "sid": "https://t.me/rybalka_spb_lenoblasti/5664", "agent": "social_reports", "season": "open_water", "dist": 2.3, "zone": "core", "sector": "Новая Ладога / устье Волхова"}}, {"type": "Feature", "geometry": {"type": "Point", "coordinates": [32.318817, 60.120637]}, "properties": {"kind": "fishing", "cls": "A", "prec": 20, "fish": ["Судак", "Сом"], "date": "2024-06-28", "title": "Ладожское озеро, Креницы", "comment": "сомик 12 кг", "catch": "сомик 12 кг", "src": "Telegram: Рыболовная сводка СПб", "srcd": "Telegram @rybalka_spb_lenoblasti", "url": "https://t.me/rybalka_spb_lenoblasti/5671", "sid": "https://t.me/rybalka_spb_lenoblasti/5671", "agent": "social_reports", "season": "open_water", "dist": 2.3, "zone": "core", "sector": "Новая Ладога / устье Волхова"}}, {"type": "Feature", "geometry": {"type": "Point", "coordinates": [31.072117, 60.089101]}, "properties": {"kind": "fishing", "cls": "A", "prec": 20, "fish": ["Щука", "Окунь"], "date": "2024-06-30", "title": "Ладожское озеро, Коккакеро", "comment": "спиннинг", "method": "спиннинг", "src": "Telegram: Рыболовная сводка СПб", "srcd": "Telegram @rybalka_spb_lenoblasti", "url": "https://t.me/rybalka_spb_lenoblasti/5734", "sid": "https://t.me/rybalka_spb_lenoblasti/5734", "agent": "social_reports", "season": "open_water", "dist": 67.8, "zone": "ext", "sector": "Осиновец / западный берег"}}, {"type": "Feature", "geometry": {"type": "Point", "coordinates": [32.318817, 60.120637]}, "properties": {"kind": "fishing", "cls": "A", "prec": 20, "fish": ["Судак"], "date": "2024-07-02", "title": "Ладожское озеро", "comment": "Отчёт с координатами места ловли.", "src": "Telegram: Рыболовная сводка СПб", "srcd": "Telegram @rybalka_spb_lenoblasti", "url": "https://t.me/rybalka_spb_lenoblasti/5816", "sid": "https://t.me/rybalka_spb_lenoblasti/5816", "agent": "social_reports", "season": "open_water", "dist": 2.3, "zone": "core", "sector": "Новая Ладога / устье Волхова"}}, {"type": "Feature", "geometry": {"type": "Point", "coordinates": [32.335374, 60.072219]}, "properties": {"kind": "fishing", "cls": "A", "prec": 20, "fish": ["Щука"], "date": "2024-07-03", "title": "Река Волхов, д. Иссад", "comment": "Отчёт с координатами места ловли.", "src": "Telegram: Рыболовная сводка СПб", "srcd": "Telegram @rybalka_spb_lenoblasti", "url": "https://t.me/rybalka_spb_lenoblasti/5878", "sid": "https://t.me/rybalka_spb_lenoblasti/5878", "agent": "social_reports", "season": "open_water", "dist": 4.2, "zone": "core", "sector": "Нижний Волхов"}}, {"type": "Feature", "geometry": {"type": "Point", "coordinates": [31.614, 60.137999]}, "properties": {"kind": "fishing", "cls": "A", "prec": 20, "fish": ["Судак", "Щука"], "date": "2024-07-05", "title": "Ладожское озеро", "comment": "Отчёт с координатами места ловли.", "src": "Telegram: Рыболовная сводка СПб", "srcd": "Telegram @rybalka_spb_lenoblasti", "url": "https://t.me/rybalka_spb_lenoblasti/5961", "sid": "https://t.me/rybalka_spb_lenoblasti/5961", "agent": "social_reports", "season": "open_water", "dist": 37.9, "zone": "core", "sector": "Кобона / южный берег"}}, {"type": "Feature", "geometry": {"type": "Point", "coordinates": [31.55574, 60.024288]}, "properties": {"kind": "fishing", "cls": "A", "prec": 20, "fish": ["Щука"], "date": "2024-07-07", "title": "Река Кобона", "comment": "Отчёт с координатами места ловли.", "src": "Telegram: Рыболовная сводка СПб", "srcd": "Telegram @rybalka_spb_lenoblasti", "url": "https://t.me/rybalka_spb_lenoblasti/6055", "sid": "https://t.me/rybalka_spb_lenoblasti/6055", "agent": "social_reports", "season": "open_water", "dist": 41.9, "zone": "core", "sector": "Кобона / южный берег"}}, {"type": "Feature", "geometry": {"type": "Point", "coordinates": [32.318614, 60.120708]}, "properties": {"kind": "fishing", "cls": "A", "prec": 20, "fish": ["Судак", "Щука", "Окунь"], "date": "2024-07-08", "title": "Ладожское озеро. Волховская губа", "comment": "спиннинг", "method": "спиннинг", "src": "Telegram: Рыболовная сводка СПб", "srcd": "Telegram @rybalka_spb_lenoblasti", "url": "https://t.me/rybalka_spb_lenoblasti/6101", "sid": "https://t.me/rybalka_spb_lenoblasti/6101", "agent": "social_reports", "season": "open_water", "dist": 2.3, "zone": "core", "sector": "Новая Ладога / устье Волхова"}}, {"type": "Feature", "geometry": {"type": "Point", "coordinates": [32.326657, 60.11649]}, "properties": {"kind": "fishing", "cls": "A", "prec": 20, "fish": ["Краснопёрка"], "date": "2024-07-10", "title": "Река Волхов", "comment": "фидер/донка", "method": "фидер/донка", "src": "Telegram: Рыболовная сводка СПб", "srcd": "Telegram @rybalka_spb_lenoblasti", "url": "https://t.me/rybalka_spb_lenoblasti/6076", "sid": "https://t.me/rybalka_spb_lenoblasti/6076", "agent": "social_reports", "season": "open_water", "dist": 2.3, "zone": "core", "sector": "Новая Ладога / устье Волхова"}}, {"type": "Feature", "geometry": {"type": "Point", "coordinates": [31.80047, 60.227256]}, "properties": {"kind": "fishing", "cls": "A", "prec": 20, "fish": ["Щука", "Окунь"], "date": "2024-07-10", "title": "Ладожское озеро. Лигово", "comment": "Отчёт с координатами места ловли.", "src": "Telegram: Рыболовная сводка СПб", "srcd": "Telegram @rybalka_spb_lenoblasti", "url": "https://t.me/rybalka_spb_lenoblasti/6105", "sid": "https://t.me/rybalka_spb_lenoblasti/6105", "agent": "social_reports", "season": "open_water", "dist": 30.6, "zone": "core", "sector": "Лигово"}}, {"type": "Feature", "geometry": {"type": "Point", "coordinates": [32.915014, 60.483721]}, "properties": {"kind": "fishing", "cls": "A", "prec": 20, "fish": ["Судак"], "date": "2024-07-10", "title": "Река Свирь, Свирица", "comment": "Отчёт с координатами места ловли.", "src": "Telegram: Рыболовная сводка СПб", "srcd": "Telegram @rybalka_spb_lenoblasti", "url": "https://t.me/rybalka_spb_lenoblasti/6112", "sid": "https://t.me/rybalka_spb_lenoblasti/6112", "agent": "social_reports", "season": "open_water", "dist": 54.4, "zone": "core", "sector": "Свирская губа / устье Свири"}}, {"type": "Feature", "geometry": {"type": "Point", "coordinates": [32.332951, 60.074099]}, "properties": {"kind": "fishing", "cls": "A", "prec": 20, "fish": ["Щука", "Сом"], "date": "2024-07-12", "title": "Река Волхов", "comment": "фидер/донка", "method": "фидер/донка", "src": "Telegram: Рыболовная сводка СПб", "srcd": "Telegram @rybalka_spb_lenoblasti", "url": "https://t.me/rybalka_spb_lenoblasti/6190", "sid": "https://t.me/rybalka_spb_lenoblasti/6190", "agent": "social_reports", "season": "open_water", "dist": 3.9, "zone": "core", "sector": "Нижний Волхов"}}, {"type": "Feature", "geometry": {"type": "Point", "coordinates": [31.614, 60.137999]}, "properties": {"kind": "fishing", "cls": "A", "prec": 20, "fish": ["Окунь"], "date": "2024-07-13", "title": "Ладожское озеро", "comment": "Отчёт с координатами места ловли.", "src": "Telegram: Рыболовная сводка СПб", "srcd": "Telegram @rybalka_spb_lenoblasti", "url": "https://t.me/rybalka_spb_lenoblasti/6240", "sid": "https://t.me/rybalka_spb_lenoblasti/6240", "agent": "social_reports", "season": "open_water", "dist": 37.9, "zone": "core", "sector": "Кобона / южный берег"}}, {"type": "Feature", "geometry": {"type": "Point", "coordinates": [32.79917, 60.50371]}, "properties": {"kind": "fishing", "cls": "A", "prec": 20, "fish": ["Окунь"], "date": "2024-07-14", "title": "Река Свирь. Свирица", "comment": "Отчёт с координатами места ловли.", "src": "Telegram: Рыболовная сводка СПб", "srcd": "Telegram @rybalka_spb_lenoblasti", "url": "https://t.me/rybalka_spb_lenoblasti/6282", "sid": "https://t.me/rybalka_spb_lenoblasti/6282", "agent": "social_reports", "season": "open_water", "dist": 52.5, "zone": "core", "sector": "Свирская губа / устье Свири"}}, {"type": "Feature", "geometry": {"type": "Point", "coordinates": [32.344237, 60.051404]}, "properties": {"kind": "fishing", "cls": "A", "prec": 20, "fish": ["Сом"], "date": "2024-07-16", "title": "Река Волхов, д. Иссад", "comment": "Отчёт с координатами места ловли.", "src": "Telegram: Рыболовная сводка СПб", "srcd": "Telegram @rybalka_spb_lenoblasti", "url": "https://t.me/rybalka_spb_lenoblasti/6245", "sid": "https://t.me/rybalka_spb_lenoblasti/6245", "agent": "social_reports", "season": "open_water", "dist": 6.4, "zone": "core", "sector": "Нижний Волхов"}}, {"type": "Feature", "geometry": {"type": "Point", "coordinates": [32.318817, 60.120637]}, "properties": {"kind": "fishing", "cls": "A", "prec": 20, "fish": ["Судак"], "date": "2024-07-17", "title": "Ладожское озеро", "comment": "Отчёт с координатами места ловли.", "src": "Telegram: Рыболовная сводка СПб", "srcd": "Telegram @rybalka_spb_lenoblasti", "url": "https://t.me/rybalka_spb_lenoblasti/6387", "sid": "https://t.me/rybalka_spb_lenoblasti/6387", "agent": "social_reports", "season": "open_water", "dist": 2.3, "zone": "core", "sector": "Новая Ладога / устье Волхова"}}, {"type": "Feature", "geometry": {"type": "Point", "coordinates": [32.822446, 60.708781]}, "properties": {"kind": "fishing", "cls": "A", "prec": 20, "fish": ["Судак"], "date": "2024-07-17", "title": "Ладожское озеро. Свирская губа", "comment": "Отчёт с координатами места ловли.", "src": "Telegram: Рыболовная сводка СПб", "srcd": "Telegram @rybalka_spb_lenoblasti", "url": "https://t.me/rybalka_spb_lenoblasti/6400", "sid": "https://t.me/rybalka_spb_lenoblasti/6400", "agent": "social_reports", "season": "open_water", "dist": 73.3, "zone": "ext", "sector": "Свирская губа / устье Свири"}}, {"type": "Feature", "geometry": {"type": "Point", "coordinates": [32.318817, 60.120637]}, "properties": {"kind": "fishing", "cls": "A", "prec": 20, "fish": ["Судак"], "date": "2024-07-17", "title": "Ладожское озеро, Креницы", "comment": "спиннинг", "method": "спиннинг", "src": "Telegram: Рыболовная сводка СПб", "srcd": "Telegram @rybalka_spb_lenoblasti", "url": "https://t.me/rybalka_spb_lenoblasti/6406", "sid": "https://t.me/rybalka_spb_lenoblasti/6406", "agent": "social_reports", "season": "open_water", "dist": 2.3, "zone": "core", "sector": "Новая Ладога / устье Волхова"}}, {"type": "Feature", "geometry": {"type": "Point", "coordinates": [32.330066, 60.014207]}, "properties": {"kind": "fishing", "cls": "A", "prec": 20, "fish": ["Лещ", "Густера", "Язь", "Сом", "Синец"], "date": "2024-07-18", "title": "Река Волхов, Горчаковщина", "comment": "Отчёт с координатами места ловли.", "src": "Telegram: Рыболовная сводка СПб", "srcd": "Telegram @rybalka_spb_lenoblasti", "url": "https://t.me/rybalka_spb_lenoblasti/6424", "sid": "https://t.me/rybalka_spb_lenoblasti/6424", "agent": "social_reports", "season": "open_water", "dist": 10.2, "zone": "core", "sector": "Старая Ладога / Волхов"}}, {"type": "Feature", "geometry": {"type": "Point", "coordinates": [31.614, 60.137999]}, "properties": {"kind": "fishing", "cls": "A", "prec": 20, "fish": ["Щука", "Окунь"], "date": "2024-07-18", "title": "Ладожское озеро. Чёрное", "comment": "Отчёт с координатами места ловли.", "src": "Telegram: Рыболовная сводка СПб", "srcd": "Telegram @rybalka_spb_lenoblasti", "url": "https://t.me/rybalka_spb_lenoblasti/6442", "sid": "https://t.me/rybalka_spb_lenoblasti/6442", "agent": "social_reports", "season": "open_water", "dist": 37.9, "zone": "core", "sector": "Кобона / южный берег"}}, {"type": "Feature", "geometry": {"type": "Point", "coordinates": [32.914967, 60.48369]}, "properties": {"kind": "fishing", "cls": "A", "prec": 20, "fish": ["Судак", "Щука"], "date": "2024-07-20", "title": "Ладожское озеро. Свирская губа", "comment": "глубина 6 м", "depth": "6 м", "src": "Telegram: Рыболовная сводка СПб", "srcd": "Telegram @rybalka_spb_lenoblasti", "url": "https://t.me/rybalka_spb_lenoblasti/6528", "sid": "https://t.me/rybalka_spb_lenoblasti/6528", "agent": "social_reports", "season": "open_water", "dist": 54.4, "zone": "core", "sector": "Свирская губа / устье Свири"}}, {"type": "Feature", "geometry": {"type": "Point", "coordinates": [32.914921, 60.483712]}, "properties": {"kind": "fishing", "cls": "A", "prec": 20, "fish": ["Окунь", "Жерех", "Голавль"], "date": "2024-07-21", "title": "Река Свирь. Свирица", "comment": "Отчёт с координатами места ловли.", "src": "Telegram: Рыболовная сводка СПб", "srcd": "Telegram @rybalka_spb_lenoblasti", "url": "https://t.me/rybalka_spb_lenoblasti/6529", "sid": "https://t.me/rybalka_spb_lenoblasti/6529", "agent": "social_reports", "season": "open_water", "dist": 54.4, "zone": "core", "sector": "Свирская губа / устье Свири"}}, {"type": "Feature", "geometry": {"type": "Point", "coordinates": [32.954456, 60.614565]}, "properties": {"kind": "fishing", "cls": "A", "prec": 20, "fish": ["Судак"], "date": "2024-07-21", "title": "Ладожское озеро. Свирская губа", "comment": "Отчёт с координатами места ловли.", "src": "Telegram: Рыболовная сводка СПб", "srcd": "Telegram @rybalka_spb_lenoblasti", "url": "https://t.me/rybalka_spb_lenoblasti/6558", "sid": "https://t.me/rybalka_spb_lenoblasti/6558", "agent": "social_reports", "season": "open_water", "dist": 67.4, "zone": "ext", "sector": "Свирская губа / устье Свири"}}, {"type": "Feature", "geometry": {"type": "Point", "coordinates": [31.614, 60.137999]}, "properties": {"kind": "fishing", "cls": "A", "prec": 20, "fish": ["Щука", "Окунь"], "date": "2024-07-23", "title": "Ладожское озеро", "comment": "Отчёт с координатами места ловли.", "src": "Telegram: Рыболовная сводка СПб", "srcd": "Telegram @rybalka_spb_lenoblasti", "url": "https://t.me/rybalka_spb_lenoblasti/6625", "sid": "https://t.me/rybalka_spb_lenoblasti/6625", "agent": "social_reports", "season": "open_water", "dist": 37.9, "zone": "core", "sector": "Кобона / южный берег"}}, {"type": "Feature", "geometry": {"type": "Point", "coordinates": [32.339582, 60.069416]}, "properties": {"kind": "fishing", "cls": "A", "prec": 20, "fish": ["Судак", "Окунь"], "date": "2024-07-24", "title": "Река Волхов, Иссад", "comment": "фидер/донка", "method": "фидер/донка", "src": "Telegram: Рыболовная сводка СПб", "srcd": "Telegram @rybalka_spb_lenoblasti", "url": "https://t.me/rybalka_spb_lenoblasti/6653", "sid": "https://t.me/rybalka_spb_lenoblasti/6653", "agent": "social_reports", "season": "open_water", "dist": 4.6, "zone": "core", "sector": "Нижний Волхов"}}, {"type": "Feature", "geometry": {"type": "Point", "coordinates": [31.033181, 59.958679]}, "properties": {"kind": "fishing", "cls": "A", "prec": 20, "fish": ["Щука", "Окунь", "Язь"], "date": "2024-07-26", "title": "Ладожское озеро, п. им. Морозова", "comment": "Отчёт с координатами места ловли.", "src": "Telegram: Рыболовная сводка СПб", "srcd": "Telegram @rybalka_spb_lenoblasti", "url": "https://t.me/rybalka_spb_lenoblasti/6711", "sid": "https://t.me/rybalka_spb_lenoblasti/6711", "agent": "social_reports", "season": "open_water", "dist": 71.9, "zone": "ext", "sector": "Шлиссельбург / бухта Петрокрепость"}}, {"type": "Feature", "geometry": {"type": "Point", "coordinates": [31.346023, 59.903018]}, "properties": {"kind": "fishing", "cls": "A", "prec": 20, "fish": ["Окунь"], "date": "2024-07-26", "title": "Новоладожский канал. Назия", "comment": "Отчёт с координатами места ловли.", "src": "Telegram: Рыболовная сводка СПб", "srcd": "Telegram @rybalka_spb_lenoblasti", "url": "https://t.me/rybalka_spb_lenoblasti/6732", "sid": "https://t.me/rybalka_spb_lenoblasti/6732", "agent": "social_reports", "season": "open_water", "dist": 57.2, "zone": "ext", "sector": "Шлиссельбург / бухта Петрокрепость"}}, {"type": "Feature", "geometry": {"type": "Point", "coordinates": [32.914904, 60.483761]}, "properties": {"kind": "fishing", "cls": "A", "prec": 20, "fish": ["Судак"], "date": "2024-07-26", "title": "Ладожское озеро. Свирская губа", "comment": "глубина 5–8 м", "depth": "5–8 м", "src": "Telegram: Рыболовная сводка СПб", "srcd": "Telegram @rybalka_spb_lenoblasti", "url": "https://t.me/rybalka_spb_lenoblasti/6751", "sid": "https://t.me/rybalka_spb_lenoblasti/6751", "agent": "social_reports", "season": "open_water", "dist": 54.4, "zone": "core", "sector": "Свирская губа / устье Свири"}}, {"type": "Feature", "geometry": {"type": "Point", "coordinates": [32.914921, 60.483712]}, "properties": {"kind": "fishing", "cls": "A", "prec": 20, "fish": ["Окунь"], "date": "2024-07-28", "title": "Река Свирь. Свирица", "comment": "Отчёт с координатами места ловли.", "src": "Telegram: Рыболовная сводка СПб", "srcd": "Telegram @rybalka_spb_lenoblasti", "url": "https://t.me/rybalka_spb_lenoblasti/6772", "sid": "https://t.me/rybalka_spb_lenoblasti/6772", "agent": "social_reports", "season": "open_water", "dist": 54.4, "zone": "core", "sector": "Свирская губа / устье Свири"}}, {"type": "Feature", "geometry": {"type": "Point", "coordinates": [31.614, 60.137999]}, "properties": {"kind": "fishing", "cls": "A", "prec": 20, "fish": ["Окунь"], "date": "2024-07-28", "title": "Ладожское озеро, Чёрное", "comment": "Отчёт с координатами места ловли.", "src": "Telegram: Рыболовная сводка СПб", "srcd": "Telegram @rybalka_spb_lenoblasti", "url": "https://t.me/rybalka_spb_lenoblasti/6793", "sid": "https://t.me/rybalka_spb_lenoblasti/6793", "agent": "social_reports", "season": "open_water", "dist": 37.9, "zone": "core", "sector": "Кобона / южный берег"}}, {"type": "Feature", "geometry": {"type": "Point", "coordinates": [32.344461, 60.050757]}, "properties": {"kind": "fishing", "cls": "A", "prec": 20, "fish": ["Лещ"], "date": "2024-07-28", "title": "Река Волхов, д. Иссад", "comment": "мормышка", "method": "мормышка", "src": "Telegram: Рыболовная сводка СПб", "srcd": "Telegram @rybalka_spb_lenoblasti", "url": "https://t.me/rybalka_spb_lenoblasti/6817", "sid": "https://t.me/rybalka_spb_lenoblasti/6817", "agent": "social_reports", "season": "open_water", "dist": 6.5, "zone": "core", "sector": "Нижний Волхов"}}, {"type": "Feature", "geometry": {"type": "Point", "coordinates": [32.318817, 60.120637]}, "properties": {"kind": "fishing", "cls": "A", "prec": 20, "fish": ["Судак", "Щука", "Окунь", "Ёрш"], "date": "2024-07-28", "title": "Ладожское озеро, Креницы", "comment": "глубина 8–10 м", "depth": "8–10 м", "src": "Telegram: Рыболовная сводка СПб", "srcd": "Telegram @rybalka_spb_lenoblasti", "url": "https://t.me/rybalka_spb_lenoblasti/6838", "sid": "https://t.me/rybalka_spb_lenoblasti/6838", "agent": "social_reports", "season": "open_water", "dist": 2.3, "zone": "core", "sector": "Новая Ладога / устье Волхова"}}, {"type": "Feature", "geometry": {"type": "Point", "coordinates": [31.614, 60.137999]}, "properties": {"kind": "fishing", "cls": "A", "prec": 20, "fish": ["Судак"], "date": "2024-07-29", "title": "Ладожское озеро", "comment": "Отчёт с координатами места ловли.", "src": "Telegram: Рыболовная сводка СПб", "srcd": "Telegram @rybalka_spb_lenoblasti", "url": "https://t.me/rybalka_spb_lenoblasti/6846", "sid": "https://t.me/rybalka_spb_lenoblasti/6846", "agent": "social_reports", "season": "open_water", "dist": 37.9, "zone": "core", "sector": "Кобона / южный берег"}}, {"type": "Feature", "geometry": {"type": "Point", "coordinates": [32.344178, 60.048976]}, "properties": {"kind": "fishing", "cls": "A", "prec": 20, "fish": ["Лещ", "Густера"], "date": "2024-08-01", "title": "Река Волхов", "comment": "леща 1,25 кг", "catch": "леща 1,25 кг", "src": "Telegram: Рыболовная сводка СПб", "srcd": "Telegram @rybalka_spb_lenoblasti", "url": "https://t.me/rybalka_spb_lenoblasti/6998", "sid": "https://t.me/rybalka_spb_lenoblasti/6998", "agent": "social_reports", "season": "open_water", "dist": 6.7, "zone": "core", "sector": "Нижний Волхов"}}, {"type": "Feature", "geometry": {"type": "Point", "coordinates": [32.596487, 60.338497]}, "properties": {"kind": "fishing", "cls": "A", "prec": 20, "fish": ["Щука", "Окунь"], "date": "2024-08-04", "title": "Ладожское озеро. Кириково", "comment": "Отчёт с координатами места ловли.", "src": "Telegram: Рыболовная сводка СПб", "srcd": "Telegram @rybalka_spb_lenoblasti", "url": "https://t.me/rybalka_spb_lenoblasti/7173", "sid": "https://t.me/rybalka_spb_lenoblasti/7173", "agent": "social_reports", "season": "open_water", "dist": 31.0, "zone": "core", "sector": "Вороново"}}, {"type": "Feature", "geometry": {"type": "Point", "coordinates": [31.02382, 59.950993]}, "properties": {"kind": "fishing", "cls": "A", "prec": 20, "fish": ["Окунь", "Плотва"], "date": "2024-08-06", "title": "Река Нева. Шереметьевка", "comment": "фидер/донка", "method": "фидер/донка", "src": "Telegram: Рыболовная сводка СПб", "srcd": "Telegram @rybalka_spb_lenoblasti", "url": "https://t.me/rybalka_spb_lenoblasti/7208", "sid": "https://t.me/rybalka_spb_lenoblasti/7208", "agent": "social_reports", "season": "open_water", "dist": 72.6, "zone": "ext", "sector": "Шлиссельбург / бухта Петрокрепость"}}, {"type": "Feature", "geometry": {"type": "Point", "coordinates": [32.344178, 60.048976]}, "properties": {"kind": "fishing", "cls": "A", "prec": 20, "fish": ["Окунь", "Лещ"], "date": "2024-08-10", "title": "Река Волхов. Поляши", "comment": "Отчёт с координатами места ловли.", "src": "Telegram: Рыболовная сводка СПб", "srcd": "Telegram @rybalka_spb_lenoblasti", "url": "https://t.me/rybalka_spb_lenoblasti/7402", "sid": "https://t.me/rybalka_spb_lenoblasti/7402", "agent": "social_reports", "season": "open_water", "dist": 6.7, "zone": "core", "sector": "Нижний Волхов"}}, {"type": "Feature", "geometry": {"type": "Point", "coordinates": [32.500712, 60.277855]}, "properties": {"kind": "fishing", "cls": "A", "prec": 20, "fish": ["Судак"], "date": "2024-08-11", "title": "Ладожское озеро. Волховская губа", "comment": "Отчёт с координатами места ловли.", "src": "Telegram: Рыболовная сводка СПб", "srcd": "Telegram @rybalka_spb_lenoblasti", "url": "https://t.me/rybalka_spb_lenoblasti/7316", "sid": "https://t.me/rybalka_spb_lenoblasti/7316", "agent": "social_reports", "season": "open_water", "dist": 22.5, "zone": "core", "sector": "Вороново"}}, {"type": "Feature", "geometry": {"type": "Point", "coordinates": [31.662426, 60.170946]}, "properties": {"kind": "fishing", "cls": "A", "prec": 20, "fish": ["Щука"], "date": "2024-08-12", "title": "Староладожский канал", "comment": "щука 2,3 кг", "catch": "щука 2,3 кг", "src": "Telegram: Рыболовная сводка СПб", "srcd": "Telegram @rybalka_spb_lenoblasti", "url": "https://t.me/rybalka_spb_lenoblasti/7441", "sid": "https://t.me/rybalka_spb_lenoblasti/7441", "agent": "social_reports", "season": "open_water", "dist": 35.8, "zone": "core", "sector": "Лигово"}}, {"type": "Feature", "geometry": {"type": "Point", "coordinates": [32.344178, 60.048976]}, "properties": {"kind": "fishing", "cls": "A", "prec": 20, "fish": ["Лещ"], "date": "2024-08-14", "title": "Река Волхов", "comment": "Отчёт с координатами места ловли.", "src": "Telegram: Рыболовная сводка СПб", "srcd": "Telegram @rybalka_spb_lenoblasti", "url": "https://t.me/rybalka_spb_lenoblasti/7536", "sid": "https://t.me/rybalka_spb_lenoblasti/7536", "agent": "social_reports", "season": "open_water", "dist": 6.7, "zone": "core", "sector": "Нижний Волхов"}}, {"type": "Feature", "geometry": {"type": "Point", "coordinates": [31.033603, 59.952826]}, "properties": {"kind": "fishing", "cls": "A", "prec": 20, "fish": ["Щука"], "date": "2024-08-16", "title": "Река Нева", "comment": "Отчёт с координатами места ловли.", "src": "Telegram: Рыболовная сводка СПб", "srcd": "Telegram @rybalka_spb_lenoblasti", "url": "https://t.me/rybalka_spb_lenoblasti/7632", "sid": "https://t.me/rybalka_spb_lenoblasti/7632", "agent": "social_reports", "season": "open_water", "dist": 72.0, "zone": "ext", "sector": "Шлиссельбург / бухта Петрокрепость"}}, {"type": "Feature", "geometry": {"type": "Point", "coordinates": [32.344178, 60.048976]}, "properties": {"kind": "fishing", "cls": "A", "prec": 20, "fish": ["Лещ"], "date": "2024-08-20", "title": "Река Волхов. Поляша", "comment": "Отчёт с координатами места ловли.", "src": "Telegram: Рыболовная сводка СПб", "srcd": "Telegram @rybalka_spb_lenoblasti", "url": "https://t.me/rybalka_spb_lenoblasti/7745", "sid": "https://t.me/rybalka_spb_lenoblasti/7745", "agent": "social_reports", "season": "open_water", "dist": 6.7, "zone": "core", "sector": "Нижний Волхов"}}, {"type": "Feature", "geometry": {"type": "Point", "coordinates": [32.630979, 60.554587]}, "properties": {"kind": "fishing", "cls": "A", "prec": 20, "fish": ["Судак"], "date": "2024-08-22", "title": "Ладожское озеро. Свирская губа. Свирица", "comment": "Отчёт с координатами места ловли.", "src": "Telegram: Рыболовная сводка СПб", "srcd": "Telegram @rybalka_spb_lenoblasti", "url": "https://t.me/rybalka_spb_lenoblasti/7857", "sid": "https://t.me/rybalka_spb_lenoblasti/7857", "agent": "social_reports", "season": "open_water", "dist": 53.5, "zone": "core", "sector": "Свирская губа / устье Свири"}}, {"type": "Feature", "geometry": {"type": "Point", "coordinates": [32.156328, 60.210078]}, "properties": {"kind": "fishing", "cls": "A", "prec": 20, "fish": ["Окунь"], "date": "2024-08-25", "title": "Ладожское озеро, Креницы", "comment": "Отчёт с координатами места ловли.", "src": "Telegram: Рыболовная сводка СПб", "srcd": "Telegram @rybalka_spb_lenoblasti", "url": "https://t.me/rybalka_spb_lenoblasti/8007", "sid": "https://t.me/rybalka_spb_lenoblasti/8007", "agent": "social_reports", "season": "open_water", "dist": 14.1, "zone": "core", "sector": "о. Птинов"}}, {"type": "Feature", "geometry": {"type": "Point", "coordinates": [32.318696, 60.120606]}, "properties": {"kind": "fishing", "cls": "A", "prec": 20, "fish": ["Щука"], "date": "2024-09-01", "title": "Река Волхов. Новая Ладога", "comment": "спиннинг, троллинг, блесна", "method": "спиннинг, троллинг, блесна", "src": "Telegram: Рыболовная сводка СПб", "srcd": "Telegram @rybalka_spb_lenoblasti", "url": "https://t.me/rybalka_spb_lenoblasti/8172", "sid": "https://t.me/rybalka_spb_lenoblasti/8172", "agent": "social_reports", "season": "open_water", "dist": 2.3, "zone": "core", "sector": "Новая Ладога / устье Волхова"}}, {"type": "Feature", "geometry": {"type": "Point", "coordinates": [31.780912, 60.253305]}, "properties": {"kind": "fishing", "cls": "A", "prec": 20, "fish": ["Щука", "Окунь"], "date": "2024-09-01", "title": "Ладожское озеро", "comment": "спиннинг, троллинг; глубина 3.5 м", "depth": "3.5 м", "method": "спиннинг, троллинг", "src": "Telegram: Рыболовная сводка СПб", "srcd": "Telegram @rybalka_spb_lenoblasti", "url": "https://t.me/rybalka_spb_lenoblasti/8231", "sid": "https://t.me/rybalka_spb_lenoblasti/8231", "agent": "social_reports", "season": "open_water", "dist": 32.9, "zone": "core", "sector": "Лигово"}}, {"type": "Feature", "geometry": {"type": "Point", "coordinates": [31.550135, 60.022821]}, "properties": {"kind": "fishing", "cls": "A", "prec": 20, "fish": ["Окунь"], "date": "2024-09-06", "title": "Ладожское озеро", "comment": "Отчёт с координатами места ловли.", "src": "Telegram: Рыболовная сводка СПб", "srcd": "Telegram @rybalka_spb_lenoblasti", "url": "https://t.me/rybalka_spb_lenoblasti/8372", "sid": "https://t.me/rybalka_spb_lenoblasti/8372", "agent": "social_reports", "season": "open_water", "dist": 42.2, "zone": "core", "sector": "Кобона / южный берег"}}, {"type": "Feature", "geometry": {"type": "Point", "coordinates": [32.291599, 60.114278]}, "properties": {"kind": "fishing", "cls": "A", "prec": 20, "fish": ["Судак", "Щука", "Окунь"], "date": "2024-09-08", "title": "Ладожское озеро", "comment": "щука 7 кг; спиннинг, троллинг; глубина 2–3 м", "depth": "2–3 м", "method": "спиннинг, троллинг", "catch": "щука 7 кг", "src": "Telegram: Рыболовная сводка СПб", "srcd": "Telegram @rybalka_spb_lenoblasti", "url": "https://t.me/rybalka_spb_lenoblasti/8460", "sid": "https://t.me/rybalka_spb_lenoblasti/8460", "agent": "social_reports", "season": "open_water", "dist": 1.2, "zone": "core", "sector": "Новая Ладога / устье Волхова"}}, {"type": "Feature", "geometry": {"type": "Point", "coordinates": [32.334474, 60.069021]}, "properties": {"kind": "fishing", "cls": "A", "prec": 20, "fish": ["Сом"], "date": "2024-09-08", "title": "Река Волхов, п. Речников", "comment": "сома 5.5 кг", "catch": "сома 5.5 кг", "src": "Telegram: Рыболовная сводка СПб", "srcd": "Telegram @rybalka_spb_lenoblasti", "url": "https://t.me/rybalka_spb_lenoblasti/8711", "sid": "https://t.me/rybalka_spb_lenoblasti/8711", "agent": "social_reports", "season": "open_water", "dist": 4.5, "zone": "core", "sector": "Нижний Волхов"}}, {"type": "Feature", "geometry": {"type": "Point", "coordinates": [32.34333, 60.124903]}, "properties": {"kind": "fishing", "cls": "A", "prec": 20, "fish": ["Жерех"], "date": "2024-09-09", "title": "Река Волхов. Новая Ладога", "comment": "Отчёт с координатами места ловли.", "src": "Telegram: Рыболовная сводка СПб", "srcd": "Telegram @rybalka_spb_lenoblasti", "url": "https://t.me/rybalka_spb_lenoblasti/8561", "sid": "https://t.me/rybalka_spb_lenoblasti/8561", "agent": "social_reports", "season": "open_water", "dist": 3.6, "zone": "core", "sector": "Новая Ладога / устье Волхова"}}, {"type": "Feature", "geometry": {"type": "Point", "coordinates": [32.344461, 60.050757]}, "properties": {"kind": "fishing", "cls": "A", "prec": 20, "fish": ["Окунь", "Лещ"], "date": "2024-09-14", "title": "Река Волхов, д. Иссад", "comment": "Отчёт с координатами места ловли.", "src": "Telegram: Рыболовная сводка СПб", "srcd": "Telegram @rybalka_spb_lenoblasti", "url": "https://t.me/rybalka_spb_lenoblasti/8807", "sid": "https://t.me/rybalka_spb_lenoblasti/8807", "agent": "social_reports", "season": "open_water", "dist": 6.5, "zone": "core", "sector": "Нижний Волхов"}}, {"type": "Feature", "geometry": {"type": "Point", "coordinates": [32.918884, 60.464397]}, "properties": {"kind": "fishing", "cls": "A", "prec": 20, "fish": ["Окунь"], "date": "2024-09-15", "title": "Река Заводская, каналы, Свирица", "comment": "Отчёт с координатами места ловли.", "src": "Telegram: Рыболовная сводка СПб", "srcd": "Telegram @rybalka_spb_lenoblasti", "url": "https://t.me/rybalka_spb_lenoblasti/8771", "sid": "https://t.me/rybalka_spb_lenoblasti/8771", "agent": "social_reports", "season": "open_water", "dist": 52.9, "zone": "core", "sector": "Свирская губа / устье Свири"}}, {"type": "Feature", "geometry": {"type": "Point", "coordinates": [31.550135, 60.022821]}, "properties": {"kind": "fishing", "cls": "A", "prec": 20, "fish": ["Окунь"], "date": "2024-09-16", "title": "Ладожское озеро. Кобона", "comment": "Отчёт с координатами места ловли.", "src": "Telegram: Рыболовная сводка СПб", "srcd": "Telegram @rybalka_spb_lenoblasti", "url": "https://t.me/rybalka_spb_lenoblasti/8752", "sid": "https://t.me/rybalka_spb_lenoblasti/8752", "agent": "social_reports", "season": "open_water", "dist": 42.2, "zone": "core", "sector": "Кобона / южный берег"}}, {"type": "Feature", "geometry": {"type": "Point", "coordinates": [31.354136, 59.979996]}, "properties": {"kind": "fishing", "cls": "A", "prec": 20, "fish": ["Окунь"], "date": "2024-09-17", "title": "Ладожское озеро", "comment": "Отчёт с координатами места ловли.", "src": "Telegram: Рыболовная сводка СПб", "srcd": "Telegram @rybalka_spb_lenoblasti", "url": "https://t.me/rybalka_spb_lenoblasti/8795", "sid": "https://t.me/rybalka_spb_lenoblasti/8795", "agent": "social_reports", "season": "open_water", "dist": 54.0, "zone": "core", "sector": "Кобона / южный берег"}}, {"type": "Feature", "geometry": {"type": "Point", "coordinates": [32.344461, 60.050757]}, "properties": {"kind": "fishing", "cls": "A", "prec": 20, "fish": ["Лещ"], "date": "2024-09-17", "title": "Река Волхов, д. Иссад", "comment": "фидер/донка", "method": "фидер/донка", "src": "Telegram: Рыболовная сводка СПб", "srcd": "Telegram @rybalka_spb_lenoblasti", "url": "https://t.me/rybalka_spb_lenoblasti/8819", "sid": "https://t.me/rybalka_spb_lenoblasti/8819", "agent": "social_reports", "season": "open_water", "dist": 6.5, "zone": "core", "sector": "Нижний Волхов"}}, {"type": "Feature", "geometry": {"type": "Point", "coordinates": [31.550135, 60.022821]}, "properties": {"kind": "fishing", "cls": "A", "prec": 20, "fish": ["Окунь"], "date": "2024-09-18", "title": "Ладожское озеро. Кобона", "comment": "Отчёт с координатами места ловли.", "src": "Telegram: Рыболовная сводка СПб", "srcd": "Telegram @rybalka_spb_lenoblasti", "url": "https://t.me/rybalka_spb_lenoblasti/8856", "sid": "https://t.me/rybalka_spb_lenoblasti/8856", "agent": "social_reports", "season": "open_water", "dist": 42.2, "zone": "core", "sector": "Кобона / южный берег"}}, {"type": "Feature", "geometry": {"type": "Point", "coordinates": [32.330614, 60.072287]}, "properties": {"kind": "fishing", "cls": "A", "prec": 20, "fish": ["Щука"], "date": "2024-09-20", "title": "Река Волхов", "comment": "Отчёт с координатами места ловли.", "src": "Telegram: Рыболовная сводка СПб", "srcd": "Telegram @rybalka_spb_lenoblasti", "url": "https://t.me/rybalka_spb_lenoblasti/8935", "sid": "https://t.me/rybalka_spb_lenoblasti/8935", "agent": "social_reports", "season": "open_water", "dist": 4.0, "zone": "core", "sector": "Нижний Волхов"}}, {"type": "Feature", "geometry": {"type": "Point", "coordinates": [32.922176, 60.462893]}, "properties": {"kind": "fishing", "cls": "A", "prec": 20, "fish": ["Щука", "Окунь"], "date": "2024-09-23", "title": "Река Заводская, Свирица", "comment": "Отчёт с координатами места ловли.", "src": "Telegram: Рыболовная сводка СПб", "srcd": "Telegram @rybalka_spb_lenoblasti", "url": "https://t.me/rybalka_spb_lenoblasti/9233", "sid": "https://t.me/rybalka_spb_lenoblasti/9233", "agent": "social_reports", "season": "open_water", "dist": 52.9, "zone": "core", "sector": "Свирская губа / устье Свири"}}, {"type": "Feature", "geometry": {"type": "Point", "coordinates": [32.905452, 60.48222]}, "properties": {"kind": "fishing", "cls": "A", "prec": 20, "fish": ["Щука"], "date": "2024-09-24", "title": "Река Свирь", "comment": "Отчёт с координатами места ловли.", "src": "Telegram: Рыболовная сводка СПб", "srcd": "Telegram @rybalka_spb_lenoblasti", "url": "https://t.me/rybalka_spb_lenoblasti/9212", "sid": "https://t.me/rybalka_spb_lenoblasti/9212", "agent": "social_reports", "season": "open_water", "dist": 53.9, "zone": "core", "sector": "Свирская губа / устье Свири"}}, {"type": "Feature", "geometry": {"type": "Point", "coordinates": [32.344178, 60.048976]}, "properties": {"kind": "fishing", "cls": "A", "prec": 20, "fish": ["Лещ"], "date": "2024-09-27", "title": "Река Волхов. Поляша", "comment": "Отчёт с координатами места ловли.", "src": "Telegram: Рыболовная сводка СПб", "srcd": "Telegram @rybalka_spb_lenoblasti", "url": "https://t.me/rybalka_spb_lenoblasti/9334", "sid": "https://t.me/rybalka_spb_lenoblasti/9334", "agent": "social_reports", "season": "open_water", "dist": 6.7, "zone": "core", "sector": "Нижний Волхов"}}, {"type": "Feature", "geometry": {"type": "Point", "coordinates": [32.341246, 60.055343]}, "properties": {"kind": "fishing", "cls": "A", "prec": 20, "fish": ["Лещ"], "date": "2024-09-30", "title": "Река Волхов, п. Речников", "comment": "Отчёт с координатами места ловли.", "src": "Telegram: Рыболовная сводка СПб", "srcd": "Telegram @rybalka_spb_lenoblasti", "url": "https://t.me/rybalka_spb_lenoblasti/9395", "sid": "https://t.me/rybalka_spb_lenoblasti/9395", "agent": "social_reports", "season": "open_water", "dist": 6.0, "zone": "core", "sector": "Нижний Волхов"}}, {"type": "Feature", "geometry": {"type": "Point", "coordinates": [32.344228, 60.051478]}, "properties": {"kind": "fishing", "cls": "A", "prec": 20, "fish": ["Лещ"], "date": "2024-10-01", "title": "Река Волхов, д. Иссад", "comment": "5 штук", "catch": "5 штук", "src": "Telegram: Рыболовная сводка СПб", "srcd": "Telegram @rybalka_spb_lenoblasti", "url": "https://t.me/rybalka_spb_lenoblasti/9460", "sid": "https://t.me/rybalka_spb_lenoblasti/9460", "agent": "social_reports", "season": "open_water", "dist": 6.4, "zone": "core", "sector": "Нижний Волхов"}}, {"type": "Feature", "geometry": {"type": "Point", "coordinates": [32.304046, 60.011533]}, "properties": {"kind": "fishing", "cls": "A", "prec": 20, "fish": ["Лещ", "Синец"], "date": "2024-10-03", "title": "Река Волхов, Курганы", "comment": "Отчёт с координатами места ловли.", "src": "Telegram: Рыболовная сводка СПб", "srcd": "Telegram @rybalka_spb_lenoblasti", "url": "https://t.me/rybalka_spb_lenoblasti/9603", "sid": "https://t.me/rybalka_spb_lenoblasti/9603", "agent": "social_reports", "season": "open_water", "dist": 10.3, "zone": "core", "sector": "Старая Ладога / Волхов"}}, {"type": "Feature", "geometry": {"type": "Point", "coordinates": [32.344178, 60.048976]}, "properties": {"kind": "fishing", "cls": "A", "prec": 20, "fish": ["Лещ"], "date": "2024-10-04", "title": "Река Волхов. Поляша", "comment": "Отчёт с координатами места ловли.", "src": "Telegram: Рыболовная сводка СПб", "srcd": "Telegram @rybalka_spb_lenoblasti", "url": "https://t.me/rybalka_spb_lenoblasti/9652", "sid": "https://t.me/rybalka_spb_lenoblasti/9652", "agent": "social_reports", "season": "open_water", "dist": 6.7, "zone": "core", "sector": "Нижний Волхов"}}, {"type": "Feature", "geometry": {"type": "Point", "coordinates": [32.903318, 60.471185]}, "properties": {"kind": "fishing", "cls": "A", "prec": 20, "fish": ["Окунь", "Жерех"], "date": "2024-10-06", "title": "Река Котиха (Репаранда), Свирица", "comment": "спиннинг", "method": "спиннинг", "src": "Telegram: Рыболовная сводка СПб", "srcd": "Telegram @rybalka_spb_lenoblasti", "url": "https://t.me/rybalka_spb_lenoblasti/9668", "sid": "https://t.me/rybalka_spb_lenoblasti/9668", "agent": "social_reports", "season": "open_water", "dist": 52.9, "zone": "core", "sector": "Свирская губа / устье Свири"}}, {"type": "Feature", "geometry": {"type": "Point", "coordinates": [31.89134, 60.217041]}, "properties": {"kind": "fishing", "cls": "A", "prec": 20, "fish": ["Щука", "Плотва"], "date": "2024-10-08", "title": "Новоладожский канал. д. Сумское", "comment": "спиннинг", "method": "спиннинг", "src": "Telegram: Рыболовная сводка СПб", "srcd": "Telegram @rybalka_spb_lenoblasti", "url": "https://t.me/rybalka_spb_lenoblasti/9742", "sid": "https://t.me/rybalka_spb_lenoblasti/9742", "agent": "social_reports", "season": "open_water", "dist": 25.6, "zone": "core", "sector": "Дубно"}}, {"type": "Feature", "geometry": {"type": "Point", "coordinates": [32.344323, 60.05031]}, "properties": {"kind": "fishing", "cls": "A", "prec": 20, "fish": ["Лещ"], "date": "2024-10-08", "title": "Река Волхов. Поляша", "comment": "12 штук", "catch": "12 штук", "src": "Telegram: Рыболовная сводка СПб", "srcd": "Telegram @rybalka_spb_lenoblasti", "url": "https://t.me/rybalka_spb_lenoblasti/9763", "sid": "https://t.me/rybalka_spb_lenoblasti/9763", "agent": "social_reports", "season": "open_water", "dist": 6.6, "zone": "core", "sector": "Нижний Волхов"}}, {"type": "Feature", "geometry": {"type": "Point", "coordinates": [32.344178, 60.048976]}, "properties": {"kind": "fishing", "cls": "A", "prec": 20, "fish": ["Лещ"], "date": "2024-10-08", "title": "Река Волхов", "comment": "Отчёт с координатами места ловли.", "src": "Telegram: Рыболовная сводка СПб", "srcd": "Telegram @rybalka_spb_lenoblasti", "url": "https://t.me/rybalka_spb_lenoblasti/9807", "sid": "https://t.me/rybalka_spb_lenoblasti/9807", "agent": "social_reports", "season": "open_water", "dist": 6.7, "zone": "core", "sector": "Нижний Волхов"}}, {"type": "Feature", "geometry": {"type": "Point", "coordinates": [32.344323, 60.05031]}, "properties": {"kind": "fishing", "cls": "A", "prec": 20, "fish": ["Лещ"], "date": "2024-10-10", "title": "Река Волхов. Поляша", "comment": "Отчёт с координатами места ловли.", "src": "Telegram: Рыболовная сводка СПб", "srcd": "Telegram @rybalka_spb_lenoblasti", "url": "https://t.me/rybalka_spb_lenoblasti/9851", "sid": "https://t.me/rybalka_spb_lenoblasti/9851", "agent": "social_reports", "season": "open_water", "dist": 6.6, "zone": "core", "sector": "Нижний Волхов"}}, {"type": "Feature", "geometry": {"type": "Point", "coordinates": [32.344323, 60.05031]}, "properties": {"kind": "fishing", "cls": "A", "prec": 20, "fish": ["Лещ"], "date": "2024-10-12", "title": "Река Волхов. Иссад", "comment": "Отчёт с координатами места ловли.", "src": "Telegram: Рыболовная сводка СПб", "srcd": "Telegram @rybalka_spb_lenoblasti", "url": "https://t.me/rybalka_spb_lenoblasti/9936", "sid": "https://t.me/rybalka_spb_lenoblasti/9936", "agent": "social_reports", "season": "open_water", "dist": 6.6, "zone": "core", "sector": "Нижний Волхов"}}, {"type": "Feature", "geometry": {"type": "Point", "coordinates": [32.304046, 60.011533]}, "properties": {"kind": "fishing", "cls": "A", "prec": 20, "fish": ["Лещ", "Густера", "Синец"], "date": "2024-10-12", "title": "Река Волхов, Курганы", "comment": "Отчёт с координатами места ловли.", "src": "Telegram: Рыболовная сводка СПб", "srcd": "Telegram @rybalka_spb_lenoblasti", "url": "https://t.me/rybalka_spb_lenoblasti/9967", "sid": "https://t.me/rybalka_spb_lenoblasti/9967", "agent": "social_reports", "season": "open_water", "dist": 10.3, "zone": "core", "sector": "Старая Ладога / Волхов"}}, {"type": "Feature", "geometry": {"type": "Point", "coordinates": [32.344323, 60.05031]}, "properties": {"kind": "fishing", "cls": "A", "prec": 20, "fish": ["Лещ"], "date": "2024-10-12", "title": "Река Волхов. Поляша", "comment": "Отчёт с координатами места ловли.", "src": "Telegram: Рыболовная сводка СПб", "srcd": "Telegram @rybalka_spb_lenoblasti", "url": "https://t.me/rybalka_spb_lenoblasti/10072", "sid": "https://t.me/rybalka_spb_lenoblasti/10072", "agent": "social_reports", "season": "open_water", "dist": 6.6, "zone": "core", "sector": "Нижний Волхов"}}, {"type": "Feature", "geometry": {"type": "Point", "coordinates": [31.037158, 60.165377]}, "properties": {"kind": "fishing", "cls": "A", "prec": 20, "fish": ["Окунь", "Налим"], "date": "2024-10-13", "title": "Река Морье", "comment": "спиннинг, фидер/донка", "method": "спиннинг, фидер/донка", "src": "Telegram: Рыболовная сводка СПб", "srcd": "Telegram @rybalka_spb_lenoblasti", "url": "https://t.me/rybalka_spb_lenoblasti/9918", "sid": "https://t.me/rybalka_spb_lenoblasti/9918", "agent": "social_reports", "season": "open_water", "dist": 69.9, "zone": "ext", "sector": "Осиновец / западный берег"}}, {"type": "Feature", "geometry": {"type": "Point", "coordinates": [32.344323, 60.05031]}, "properties": {"kind": "fishing", "cls": "A", "prec": 20, "fish": ["Лещ"], "date": "2024-10-13", "title": "Река Волхов. Поляша", "comment": "Отчёт с координатами места ловли.", "src": "Telegram: Рыболовная сводка СПб", "srcd": "Telegram @rybalka_spb_lenoblasti", "url": "https://t.me/rybalka_spb_lenoblasti/9962", "sid": "https://t.me/rybalka_spb_lenoblasti/9962", "agent": "social_reports", "season": "open_water", "dist": 6.6, "zone": "core", "sector": "Нижний Волхов"}}, {"type": "Feature", "geometry": {"type": "Point", "coordinates": [32.344323, 60.05031]}, "properties": {"kind": "fishing", "cls": "A", "prec": 20, "fish": ["Лещ"], "date": "2024-10-13", "title": "Река Волхов", "comment": "Отчёт с координатами места ловли.", "src": "Telegram: Рыболовная сводка СПб", "srcd": "Telegram @rybalka_spb_lenoblasti", "url": "https://t.me/rybalka_spb_lenoblasti/10020", "sid": "https://t.me/rybalka_spb_lenoblasti/10020", "agent": "social_reports", "season": "open_water", "dist": 6.6, "zone": "core", "sector": "Нижний Волхов"}}, {"type": "Feature", "geometry": {"type": "Point", "coordinates": [32.340947, 60.050497]}, "properties": {"kind": "fishing", "cls": "A", "prec": 20, "fish": ["Судак", "Лещ", "Чехонь"], "date": "2024-10-13", "title": "Река Волхов", "comment": "чехонь 42 гр; лещ 2,4 кг; поплавок", "method": "поплавок", "catch": "чехонь 42 гр; лещ 2,4 кг", "src": "Telegram: Рыболовная сводка СПб", "srcd": "Telegram @rybalka_spb_lenoblasti", "url": "https://t.me/rybalka_spb_lenoblasti/10050", "sid": "https://t.me/rybalka_spb_lenoblasti/10050", "agent": "social_reports", "season": "open_water", "dist": 6.5, "zone": "core", "sector": "Нижний Волхов"}}, {"type": "Feature", "geometry": {"type": "Point", "coordinates": [32.340838, 60.050251]}, "properties": {"kind": "fishing", "cls": "A", "prec": 20, "fish": ["Лещ"], "date": "2024-10-16", "title": "Река Волхов", "comment": "Отчёт с координатами места ловли.", "src": "Telegram: Рыболовная сводка СПб", "srcd": "Telegram @rybalka_spb_lenoblasti", "url": "https://t.me/rybalka_spb_lenoblasti/10103", "sid": "https://t.me/rybalka_spb_lenoblasti/10103", "agent": "social_reports", "season": "open_water", "dist": 6.5, "zone": "core", "sector": "Нижний Волхов"}}, {"type": "Feature", "geometry": {"type": "Point", "coordinates": [32.344323, 60.05031]}, "properties": {"kind": "fishing", "cls": "A", "prec": 20, "fish": ["Лещ"], "date": "2024-10-17", "title": "Река Волхов. Поляша", "comment": "Отчёт с координатами места ловли.", "src": "Telegram: Рыболовная сводка СПб", "srcd": "Telegram @rybalka_spb_lenoblasti", "url": "https://t.me/rybalka_spb_lenoblasti/10144", "sid": "https://t.me/rybalka_spb_lenoblasti/10144", "agent": "social_reports", "season": "open_water", "dist": 6.6, "zone": "core", "sector": "Нижний Волхов"}}, {"type": "Feature", "geometry": {"type": "Point", "coordinates": [32.331697, 60.073112]}, "properties": {"kind": "fishing", "cls": "A", "prec": 20, "fish": ["Судак"], "date": "2024-10-19", "title": "Река Волхов. Юшково", "comment": "Отчёт с координатами места ловли.", "src": "Telegram: Рыболовная сводка СПб", "srcd": "Telegram @rybalka_spb_lenoblasti", "url": "https://t.me/rybalka_spb_lenoblasti/10200", "sid": "https://t.me/rybalka_spb_lenoblasti/10200", "agent": "social_reports", "season": "open_water", "dist": 4.0, "zone": "core", "sector": "Нижний Волхов"}}, {"type": "Feature", "geometry": {"type": "Point", "coordinates": [32.344323, 60.05031]}, "properties": {"kind": "fishing", "cls": "A", "prec": 20, "fish": ["Лещ"], "date": "2024-10-19", "title": "Река Волхов. Поляша", "comment": "фидер/донка, со льда", "method": "фидер/донка, со льда", "src": "Telegram: Рыболовная сводка СПб", "srcd": "Telegram @rybalka_spb_lenoblasti", "url": "https://t.me/rybalka_spb_lenoblasti/10236", "sid": "https://t.me/rybalka_spb_lenoblasti/10236", "agent": "social_reports", "season": "open_water", "dist": 6.6, "zone": "core", "sector": "Нижний Волхов"}}, {"type": "Feature", "geometry": {"type": "Point", "coordinates": [31.383532, 59.903157]}, "properties": {"kind": "fishing", "cls": "A", "prec": 20, "fish": ["Щука", "Окунь"], "date": "2024-10-20", "title": "Ладожское озеро, Назия", "comment": "Отчёт с координатами места ловли.", "src": "Telegram: Рыболовная сводка СПб", "srcd": "Telegram @rybalka_spb_lenoblasti", "url": "https://t.me/rybalka_spb_lenoblasti/10210", "sid": "https://t.me/rybalka_spb_lenoblasti/10210", "agent": "social_reports", "season": "open_water", "dist": 55.3, "zone": "ext", "sector": "Кобона / южный берег"}}, {"type": "Feature", "geometry": {"type": "Point", "coordinates": [32.340848, 60.037497]}, "properties": {"kind": "fishing", "cls": "A", "prec": 20, "fish": ["Лещ"], "date": "2024-10-20", "title": "Река Волхов. Поляша", "comment": "Отчёт с координатами места ловли.", "src": "Telegram: Рыболовная сводка СПб", "srcd": "Telegram @rybalka_spb_lenoblasti", "url": "https://t.me/rybalka_spb_lenoblasti/10275", "sid": "https://t.me/rybalka_spb_lenoblasti/10275", "agent": "social_reports", "season": "open_water", "dist": 7.8, "zone": "core", "sector": "Старая Ладога / Волхов"}}, {"type": "Feature", "geometry": {"type": "Point", "coordinates": [32.340946, 60.050502]}, "properties": {"kind": "fishing", "cls": "A", "prec": 20, "fish": ["Лещ"], "date": "2024-10-20", "title": "Река Волхов. Поляша", "comment": "глубина 10–12 м", "depth": "10–12 м", "src": "Telegram: Рыболовная сводка СПб", "srcd": "Telegram @rybalka_spb_lenoblasti", "url": "https://t.me/rybalka_spb_lenoblasti/10295", "sid": "https://t.me/rybalka_spb_lenoblasti/10295", "agent": "social_reports", "season": "open_water", "dist": 6.5, "zone": "core", "sector": "Нижний Волхов"}}, {"type": "Feature", "geometry": {"type": "Point", "coordinates": [32.340848, 60.037497]}, "properties": {"kind": "fishing", "cls": "A", "prec": 20, "fish": ["Лещ"], "date": "2024-10-23", "title": "Река Волхов. Поляша", "comment": "Отчёт с координатами места ловли.", "src": "Telegram: Рыболовная сводка СПб", "srcd": "Telegram @rybalka_spb_lenoblasti", "url": "https://t.me/rybalka_spb_lenoblasti/10402", "sid": "https://t.me/rybalka_spb_lenoblasti/10402", "agent": "social_reports", "season": "open_water", "dist": 7.8, "zone": "core", "sector": "Старая Ладога / Волхов"}}, {"type": "Feature", "geometry": {"type": "Point", "coordinates": [32.344323, 60.05031]}, "properties": {"kind": "fishing", "cls": "A", "prec": 20, "fish": ["Лещ"], "date": "2024-10-23", "title": "Река Волхов. Поляша", "comment": "Отчёт с координатами места ловли.", "src": "Telegram: Рыболовная сводка СПб", "srcd": "Telegram @rybalka_spb_lenoblasti", "url": "https://t.me/rybalka_spb_lenoblasti/10421", "sid": "https://t.me/rybalka_spb_lenoblasti/10421", "agent": "social_reports", "season": "open_water", "dist": 6.6, "zone": "core", "sector": "Нижний Волхов"}}, {"type": "Feature", "geometry": {"type": "Point", "coordinates": [32.340848, 60.037497]}, "properties": {"kind": "fishing", "cls": "A", "prec": 20, "fish": ["Лещ", "Ёрш"], "date": "2024-10-24", "title": "Река Волхов. Поляша", "comment": "Отчёт с координатами места ловли.", "src": "Telegram: Рыболовная сводка СПб", "srcd": "Telegram @rybalka_spb_lenoblasti", "url": "https://t.me/rybalka_spb_lenoblasti/10493", "sid": "https://t.me/rybalka_spb_lenoblasti/10493", "agent": "social_reports", "season": "open_water", "dist": 7.8, "zone": "core", "sector": "Старая Ладога / Волхов"}}, {"type": "Feature", "geometry": {"type": "Point", "coordinates": [32.330614, 60.072287]}, "properties": {"kind": "fishing", "cls": "A", "prec": 20, "fish": ["Лещ"], "date": "2024-10-25", "title": "Река Волхов. Мурманское шоссе", "comment": "Отчёт с координатами места ловли.", "src": "Telegram: Рыболовная сводка СПб", "srcd": "Telegram @rybalka_spb_lenoblasti", "url": "https://t.me/rybalka_spb_lenoblasti/10506", "sid": "https://t.me/rybalka_spb_lenoblasti/10506", "agent": "social_reports", "season": "open_water", "dist": 4.0, "zone": "core", "sector": "Нижний Волхов"}}, {"type": "Feature", "geometry": {"type": "Point", "coordinates": [32.344323, 60.05031]}, "properties": {"kind": "fishing", "cls": "A", "prec": 20, "fish": ["Лещ"], "date": "2024-10-25", "title": "Река Волхов. Поляша", "comment": "фидер/донка", "method": "фидер/донка", "src": "Telegram: Рыболовная сводка СПб", "srcd": "Telegram @rybalka_spb_lenoblasti", "url": "https://t.me/rybalka_spb_lenoblasti/10578", "sid": "https://t.me/rybalka_spb_lenoblasti/10578", "agent": "social_reports", "season": "open_water", "dist": 6.6, "zone": "core", "sector": "Нижний Волхов"}}, {"type": "Feature", "geometry": {"type": "Point", "coordinates": [32.344323, 60.05031]}, "properties": {"kind": "fishing", "cls": "A", "prec": 20, "fish": ["Лещ"], "date": "2024-10-27", "title": "Река Волхов. Поляша", "comment": "Отчёт с координатами места ловли.", "src": "Telegram: Рыболовная сводка СПб", "srcd": "Telegram @rybalka_spb_lenoblasti", "url": "https://t.me/rybalka_spb_lenoblasti/10628", "sid": "https://t.me/rybalka_spb_lenoblasti/10628", "agent": "social_reports", "season": "open_water", "dist": 6.6, "zone": "core", "sector": "Нижний Волхов"}}, {"type": "Feature", "geometry": {"type": "Point", "coordinates": [32.344323, 60.05031]}, "properties": {"kind": "fishing", "cls": "A", "prec": 20, "fish": ["Лещ"], "date": "2024-10-27", "title": "Река Волхов. Поляша", "comment": "фидер/донка", "method": "фидер/донка", "src": "Telegram: Рыболовная сводка СПб", "srcd": "Telegram @rybalka_spb_lenoblasti", "url": "https://t.me/rybalka_spb_lenoblasti/10660", "sid": "https://t.me/rybalka_spb_lenoblasti/10660", "agent": "social_reports", "season": "open_water", "dist": 6.6, "zone": "core", "sector": "Нижний Волхов"}}, {"type": "Feature", "geometry": {"type": "Point", "coordinates": [32.340946, 60.050502]}, "properties": {"kind": "fishing", "cls": "A", "prec": 20, "fish": ["Лещ"], "date": "2024-10-27", "title": "Река Волхов. Поляша", "comment": "фидер/донка", "method": "фидер/донка", "src": "Telegram: Рыболовная сводка СПб", "srcd": "Telegram @rybalka_spb_lenoblasti", "url": "https://t.me/rybalka_spb_lenoblasti/10717", "sid": "https://t.me/rybalka_spb_lenoblasti/10717", "agent": "social_reports", "season": "open_water", "dist": 6.5, "zone": "core", "sector": "Нижний Волхов"}}, {"type": "Feature", "geometry": {"type": "Point", "coordinates": [32.340946, 60.050502]}, "properties": {"kind": "fishing", "cls": "A", "prec": 20, "fish": ["Лещ"], "date": "2024-10-27", "title": "Река Волхов. Поляша", "comment": "поплавок", "method": "поплавок", "src": "Telegram: Рыболовная сводка СПб", "srcd": "Telegram @rybalka_spb_lenoblasti", "url": "https://t.me/rybalka_spb_lenoblasti/10768", "sid": "https://t.me/rybalka_spb_lenoblasti/10768", "agent": "social_reports", "season": "open_water", "dist": 6.5, "zone": "core", "sector": "Нижний Волхов"}}, {"type": "Feature", "geometry": {"type": "Point", "coordinates": [32.344323, 60.05031]}, "properties": {"kind": "fishing", "cls": "A", "prec": 20, "fish": ["Лещ"], "date": "2024-10-29", "title": "Река Волхов. Поляша", "comment": "Отчёт с координатами места ловли.", "src": "Telegram: Рыболовная сводка СПб", "srcd": "Telegram @rybalka_spb_lenoblasti", "url": "https://t.me/rybalka_spb_lenoblasti/10695", "sid": "https://t.me/rybalka_spb_lenoblasti/10695", "agent": "social_reports", "season": "open_water", "dist": 6.6, "zone": "core", "sector": "Нижний Волхов"}}, {"type": "Feature", "geometry": {"type": "Point", "coordinates": [32.344323, 60.05031]}, "properties": {"kind": "fishing", "cls": "A", "prec": 20, "fish": ["Лещ"], "date": "2024-11-01", "title": "Река Волхов. Поляша", "comment": "Отчёт с координатами места ловли.", "src": "Telegram: Рыболовная сводка СПб", "srcd": "Telegram @rybalka_spb_lenoblasti", "url": "https://t.me/rybalka_spb_lenoblasti/10855", "sid": "https://t.me/rybalka_spb_lenoblasti/10855", "agent": "social_reports", "season": "open_water", "dist": 6.6, "zone": "core", "sector": "Нижний Волхов"}}, {"type": "Feature", "geometry": {"type": "Point", "coordinates": [32.344323, 60.05031]}, "properties": {"kind": "fishing", "cls": "A", "prec": 20, "fish": ["Лещ"], "date": "2024-11-01", "title": "Река Волхов. Поляша", "comment": "Отчёт с координатами места ловли.", "src": "Telegram: Рыболовная сводка СПб", "srcd": "Telegram @rybalka_spb_lenoblasti", "url": "https://t.me/rybalka_spb_lenoblasti/10861", "sid": "https://t.me/rybalka_spb_lenoblasti/10861", "agent": "social_reports", "season": "open_water", "dist": 6.6, "zone": "core", "sector": "Нижний Волхов"}}, {"type": "Feature", "geometry": {"type": "Point", "coordinates": [32.333039, 60.112436]}, "properties": {"kind": "fishing", "cls": "A", "prec": 20, "fish": ["Окунь"], "date": "2024-11-02", "title": "Река Волхов, Новая Ладога, д. Немятово", "comment": "спиннинг", "method": "спиннинг", "src": "Telegram: Рыболовная сводка СПб", "srcd": "Telegram @rybalka_spb_lenoblasti", "url": "https://t.me/rybalka_spb_lenoblasti/10875", "sid": "https://t.me/rybalka_spb_lenoblasti/10875", "agent": "social_reports", "season": "open_water", "dist": 2.4, "zone": "core", "sector": "Новая Ладога / устье Волхова"}}, {"type": "Feature", "geometry": {"type": "Point", "coordinates": [32.344266, 60.052031]}, "properties": {"kind": "fishing", "cls": "A", "prec": 20, "fish": ["Лещ", "Карп"], "date": "2024-11-02", "title": "Река Волхов. Иссад", "comment": "фидер/донка", "method": "фидер/донка", "src": "Telegram: Рыболовная сводка СПб", "srcd": "Telegram @rybalka_spb_lenoblasti", "url": "https://t.me/rybalka_spb_lenoblasti/10898", "sid": "https://t.me/rybalka_spb_lenoblasti/10898", "agent": "social_reports", "season": "open_water", "dist": 6.4, "zone": "core", "sector": "Нижний Волхов"}}, {"type": "Feature", "geometry": {"type": "Point", "coordinates": [32.344323, 60.05031]}, "properties": {"kind": "fishing", "cls": "A", "prec": 20, "fish": ["Лещ"], "date": "2024-11-02", "title": "Река Волхов. Поляша", "comment": "леща 35 кг", "catch": "леща 35 кг", "src": "Telegram: Рыболовная сводка СПб", "srcd": "Telegram @rybalka_spb_lenoblasti", "url": "https://t.me/rybalka_spb_lenoblasti/10924", "sid": "https://t.me/rybalka_spb_lenoblasti/10924", "agent": "social_reports", "season": "open_water", "dist": 6.6, "zone": "core", "sector": "Нижний Волхов"}}, {"type": "Feature", "geometry": {"type": "Point", "coordinates": [32.344323, 60.05031]}, "properties": {"kind": "fishing", "cls": "A", "prec": 20, "fish": ["Лещ", "Налим"], "date": "2024-11-03", "title": "Река Волхов. Поляша", "comment": "Отчёт с координатами места ловли.", "src": "Telegram: Рыболовная сводка СПб", "srcd": "Telegram @rybalka_spb_lenoblasti", "url": "https://t.me/rybalka_spb_lenoblasti/10979", "sid": "https://t.me/rybalka_spb_lenoblasti/10979", "agent": "social_reports", "season": "open_water", "dist": 6.6, "zone": "core", "sector": "Нижний Волхов"}}, {"type": "Feature", "geometry": {"type": "Point", "coordinates": [32.340939, 60.050546]}, "properties": {"kind": "fishing", "cls": "A", "prec": 20, "fish": ["Лещ"], "date": "2024-11-04", "title": "Река Волхов. Поляша", "comment": "фидер/донка, поплавок", "method": "фидер/донка, поплавок", "src": "Telegram: Рыболовная сводка СПб", "srcd": "Telegram @rybalka_spb_lenoblasti", "url": "https://t.me/rybalka_spb_lenoblasti/11040", "sid": "https://t.me/rybalka_spb_lenoblasti/11040", "agent": "social_reports", "season": "open_water", "dist": 6.5, "zone": "core", "sector": "Нижний Волхов"}}, {"type": "Feature", "geometry": {"type": "Point", "coordinates": [32.304046, 60.011533]}, "properties": {"kind": "fishing", "cls": "A", "prec": 20, "fish": ["Лещ"], "date": "2024-11-04", "title": "Река Волхов, Курганы", "comment": "Отчёт с координатами места ловли.", "src": "Telegram: Рыболовная сводка СПб", "srcd": "Telegram @rybalka_spb_lenoblasti", "url": "https://t.me/rybalka_spb_lenoblasti/11059", "sid": "https://t.me/rybalka_spb_lenoblasti/11059", "agent": "social_reports", "season": "open_water", "dist": 10.3, "zone": "core", "sector": "Старая Ладога / Волхов"}}, {"type": "Feature", "geometry": {"type": "Point", "coordinates": [32.344237, 60.051437]}, "properties": {"kind": "fishing", "cls": "A", "prec": 20, "fish": ["Лещ"], "date": "2024-11-05", "title": "Река Волхов. Поляша", "comment": "Отчёт с координатами места ловли.", "src": "Telegram: Рыболовная сводка СПб", "srcd": "Telegram @rybalka_spb_lenoblasti", "url": "https://t.me/rybalka_spb_lenoblasti/11013", "sid": "https://t.me/rybalka_spb_lenoblasti/11013", "agent": "social_reports", "season": "open_water", "dist": 6.4, "zone": "core", "sector": "Нижний Волхов"}}, {"type": "Feature", "geometry": {"type": "Point", "coordinates": [32.344323, 60.05031]}, "properties": {"kind": "fishing", "cls": "A", "prec": 20, "fish": ["Лещ"], "date": "2024-11-08", "title": "Река Волхов. Поляша", "comment": "Отчёт с координатами места ловли.", "src": "Telegram: Рыболовная сводка СПб", "srcd": "Telegram @rybalka_spb_lenoblasti", "url": "https://t.me/rybalka_spb_lenoblasti/11107", "sid": "https://t.me/rybalka_spb_lenoblasti/11107", "agent": "social_reports", "season": "open_water", "dist": 6.6, "zone": "core", "sector": "Нижний Волхов"}}, {"type": "Feature", "geometry": {"type": "Point", "coordinates": [32.344323, 60.05031]}, "properties": {"kind": "fishing", "cls": "A", "prec": 20, "fish": ["Лещ"], "date": "2024-11-08", "title": "Река Волхов. Поляша", "comment": "Отчёт с координатами места ловли.", "src": "Telegram: Рыболовная сводка СПб", "srcd": "Telegram @rybalka_spb_lenoblasti", "url": "https://t.me/rybalka_spb_lenoblasti/11129", "sid": "https://t.me/rybalka_spb_lenoblasti/11129", "agent": "social_reports", "season": "open_water", "dist": 6.6, "zone": "core", "sector": "Нижний Волхов"}}, {"type": "Feature", "geometry": {"type": "Point", "coordinates": [32.344323, 60.05031]}, "properties": {"kind": "fishing", "cls": "A", "prec": 20, "fish": ["Лещ"], "date": "2024-11-08", "title": "Река Волхов. Поляша", "comment": "4 шт; 17 шт; фидер/донка", "method": "фидер/донка", "catch": "4 шт; 17 шт", "src": "Telegram: Рыболовная сводка СПб", "srcd": "Telegram @rybalka_spb_lenoblasti", "url": "https://t.me/rybalka_spb_lenoblasti/11174", "sid": "https://t.me/rybalka_spb_lenoblasti/11174", "agent": "social_reports", "season": "open_water", "dist": 6.6, "zone": "core", "sector": "Нижний Волхов"}}, {"type": "Feature", "geometry": {"type": "Point", "coordinates": [32.344323, 60.05031]}, "properties": {"kind": "fishing", "cls": "A", "prec": 20, "fish": ["Лещ"], "date": "2024-11-09", "title": "Река Волхов. Поляша", "comment": "Отчёт с координатами места ловли.", "src": "Telegram: Рыболовная сводка СПб", "srcd": "Telegram @rybalka_spb_lenoblasti", "url": "https://t.me/rybalka_spb_lenoblasti/11162", "sid": "https://t.me/rybalka_spb_lenoblasti/11162", "agent": "social_reports", "season": "open_water", "dist": 6.6, "zone": "core", "sector": "Нижний Волхов"}}, {"type": "Feature", "geometry": {"type": "Point", "coordinates": [32.344323, 60.05031]}, "properties": {"kind": "fishing", "cls": "A", "prec": 20, "fish": ["Лещ"], "date": "2024-11-09", "title": "Река Волхов. Поляша", "comment": "поплавок", "method": "поплавок", "src": "Telegram: Рыболовная сводка СПб", "srcd": "Telegram @rybalka_spb_lenoblasti", "url": "https://t.me/rybalka_spb_lenoblasti/11257", "sid": "https://t.me/rybalka_spb_lenoblasti/11257", "agent": "social_reports", "season": "ice", "dist": 6.6, "zone": "core", "sector": "Нижний Волхов"}}, {"type": "Feature", "geometry": {"type": "Point", "coordinates": [32.313132, 60.089005]}, "properties": {"kind": "fishing", "cls": "A", "prec": 20, "fish": ["Лещ"], "date": "2024-11-10", "title": "Река Волхов. Новая Ладога", "comment": "Отчёт с координатами места ловли.", "src": "Telegram: Рыболовная сводка СПб", "srcd": "Telegram @rybalka_spb_lenoblasti", "url": "https://t.me/rybalka_spb_lenoblasti/11184", "sid": "https://t.me/rybalka_spb_lenoblasti/11184", "agent": "social_reports", "season": "open_water", "dist": 1.9, "zone": "core", "sector": "Нижний Волхов"}}, {"type": "Feature", "geometry": {"type": "Point", "coordinates": [32.302516, 60.008612]}, "properties": {"kind": "fishing", "cls": "A", "prec": 20, "fish": ["Лещ"], "date": "2024-11-10", "title": "Река Волхов, Курганы", "comment": "Отчёт с координатами места ловли.", "src": "Telegram: Рыболовная сводка СПб", "srcd": "Telegram @rybalka_spb_lenoblasti", "url": "https://t.me/rybalka_spb_lenoblasti/11208", "sid": "https://t.me/rybalka_spb_lenoblasti/11208", "agent": "social_reports", "season": "open_water", "dist": 10.6, "zone": "core", "sector": "Старая Ладога / Волхов"}}, {"type": "Feature", "geometry": {"type": "Point", "coordinates": [32.326258, 60.075722]}, "properties": {"kind": "fishing", "cls": "A", "prec": 20, "fish": ["Лещ"], "date": "2024-11-10", "title": "Река Волхов. Юшково", "comment": "Отчёт с координатами места ловли.", "src": "Telegram: Рыболовная сводка СПб", "srcd": "Telegram @rybalka_spb_lenoblasti", "url": "https://t.me/rybalka_spb_lenoblasti/11237", "sid": "https://t.me/rybalka_spb_lenoblasti/11237", "agent": "social_reports", "season": "open_water", "dist": 3.6, "zone": "core", "sector": "Нижний Волхов"}}, {"type": "Feature", "geometry": {"type": "Point", "coordinates": [32.340552, 60.039413]}, "properties": {"kind": "fishing", "cls": "A", "prec": 20, "fish": ["Лещ"], "date": "2024-11-10", "title": "Река Волхов. Поляша", "comment": "Отчёт с координатами места ловли.", "src": "Telegram: Рыболовная сводка СПб", "srcd": "Telegram @rybalka_spb_lenoblasti", "url": "https://t.me/rybalka_spb_lenoblasti/11303", "sid": "https://t.me/rybalka_spb_lenoblasti/11303", "agent": "social_reports", "season": "open_water", "dist": 7.6, "zone": "core", "sector": "Старая Ладога / Волхов"}}, {"type": "Feature", "geometry": {"type": "Point", "coordinates": [32.344323, 60.05031]}, "properties": {"kind": "fishing", "cls": "A", "prec": 20, "fish": ["Лещ"], "date": "2024-11-11", "title": "Река Волхов. Поляша", "comment": "мормышка", "method": "мормышка", "src": "Telegram: Рыболовная сводка СПб", "srcd": "Telegram @rybalka_spb_lenoblasti", "url": "https://t.me/rybalka_spb_lenoblasti/11278", "sid": "https://t.me/rybalka_spb_lenoblasti/11278", "agent": "social_reports", "season": "ice", "dist": 6.6, "zone": "core", "sector": "Нижний Волхов"}}, {"type": "Feature", "geometry": {"type": "Point", "coordinates": [32.341007, 60.051037]}, "properties": {"kind": "fishing", "cls": "A", "prec": 20, "fish": ["Лещ"], "date": "2024-11-12", "title": "Река Волхов. Поляша", "comment": "Отчёт с координатами места ловли.", "src": "Telegram: Рыболовная сводка СПб", "srcd": "Telegram @rybalka_spb_lenoblasti", "url": "https://t.me/rybalka_spb_lenoblasti/11341", "sid": "https://t.me/rybalka_spb_lenoblasti/11341", "agent": "social_reports", "season": "open_water", "dist": 6.4, "zone": "core", "sector": "Нижний Волхов"}}, {"type": "Feature", "geometry": {"type": "Point", "coordinates": [32.31323, 60.089373]}, "properties": {"kind": "fishing", "cls": "A", "prec": 20, "fish": ["Лещ"], "date": "2024-11-13", "title": "Река Волхов", "comment": "фидер/донка", "method": "фидер/донка", "src": "Telegram: Рыболовная сводка СПб", "srcd": "Telegram @rybalka_spb_lenoblasti", "url": "https://t.me/rybalka_spb_lenoblasti/11390", "sid": "https://t.me/rybalka_spb_lenoblasti/11390", "agent": "social_reports", "season": "open_water", "dist": 1.9, "zone": "core", "sector": "Нижний Волхов"}}, {"type": "Feature", "geometry": {"type": "Point", "coordinates": [32.344323, 60.05031]}, "properties": {"kind": "fishing", "cls": "A", "prec": 20, "fish": ["Лещ"], "date": "2024-11-16", "title": "Река Волхов. Поляша", "comment": "Отчёт с координатами места ловли.", "src": "Telegram: Рыболовная сводка СПб", "srcd": "Telegram @rybalka_spb_lenoblasti", "url": "https://t.me/rybalka_spb_lenoblasti/11474", "sid": "https://t.me/rybalka_spb_lenoblasti/11474", "agent": "social_reports", "season": "open_water", "dist": 6.6, "zone": "core", "sector": "Нижний Волхов"}}, {"type": "Feature", "geometry": {"type": "Point", "coordinates": [32.340855, 60.037502]}, "properties": {"kind": "fishing", "cls": "A", "prec": 20, "fish": ["Лещ"], "date": "2024-11-17", "title": "Река Волхов", "comment": "Отчёт с координатами места ловли.", "src": "Telegram: Рыболовная сводка СПб", "srcd": "Telegram @rybalka_spb_lenoblasti", "url": "https://t.me/rybalka_spb_lenoblasti/11411", "sid": "https://t.me/rybalka_spb_lenoblasti/11411", "agent": "social_reports", "season": "open_water", "dist": 7.8, "zone": "core", "sector": "Старая Ладога / Волхов"}}, {"type": "Feature", "geometry": {"type": "Point", "coordinates": [32.339064, 60.04812]}, "properties": {"kind": "fishing", "cls": "A", "prec": 20, "fish": ["Лещ"], "date": "2024-11-17", "title": "Река Волхов. Поляша", "comment": "лещ 1,6 кг", "catch": "лещ 1,6 кг", "src": "Telegram: Рыболовная сводка СПб", "srcd": "Telegram @rybalka_spb_lenoblasti", "url": "https://t.me/rybalka_spb_lenoblasti/11441", "sid": "https://t.me/rybalka_spb_lenoblasti/11441", "agent": "social_reports", "season": "open_water", "dist": 6.7, "zone": "core", "sector": "Нижний Волхов"}}, {"type": "Feature", "geometry": {"type": "Point", "coordinates": [32.340896, 60.050757]}, "properties": {"kind": "fishing", "cls": "A", "prec": 20, "fish": ["Лещ"], "date": "2024-11-17", "title": "Река Волхов. Поляша", "comment": "лещ 2,39 кг", "catch": "лещ 2,39 кг", "src": "Telegram: Рыболовная сводка СПб", "srcd": "Telegram @rybalka_spb_lenoblasti", "url": "https://t.me/rybalka_spb_lenoblasti/11455", "sid": "https://t.me/rybalka_spb_lenoblasti/11455", "agent": "social_reports", "season": "open_water", "dist": 6.4, "zone": "core", "sector": "Нижний Волхов"}}, {"type": "Feature", "geometry": {"type": "Point", "coordinates": [32.313132, 60.089005]}, "properties": {"kind": "fishing", "cls": "A", "prec": 20, "fish": ["Лещ"], "date": "2024-11-19", "title": "Река Волхов. Новая Ладога", "comment": "Отчёт с координатами места ловли.", "src": "Telegram: Рыболовная сводка СПб", "srcd": "Telegram @rybalka_spb_lenoblasti", "url": "https://t.me/rybalka_spb_lenoblasti/11597", "sid": "https://t.me/rybalka_spb_lenoblasti/11597", "agent": "social_reports", "season": "open_water", "dist": 1.9, "zone": "core", "sector": "Нижний Волхов"}}, {"type": "Feature", "geometry": {"type": "Point", "coordinates": [32.344323, 60.05031]}, "properties": {"kind": "fishing", "cls": "A", "prec": 20, "fish": ["Лещ"], "date": "2024-11-19", "title": "Река Волхов. Поляша", "comment": "Отчёт с координатами места ловли.", "src": "Telegram: Рыболовная сводка СПб", "srcd": "Telegram @rybalka_spb_lenoblasti", "url": "https://t.me/rybalka_spb_lenoblasti/11629", "sid": "https://t.me/rybalka_spb_lenoblasti/11629", "agent": "social_reports", "season": "open_water", "dist": 6.6, "zone": "core", "sector": "Нижний Волхов"}}, {"type": "Feature", "geometry": {"type": "Point", "coordinates": [32.340871, 60.037472]}, "properties": {"kind": "fishing", "cls": "A", "prec": 20, "fish": ["Лещ"], "date": "2024-11-23", "title": "Река Волхов", "comment": "Отчёт с координатами места ловли.", "src": "Telegram: Рыболовная сводка СПб", "srcd": "Telegram @rybalka_spb_lenoblasti", "url": "https://t.me/rybalka_spb_lenoblasti/11704", "sid": "https://t.me/rybalka_spb_lenoblasti/11704", "agent": "social_reports", "season": "open_water", "dist": 7.8, "zone": "core", "sector": "Старая Ладога / Волхов"}}, {"type": "Feature", "geometry": {"type": "Point", "coordinates": [32.344323, 60.05031]}, "properties": {"kind": "fishing", "cls": "A", "prec": 20, "fish": ["Лещ"], "date": "2024-11-28", "title": "Река Волхов. Поляша", "comment": "Отчёт с координатами места ловли.", "src": "Telegram: Рыболовная сводка СПб", "srcd": "Telegram @rybalka_spb_lenoblasti", "url": "https://t.me/rybalka_spb_lenoblasti/11876", "sid": "https://t.me/rybalka_spb_lenoblasti/11876", "agent": "social_reports", "season": "open_water", "dist": 6.6, "zone": "core", "sector": "Нижний Волхов"}}, {"type": "Feature", "geometry": {"type": "Point", "coordinates": [32.322988, 60.10199]}, "properties": {"kind": "fishing", "cls": "A", "prec": 20, "fish": ["Лещ"], "date": "2024-11-28", "title": "Река Волхов. Новая Ладога", "comment": "Отчёт с координатами места ловли.", "src": "Telegram: Рыболовная сводка СПб", "srcd": "Telegram @rybalka_spb_lenoblasti", "url": "https://t.me/rybalka_spb_lenoblasti/11960", "sid": "https://t.me/rybalka_spb_lenoblasti/11960", "agent": "social_reports", "season": "open_water", "dist": 1.6, "zone": "core", "sector": "Новая Ладога / устье Волхова"}}, {"type": "Feature", "geometry": {"type": "Point", "coordinates": [32.344323, 60.05031]}, "properties": {"kind": "fishing", "cls": "A", "prec": 20, "fish": ["Лещ"], "date": "2024-11-30", "title": "Река Волхов. Поляша", "comment": "мормышка", "method": "мормышка", "src": "Telegram: Рыболовная сводка СПб", "srcd": "Telegram @rybalka_spb_lenoblasti", "url": "https://t.me/rybalka_spb_lenoblasti/11994", "sid": "https://t.me/rybalka_spb_lenoblasti/11994", "agent": "social_reports", "season": "ice", "dist": 6.6, "zone": "core", "sector": "Нижний Волхов"}}, {"type": "Feature", "geometry": {"type": "Point", "coordinates": [32.340269, 60.041638]}, "properties": {"kind": "fishing", "cls": "A", "prec": 20, "fish": ["Лещ"], "date": "2024-12-01", "title": "Река Волхов. Поляша", "comment": "фидер/донка", "method": "фидер/донка", "src": "Telegram: Рыболовная сводка СПб", "srcd": "Telegram @rybalka_spb_lenoblasti", "url": "https://t.me/rybalka_spb_lenoblasti/12049", "sid": "https://t.me/rybalka_spb_lenoblasti/12049", "agent": "social_reports", "season": "ice", "dist": 7.4, "zone": "core", "sector": "Нижний Волхов"}}, {"type": "Feature", "geometry": {"type": "Point", "coordinates": [31.627907, 60.127098]}, "properties": {"kind": "fishing", "cls": "A", "prec": 20, "fish": ["Щука"], "date": "2024-12-10", "title": "Староладожский канал. Деревня Старая Канава", "comment": "Отчёт с координатами места ловли.", "src": "Telegram: Рыболовная сводка СПб", "srcd": "Telegram @rybalka_spb_lenoblasti", "url": "https://t.me/rybalka_spb_lenoblasti/12453", "sid": "https://t.me/rybalka_spb_lenoblasti/12453", "agent": "social_reports", "dist": 37.0, "zone": "core", "sector": "Кобона / южный берег"}}, {"type": "Feature", "geometry": {"type": "Point", "coordinates": [31.031305, 59.946766]}, "properties": {"kind": "fishing", "cls": "A", "prec": 20, "fish": ["Щука", "Окунь"], "date": "2024-12-21", "title": "Река Нева. Шлиссельбург", "comment": "со льда", "method": "со льда", "src": "Telegram: Рыболовная сводка СПб", "srcd": "Telegram @rybalka_spb_lenoblasti", "url": "https://t.me/rybalka_spb_lenoblasti/12768", "sid": "https://t.me/rybalka_spb_lenoblasti/12768", "agent": "social_reports", "season": "open_water", "dist": 72.3, "zone": "ext", "sector": "Шлиссельбург / бухта Петрокрепость"}}, {"type": "Feature", "geometry": {"type": "Point", "coordinates": [31.071765, 60.084719]}, "properties": {"kind": "fishing", "cls": "A", "prec": 20, "fish": ["Окунь"], "date": "2024-12-22", "title": "Ладожское озеро, Коккорево", "comment": "Отчёт с координатами места ловли.", "src": "Telegram: Рыболовная сводка СПб", "srcd": "Telegram @rybalka_spb_lenoblasti", "url": "https://t.me/rybalka_spb_lenoblasti/12872", "sid": "https://t.me/rybalka_spb_lenoblasti/12872", "agent": "social_reports", "dist": 67.8, "zone": "ext", "sector": "Осиновец / западный берег"}}, {"type": "Feature", "geometry": {"type": "Point", "coordinates": [31.800049, 60.227381]}, "properties": {"kind": "fishing", "cls": "A", "prec": 20, "fish": ["Окунь"], "date": "2024-12-22", "title": "Ладожское озеро. Лигово", "comment": "Отчёт с координатами места ловли.", "src": "Telegram: Рыболовная сводка СПб", "srcd": "Telegram @rybalka_spb_lenoblasti", "url": "https://t.me/rybalka_spb_lenoblasti/12911", "sid": "https://t.me/rybalka_spb_lenoblasti/12911", "agent": "social_reports", "dist": 30.6, "zone": "core", "sector": "Лигово"}}, {"type": "Feature", "geometry": {"type": "Point", "coordinates": [32.596487, 60.338497]}, "properties": {"kind": "fishing", "cls": "A", "prec": 20, "fish": ["Окунь"], "date": "2024-12-29", "title": "Ладожское озеро. Кириково", "comment": "со льда", "method": "со льда", "src": "Telegram: Рыболовная сводка СПб", "srcd": "Telegram @rybalka_spb_lenoblasti", "url": "https://t.me/rybalka_spb_lenoblasti/13086", "sid": "https://t.me/rybalka_spb_lenoblasti/13086", "agent": "social_reports", "dist": 31.0, "zone": "core", "sector": "Вороново"}}, {"type": "Feature", "geometry": {"type": "Point", "coordinates": [32.596487, 60.338497]}, "properties": {"kind": "fishing", "cls": "A", "prec": 20, "date": "2025-01-14", "title": "Ладожское озеро. Кириково", "comment": "Отчёт с координатами места ловли.", "src": "Telegram: Рыболовная сводка СПб", "srcd": "Telegram @rybalka_spb_lenoblasti", "url": "https://t.me/rybalka_spb_lenoblasti/13698", "sid": "https://t.me/rybalka_spb_lenoblasti/13698", "agent": "social_reports", "season": "ice", "dist": 31.0, "zone": "core", "sector": "Вороново"}}, {"type": "Feature", "geometry": {"type": "Point", "coordinates": [30.994158, 59.928433]}, "properties": {"kind": "fishing", "cls": "A", "prec": 20, "fish": ["Окунь", "Плотва"], "date": "2025-01-20", "title": "Река Нева. Шлиссельбург", "comment": "со льда", "method": "со льда", "src": "Telegram: Рыболовная сводка СПб", "srcd": "Telegram @rybalka_spb_lenoblasti", "url": "https://t.me/rybalka_spb_lenoblasti/13904", "sid": "https://t.me/rybalka_spb_lenoblasti/13904", "agent": "social_reports", "season": "ice", "dist": 74.8, "zone": "ext", "sector": "Шлиссельбург / бухта Петрокрепость"}}, {"type": "Feature", "geometry": {"type": "Point", "coordinates": [32.635081, 60.276467]}, "properties": {"kind": "fishing", "cls": "A", "prec": 20, "fish": ["Щука", "Окунь", "Плотва", "Налим"], "date": "2025-01-21", "title": "Ладожское озеро, Вороново", "comment": "со льда; глубина 1.8 м", "depth": "1.8 м", "method": "со льда", "src": "Telegram: Рыболовная сводка СПб", "srcd": "Telegram @rybalka_spb_lenoblasti", "url": "https://t.me/rybalka_spb_lenoblasti/13964", "sid": "https://t.me/rybalka_spb_lenoblasti/13964", "agent": "social_reports", "season": "ice", "dist": 26.9, "zone": "core", "sector": "Вороново"}}, {"type": "Feature", "geometry": {"type": "Point", "coordinates": [30.994269, 59.92852]}, "properties": {"kind": "fishing", "cls": "A", "prec": 20, "fish": ["Окунь", "Плотва"], "date": "2025-01-22", "title": "Река Нева. Шлиссельбург", "comment": "Отчёт с координатами места ловли.", "src": "Telegram: Рыболовная сводка СПб", "srcd": "Telegram @rybalka_spb_lenoblasti", "url": "https://t.me/rybalka_spb_lenoblasti/13998", "sid": "https://t.me/rybalka_spb_lenoblasti/13998", "agent": "social_reports", "season": "ice", "dist": 74.8, "zone": "ext", "sector": "Шлиссельбург / бухта Петрокрепость"}}, {"type": "Feature", "geometry": {"type": "Point", "coordinates": [32.327072, 60.102877]}, "properties": {"kind": "fishing", "cls": "A", "prec": 20, "fish": ["Окунь"], "date": "2025-02-01", "title": "Река Волхов. Новая Ладога, д. Березье", "comment": "со льда", "method": "со льда", "src": "Telegram: Рыболовная сводка СПб", "srcd": "Telegram @rybalka_spb_lenoblasti", "url": "https://t.me/rybalka_spb_lenoblasti/14363", "sid": "https://t.me/rybalka_spb_lenoblasti/14363", "agent": "social_reports", "season": "ice", "dist": 1.8, "zone": "core", "sector": "Новая Ладога / устье Волхова"}}, {"type": "Feature", "geometry": {"type": "Point", "coordinates": [32.596487, 60.338497]}, "properties": {"kind": "fishing", "cls": "A", "prec": 20, "fish": ["Окунь"], "date": "2025-02-11", "title": "Ладожское озеро, д. Кириково", "comment": "со льда", "method": "со льда", "src": "Telegram: Рыболовная сводка СПб", "srcd": "Telegram @rybalka_spb_lenoblasti", "url": "https://t.me/rybalka_spb_lenoblasti/14712", "sid": "https://t.me/rybalka_spb_lenoblasti/14712", "agent": "social_reports", "season": "ice", "dist": 31.0, "zone": "core", "sector": "Вороново"}}, {"type": "Feature", "geometry": {"type": "Point", "coordinates": [31.662426, 60.170946]}, "properties": {"kind": "fishing", "cls": "A", "prec": 20, "fish": ["Щука"], "date": "2025-03-11", "title": "Староладожский канал", "comment": "Отчёт с координатами места ловли.", "src": "Telegram: Рыболовная сводка СПб", "srcd": "Telegram @rybalka_spb_lenoblasti", "url": "https://t.me/rybalka_spb_lenoblasti/15460", "sid": "https://t.me/rybalka_spb_lenoblasti/15460", "agent": "social_reports", "season": "ice", "dist": 35.8, "zone": "core", "sector": "Лигово"}}, {"type": "Feature", "geometry": {"type": "Point", "coordinates": [31.346023, 59.903018]}, "properties": {"kind": "fishing", "cls": "A", "prec": 20, "fish": ["Плотва"], "date": "2025-03-15", "title": "Новоладожский канал, д. Назия", "comment": "Отчёт с координатами места ловли.", "src": "Telegram: Рыболовная сводка СПб", "srcd": "Telegram @rybalka_spb_lenoblasti", "url": "https://t.me/rybalka_spb_lenoblasti/15518", "sid": "https://t.me/rybalka_spb_lenoblasti/15518", "agent": "social_reports", "season": "ice", "dist": 57.2, "zone": "ext", "sector": "Шлиссельбург / бухта Петрокрепость"}}, {"type": "Feature", "geometry": {"type": "Point", "coordinates": [32.315502, 60.095595]}, "properties": {"kind": "fishing", "cls": "A", "prec": 20, "fish": ["Лещ", "Густера"], "date": "2025-03-16", "title": "Река Волхов. Новая Ладога", "comment": "фидер/донка", "method": "фидер/донка", "src": "Telegram: Рыболовная сводка СПб", "srcd": "Telegram @rybalka_spb_lenoblasti", "url": "https://t.me/rybalka_spb_lenoblasti/15526", "sid": "https://t.me/rybalka_spb_lenoblasti/15526", "agent": "social_reports", "season": "open_water", "dist": 1.5, "zone": "core", "sector": "Нижний Волхов"}}, {"type": "Feature", "geometry": {"type": "Point", "coordinates": [32.340872, 60.037725]}, "properties": {"kind": "fishing", "cls": "A", "prec": 20, "fish": ["Лещ"], "date": "2025-03-26", "title": "Река Волхов. Поляша", "comment": "Отчёт с координатами места ловли.", "src": "Telegram: Рыболовная сводка СПб", "srcd": "Telegram @rybalka_spb_lenoblasti", "url": "https://t.me/rybalka_spb_lenoblasti/15713", "sid": "https://t.me/rybalka_spb_lenoblasti/15713", "agent": "social_reports", "season": "ice", "dist": 7.8, "zone": "core", "sector": "Старая Ладога / Волхов"}}, {"type": "Feature", "geometry": {"type": "Point", "coordinates": [32.596487, 60.338497]}, "properties": {"kind": "fishing", "cls": "A", "prec": 20, "fish": ["Окунь"], "date": "2025-03-27", "title": "Ладожское озеро, д. Кириково", "comment": "Отчёт с координатами места ловли.", "src": "Telegram: Рыболовная сводка СПб", "srcd": "Telegram @rybalka_spb_lenoblasti", "url": "https://t.me/rybalka_spb_lenoblasti/15768", "sid": "https://t.me/rybalka_spb_lenoblasti/15768", "agent": "social_reports", "season": "ice", "dist": 31.0, "zone": "core", "sector": "Вороново"}}, {"type": "Feature", "geometry": {"type": "Point", "coordinates": [32.333039, 60.112436]}, "properties": {"kind": "fishing", "cls": "A", "prec": 20, "fish": ["Плотва"], "date": "2025-03-28", "title": "Река Волхов, Новая Ладога, д. Немятово", "comment": "Отчёт с координатами места ловли.", "src": "Telegram: Рыболовная сводка СПб", "srcd": "Telegram @rybalka_spb_lenoblasti", "url": "https://t.me/rybalka_spb_lenoblasti/15755", "sid": "https://t.me/rybalka_spb_lenoblasti/15755", "agent": "social_reports", "season": "ice", "dist": 2.4, "zone": "core", "sector": "Новая Ладога / устье Волхова"}}, {"type": "Feature", "geometry": {"type": "Point", "coordinates": [32.333039, 60.112436]}, "properties": {"kind": "fishing", "cls": "A", "prec": 20, "fish": ["Судак", "Окунь"], "date": "2025-04-01", "title": "Река Волхов, Новая Ладога, д. Немятово", "comment": "спиннинг, поплавок", "method": "спиннинг, поплавок", "src": "Telegram: Рыболовная сводка СПб", "srcd": "Telegram @rybalka_spb_lenoblasti", "url": "https://t.me/rybalka_spb_lenoblasti/15859", "sid": "https://t.me/rybalka_spb_lenoblasti/15859", "agent": "social_reports", "season": "open_water", "dist": 2.4, "zone": "core", "sector": "Новая Ладога / устье Волхова"}}, {"type": "Feature", "geometry": {"type": "Point", "coordinates": [31.037393, 60.165556]}, "properties": {"kind": "fishing", "cls": "A", "prec": 20, "fish": ["Лещ"], "date": "2025-04-01", "title": "Река Морье", "comment": "Отчёт с координатами места ловли.", "src": "Telegram: Рыболовная сводка СПб", "srcd": "Telegram @rybalka_spb_lenoblasti", "url": "https://t.me/rybalka_spb_lenoblasti/15863", "sid": "https://t.me/rybalka_spb_lenoblasti/15863", "agent": "social_reports", "dist": 69.9, "zone": "ext", "sector": "Осиновец / западный берег"}}, {"type": "Feature", "geometry": {"type": "Point", "coordinates": [31.4571, 59.901744]}, "properties": {"kind": "fishing", "cls": "A", "prec": 20, "fish": ["Плотва"], "date": "2025-04-04", "title": "Новоладожский канал, д. Нижняя Шальдиха", "comment": "Отчёт с координатами места ловли.", "src": "Telegram: Рыболовная сводка СПб", "srcd": "Telegram @rybalka_spb_lenoblasti", "url": "https://t.me/rybalka_spb_lenoblasti/15886", "sid": "https://t.me/rybalka_spb_lenoblasti/15886", "agent": "social_reports", "dist": 51.7, "zone": "core", "sector": "Кобона / южный берег"}}, {"type": "Feature", "geometry": {"type": "Point", "coordinates": [31.345932, 59.903069]}, "properties": {"kind": "fishing", "cls": "A", "prec": 20, "fish": ["Плотва"], "date": "2025-04-05", "title": "Новоладожский канал, д. Назия", "comment": "фидер/донка", "method": "фидер/донка", "src": "Telegram: Рыболовная сводка СПб", "srcd": "Telegram @rybalka_spb_lenoblasti", "url": "https://t.me/rybalka_spb_lenoblasti/15928", "sid": "https://t.me/rybalka_spb_lenoblasti/15928", "agent": "social_reports", "season": "open_water", "dist": 57.2, "zone": "ext", "sector": "Шлиссельбург / бухта Петрокрепость"}}, {"type": "Feature", "geometry": {"type": "Point", "coordinates": [32.304046, 60.011533]}, "properties": {"kind": "fishing", "cls": "A", "prec": 20, "fish": ["Лещ"], "date": "2025-04-06", "title": "Река Волхов, Курганы", "comment": "Отчёт с координатами места ловли.", "src": "Telegram: Рыболовная сводка СПб", "srcd": "Telegram @rybalka_spb_lenoblasti", "url": "https://t.me/rybalka_spb_lenoblasti/15951", "sid": "https://t.me/rybalka_spb_lenoblasti/15951", "agent": "social_reports", "dist": 10.3, "zone": "core", "sector": "Старая Ладога / Волхов"}}, {"type": "Feature", "geometry": {"type": "Point", "coordinates": [32.333039, 60.112436]}, "properties": {"kind": "fishing", "cls": "A", "prec": 20, "fish": ["Плотва"], "date": "2025-04-10", "title": "Река Волхов, Новая Ладога, д. Немятово", "comment": "поплавок", "method": "поплавок", "src": "Telegram: Рыболовная сводка СПб", "srcd": "Telegram @rybalka_spb_lenoblasti", "url": "https://t.me/rybalka_spb_lenoblasti/16056", "sid": "https://t.me/rybalka_spb_lenoblasti/16056", "agent": "social_reports", "season": "open_water", "dist": 2.4, "zone": "core", "sector": "Новая Ладога / устье Волхова"}}, {"type": "Feature", "geometry": {"type": "Point", "coordinates": [32.304046, 60.011533]}, "properties": {"kind": "fishing", "cls": "A", "prec": 20, "fish": ["Щука", "Плотва", "Синец"], "date": "2025-04-15", "title": "Река Волхов, Курганы", "comment": "фидер/донка, поплавок", "method": "фидер/донка, поплавок", "src": "Telegram: Рыболовная сводка СПб", "srcd": "Telegram @rybalka_spb_lenoblasti", "url": "https://t.me/rybalka_spb_lenoblasti/16153", "sid": "https://t.me/rybalka_spb_lenoblasti/16153", "agent": "social_reports", "season": "open_water", "dist": 10.3, "zone": "core", "sector": "Старая Ладога / Волхов"}}, {"type": "Feature", "geometry": {"type": "Point", "coordinates": [32.339064, 60.04812]}, "properties": {"kind": "fishing", "cls": "A", "prec": 20, "fish": ["Синец"], "date": "2025-04-21", "title": "Река Волхов. Поляша", "comment": "Отчёт с координатами места ловли.", "src": "Telegram: Рыболовная сводка СПб", "srcd": "Telegram @rybalka_spb_lenoblasti", "url": "https://t.me/rybalka_spb_lenoblasti/16260", "sid": "https://t.me/rybalka_spb_lenoblasti/16260", "agent": "social_reports", "dist": 6.7, "zone": "core", "sector": "Нижний Волхов"}}, {"type": "Feature", "geometry": {"type": "Point", "coordinates": [32.304046, 60.011533]}, "properties": {"kind": "fishing", "cls": "A", "prec": 20, "fish": ["Плотва", "Густера", "Краснопёрка", "Синец"], "date": "2025-04-22", "title": "Река Волхов, Курганы", "comment": "Отчёт с координатами места ловли.", "src": "Telegram: Рыболовная сводка СПб", "srcd": "Telegram @rybalka_spb_lenoblasti", "url": "https://t.me/rybalka_spb_lenoblasti/16285", "sid": "https://t.me/rybalka_spb_lenoblasti/16285", "agent": "social_reports", "dist": 10.3, "zone": "core", "sector": "Старая Ладога / Волхов"}}, {"type": "Feature", "geometry": {"type": "Point", "coordinates": [31.028275, 59.955555]}, "properties": {"kind": "fishing", "cls": "A", "prec": 20, "fish": ["Плотва"], "date": "2025-04-23", "title": "Река Нева. Петрокрепость, д. Шереметьевка", "comment": "фидер/донка", "method": "фидер/донка", "src": "Telegram: Рыболовная сводка СПб", "srcd": "Telegram @rybalka_spb_lenoblasti", "url": "https://t.me/rybalka_spb_lenoblasti/16279", "sid": "https://t.me/rybalka_spb_lenoblasti/16279", "agent": "social_reports", "season": "open_water", "dist": 72.2, "zone": "ext", "sector": "Шлиссельбург / бухта Петрокрепость"}}, {"type": "Feature", "geometry": {"type": "Point", "coordinates": [31.345949, 59.903052]}, "properties": {"kind": "fishing", "cls": "A", "prec": 20, "fish": ["Лещ"], "date": "2025-04-26", "title": "Новоладожский канал, д. Назия", "comment": "Отчёт с координатами места ловли.", "src": "Telegram: Рыболовная сводка СПб", "srcd": "Telegram @rybalka_spb_lenoblasti", "url": "https://t.me/rybalka_spb_lenoblasti/16360", "sid": "https://t.me/rybalka_spb_lenoblasti/16360", "agent": "social_reports", "dist": 57.2, "zone": "ext", "sector": "Шлиссельбург / бухта Петрокрепость"}}, {"type": "Feature", "geometry": {"type": "Point", "coordinates": [32.344155, 60.051447]}, "properties": {"kind": "fishing", "cls": "A", "prec": 20, "fish": ["Лещ", "Синец", "Сырть"], "date": "2025-05-02", "title": "Река Волхов. Поляша", "comment": "поплавок", "method": "поплавок", "src": "Telegram: Рыболовная сводка СПб", "srcd": "Telegram @rybalka_spb_lenoblasti", "url": "https://t.me/rybalka_spb_lenoblasti/16531", "sid": "https://t.me/rybalka_spb_lenoblasti/16531", "agent": "social_reports", "season": "open_water", "dist": 6.4, "zone": "core", "sector": "Нижний Волхов"}}, {"type": "Feature", "geometry": {"type": "Point", "coordinates": [31.411392, 59.897354]}, "properties": {"kind": "fishing", "cls": "A", "prec": 20, "fish": ["Лещ", "Плотва"], "date": "2025-05-03", "title": "Новоладожский канал между д. Назия и д. Нижняя Шальдиха", "comment": "фидер/донка", "method": "фидер/донка", "src": "Telegram: Рыболовная сводка СПб", "srcd": "Telegram @rybalka_spb_lenoblasti", "url": "https://t.me/rybalka_spb_lenoblasti/16544", "sid": "https://t.me/rybalka_spb_lenoblasti/16544", "agent": "social_reports", "season": "open_water", "dist": 54.2, "zone": "core", "sector": "Кобона / южный берег"}}, {"type": "Feature", "geometry": {"type": "Point", "coordinates": [32.338285, 60.047462]}, "properties": {"kind": "fishing", "cls": "A", "prec": 20, "fish": ["Лещ", "Густера", "Синец", "Елец"], "date": "2025-05-04", "title": "Река Волхов. Поляша", "comment": "Отчёт с координатами места ловли.", "src": "Telegram: Рыболовная сводка СПб", "srcd": "Telegram @rybalka_spb_lenoblasti", "url": "https://t.me/rybalka_spb_lenoblasti/16539", "sid": "https://t.me/rybalka_spb_lenoblasti/16539", "agent": "social_reports", "season": "open_water", "dist": 6.7, "zone": "core", "sector": "Нижний Волхов"}}, {"type": "Feature", "geometry": {"type": "Point", "coordinates": [32.344155, 60.051447]}, "properties": {"kind": "fishing", "cls": "A", "prec": 20, "fish": ["Лещ", "Плотва", "Густера", "Голавль", "Синец"], "date": "2025-05-04", "title": "Река Волхов. Поляша", "comment": "Отчёт с координатами места ловли.", "src": "Telegram: Рыболовная сводка СПб", "srcd": "Telegram @rybalka_spb_lenoblasti", "url": "https://t.me/rybalka_spb_lenoblasti/16546", "sid": "https://t.me/rybalka_spb_lenoblasti/16546", "agent": "social_reports", "season": "open_water", "dist": 6.4, "zone": "core", "sector": "Нижний Волхов"}}, {"type": "Feature", "geometry": {"type": "Point", "coordinates": [32.344155, 60.051447]}, "properties": {"kind": "fishing", "cls": "A", "prec": 20, "fish": ["Лещ", "Густера", "Синец"], "date": "2025-05-09", "title": "Река Волхов. Поляша", "comment": "Отчёт с координатами места ловли.", "src": "Telegram: Рыболовная сводка СПб", "srcd": "Telegram @rybalka_spb_lenoblasti", "url": "https://t.me/rybalka_spb_lenoblasti/16682", "sid": "https://t.me/rybalka_spb_lenoblasti/16682", "agent": "social_reports", "season": "open_water", "dist": 6.4, "zone": "core", "sector": "Нижний Волхов"}}, {"type": "Feature", "geometry": {"type": "Point", "coordinates": [31.039084, 59.948739]}, "properties": {"kind": "fishing", "cls": "A", "prec": 20, "fish": ["Окунь", "Плотва"], "date": "2025-05-14", "title": "Новоладожский канал, Шлиссельбург", "comment": "поплавок", "method": "поплавок", "src": "Telegram: Рыболовная сводка СПб", "srcd": "Telegram @rybalka_spb_lenoblasti", "url": "https://t.me/rybalka_spb_lenoblasti/16835", "sid": "https://t.me/rybalka_spb_lenoblasti/16835", "agent": "social_reports", "season": "open_water", "dist": 71.8, "zone": "ext", "sector": "Шлиссельбург / бухта Петрокрепость"}}, {"type": "Feature", "geometry": {"type": "Point", "coordinates": [31.034642, 59.958349]}, "properties": {"kind": "fishing", "cls": "A", "prec": 20, "fish": ["Плотва"], "date": "2025-05-15", "title": "Ладожское озеро, пгт. им. Морозова", "comment": "фидер/донка", "method": "фидер/донка", "src": "Telegram: Рыболовная сводка СПб", "srcd": "Telegram @rybalka_spb_lenoblasti", "url": "https://t.me/rybalka_spb_lenoblasti/16818", "sid": "https://t.me/rybalka_spb_lenoblasti/16818", "agent": "social_reports", "season": "open_water", "dist": 71.8, "zone": "ext", "sector": "Шлиссельбург / бухта Петрокрепость"}}, {"type": "Feature", "geometry": {"type": "Point", "coordinates": [32.320966, 60.012507]}, "properties": {"kind": "fishing", "cls": "A", "prec": 20, "fish": ["Лещ", "Сырть"], "date": "2025-05-17", "title": "Река Волхов. Напротив Староладожской дачи", "comment": "Отчёт с координатами места ловли.", "src": "Telegram: Рыболовная сводка СПб", "srcd": "Telegram @rybalka_spb_lenoblasti", "url": "https://t.me/rybalka_spb_lenoblasti/16852", "sid": "https://t.me/rybalka_spb_lenoblasti/16852", "agent": "social_reports", "season": "open_water", "dist": 10.3, "zone": "core", "sector": "Старая Ладога / Волхов"}}, {"type": "Feature", "geometry": {"type": "Point", "coordinates": [31.061742, 59.967833]}, "properties": {"kind": "fishing", "cls": "A", "prec": 20, "fish": ["Окунь", "Уклейка"], "date": "2025-05-21", "title": "Ладожское озеро, Кошкино", "comment": "поплавок", "method": "поплавок", "src": "Telegram: Рыболовная сводка СПб", "srcd": "Telegram @rybalka_spb_lenoblasti", "url": "https://t.me/rybalka_spb_lenoblasti/16974", "sid": "https://t.me/rybalka_spb_lenoblasti/16974", "agent": "social_reports", "season": "open_water", "dist": 70.1, "zone": "ext", "sector": "Шлиссельбург / бухта Петрокрепость"}}, {"type": "Feature", "geometry": {"type": "Point", "coordinates": [32.326258, 60.075722]}, "properties": {"kind": "fishing", "cls": "A", "prec": 20, "fish": ["Лещ"], "date": "2025-05-23", "title": "Река Волхов", "comment": "Отчёт с координатами места ловли.", "src": "Telegram: Рыболовная сводка СПб", "srcd": "Telegram @rybalka_spb_lenoblasti", "url": "https://t.me/rybalka_spb_lenoblasti/17095", "sid": "https://t.me/rybalka_spb_lenoblasti/17095", "agent": "social_reports", "season": "open_water", "dist": 3.6, "zone": "core", "sector": "Нижний Волхов"}}, {"type": "Feature", "geometry": {"type": "Point", "coordinates": [31.345949, 59.903052]}, "properties": {"kind": "fishing", "cls": "A", "prec": 20, "fish": ["Щука"], "date": "2025-06-12", "title": "Новоладожский канал, д. Назия", "comment": "Отчёт с координатами места ловли.", "src": "Telegram: Рыболовная сводка СПб", "srcd": "Telegram @rybalka_spb_lenoblasti", "url": "https://t.me/rybalka_spb_lenoblasti/17515", "sid": "https://t.me/rybalka_spb_lenoblasti/17515", "agent": "social_reports", "season": "open_water", "dist": 57.2, "zone": "ext", "sector": "Шлиссельбург / бухта Петрокрепость"}}, {"type": "Feature", "geometry": {"type": "Point", "coordinates": [32.619295, 60.523083]}, "properties": {"kind": "fishing", "cls": "A", "prec": 20, "fish": ["Судак", "Щука"], "date": "2025-06-16", "title": "Ладожское озеро, Сторожно", "comment": "глубина 3–4 м", "depth": "3–4 м", "src": "Telegram: Рыболовная сводка СПб", "srcd": "Telegram @rybalka_spb_lenoblasti", "url": "https://t.me/rybalka_spb_lenoblasti/17640", "sid": "https://t.me/rybalka_spb_lenoblasti/17640", "agent": "social_reports", "season": "open_water", "dist": 50.0, "zone": "core", "sector": "Свирица / Загубская губа"}}, {"type": "Feature", "geometry": {"type": "Point", "coordinates": [31.024593, 59.937033]}, "properties": {"kind": "fishing", "cls": "A", "prec": 20, "fish": ["Щука"], "date": "2025-06-17", "title": "Малоневский канал, Шлиссельбург", "comment": "Отчёт с координатами места ловли.", "src": "Telegram: Рыболовная сводка СПб", "srcd": "Telegram @rybalka_spb_lenoblasti", "url": "https://t.me/rybalka_spb_lenoblasti/17687", "sid": "https://t.me/rybalka_spb_lenoblasti/17687", "agent": "social_reports", "season": "open_water", "dist": 72.9, "zone": "ext", "sector": "Шлиссельбург / бухта Петрокрепость"}}, {"type": "Feature", "geometry": {"type": "Point", "coordinates": [32.313292, 60.089612]}, "properties": {"kind": "fishing", "cls": "A", "prec": 20, "fish": ["Судак", "Лещ"], "date": "2025-07-04", "title": "Река Волхов, район Юшково", "comment": "спиннинг, троллинг", "method": "спиннинг, троллинг", "src": "Telegram: Рыболовная сводка СПб", "srcd": "Telegram @rybalka_spb_lenoblasti", "url": "https://t.me/rybalka_spb_lenoblasti/18009", "sid": "https://t.me/rybalka_spb_lenoblasti/18009", "agent": "social_reports", "season": "open_water", "dist": 1.9, "zone": "core", "sector": "Нижний Волхов"}}, {"type": "Feature", "geometry": {"type": "Point", "coordinates": [32.344849, 60.054148]}, "properties": {"kind": "fishing", "cls": "A", "prec": 20, "fish": ["Лещ", "Сом"], "date": "2025-07-04", "title": "Река Волхов. Иссад", "comment": "Отчёт с координатами места ловли.", "src": "Telegram: Рыболовная сводка СПб", "srcd": "Telegram @rybalka_spb_lenoblasti", "url": "https://t.me/rybalka_spb_lenoblasti/18012", "sid": "https://t.me/rybalka_spb_lenoblasti/18012", "agent": "social_reports", "season": "open_water", "dist": 6.2, "zone": "core", "sector": "Нижний Волхов"}}, {"type": "Feature", "geometry": {"type": "Point", "coordinates": [32.863382, 60.476875]}, "properties": {"kind": "fishing", "cls": "A", "prec": 20, "fish": ["Судак"], "date": "2025-07-09", "title": "Устье Свири", "comment": "спиннинг, троллинг", "method": "спиннинг, троллинг", "src": "Telegram: Рыболовная сводка СПб", "srcd": "Telegram @rybalka_spb_lenoblasti", "url": "https://t.me/rybalka_spb_lenoblasti/18115", "sid": "https://t.me/rybalka_spb_lenoblasti/18115", "agent": "social_reports", "season": "open_water", "dist": 52.0, "zone": "core", "sector": "Свирская губа / устье Свири"}}, {"type": "Feature", "geometry": {"type": "Point", "coordinates": [32.324846, 60.11632]}, "properties": {"kind": "fishing", "cls": "A", "prec": 20, "fish": ["Судак"], "date": "2025-07-17", "title": "Ладожское озеро, Новая Ладога", "comment": "троллинг", "method": "троллинг", "src": "Telegram: Рыболовная сводка СПб", "srcd": "Telegram @rybalka_spb_lenoblasti", "url": "https://t.me/rybalka_spb_lenoblasti/18342", "sid": "https://t.me/rybalka_spb_lenoblasti/18342", "agent": "social_reports", "season": "open_water", "dist": 2.2, "zone": "core", "sector": "Новая Ладога / устье Волхова"}}, {"type": "Feature", "geometry": {"type": "Point", "coordinates": [32.341191, 60.052317]}, "properties": {"kind": "fishing", "cls": "A", "prec": 20, "fish": ["Жерех"], "date": "2025-07-20", "title": "Река Волхов. Поляша", "comment": "жерех 2,9 кг", "catch": "жерех 2,9 кг", "src": "Telegram: Рыболовная сводка СПб", "srcd": "Telegram @rybalka_spb_lenoblasti", "url": "https://t.me/rybalka_spb_lenoblasti/18490", "sid": "https://t.me/rybalka_spb_lenoblasti/18490", "agent": "social_reports", "season": "open_water", "dist": 6.3, "zone": "core", "sector": "Нижний Волхов"}}, {"type": "Feature", "geometry": {"type": "Point", "coordinates": [31.346028, 59.902915]}, "properties": {"kind": "fishing", "cls": "A", "prec": 20, "fish": ["Щука", "Окунь", "Лещ", "Плотва"], "date": "2025-07-26", "title": "Новоладожский канал", "comment": "Отчёт с координатами места ловли.", "src": "Telegram: Рыболовная сводка СПб", "srcd": "Telegram @rybalka_spb_lenoblasti", "url": "https://t.me/rybalka_spb_lenoblasti/18530", "sid": "https://t.me/rybalka_spb_lenoblasti/18530", "agent": "social_reports", "season": "open_water", "dist": 57.2, "zone": "ext", "sector": "Шлиссельбург / бухта Петрокрепость"}}, {"type": "Feature", "geometry": {"type": "Point", "coordinates": [32.332984, 60.112433]}, "properties": {"kind": "fishing", "cls": "A", "prec": 20, "fish": ["Щука"], "date": "2025-07-29", "title": "Река Волхов, район Новой Ладоги", "comment": "Отчёт с координатами места ловли.", "src": "Telegram: Рыболовная сводка СПб", "srcd": "Telegram @rybalka_spb_lenoblasti", "url": "https://t.me/rybalka_spb_lenoblasti/18588", "sid": "https://t.me/rybalka_spb_lenoblasti/18588", "agent": "social_reports", "season": "open_water", "dist": 2.4, "zone": "core", "sector": "Новая Ладога / устье Волхова"}}, {"type": "Feature", "geometry": {"type": "Point", "coordinates": [32.344448, 60.052809]}, "properties": {"kind": "fishing", "cls": "A", "prec": 20, "fish": ["Лещ", "Сом"], "date": "2025-08-03", "title": "Река Волхов. Иссад", "comment": "фидер/донка", "method": "фидер/донка", "src": "Telegram: Рыболовная сводка СПб", "srcd": "Telegram @rybalka_spb_lenoblasti", "url": "https://t.me/rybalka_spb_lenoblasti/18738", "sid": "https://t.me/rybalka_spb_lenoblasti/18738", "agent": "social_reports", "season": "open_water", "dist": 6.3, "zone": "core", "sector": "Нижний Волхов"}}, {"type": "Feature", "geometry": {"type": "Point", "coordinates": [32.344242, 60.051999]}, "properties": {"kind": "fishing", "cls": "A", "prec": 20, "fish": ["Лещ", "Сом", "Линь", "Синец"], "date": "2025-08-10", "title": "Река Волхов. Иссад", "comment": "Отчёт с координатами места ловли.", "src": "Telegram: Рыболовная сводка СПб", "srcd": "Telegram @rybalka_spb_lenoblasti", "url": "https://t.me/rybalka_spb_lenoblasti/18836", "sid": "https://t.me/rybalka_spb_lenoblasti/18836", "agent": "social_reports", "season": "open_water", "dist": 6.4, "zone": "core", "sector": "Нижний Волхов"}}, {"type": "Feature", "geometry": {"type": "Point", "coordinates": [31.346061, 59.903031]}, "properties": {"kind": "fishing", "cls": "A", "prec": 20, "fish": ["Лещ", "Плотва", "Густера"], "date": "2025-08-12", "title": "Новоладожский канал, д. Назия", "comment": "Отчёт с координатами места ловли.", "src": "Telegram: Рыболовная сводка СПб", "srcd": "Telegram @rybalka_spb_lenoblasti", "url": "https://t.me/rybalka_spb_lenoblasti/18872", "sid": "https://t.me/rybalka_spb_lenoblasti/18872", "agent": "social_reports", "season": "open_water", "dist": 57.2, "zone": "ext", "sector": "Шлиссельбург / бухта Петрокрепость"}}, {"type": "Feature", "geometry": {"type": "Point", "coordinates": [32.304102, 60.0115]}, "properties": {"kind": "fishing", "cls": "A", "prec": 20, "fish": ["Лещ"], "date": "2025-08-13", "title": "Река Волхов, Курганы", "comment": "лещей 10 кг", "catch": "лещей 10 кг", "src": "Telegram: Рыболовная сводка СПб", "srcd": "Telegram @rybalka_spb_lenoblasti", "url": "https://t.me/rybalka_spb_lenoblasti/18920", "sid": "https://t.me/rybalka_spb_lenoblasti/18920", "agent": "social_reports", "season": "open_water", "dist": 10.3, "zone": "core", "sector": "Старая Ладога / Волхов"}}, {"type": "Feature", "geometry": {"type": "Point", "coordinates": [32.344231, 60.052001]}, "properties": {"kind": "fishing", "cls": "A", "prec": 20, "fish": ["Лещ"], "date": "2025-08-19", "title": "Река Волхов. Иссад", "comment": "Отчёт с координатами места ловли.", "src": "Telegram: Рыболовная сводка СПб", "srcd": "Telegram @rybalka_spb_lenoblasti", "url": "https://t.me/rybalka_spb_lenoblasti/18990", "sid": "https://t.me/rybalka_spb_lenoblasti/18990", "agent": "social_reports", "season": "open_water", "dist": 6.4, "zone": "core", "sector": "Нижний Волхов"}}, {"type": "Feature", "geometry": {"type": "Point", "coordinates": [32.344292, 60.050294]}, "properties": {"kind": "fishing", "cls": "A", "prec": 20, "fish": ["Лещ", "Сом"], "date": "2025-08-19", "title": "Река Волхов. Поляша", "comment": "фидер/донка", "method": "фидер/донка", "src": "Telegram: Рыболовная сводка СПб", "srcd": "Telegram @rybalka_spb_lenoblasti", "url": "https://t.me/rybalka_spb_lenoblasti/19009", "sid": "https://t.me/rybalka_spb_lenoblasti/19009", "agent": "social_reports", "season": "open_water", "dist": 6.6, "zone": "core", "sector": "Нижний Волхов"}}, {"type": "Feature", "geometry": {"type": "Point", "coordinates": [32.344292, 60.050294]}, "properties": {"kind": "fishing", "cls": "A", "prec": 20, "fish": ["Лещ"], "date": "2025-08-24", "title": "Река Волхов, д. Поляша", "comment": "Отчёт с координатами места ловли.", "src": "Telegram: Рыболовная сводка СПб", "srcd": "Telegram @rybalka_spb_lenoblasti", "url": "https://t.me/rybalka_spb_lenoblasti/19091", "sid": "https://t.me/rybalka_spb_lenoblasti/19091", "agent": "social_reports", "season": "open_water", "dist": 6.6, "zone": "core", "sector": "Нижний Волхов"}}, {"type": "Feature", "geometry": {"type": "Point", "coordinates": [32.344242, 60.052462]}, "properties": {"kind": "fishing", "cls": "A", "prec": 20, "fish": ["Лещ", "Сом", "Синец"], "date": "2025-08-24", "title": "Река Волхов, д. Поляша", "comment": "Отчёт с координатами места ловли.", "src": "Telegram: Рыболовная сводка СПб", "srcd": "Telegram @rybalka_spb_lenoblasti", "url": "https://t.me/rybalka_spb_lenoblasti/19110", "sid": "https://t.me/rybalka_spb_lenoblasti/19110", "agent": "social_reports", "season": "open_water", "dist": 6.3, "zone": "core", "sector": "Нижний Волхов"}}, {"type": "Feature", "geometry": {"type": "Point", "coordinates": [31.025912, 59.93754]}, "properties": {"kind": "fishing", "cls": "A", "prec": 20, "fish": ["Линь"], "date": "2025-08-24", "title": "Малоневский канал, Шлиссельбург", "comment": "Отчёт с координатами места ловли.", "src": "Telegram: Рыболовная сводка СПб", "srcd": "Telegram @rybalka_spb_lenoblasti", "url": "https://t.me/rybalka_spb_lenoblasti/19145", "sid": "https://t.me/rybalka_spb_lenoblasti/19145", "agent": "social_reports", "season": "open_water", "dist": 72.8, "zone": "ext", "sector": "Шлиссельбург / бухта Петрокрепость"}}, {"type": "Feature", "geometry": {"type": "Point", "coordinates": [32.344231, 60.052001]}, "properties": {"kind": "fishing", "cls": "A", "prec": 20, "fish": ["Лещ"], "date": "2025-09-02", "title": "Река Волхов. Иссад", "comment": "Отчёт с координатами места ловли.", "src": "Telegram: Рыболовная сводка СПб", "srcd": "Telegram @rybalka_spb_lenoblasti", "url": "https://t.me/rybalka_spb_lenoblasti/19249", "sid": "https://t.me/rybalka_spb_lenoblasti/19249", "agent": "social_reports", "season": "open_water", "dist": 6.4, "zone": "core", "sector": "Нижний Волхов"}}, {"type": "Feature", "geometry": {"type": "Point", "coordinates": [31.411392, 59.897354]}, "properties": {"kind": "fishing", "cls": "A", "prec": 20, "fish": ["Щука", "Лещ", "Плотва"], "date": "2025-09-08", "title": "Новоладожский канал между д. Назия и д. Нижняя Шальдиха. (Старый причал около развалин за…", "comment": "спиннинг", "method": "спиннинг", "src": "Telegram: Рыболовная сводка СПб", "srcd": "Telegram @rybalka_spb_lenoblasti", "url": "https://t.me/rybalka_spb_lenoblasti/19389", "sid": "https://t.me/rybalka_spb_lenoblasti/19389", "agent": "social_reports", "season": "open_water", "dist": 54.2, "zone": "core", "sector": "Кобона / южный берег"}}, {"type": "Feature", "geometry": {"type": "Point", "coordinates": [31.026009, 59.937422]}, "properties": {"kind": "fishing", "cls": "A", "prec": 20, "fish": ["Щука"], "date": "2025-09-11", "title": "Малоневский канал, Шлиссельбург", "comment": "6 шт", "catch": "6 шт", "src": "Telegram: Рыболовная сводка СПб", "srcd": "Telegram @rybalka_spb_lenoblasti", "url": "https://t.me/rybalka_spb_lenoblasti/19425", "sid": "https://t.me/rybalka_spb_lenoblasti/19425", "agent": "social_reports", "season": "open_water", "dist": 72.8, "zone": "ext", "sector": "Шлиссельбург / бухта Петрокрепость"}}, {"type": "Feature", "geometry": {"type": "Point", "coordinates": [32.344534, 60.053198]}, "properties": {"kind": "fishing", "cls": "A", "prec": 20, "fish": ["Лещ", "Густера"], "date": "2025-09-14", "title": "Река Волхов, д. Поляша", "comment": "Отчёт с координатами места ловли.", "src": "Telegram: Рыболовная сводка СПб", "srcd": "Telegram @rybalka_spb_lenoblasti", "url": "https://t.me/rybalka_spb_lenoblasti/19565", "sid": "https://t.me/rybalka_spb_lenoblasti/19565", "agent": "social_reports", "season": "open_water", "dist": 6.3, "zone": "core", "sector": "Нижний Волхов"}}, {"type": "Feature", "geometry": {"type": "Point", "coordinates": [31.029197, 59.947831]}, "properties": {"kind": "fishing", "cls": "A", "prec": 20, "fish": ["Окунь", "Уклейка"], "date": "2025-09-18", "title": "Река Нева, Шлиссельбург", "comment": "поплавок", "method": "поплавок", "src": "Telegram: Рыболовная сводка СПб", "srcd": "Telegram @rybalka_spb_lenoblasti", "url": "https://t.me/rybalka_spb_lenoblasti/19612", "sid": "https://t.me/rybalka_spb_lenoblasti/19612", "agent": "social_reports", "season": "open_water", "dist": 72.4, "zone": "ext", "sector": "Шлиссельбург / бухта Петрокрепость"}}, {"type": "Feature", "geometry": {"type": "Point", "coordinates": [32.304102, 60.0115]}, "properties": {"kind": "fishing", "cls": "A", "prec": 20, "fish": ["Лещ"], "date": "2025-09-20", "title": "Река Волхов, Курганы", "comment": "лещ 1,836 кг", "catch": "лещ 1,836 кг", "src": "Telegram: Рыболовная сводка СПб", "srcd": "Telegram @rybalka_spb_lenoblasti", "url": "https://t.me/rybalka_spb_lenoblasti/19651", "sid": "https://t.me/rybalka_spb_lenoblasti/19651", "agent": "social_reports", "season": "open_water", "dist": 10.3, "zone": "core", "sector": "Старая Ладога / Волхов"}}, {"type": "Feature", "geometry": {"type": "Point", "coordinates": [32.329045, 60.014027]}, "properties": {"kind": "fishing", "cls": "A", "prec": 20, "fish": ["Лещ"], "date": "2025-09-21", "title": "Река Волхов, Горчаковщина", "comment": "Отчёт с координатами места ловли.", "src": "Telegram: Рыболовная сводка СПб", "srcd": "Telegram @rybalka_spb_lenoblasti", "url": "https://t.me/rybalka_spb_lenoblasti/19695", "sid": "https://t.me/rybalka_spb_lenoblasti/19695", "agent": "social_reports", "season": "open_water", "dist": 10.2, "zone": "core", "sector": "Старая Ладога / Волхов"}}, {"type": "Feature", "geometry": {"type": "Point", "coordinates": [32.323097, 60.077168]}, "properties": {"kind": "fishing", "cls": "A", "prec": 20, "fish": ["Лещ"], "date": "2025-09-26", "title": "Река Волхов", "comment": "Отчёт с координатами места ловли.", "src": "Telegram: Рыболовная сводка СПб", "srcd": "Telegram @rybalka_spb_lenoblasti", "url": "https://t.me/rybalka_spb_lenoblasti/19776", "sid": "https://t.me/rybalka_spb_lenoblasti/19776", "agent": "social_reports", "season": "open_water", "dist": 3.4, "zone": "core", "sector": "Нижний Волхов"}}, {"type": "Feature", "geometry": {"type": "Point", "coordinates": [32.302611, 60.091364]}, "properties": {"kind": "fishing", "cls": "A", "prec": 20, "fish": ["Лещ"], "date": "2025-09-27", "title": "Река Волхов, Новая Ладога", "comment": "Отчёт с координатами места ловли.", "src": "Telegram: Рыболовная сводка СПб", "srcd": "Telegram @rybalka_spb_lenoblasti", "url": "https://t.me/rybalka_spb_lenoblasti/19782", "sid": "https://t.me/rybalka_spb_lenoblasti/19782", "agent": "social_reports", "season": "open_water", "dist": 1.5, "zone": "core", "sector": "Нижний Волхов"}}, {"type": "Feature", "geometry": {"type": "Point", "coordinates": [32.304021, 60.011508]}, "properties": {"kind": "fishing", "cls": "A", "prec": 20, "fish": ["Лещ", "Синец"], "date": "2025-09-28", "title": "Река Волхов, Старая Ладога (Курганы)", "comment": "лещ 3 кг; фидер/донка", "method": "фидер/донка", "catch": "лещ 3 кг", "src": "Telegram: Рыболовная сводка СПб", "srcd": "Telegram @rybalka_spb_lenoblasti", "url": "https://t.me/rybalka_spb_lenoblasti/19807", "sid": "https://t.me/rybalka_spb_lenoblasti/19807", "agent": "social_reports", "season": "open_water", "dist": 10.3, "zone": "core", "sector": "Старая Ладога / Волхов"}}, {"type": "Feature", "geometry": {"type": "Point", "coordinates": [32.344215, 60.051438]}, "properties": {"kind": "fishing", "cls": "A", "prec": 20, "fish": ["Лещ"], "date": "2025-09-28", "title": "Река Волхов, д. Поляша", "comment": "Отчёт с координатами места ловли.", "src": "Telegram: Рыболовная сводка СПб", "srcd": "Telegram @rybalka_spb_lenoblasti", "url": "https://t.me/rybalka_spb_lenoblasti/19862", "sid": "https://t.me/rybalka_spb_lenoblasti/19862", "agent": "social_reports", "season": "open_water", "dist": 6.4, "zone": "core", "sector": "Нижний Волхов"}}, {"type": "Feature", "geometry": {"type": "Point", "coordinates": [31.082894, 59.984663]}, "properties": {"kind": "fishing", "cls": "A", "prec": 20, "fish": ["Щука", "Окунь"], "date": "2025-10-04", "title": "Ладожское озеро, Кошкино, бухта Петрокрепость", "comment": "окунь 300 гр; спиннинг", "method": "спиннинг", "catch": "окунь 300 гр", "src": "Telegram: Рыболовная сводка СПб", "srcd": "Telegram @rybalka_spb_lenoblasti", "url": "https://t.me/rybalka_spb_lenoblasti/20015", "sid": "https://t.me/rybalka_spb_lenoblasti/20015", "agent": "social_reports", "season": "open_water", "dist": 68.5, "zone": "ext", "sector": "Шлиссельбург / бухта Петрокрепость"}}, {"type": "Feature", "geometry": {"type": "Point", "coordinates": [31.555965, 60.024345]}, "properties": {"kind": "fishing", "cls": "A", "prec": 20, "fish": ["Щука", "Карась"], "date": "2025-10-05", "title": "Новоладожский канал, д. Кобона", "comment": "Отчёт с координатами места ловли.", "src": "Telegram: Рыболовная сводка СПб", "srcd": "Telegram @rybalka_spb_lenoblasti", "url": "https://t.me/rybalka_spb_lenoblasti/19983", "sid": "https://t.me/rybalka_spb_lenoblasti/19983", "agent": "social_reports", "season": "open_water", "dist": 41.9, "zone": "core", "sector": "Кобона / южный берег"}}, {"type": "Feature", "geometry": {"type": "Point", "coordinates": [32.323097, 60.077168]}, "properties": {"kind": "fishing", "cls": "A", "prec": 20, "fish": ["Лещ"], "date": "2025-10-08", "title": "Река Волхов, Юшково", "comment": "Отчёт с координатами места ловли.", "src": "Telegram: Рыболовная сводка СПб", "srcd": "Telegram @rybalka_spb_lenoblasti", "url": "https://t.me/rybalka_spb_lenoblasti/20062", "sid": "https://t.me/rybalka_spb_lenoblasti/20062", "agent": "social_reports", "season": "open_water", "dist": 3.4, "zone": "core", "sector": "Нижний Волхов"}}, {"type": "Feature", "geometry": {"type": "Point", "coordinates": [31.555965, 60.024345]}, "properties": {"kind": "fishing", "cls": "A", "prec": 20, "fish": ["Окунь"], "date": "2025-10-08", "title": "Ладожское озеро, южный берег, д. Кобона", "comment": "Отчёт с координатами места ловли.", "src": "Telegram: Рыболовная сводка СПб", "srcd": "Telegram @rybalka_spb_lenoblasti", "url": "https://t.me/rybalka_spb_lenoblasti/20064", "sid": "https://t.me/rybalka_spb_lenoblasti/20064", "agent": "social_reports", "season": "open_water", "dist": 41.9, "zone": "core", "sector": "Кобона / южный берег"}}, {"type": "Feature", "geometry": {"type": "Point", "coordinates": [32.341204, 60.052301]}, "properties": {"kind": "fishing", "cls": "A", "prec": 20, "fish": ["Лещ"], "date": "2025-10-11", "title": "Река Волхов, д. Поляша", "comment": "лещ 3,150 кг", "catch": "лещ 3,150 кг", "src": "Telegram: Рыболовная сводка СПб", "srcd": "Telegram @rybalka_spb_lenoblasti", "url": "https://t.me/rybalka_spb_lenoblasti/20082", "sid": "https://t.me/rybalka_spb_lenoblasti/20082", "agent": "social_reports", "season": "open_water", "dist": 6.3, "zone": "core", "sector": "Нижний Волхов"}}, {"type": "Feature", "geometry": {"type": "Point", "coordinates": [32.348182, 60.05878]}, "properties": {"kind": "fishing", "cls": "A", "prec": 20, "fish": ["Щука", "Лещ"], "date": "2025-10-12", "title": "Река Волхоы, д. Иссад", "comment": "Отчёт с координатами места ловли.", "src": "Telegram: Рыболовная сводка СПб", "srcd": "Telegram @rybalka_spb_lenoblasti", "url": "https://t.me/rybalka_spb_lenoblasti/20075", "sid": "https://t.me/rybalka_spb_lenoblasti/20075", "agent": "social_reports", "season": "open_water", "dist": 5.8, "zone": "core", "sector": "Нижний Волхов"}}, {"type": "Feature", "geometry": {"type": "Point", "coordinates": [32.304066, 60.011518]}, "properties": {"kind": "fishing", "cls": "A", "prec": 20, "date": "2025-10-12", "title": "Река Волхов, Курганы", "comment": "Отчёт с координатами места ловли.", "src": "Telegram: Рыболовная сводка СПб", "srcd": "Telegram @rybalka_spb_lenoblasti", "url": "https://t.me/rybalka_spb_lenoblasti/20080", "sid": "https://t.me/rybalka_spb_lenoblasti/20080", "agent": "social_reports", "season": "open_water", "dist": 10.3, "zone": "core", "sector": "Старая Ладога / Волхов"}}, {"type": "Feature", "geometry": {"type": "Point", "coordinates": [32.344301, 60.050288]}, "properties": {"kind": "fishing", "cls": "A", "prec": 20, "fish": ["Лещ"], "date": "2025-10-18", "title": "Река Волхов, д. Поляша", "comment": "Отчёт с координатами места ловли.", "src": "Telegram: Рыболовная сводка СПб", "srcd": "Telegram @rybalka_spb_lenoblasti", "url": "https://t.me/rybalka_spb_lenoblasti/20232", "sid": "https://t.me/rybalka_spb_lenoblasti/20232", "agent": "social_reports", "season": "open_water", "dist": 6.6, "zone": "core", "sector": "Нижний Волхов"}}, {"type": "Feature", "geometry": {"type": "Point", "coordinates": [32.313855, 60.09417]}, "properties": {"kind": "fishing", "cls": "A", "prec": 20, "fish": ["Лещ", "Густера"], "date": "2025-10-19", "title": "Река Волхов, Новая Ладога, противоположный берег, возле острова Ленина", "comment": "подлещ 0,5 кг", "catch": "подлещ 0,5 кг", "src": "Telegram: Рыболовная сводка СПб", "srcd": "Telegram @rybalka_spb_lenoblasti", "url": "https://t.me/rybalka_spb_lenoblasti/20257", "sid": "https://t.me/rybalka_spb_lenoblasti/20257", "agent": "social_reports", "season": "open_water", "dist": 1.5, "zone": "core", "sector": "Нижний Волхов"}}, {"type": "Feature", "geometry": {"type": "Point", "coordinates": [32.344234, 60.051084]}, "properties": {"kind": "fishing", "cls": "A", "prec": 20, "fish": ["Лещ"], "date": "2025-10-19", "title": "Река Волхов, д. Поляша", "comment": "лещ 2700 гр; фидер/донка", "method": "фидер/донка", "catch": "лещ 2700 гр", "src": "Telegram: Рыболовная сводка СПб", "srcd": "Telegram @rybalka_spb_lenoblasti", "url": "https://t.me/rybalka_spb_lenoblasti/20270", "sid": "https://t.me/rybalka_spb_lenoblasti/20270", "agent": "social_reports", "season": "open_water", "dist": 6.5, "zone": "core", "sector": "Нижний Волхов"}}, {"type": "Feature", "geometry": {"type": "Point", "coordinates": [32.344234, 60.051084]}, "properties": {"kind": "fishing", "cls": "A", "prec": 20, "fish": ["Лещ"], "date": "2025-10-20", "title": "Река Волхов, д. Поляша", "comment": "Отчёт с координатами места ловли.", "src": "Telegram: Рыболовная сводка СПб", "srcd": "Telegram @rybalka_spb_lenoblasti", "url": "https://t.me/rybalka_spb_lenoblasti/20338", "sid": "https://t.me/rybalka_spb_lenoblasti/20338", "agent": "social_reports", "season": "open_water", "dist": 6.5, "zone": "core", "sector": "Нижний Волхов"}}, {"type": "Feature", "geometry": {"type": "Point", "coordinates": [31.340125, 59.89591]}, "properties": {"kind": "fishing", "cls": "A", "prec": 20, "fish": ["Щука"], "date": "2025-10-25", "title": "Ладожское озеро, южный берег, Назия", "comment": "глубина 4 м", "depth": "4 м", "src": "Telegram: Рыболовная сводка СПб", "srcd": "Telegram @rybalka_spb_lenoblasti", "url": "https://t.me/rybalka_spb_lenoblasti/20355", "sid": "https://t.me/rybalka_spb_lenoblasti/20355", "agent": "social_reports", "season": "open_water", "dist": 57.8, "zone": "ext", "sector": "Шлиссельбург / бухта Петрокрепость"}}, {"type": "Feature", "geometry": {"type": "Point", "coordinates": [32.307655, 60.09755]}, "properties": {"kind": "fishing", "cls": "A", "prec": 20, "fish": ["Лещ"], "date": "2025-10-26", "title": "Река Волхов, Новая Ладога", "comment": "Отчёт с координатами места ловли.", "src": "Telegram: Рыболовная сводка СПб", "srcd": "Telegram @rybalka_spb_lenoblasti", "url": "https://t.me/rybalka_spb_lenoblasti/20357", "sid": "https://t.me/rybalka_spb_lenoblasti/20357", "agent": "social_reports", "season": "open_water", "dist": 1.0, "zone": "core", "sector": "Новая Ладога / устье Волхова"}}, {"type": "Feature", "geometry": {"type": "Point", "coordinates": [32.344229, 60.051995]}, "properties": {"kind": "fishing", "cls": "A", "prec": 20, "fish": ["Окунь", "Лещ"], "date": "2025-10-26", "title": "Река Волхов. Поляша", "comment": "Отчёт с координатами места ловли.", "src": "Telegram: Рыболовная сводка СПб", "srcd": "Telegram @rybalka_spb_lenoblasti", "url": "https://t.me/rybalka_spb_lenoblasti/20406", "sid": "https://t.me/rybalka_spb_lenoblasti/20406", "agent": "social_reports", "season": "open_water", "dist": 6.4, "zone": "core", "sector": "Нижний Волхов"}}, {"type": "Feature", "geometry": {"type": "Point", "coordinates": [32.344652, 60.053736]}, "properties": {"kind": "fishing", "cls": "A", "prec": 20, "fish": ["Лещ"], "date": "2025-10-28", "title": "Река Волхов, д. Иссад", "comment": "Отчёт с координатами места ловли.", "src": "Telegram: Рыболовная сводка СПб", "srcd": "Telegram @rybalka_spb_lenoblasti", "url": "https://t.me/rybalka_spb_lenoblasti/20409", "sid": "https://t.me/rybalka_spb_lenoblasti/20409", "agent": "social_reports", "season": "open_water", "dist": 6.2, "zone": "core", "sector": "Нижний Волхов"}}, {"type": "Feature", "geometry": {"type": "Point", "coordinates": [32.317857, 60.082874]}, "properties": {"kind": "fishing", "cls": "A", "prec": 20, "fish": ["Лещ", "Плотва"], "date": "2025-10-29", "title": "Река Волхов, противоположный берег Юшково (заброшка В/Ч)", "comment": "Отчёт с координатами места ловли.", "src": "Telegram: Рыболовная сводка СПб", "srcd": "Telegram @rybalka_spb_lenoblasti", "url": "https://t.me/rybalka_spb_lenoblasti/20458", "sid": "https://t.me/rybalka_spb_lenoblasti/20458", "agent": "social_reports", "season": "open_water", "dist": 2.7, "zone": "core", "sector": "Нижний Волхов"}}, {"type": "Feature", "geometry": {"type": "Point", "coordinates": [32.344455, 60.049261]}, "properties": {"kind": "fishing", "cls": "A", "prec": 20, "fish": ["Лещ"], "date": "2025-11-01", "title": "Река Волхов, Поляша", "comment": "Отчёт с координатами места ловли.", "src": "Telegram: Рыболовная сводка СПб", "srcd": "Telegram @rybalka_spb_lenoblasti", "url": "https://t.me/rybalka_spb_lenoblasti/20474", "sid": "https://t.me/rybalka_spb_lenoblasti/20474", "agent": "social_reports", "season": "open_water", "dist": 6.7, "zone": "core", "sector": "Нижний Волхов"}}, {"type": "Feature", "geometry": {"type": "Point", "coordinates": [32.318457, 60.082626]}, "properties": {"kind": "fishing", "cls": "A", "prec": 20, "fish": ["Лещ"], "date": "2025-11-01", "title": "Река Волхов, противоположный берег Юшково (заброшка В/Ч)", "comment": "Отчёт с координатами места ловли.", "src": "Telegram: Рыболовная сводка СПб", "srcd": "Telegram @rybalka_spb_lenoblasti", "url": "https://t.me/rybalka_spb_lenoblasti/20508", "sid": "https://t.me/rybalka_spb_lenoblasti/20508", "agent": "social_reports", "season": "open_water", "dist": 2.7, "zone": "core", "sector": "Нижний Волхов"}}, {"type": "Feature", "geometry": {"type": "Point", "coordinates": [32.319004, 60.082278]}, "properties": {"kind": "fishing", "cls": "A", "prec": 20, "fish": ["Лещ"], "date": "2025-11-02", "title": "Река Волхов, противоположный берег Юшково (заброшка В/Ч)", "comment": "Отчёт с координатами места ловли.", "src": "Telegram: Рыболовная сводка СПб", "srcd": "Telegram @rybalka_spb_lenoblasti", "url": "https://t.me/rybalka_spb_lenoblasti/20544", "sid": "https://t.me/rybalka_spb_lenoblasti/20544", "agent": "social_reports", "season": "open_water", "dist": 2.8, "zone": "core", "sector": "Нижний Волхов"}}, {"type": "Feature", "geometry": {"type": "Point", "coordinates": [32.319888, 60.082065]}, "properties": {"kind": "fishing", "cls": "A", "prec": 20, "fish": ["Лещ", "Густера", "Ёрш"], "date": "2025-11-02", "title": "Река Волхов, противоположный берег Юшково (заброшенная В/Ч)", "comment": "фидер/донка", "method": "фидер/донка", "src": "Telegram: Рыболовная сводка СПб", "srcd": "Telegram @rybalka_spb_lenoblasti", "url": "https://t.me/rybalka_spb_lenoblasti/20585", "sid": "https://t.me/rybalka_spb_lenoblasti/20585", "agent": "social_reports", "season": "open_water", "dist": 2.8, "zone": "core", "sector": "Нижний Волхов"}}, {"type": "Feature", "geometry": {"type": "Point", "coordinates": [32.31312, 60.089564]}, "properties": {"kind": "fishing", "cls": "A", "prec": 20, "fish": ["Лещ", "Синец"], "date": "2025-11-03", "title": "Река Волхов в районе Новой Ладоги, противоположный берег. Около острова Ленина со стороны…", "comment": "Отчёт с координатами места ловли.", "src": "Telegram: Рыболовная сводка СПб", "srcd": "Telegram @rybalka_spb_lenoblasti", "url": "https://t.me/rybalka_spb_lenoblasti/20530", "sid": "https://t.me/rybalka_spb_lenoblasti/20530", "agent": "social_reports", "season": "open_water", "dist": 1.9, "zone": "core", "sector": "Нижний Волхов"}}, {"type": "Feature", "geometry": {"type": "Point", "coordinates": [32.344996, 60.054287]}, "properties": {"kind": "fishing", "cls": "A", "prec": 20, "fish": ["Лещ", "Синец"], "date": "2025-11-03", "title": "Река Волхов, д. Иссад", "comment": "фидер/донка", "method": "фидер/донка", "src": "Telegram: Рыболовная сводка СПб", "srcd": "Telegram @rybalka_spb_lenoblasti", "url": "https://t.me/rybalka_spb_lenoblasti/20551", "sid": "https://t.me/rybalka_spb_lenoblasti/20551", "agent": "social_reports", "season": "open_water", "dist": 6.2, "zone": "core", "sector": "Нижний Волхов"}}, {"type": "Feature", "geometry": {"type": "Point", "coordinates": [32.319854, 60.082033]}, "properties": {"kind": "fishing", "cls": "A", "prec": 20, "fish": ["Лещ"], "date": "2025-11-03", "title": "Река Волхов, противоположный берег Юшково (заброшенная В/Ч)", "comment": "Отчёт с координатами места ловли.", "src": "Telegram: Рыболовная сводка СПб", "srcd": "Telegram @rybalka_spb_lenoblasti", "url": "https://t.me/rybalka_spb_lenoblasti/20593", "sid": "https://t.me/rybalka_spb_lenoblasti/20593", "agent": "social_reports", "season": "open_water", "dist": 2.8, "zone": "core", "sector": "Нижний Волхов"}}, {"type": "Feature", "geometry": {"type": "Point", "coordinates": [32.316925, 60.083439]}, "properties": {"kind": "fishing", "cls": "A", "prec": 20, "fish": ["Лещ"], "date": "2025-11-04", "title": "Река Волхов, противоположный берег Юшково (заброшенная В/Ч)", "comment": "Отчёт с координатами места ловли.", "src": "Telegram: Рыболовная сводка СПб", "srcd": "Telegram @rybalka_spb_lenoblasti", "url": "https://t.me/rybalka_spb_lenoblasti/20609", "sid": "https://t.me/rybalka_spb_lenoblasti/20609", "agent": "social_reports", "season": "open_water", "dist": 2.6, "zone": "core", "sector": "Нижний Волхов"}}, {"type": "Feature", "geometry": {"type": "Point", "coordinates": [32.315738, 60.079545]}, "properties": {"kind": "fishing", "cls": "A", "prec": 20, "fish": ["Лещ"], "date": "2025-11-04", "title": "Река Волхов, Юшково", "comment": "7 штук", "catch": "7 штук", "src": "Telegram: Рыболовная сводка СПб", "srcd": "Telegram @rybalka_spb_lenoblasti", "url": "https://t.me/rybalka_spb_lenoblasti/20644", "sid": "https://t.me/rybalka_spb_lenoblasti/20644", "agent": "social_reports", "season": "open_water", "dist": 2.9, "zone": "core", "sector": "Нижний Волхов"}}, {"type": "Feature", "geometry": {"type": "Point", "coordinates": [31.345852, 59.903016]}, "properties": {"kind": "fishing", "cls": "A", "prec": 20, "fish": ["Окунь", "Лещ"], "date": "2025-11-05", "title": "Новоладожский канал, д. Назия", "comment": "Отчёт с координатами места ловли.", "src": "Telegram: Рыболовная сводка СПб", "srcd": "Telegram @rybalka_spb_lenoblasti", "url": "https://t.me/rybalka_spb_lenoblasti/20631", "sid": "https://t.me/rybalka_spb_lenoblasti/20631", "agent": "social_reports", "season": "open_water", "dist": 57.2, "zone": "ext", "sector": "Шлиссельбург / бухта Петрокрепость"}}, {"type": "Feature", "geometry": {"type": "Point", "coordinates": [32.3208, 60.081878]}, "properties": {"kind": "fishing", "cls": "A", "prec": 20, "fish": ["Лещ"], "date": "2025-11-05", "title": "Река Волхов", "comment": "Отчёт с координатами места ловли.", "src": "Telegram: Рыболовная сводка СПб", "srcd": "Telegram @rybalka_spb_lenoblasti", "url": "https://t.me/rybalka_spb_lenoblasti/20641", "sid": "https://t.me/rybalka_spb_lenoblasti/20641", "agent": "social_reports", "season": "open_water", "dist": 2.8, "zone": "core", "sector": "Нижний Волхов"}}, {"type": "Feature", "geometry": {"type": "Point", "coordinates": [32.32037, 60.08191]}, "properties": {"kind": "fishing", "cls": "A", "prec": 20, "fish": ["Лещ"], "date": "2025-11-07", "title": "Река Волхов, противоположный берег Юшково (заброшенная В/Ч)", "comment": "Отчёт с координатами места ловли.", "src": "Telegram: Рыболовная сводка СПб", "srcd": "Telegram @rybalka_spb_lenoblasti", "url": "https://t.me/rybalka_spb_lenoblasti/20663", "sid": "https://t.me/rybalka_spb_lenoblasti/20663", "agent": "social_reports", "season": "open_water", "dist": 2.8, "zone": "core", "sector": "Нижний Волхов"}}, {"type": "Feature", "geometry": {"type": "Point", "coordinates": [32.319004, 60.082278]}, "properties": {"kind": "fishing", "cls": "A", "prec": 20, "fish": ["Лещ"], "date": "2025-11-08", "title": "Река Волхов, противоположный берег Юшково (заброшенная В/Ч)", "comment": "Отчёт с координатами места ловли.", "src": "Telegram: Рыболовная сводка СПб", "srcd": "Telegram @rybalka_spb_lenoblasti", "url": "https://t.me/rybalka_spb_lenoblasti/20646", "sid": "https://t.me/rybalka_spb_lenoblasti/20646", "agent": "social_reports", "season": "open_water", "dist": 2.8, "zone": "core", "sector": "Нижний Волхов"}}, {"type": "Feature", "geometry": {"type": "Point", "coordinates": [32.321027, 60.081765]}, "properties": {"kind": "fishing", "cls": "A", "prec": 20, "fish": ["Лещ"], "date": "2025-11-08", "title": "Река Волхов, противоположный берег Юшково (заброшенная В/Ч)", "comment": "фидер/донка", "method": "фидер/донка", "src": "Telegram: Рыболовная сводка СПб", "srcd": "Telegram @rybalka_spb_lenoblasti", "url": "https://t.me/rybalka_spb_lenoblasti/20667", "sid": "https://t.me/rybalka_spb_lenoblasti/20667", "agent": "social_reports", "season": "open_water", "dist": 2.9, "zone": "core", "sector": "Нижний Волхов"}}, {"type": "Feature", "geometry": {"type": "Point", "coordinates": [32.313249, 60.09017]}, "properties": {"kind": "fishing", "cls": "A", "prec": 20, "fish": ["Лещ"], "date": "2025-11-08", "title": "Река Волхов в районе Новой Ладоги, противоположный берег", "comment": "Отчёт с координатами места ловли.", "src": "Telegram: Рыболовная сводка СПб", "srcd": "Telegram @rybalka_spb_lenoblasti", "url": "https://t.me/rybalka_spb_lenoblasti/20703", "sid": "https://t.me/rybalka_spb_lenoblasti/20703", "agent": "social_reports", "season": "open_water", "dist": 1.8, "zone": "core", "sector": "Нижний Волхов"}}, {"type": "Feature", "geometry": {"type": "Point", "coordinates": [32.318795, 60.082383]}, "properties": {"kind": "fishing", "cls": "A", "prec": 20, "fish": ["Лещ"], "date": "2025-11-09", "title": "Река Волхов, противоположный берег Юшково (заброшенная В/Ч)", "comment": "Отчёт с координатами места ловли.", "src": "Telegram: Рыболовная сводка СПб", "srcd": "Telegram @rybalka_spb_lenoblasti", "url": "https://t.me/rybalka_spb_lenoblasti/20685", "sid": "https://t.me/rybalka_spb_lenoblasti/20685", "agent": "social_reports", "season": "open_water", "dist": 2.7, "zone": "core", "sector": "Нижний Волхов"}}, {"type": "Feature", "geometry": {"type": "Point", "coordinates": [32.317741, 60.0829]}, "properties": {"kind": "fishing", "cls": "A", "prec": 20, "fish": ["Лещ"], "date": "2025-11-09", "title": "Река Волхов, противоположный берег Юшково (заброшенная В/Ч)", "comment": "лещу 2.93 кг", "catch": "лещу 2.93 кг", "src": "Telegram: Рыболовная сводка СПб", "srcd": "Telegram @rybalka_spb_lenoblasti", "url": "https://t.me/rybalka_spb_lenoblasti/20724", "sid": "https://t.me/rybalka_spb_lenoblasti/20724", "agent": "social_reports", "season": "open_water", "dist": 2.7, "zone": "core", "sector": "Нижний Волхов"}}, {"type": "Feature", "geometry": {"type": "Point", "coordinates": [32.316185, 60.08397]}, "properties": {"kind": "fishing", "cls": "A", "prec": 20, "fish": ["Лещ"], "date": "2025-11-11", "title": "Река Волхов, противоположный берег Юшково (заброшенная В/Ч)", "comment": "фидер/донка, поплавок", "method": "фидер/донка, поплавок", "src": "Telegram: Рыболовная сводка СПб", "srcd": "Telegram @rybalka_spb_lenoblasti", "url": "https://t.me/rybalka_spb_lenoblasti/20694", "sid": "https://t.me/rybalka_spb_lenoblasti/20694", "agent": "social_reports", "season": "open_water", "dist": 2.5, "zone": "core", "sector": "Нижний Волхов"}}, {"type": "Feature", "geometry": {"type": "Point", "coordinates": [32.319037, 60.082245]}, "properties": {"kind": "fishing", "cls": "A", "prec": 20, "fish": ["Лещ"], "date": "2025-11-12", "title": "Река Волхов, противоположный берег Юшково (заброшенная В/Ч)", "comment": "лещ 2.65 кг", "catch": "лещ 2.65 кг", "src": "Telegram: Рыболовная сводка СПб", "srcd": "Telegram @rybalka_spb_lenoblasti", "url": "https://t.me/rybalka_spb_lenoblasti/20738", "sid": "https://t.me/rybalka_spb_lenoblasti/20738", "agent": "social_reports", "season": "open_water", "dist": 2.8, "zone": "core", "sector": "Нижний Волхов"}}, {"type": "Feature", "geometry": {"type": "Point", "coordinates": [32.318737, 60.082403]}, "properties": {"kind": "fishing", "cls": "A", "prec": 20, "fish": ["Лещ"], "date": "2025-11-13", "title": "Река Волхов, противоположный берег Юшково (заброшенная В/Ч)", "comment": "фидер/донка", "method": "фидер/донка", "src": "Telegram: Рыболовная сводка СПб", "srcd": "Telegram @rybalka_spb_lenoblasti", "url": "https://t.me/rybalka_spb_lenoblasti/20753", "sid": "https://t.me/rybalka_spb_lenoblasti/20753", "agent": "social_reports", "season": "open_water", "dist": 2.7, "zone": "core", "sector": "Нижний Волхов"}}, {"type": "Feature", "geometry": {"type": "Point", "coordinates": [32.313233, 60.089331]}, "properties": {"kind": "fishing", "cls": "A", "prec": 20, "fish": ["Лещ"], "date": "2025-11-14", "title": "Река Волхов в районе Новой Ладоги, противоположный берег. Около острова Ленина со стороны…", "comment": "фидер/донка, мормышка", "method": "фидер/донка, мормышка", "src": "Telegram: Рыболовная сводка СПб", "srcd": "Telegram @rybalka_spb_lenoblasti", "url": "https://t.me/rybalka_spb_lenoblasti/20756", "sid": "https://t.me/rybalka_spb_lenoblasti/20756", "agent": "social_reports", "season": "open_water", "dist": 1.9, "zone": "core", "sector": "Нижний Волхов"}}, {"type": "Feature", "geometry": {"type": "Point", "coordinates": [32.319004, 60.082278]}, "properties": {"kind": "fishing", "cls": "A", "prec": 20, "fish": ["Лещ"], "date": "2025-11-16", "title": "Река Волхов, противоположный берег Юшково (заброшенная В/Ч)", "comment": "Отчёт с координатами места ловли.", "src": "Telegram: Рыболовная сводка СПб", "srcd": "Telegram @rybalka_spb_lenoblasti", "url": "https://t.me/rybalka_spb_lenoblasti/20791", "sid": "https://t.me/rybalka_spb_lenoblasti/20791", "agent": "social_reports", "season": "open_water", "dist": 2.8, "zone": "core", "sector": "Нижний Волхов"}}, {"type": "Feature", "geometry": {"type": "Point", "coordinates": [32.318128, 60.09711]}, "properties": {"kind": "fishing", "cls": "A", "prec": 20, "fish": ["Лещ"], "date": "2025-11-16", "title": "Река Волхов в районе Новой Ладоги, противоположный берег. Около острова Ленина со стороны…", "comment": "Отчёт с координатами места ловли.", "src": "Telegram: Рыболовная сводка СПб", "srcd": "Telegram @rybalka_spb_lenoblasti", "url": "https://t.me/rybalka_spb_lenoblasti/20811", "sid": "https://t.me/rybalka_spb_lenoblasti/20811", "agent": "social_reports", "season": "open_water", "dist": 1.5, "zone": "core", "sector": "Новая Ладога / устье Волхова"}}, {"type": "Feature", "geometry": {"type": "Point", "coordinates": [32.319896, 60.081961]}, "properties": {"kind": "fishing", "cls": "A", "prec": 20, "fish": ["Лещ", "Густера"], "date": "2025-11-16", "title": "Река Волхов, противоположный берег Юшково (заброшенная В/Ч)", "comment": "густера 500 гр; 14 шт", "catch": "густера 500 гр; 14 шт", "src": "Telegram: Рыболовная сводка СПб", "srcd": "Telegram @rybalka_spb_lenoblasti", "url": "https://t.me/rybalka_spb_lenoblasti/20828", "sid": "https://t.me/rybalka_spb_lenoblasti/20828", "agent": "social_reports", "season": "open_water", "dist": 2.8, "zone": "core", "sector": "Нижний Волхов"}}, {"type": "Feature", "geometry": {"type": "Point", "coordinates": [32.319939, 60.082006]}, "properties": {"kind": "fishing", "cls": "A", "prec": 20, "fish": ["Лещ"], "date": "2025-11-17", "title": "Река Волхов", "comment": "Отчёт с координатами места ловли.", "src": "Telegram: Рыболовная сводка СПб", "srcd": "Telegram @rybalka_spb_lenoblasti", "url": "https://t.me/rybalka_spb_lenoblasti/20841", "sid": "https://t.me/rybalka_spb_lenoblasti/20841", "agent": "social_reports", "season": "open_water", "dist": 2.8, "zone": "core", "sector": "Нижний Волхов"}}, {"type": "Feature", "geometry": {"type": "Point", "coordinates": [32.318607, 60.082452]}, "properties": {"kind": "fishing", "cls": "A", "prec": 20, "fish": ["Лещ"], "date": "2025-11-20", "title": "Река Волхов, противоположный берег Юшково (заброшенная В/Ч)", "comment": "5 штук; фидер/донка", "method": "фидер/донка", "catch": "5 штук", "src": "Telegram: Рыболовная сводка СПб", "srcd": "Telegram @rybalka_spb_lenoblasti", "url": "https://t.me/rybalka_spb_lenoblasti/20864", "sid": "https://t.me/rybalka_spb_lenoblasti/20864", "agent": "social_reports", "season": "ice", "dist": 2.7, "zone": "core", "sector": "Нижний Волхов"}}, {"type": "Feature", "geometry": {"type": "Point", "coordinates": [32.344199, 60.049456]}, "properties": {"kind": "fishing", "cls": "A", "prec": 20, "date": "2025-11-20", "title": "Река Волхов, Поляша", "comment": "Отчёт с координатами места ловли.", "src": "Telegram: Рыболовная сводка СПб", "srcd": "Telegram @rybalka_spb_lenoblasti", "url": "https://t.me/rybalka_spb_lenoblasti/20880", "sid": "https://t.me/rybalka_spb_lenoblasti/20880", "agent": "social_reports", "season": "open_water", "dist": 6.6, "zone": "core", "sector": "Нижний Волхов"}}, {"type": "Feature", "geometry": {"type": "Point", "coordinates": [32.320246, 60.081951]}, "properties": {"kind": "fishing", "cls": "A", "prec": 20, "fish": ["Лещ"], "date": "2025-11-23", "title": "Река Волхов, противоположный берег Юшково (заброшенная В/Ч)", "comment": "поплавок", "method": "поплавок", "src": "Telegram: Рыболовная сводка СПб", "srcd": "Telegram @rybalka_spb_lenoblasti", "url": "https://t.me/rybalka_spb_lenoblasti/20903", "sid": "https://t.me/rybalka_spb_lenoblasti/20903", "agent": "social_reports", "season": "open_water", "dist": 2.8, "zone": "core", "sector": "Нижний Волхов"}}, {"type": "Feature", "geometry": {"type": "Point", "coordinates": [31.037927, 60.165717]}, "properties": {"kind": "fishing", "cls": "A", "prec": 20, "date": "2025-11-24", "title": "Река Морье на впадении в Ладогу, Всеволожский район", "comment": "со льда", "method": "со льда", "src": "Telegram: Рыболовная сводка СПб", "srcd": "Telegram @rybalka_spb_lenoblasti", "url": "https://t.me/rybalka_spb_lenoblasti/20957", "sid": "https://t.me/rybalka_spb_lenoblasti/20957", "agent": "social_reports", "season": "open_water", "dist": 69.9, "zone": "ext", "sector": "Осиновец / западный берег"}}, {"type": "Feature", "geometry": {"type": "Point", "coordinates": [32.314283, 60.094666]}, "properties": {"kind": "fishing", "cls": "A", "prec": 20, "fish": ["Лещ", "Ёрш"], "date": "2025-11-25", "title": "р. Волхов (нижний)", "comment": "фидер/донка", "method": "фидер/донка", "src": "Telegram: Рыболовная сводка СПб", "srcd": "Telegram @rybalka_spb_lenoblasti", "url": "https://t.me/rybalka_spb_lenoblasti/20937", "sid": "https://t.me/rybalka_spb_lenoblasti/20937", "agent": "social_reports", "season": "open_water", "dist": 1.5, "zone": "core", "sector": "Нижний Волхов"}}, {"type": "Feature", "geometry": {"type": "Point", "coordinates": [32.320133, 60.081966]}, "properties": {"kind": "fishing", "cls": "A", "prec": 20, "fish": ["Лещ"], "date": "2025-11-25", "title": "Река Волхов, противоположный берег Юшково (заброшенная В/Ч)", "comment": "Отчёт с координатами места ловли.", "src": "Telegram: Рыболовная сводка СПб", "srcd": "Telegram @rybalka_spb_lenoblasti", "url": "https://t.me/rybalka_spb_lenoblasti/20981", "sid": "https://t.me/rybalka_spb_lenoblasti/20981", "agent": "social_reports", "season": "open_water", "dist": 2.8, "zone": "core", "sector": "Нижний Волхов"}}, {"type": "Feature", "geometry": {"type": "Point", "coordinates": [31.07259, 59.978439]}, "properties": {"kind": "fishing", "cls": "A", "prec": 20, "fish": ["Окунь", "Плотва"], "date": "2025-11-28", "title": "Ладожское озеро, канал в Кошкино, Всеволожский район", "comment": "5 хвостов; поплавок, со льда", "method": "поплавок, со льда", "catch": "5 хвостов", "src": "Telegram: Рыболовная сводка СПб", "srcd": "Telegram @rybalka_spb_lenoblasti", "url": "https://t.me/rybalka_spb_lenoblasti/21025", "sid": "https://t.me/rybalka_spb_lenoblasti/21025", "agent": "social_reports", "season": "ice", "dist": 69.2, "zone": "ext", "sector": "Шлиссельбург / бухта Петрокрепость"}}, {"type": "Feature", "geometry": {"type": "Point", "coordinates": [32.319893, 60.082019]}, "properties": {"kind": "fishing", "cls": "A", "prec": 20, "fish": ["Лещ", "Голавль"], "date": "2025-11-29", "title": "Река Волхов, противоположный берег Юшково (заброшенная В/Ч)", "comment": "Отчёт с координатами места ловли.", "src": "Telegram: Рыболовная сводка СПб", "srcd": "Telegram @rybalka_spb_lenoblasti", "url": "https://t.me/rybalka_spb_lenoblasti/21039", "sid": "https://t.me/rybalka_spb_lenoblasti/21039", "agent": "social_reports", "season": "open_water", "dist": 2.8, "zone": "core", "sector": "Нижний Волхов"}}, {"type": "Feature", "geometry": {"type": "Point", "coordinates": [32.320133, 60.081966]}, "properties": {"kind": "fishing", "cls": "A", "prec": 20, "fish": ["Лещ"], "date": "2025-11-29", "title": "Река Волхов, противоположный берег Юшково (заброшенная В/Ч)", "comment": "Отчёт с координатами места ловли.", "src": "Telegram: Рыболовная сводка СПб", "srcd": "Telegram @rybalka_spb_lenoblasti", "url": "https://t.me/rybalka_spb_lenoblasti/21052", "sid": "https://t.me/rybalka_spb_lenoblasti/21052", "agent": "social_reports", "season": "open_water", "dist": 2.8, "zone": "core", "sector": "Нижний Волхов"}}, {"type": "Feature", "geometry": {"type": "Point", "coordinates": [31.073347, 59.977893]}, "properties": {"kind": "fishing", "cls": "A", "prec": 20, "fish": ["Окунь", "Плотва", "Уклейка"], "date": "2025-11-30", "title": "Ладожское озеро, канал в Кошкино, Всеволожский район", "comment": "фидер/донка, поплавок", "method": "фидер/донка, поплавок", "src": "Telegram: Рыболовная сводка СПб", "srcd": "Telegram @rybalka_spb_lenoblasti", "url": "https://t.me/rybalka_spb_lenoblasti/21069", "sid": "https://t.me/rybalka_spb_lenoblasti/21069", "agent": "social_reports", "season": "open_water", "dist": 69.2, "zone": "ext", "sector": "Шлиссельбург / бухта Петрокрепость"}}, {"type": "Feature", "geometry": {"type": "Point", "coordinates": [31.34571, 59.9031]}, "properties": {"kind": "fishing", "cls": "A", "prec": 20, "fish": ["Налим"], "date": "2025-11-30", "title": "Новоладожский канал, д. Назия", "comment": "Отчёт с координатами места ловли.", "src": "Telegram: Рыболовная сводка СПб", "srcd": "Telegram @rybalka_spb_lenoblasti", "url": "https://t.me/rybalka_spb_lenoblasti/21083", "sid": "https://t.me/rybalka_spb_lenoblasti/21083", "agent": "social_reports", "season": "open_water", "dist": 57.2, "zone": "ext", "sector": "Шлиссельбург / бухта Петрокрепость"}}, {"type": "Feature", "geometry": {"type": "Point", "coordinates": [32.323691, 60.080857]}, "properties": {"kind": "fishing", "cls": "A", "prec": 20, "fish": ["Лещ"], "date": "2025-12-01", "title": "Река Волхов, противоположный берег Юшково (заброшенная В/Ч), микрорайон Куршавель", "comment": "Отчёт с координатами места ловли.", "src": "Telegram: Рыболовная сводка СПб", "srcd": "Telegram @rybalka_spb_lenoblasti", "url": "https://t.me/rybalka_spb_lenoblasti/21061", "sid": "https://t.me/rybalka_spb_lenoblasti/21061", "agent": "social_reports", "dist": 3.0, "zone": "core", "sector": "Нижний Волхов"}}, {"type": "Feature", "geometry": {"type": "Point", "coordinates": [32.318973, 60.082247]}, "properties": {"kind": "fishing", "cls": "A", "prec": 20, "fish": ["Щука", "Лещ", "Корюшка"], "date": "2025-12-06", "title": "Река Волхов, противоположный берег Юшково (заброшенная В/Ч), микрорайон Куршавель", "comment": "подлещиков 1.9 кг; фидер/донка, со льда", "method": "фидер/донка, со льда", "catch": "подлещиков 1.9 кг", "src": "Telegram: Рыболовная сводка СПб", "srcd": "Telegram @rybalka_spb_lenoblasti", "url": "https://t.me/rybalka_spb_lenoblasti/21161", "sid": "https://t.me/rybalka_spb_lenoblasti/21161", "agent": "social_reports", "season": "open_water", "dist": 2.8, "zone": "core", "sector": "Нижний Волхов"}}, {"type": "Feature", "geometry": {"type": "Point", "coordinates": [32.319893, 60.082019]}, "properties": {"kind": "fishing", "cls": "A", "prec": 20, "fish": ["Лещ"], "date": "2025-12-06", "title": "Река Волхов, противоположный берег Юшково (заброшенная В/Ч)", "comment": "Отчёт с координатами места ловли.", "src": "Telegram: Рыболовная сводка СПб", "srcd": "Telegram @rybalka_spb_lenoblasti", "url": "https://t.me/rybalka_spb_lenoblasti/21179", "sid": "https://t.me/rybalka_spb_lenoblasti/21179", "agent": "social_reports", "dist": 2.8, "zone": "core", "sector": "Нижний Волхов"}}, {"type": "Feature", "geometry": {"type": "Point", "coordinates": [32.323691, 60.080857]}, "properties": {"kind": "fishing", "cls": "A", "prec": 20, "fish": ["Лещ"], "date": "2025-12-07", "title": "Река Волхов, противоположный берег Юшково (заброшенная В/Ч), микрорайон Куршавель", "comment": "Отчёт с координатами места ловли.", "src": "Telegram: Рыболовная сводка СПб", "srcd": "Telegram @rybalka_spb_lenoblasti", "url": "https://t.me/rybalka_spb_lenoblasti/21166", "sid": "https://t.me/rybalka_spb_lenoblasti/21166", "agent": "social_reports", "dist": 3.0, "zone": "core", "sector": "Нижний Волхов"}}, {"type": "Feature", "geometry": {"type": "Point", "coordinates": [32.323855, 60.080697]}, "properties": {"kind": "fishing", "cls": "A", "prec": 20, "fish": ["Лещ"], "date": "2025-12-07", "title": "Река Волхов, противоположный берег Юшково (заброшенная В/Ч), микрорайон Куршавель", "comment": "Отчёт с координатами места ловли.", "src": "Telegram: Рыболовная сводка СПб", "srcd": "Telegram @rybalka_spb_lenoblasti", "url": "https://t.me/rybalka_spb_lenoblasti/21192", "sid": "https://t.me/rybalka_spb_lenoblasti/21192", "agent": "social_reports", "dist": 3.0, "zone": "core", "sector": "Нижний Волхов"}}, {"type": "Feature", "geometry": {"type": "Point", "coordinates": [32.321073, 60.081727]}, "properties": {"kind": "fishing", "cls": "A", "prec": 20, "fish": ["Лещ"], "date": "2025-12-12", "title": "Река Волхов, противоположный берег Юшково (заброшенная В/Ч )", "comment": "Отчёт с координатами места ловли.", "src": "Telegram: Рыболовная сводка СПб", "srcd": "Telegram @rybalka_spb_lenoblasti", "url": "https://t.me/rybalka_spb_lenoblasti/21262", "sid": "https://t.me/rybalka_spb_lenoblasti/21262", "agent": "social_reports", "dist": 2.9, "zone": "core", "sector": "Нижний Волхов"}}, {"type": "Feature", "geometry": {"type": "Point", "coordinates": [31.34571, 59.9031]}, "properties": {"kind": "fishing", "cls": "A", "prec": 20, "date": "2025-12-13", "title": "Новоладожский канал, д. Назия", "comment": "Отчёт с координатами места ловли.", "src": "Telegram: Рыболовная сводка СПб", "srcd": "Telegram @rybalka_spb_lenoblasti", "url": "https://t.me/rybalka_spb_lenoblasti/21263", "sid": "https://t.me/rybalka_spb_lenoblasti/21263", "agent": "social_reports", "dist": 57.2, "zone": "ext", "sector": "Шлиссельбург / бухта Петрокрепость"}}, {"type": "Feature", "geometry": {"type": "Point", "coordinates": [32.636901, 60.275637]}, "properties": {"kind": "fishing", "cls": "A", "prec": 20, "fish": ["Окунь"], "date": "2025-12-15", "title": "Река Воронежка у впадения в Ладогу, д. Вороново, Волховский район", "comment": "со льда", "method": "со льда", "src": "Telegram: Рыболовная сводка СПб", "srcd": "Telegram @rybalka_spb_lenoblasti", "url": "https://t.me/rybalka_spb_lenoblasti/21325", "sid": "https://t.me/rybalka_spb_lenoblasti/21325", "agent": "social_reports", "season": "ice", "dist": 26.9, "zone": "core", "sector": "Вороново"}}, {"type": "Feature", "geometry": {"type": "Point", "coordinates": [32.333689, 60.071985]}, "properties": {"kind": "fishing", "cls": "A", "prec": 20, "fish": ["Лещ", "Сом"], "date": "2025-12-18", "title": "Река Волхов, Мурманское шоссе", "comment": "Отчёт с координатами места ловли.", "src": "Telegram: Рыболовная сводка СПб", "srcd": "Telegram @rybalka_spb_lenoblasti", "url": "https://t.me/rybalka_spb_lenoblasti/21380", "sid": "https://t.me/rybalka_spb_lenoblasti/21380", "agent": "social_reports", "season": "open_water", "dist": 4.2, "zone": "core", "sector": "Нижний Волхов"}}, {"type": "Feature", "geometry": {"type": "Point", "coordinates": [32.321073, 60.081727]}, "properties": {"kind": "fishing", "cls": "A", "prec": 20, "fish": ["Лещ"], "date": "2025-12-19", "title": "Река Волхов, противоположный берег Юшково (заброшенная В/Ч )", "comment": "Отчёт с координатами места ловли.", "src": "Telegram: Рыболовная сводка СПб", "srcd": "Telegram @rybalka_spb_lenoblasti", "url": "https://t.me/rybalka_spb_lenoblasti/21405", "sid": "https://t.me/rybalka_spb_lenoblasti/21405", "agent": "social_reports", "dist": 2.9, "zone": "core", "sector": "Нижний Волхов"}}, {"type": "Feature", "geometry": {"type": "Point", "coordinates": [32.320619, 60.081826]}, "properties": {"kind": "fishing", "cls": "A", "prec": 20, "fish": ["Лещ"], "date": "2025-12-21", "title": "Река Волхов, противоположный берег Юшково (заброшенная В/Ч)", "comment": "Отчёт с координатами места ловли.", "src": "Telegram: Рыболовная сводка СПб", "srcd": "Telegram @rybalka_spb_lenoblasti", "url": "https://t.me/rybalka_spb_lenoblasti/21435", "sid": "https://t.me/rybalka_spb_lenoblasti/21435", "agent": "social_reports", "dist": 2.8, "zone": "core", "sector": "Нижний Волхов"}}, {"type": "Feature", "geometry": {"type": "Point", "coordinates": [32.319922, 60.081979]}, "properties": {"kind": "fishing", "cls": "A", "prec": 20, "fish": ["Лещ"], "date": "2025-12-22", "title": "Река Волхов, противоположный берег Юшково (заброшенная В/Ч)", "comment": "Отчёт с координатами места ловли.", "src": "Telegram: Рыболовная сводка СПб", "srcd": "Telegram @rybalka_spb_lenoblasti", "url": "https://t.me/rybalka_spb_lenoblasti/21469", "sid": "https://t.me/rybalka_spb_lenoblasti/21469", "agent": "social_reports", "dist": 2.8, "zone": "core", "sector": "Нижний Волхов"}}, {"type": "Feature", "geometry": {"type": "Point", "coordinates": [32.596487, 60.338497]}, "properties": {"kind": "fishing", "cls": "A", "prec": 20, "fish": ["Щука", "Окунь"], "date": "2025-12-25", "title": "Ладожское озеро, южный берег, д. Кириково, Волховский район", "comment": "Отчёт с координатами места ловли.", "src": "Telegram: Рыболовная сводка СПб", "srcd": "Telegram @rybalka_spb_lenoblasti", "url": "https://t.me/rybalka_spb_lenoblasti/21483", "sid": "https://t.me/rybalka_spb_lenoblasti/21483", "agent": "social_reports", "dist": 31.0, "zone": "core", "sector": "Вороново"}}, {"type": "Feature", "geometry": {"type": "Point", "coordinates": [32.324157, 60.080698]}, "properties": {"kind": "fishing", "cls": "A", "prec": 20, "fish": ["Лещ"], "date": "2025-12-27", "title": "Река Волхов, противоположный берег Юшково (заброшенная В/Ч)", "comment": "Отчёт с координатами места ловли.", "src": "Telegram: Рыболовная сводка СПб", "srcd": "Telegram @rybalka_spb_lenoblasti", "url": "https://t.me/rybalka_spb_lenoblasti/21509", "sid": "https://t.me/rybalka_spb_lenoblasti/21509", "agent": "social_reports", "dist": 3.1, "zone": "core", "sector": "Нижний Волхов"}}, {"type": "Feature", "geometry": {"type": "Point", "coordinates": [32.324157, 60.080698]}, "properties": {"kind": "fishing", "cls": "A", "prec": 20, "fish": ["Лещ"], "date": "2025-12-28", "title": "Река Волхов, противоположный берег Юшково (заброшенная В/Ч)", "comment": "Отчёт с координатами места ловли.", "src": "Telegram: Рыболовная сводка СПб", "srcd": "Telegram @rybalka_spb_lenoblasti", "url": "https://t.me/rybalka_spb_lenoblasti/21535", "sid": "https://t.me/rybalka_spb_lenoblasti/21535", "agent": "social_reports", "dist": 3.1, "zone": "core", "sector": "Нижний Волхов"}}, {"type": "Feature", "geometry": {"type": "Point", "coordinates": [32.596487, 60.338497]}, "properties": {"kind": "fishing", "cls": "A", "prec": 20, "fish": ["Плотва"], "date": "2026-02-13", "title": "Ладожское озеро, южный берег, Волховский район", "comment": "Отчёт с координатами места ловли.", "src": "Telegram: Рыболовная сводка СПб", "srcd": "Telegram @rybalka_spb_lenoblasti", "url": "https://t.me/rybalka_spb_lenoblasti/22423", "sid": "https://t.me/rybalka_spb_lenoblasti/22423", "agent": "social_reports", "season": "ice", "dist": 31.0, "zone": "core", "sector": "Вороново"}}, {"type": "Feature", "geometry": {"type": "Point", "coordinates": [32.612651, 60.338146]}, "properties": {"kind": "fishing", "cls": "A", "prec": 20, "fish": ["Окунь"], "date": "2026-02-15", "title": "Ладожское озеро, южный берег, Шурягская бухта, д. Кириково, Волховский район", "comment": "Отчёт с координатами места ловли.", "src": "Telegram: Рыболовная сводка СПб", "srcd": "Telegram @rybalka_spb_lenoblasti", "url": "https://t.me/rybalka_spb_lenoblasti/22428", "sid": "https://t.me/rybalka_spb_lenoblasti/22428", "agent": "social_reports", "season": "ice", "dist": 31.5, "zone": "core", "sector": "Вороново"}}, {"type": "Feature", "geometry": {"type": "Point", "coordinates": [32.596487, 60.338497]}, "properties": {"kind": "fishing", "cls": "A", "prec": 20, "fish": ["Окунь"], "date": "2026-02-21", "title": "Ладожское озеро, южный берег, д. Кириково, Волховский район", "comment": "Отчёт с координатами места ловли.", "src": "Telegram: Рыболовная сводка СПб", "srcd": "Telegram @rybalka_spb_lenoblasti", "url": "https://t.me/rybalka_spb_lenoblasti/22587", "sid": "https://t.me/rybalka_spb_lenoblasti/22587", "agent": "social_reports", "season": "ice", "dist": 31.0, "zone": "core", "sector": "Вороново"}}, {"type": "Feature", "geometry": {"type": "Point", "coordinates": [32.596487, 60.338497]}, "properties": {"kind": "fishing", "cls": "A", "prec": 20, "fish": ["Окунь", "Плотва"], "date": "2026-03-11", "title": "Ладожское озеро, южный берег, д. Кириково, Волховский район", "comment": "со льда", "method": "со льда", "src": "Telegram: Рыболовная сводка СПб", "srcd": "Telegram @rybalka_spb_lenoblasti", "url": "https://t.me/rybalka_spb_lenoblasti/23000", "sid": "https://t.me/rybalka_spb_lenoblasti/23000", "agent": "social_reports", "season": "ice", "dist": 31.0, "zone": "core", "sector": "Вороново"}}, {"type": "Feature", "geometry": {"type": "Point", "coordinates": [31.346061, 59.903031]}, "properties": {"kind": "fishing", "cls": "A", "prec": 20, "date": "2026-03-13", "title": "Новоладожский канал, д. Назия", "comment": "Отчёт с координатами места ловли.", "src": "Telegram: Рыболовная сводка СПб", "srcd": "Telegram @rybalka_spb_lenoblasti", "url": "https://t.me/rybalka_spb_lenoblasti/23033", "sid": "https://t.me/rybalka_spb_lenoblasti/23033", "agent": "social_reports", "season": "open_water", "dist": 57.2, "zone": "ext", "sector": "Шлиссельбург / бухта Петрокрепость"}}, {"type": "Feature", "geometry": {"type": "Point", "coordinates": [31.042207, 59.947644]}, "properties": {"kind": "fishing", "cls": "A", "prec": 20, "fish": ["Окунь", "Плотва"], "date": "2026-03-20", "title": "Новоладожский канал, Шлиссельбург", "comment": "фидер/донка, поплавок", "method": "фидер/донка, поплавок", "src": "Telegram: Рыболовная сводка СПб", "srcd": "Telegram @rybalka_spb_lenoblasti", "url": "https://t.me/rybalka_spb_lenoblasti/23131", "sid": "https://t.me/rybalka_spb_lenoblasti/23131", "agent": "social_reports", "season": "open_water", "dist": 71.7, "zone": "ext", "sector": "Шлиссельбург / бухта Петрокрепость"}}, {"type": "Feature", "geometry": {"type": "Point", "coordinates": [31.346679, 59.902728]}, "properties": {"kind": "fishing", "cls": "A", "prec": 20, "date": "2026-03-20", "title": "Новоладожский канал, д. Назия", "comment": "Отчёт с координатами места ловли.", "src": "Telegram: Рыболовная сводка СПб", "srcd": "Telegram @rybalka_spb_lenoblasti", "url": "https://t.me/rybalka_spb_lenoblasti/23144", "sid": "https://t.me/rybalka_spb_lenoblasti/23144", "agent": "social_reports", "season": "open_water", "dist": 57.2, "zone": "ext", "sector": "Шлиссельбург / бухта Петрокрепость"}}, {"type": "Feature", "geometry": {"type": "Point", "coordinates": [31.073347, 59.977893]}, "properties": {"kind": "fishing", "cls": "A", "prec": 20, "fish": ["Плотва"], "date": "2026-03-23", "title": "Ладожское озеро, канал в Кошкино, Всеволожский район", "comment": "Отчёт с координатами места ловли.", "src": "Telegram: Рыболовная сводка СПб", "srcd": "Telegram @rybalka_spb_lenoblasti", "url": "https://t.me/rybalka_spb_lenoblasti/23230", "sid": "https://t.me/rybalka_spb_lenoblasti/23230", "agent": "social_reports", "season": "ice", "dist": 69.2, "zone": "ext", "sector": "Шлиссельбург / бухта Петрокрепость"}}, {"type": "Feature", "geometry": {"type": "Point", "coordinates": [32.905255, 60.48203]}, "properties": {"kind": "fishing", "cls": "A", "prec": 20, "date": "2026-03-26", "title": "Река Свирь, Свирица", "comment": "Отчёт с координатами места ловли.", "src": "Telegram: Рыболовная сводка СПб", "srcd": "Telegram @rybalka_spb_lenoblasti", "url": "https://t.me/rybalka_spb_lenoblasti/23285", "sid": "https://t.me/rybalka_spb_lenoblasti/23285", "agent": "social_reports", "season": "ice", "dist": 53.9, "zone": "core", "sector": "Свирская губа / устье Свири"}}, {"type": "Feature", "geometry": {"type": "Point", "coordinates": [32.333138, 60.112441]}, "properties": {"kind": "fishing", "cls": "A", "prec": 20, "fish": ["Лещ"], "date": "2026-03-28", "title": "Река Волхов, район Новой Ладоги", "comment": "Отчёт с координатами места ловли.", "src": "Telegram: Рыболовная сводка СПб", "srcd": "Telegram @rybalka_spb_lenoblasti", "url": "https://t.me/rybalka_spb_lenoblasti/23319", "sid": "https://t.me/rybalka_spb_lenoblasti/23319", "agent": "social_reports", "season": "ice", "dist": 2.4, "zone": "core", "sector": "Новая Ладога / устье Волхова"}}, {"type": "Feature", "geometry": {"type": "Point", "coordinates": [30.996813, 59.930673]}, "properties": {"kind": "fishing", "cls": "A", "prec": 20, "fish": ["Плотва"], "date": "2026-04-03", "title": "Река Нева, Шлиссельбург", "comment": "Отчёт с координатами места ловли.", "src": "Telegram: Рыболовная сводка СПб", "srcd": "Telegram @rybalka_spb_lenoblasti", "url": "https://t.me/rybalka_spb_lenoblasti/23431", "sid": "https://t.me/rybalka_spb_lenoblasti/23431", "agent": "social_reports", "dist": 74.6, "zone": "ext", "sector": "Шлиссельбург / бухта Петрокрепость"}}, {"type": "Feature", "geometry": {"type": "Point", "coordinates": [32.304066, 60.011518]}, "properties": {"kind": "fishing", "cls": "A", "prec": 20, "fish": ["Щука", "Плотва", "Краснопёрка", "Синец"], "date": "2026-04-13", "title": "Река Волхов, Курганы, Староладожское поселение", "comment": "Отчёт с координатами места ловли.", "src": "Telegram: Рыболовная сводка СПб", "srcd": "Telegram @rybalka_spb_lenoblasti", "url": "https://t.me/rybalka_spb_lenoblasti/23689", "sid": "https://t.me/rybalka_spb_lenoblasti/23689", "agent": "social_reports", "season": "open_water", "dist": 10.3, "zone": "core", "sector": "Старая Ладога / Волхов"}}, {"type": "Feature", "geometry": {"type": "Point", "coordinates": [31.345932, 59.903075]}, "properties": {"kind": "fishing", "cls": "A", "prec": 20, "fish": ["Плотва"], "date": "2026-04-14", "title": "Новоладожский канал, д. Назия", "comment": "плотвы 7 кг", "catch": "плотвы 7 кг", "src": "Telegram: Рыболовная сводка СПб", "srcd": "Telegram @rybalka_spb_lenoblasti", "url": "https://t.me/rybalka_spb_lenoblasti/23654", "sid": "https://t.me/rybalka_spb_lenoblasti/23654", "agent": "social_reports", "dist": 57.2, "zone": "ext", "sector": "Шлиссельбург / бухта Петрокрепость"}}, {"type": "Feature", "geometry": {"type": "Point", "coordinates": [31.800404, 60.22724]}, "properties": {"kind": "fishing", "cls": "A", "prec": 20, "fish": ["Плотва"], "date": "2026-04-14", "title": "Ладожское озеро, южный берег, д. Лигово, Волховский район", "comment": "поплавок", "method": "поплавок", "src": "Telegram: Рыболовная сводка СПб", "srcd": "Telegram @rybalka_spb_lenoblasti", "url": "https://t.me/rybalka_spb_lenoblasti/23686", "sid": "https://t.me/rybalka_spb_lenoblasti/23686", "agent": "social_reports", "season": "open_water", "dist": 30.6, "zone": "core", "sector": "Лигово"}}, {"type": "Feature", "geometry": {"type": "Point", "coordinates": [31.030019, 59.945863]}, "properties": {"kind": "fishing", "cls": "A", "prec": 20, "fish": ["Окунь", "Плотва", "Густера", "Корюшка", "Ёрш"], "date": "2026-04-18", "title": "Река Нева за городом, Шлиссельбург", "comment": "спиннинг, фидер/донка, мормышка", "method": "спиннинг, фидер/донка, мормышка", "src": "Telegram: Рыболовная сводка СПб", "srcd": "Telegram @rybalka_spb_lenoblasti", "url": "https://t.me/rybalka_spb_lenoblasti/23777", "sid": "https://t.me/rybalka_spb_lenoblasti/23777", "agent": "social_reports", "season": "ice", "dist": 72.4, "zone": "ext", "sector": "Шлиссельбург / бухта Петрокрепость"}}, {"type": "Feature", "geometry": {"type": "Point", "coordinates": [32.32236, 60.077029]}, "properties": {"kind": "fishing", "cls": "A", "prec": 20, "fish": ["Лещ", "Синец"], "date": "2026-05-04", "title": "Река Волхов, д. Юшково, Волховский район", "comment": "Отчёт с координатами места ловли.", "src": "Telegram: Рыболовная сводка СПб", "srcd": "Telegram @rybalka_spb_lenoblasti", "url": "https://t.me/rybalka_spb_lenoblasti/24126", "sid": "https://t.me/rybalka_spb_lenoblasti/24126", "agent": "social_reports", "season": "open_water", "dist": 3.4, "zone": "core", "sector": "Нижний Волхов"}}, {"type": "Feature", "geometry": {"type": "Point", "coordinates": [32.341376, 60.055326]}, "properties": {"kind": "fishing", "cls": "A", "prec": 20, "fish": ["Лещ"], "date": "2026-05-08", "title": "Река Волхов, д. Поляша, противоположный берег", "comment": "фидер/донка", "method": "фидер/донка", "src": "Telegram: Рыболовная сводка СПб", "srcd": "Telegram @rybalka_spb_lenoblasti", "url": "https://t.me/rybalka_spb_lenoblasti/24142", "sid": "https://t.me/rybalka_spb_lenoblasti/24142", "agent": "social_reports", "season": "open_water", "dist": 6.0, "zone": "core", "sector": "Нижний Волхов"}}, {"type": "Feature", "geometry": {"type": "Point", "coordinates": [32.304066, 60.011518]}, "properties": {"kind": "fishing", "cls": "A", "prec": 20, "fish": ["Лещ", "Линь", "Синец"], "date": "2026-05-09", "title": "Река Волхов, Курганы, Староладожское поселение", "comment": "Отчёт с координатами места ловли.", "src": "Telegram: Рыболовная сводка СПб", "srcd": "Telegram @rybalka_spb_lenoblasti", "url": "https://t.me/rybalka_spb_lenoblasti/24181", "sid": "https://t.me/rybalka_spb_lenoblasti/24181", "agent": "social_reports", "season": "open_water", "dist": 10.3, "zone": "core", "sector": "Старая Ладога / Волхов"}}, {"type": "Feature", "geometry": {"type": "Point", "coordinates": [31.345348, 59.902968]}, "properties": {"kind": "fishing", "cls": "A", "prec": 20, "fish": ["Щука", "Окунь"], "date": "2026-05-17", "title": "Новоладожский канал, д. Назия", "comment": "щукой 1 кг; спиннинг", "method": "спиннинг", "catch": "щукой 1 кг", "src": "Telegram: Рыболовная сводка СПб", "srcd": "Telegram @rybalka_spb_lenoblasti", "url": "https://t.me/rybalka_spb_lenoblasti/24292", "sid": "https://t.me/rybalka_spb_lenoblasti/24292", "agent": "social_reports", "season": "open_water", "dist": 57.3, "zone": "ext", "sector": "Шлиссельбург / бухта Петрокрепость"}}, {"type": "Feature", "geometry": {"type": "Point", "coordinates": [32.302548, 60.008674]}, "properties": {"kind": "fishing", "cls": "A", "prec": 20, "fish": ["Лещ", "Чехонь"], "date": "2026-05-18", "title": "Река Волхов, Курганы (противоположный берег), Староладожское поселение", "comment": "Отчёт с координатами места ловли.", "src": "Telegram: Рыболовная сводка СПб", "srcd": "Telegram @rybalka_spb_lenoblasti", "url": "https://t.me/rybalka_spb_lenoblasti/24352", "sid": "https://t.me/rybalka_spb_lenoblasti/24352", "agent": "social_reports", "season": "open_water", "dist": 10.6, "zone": "core", "sector": "Старая Ладога / Волхов"}}, {"type": "Feature", "geometry": {"type": "Point", "coordinates": [32.344323, 60.05031]}, "properties": {"kind": "fishing", "cls": "A", "prec": 20, "fish": ["Лещ"], "date": "2026-05-20", "title": "Река Волхов. Поляша", "comment": "Отчёт с координатами места ловли.", "src": "Telegram: Рыболовная сводка СПб", "srcd": "Telegram @rybalka_spb_lenoblasti", "url": "https://t.me/rybalka_spb_lenoblasti/24326", "sid": "https://t.me/rybalka_spb_lenoblasti/24326", "agent": "social_reports", "season": "open_water", "dist": 6.6, "zone": "core", "sector": "Нижний Волхов"}}, {"type": "Feature", "geometry": {"type": "Point", "coordinates": [32.302548, 60.008674]}, "properties": {"kind": "fishing", "cls": "A", "prec": 20, "fish": ["Лещ"], "date": "2026-05-24", "title": "Река Волхов, Курганы (противоположный берег), Староладожское поселение", "comment": "Отчёт с координатами места ловли.", "src": "Telegram: Рыболовная сводка СПб", "srcd": "Telegram @rybalka_spb_lenoblasti", "url": "https://t.me/rybalka_spb_lenoblasti/24407", "sid": "https://t.me/rybalka_spb_lenoblasti/24407", "agent": "social_reports", "season": "open_water", "dist": 10.6, "zone": "core", "sector": "Старая Ладога / Волхов"}}, {"type": "Feature", "geometry": {"type": "Point", "coordinates": [32.302548, 60.008674]}, "properties": {"kind": "fishing", "cls": "A", "prec": 20, "fish": ["Лещ", "Чехонь"], "date": "2026-05-26", "title": "Река Волхов, Курганы (противоположный берег), Староладожское поселение", "comment": "леща 2 кг; фидер/донка", "method": "фидер/донка", "catch": "леща 2 кг", "src": "Telegram: Рыболовная сводка СПб", "srcd": "Telegram @rybalka_spb_lenoblasti", "url": "https://t.me/rybalka_spb_lenoblasti/24453", "sid": "https://t.me/rybalka_spb_lenoblasti/24453", "agent": "social_reports", "season": "open_water", "dist": 10.6, "zone": "core", "sector": "Старая Ладога / Волхов"}}, {"type": "Feature", "geometry": {"type": "Point", "coordinates": [32.344323, 60.05031]}, "properties": {"kind": "fishing", "cls": "A", "prec": 20, "fish": ["Плотва", "Язь", "Голавль"], "date": "2026-05-31", "title": "Река Волхов, д. Поляша", "comment": "поплавок", "method": "поплавок", "src": "Telegram: Рыболовная сводка СПб", "srcd": "Telegram @rybalka_spb_lenoblasti", "url": "https://t.me/rybalka_spb_lenoblasti/24542", "sid": "https://t.me/rybalka_spb_lenoblasti/24542", "agent": "social_reports", "season": "open_water", "dist": 6.6, "zone": "core", "sector": "Нижний Волхов"}}, {"type": "Feature", "geometry": {"type": "Point", "coordinates": [32.304066, 60.011518]}, "properties": {"kind": "fishing", "cls": "A", "prec": 20, "fish": ["Лещ"], "date": "2026-06-04", "title": "Река Волхов, Курганы, Староладожское поселение", "comment": "фидер/донка", "method": "фидер/донка", "src": "Telegram: Рыболовная сводка СПб", "srcd": "Telegram @rybalka_spb_lenoblasti", "url": "https://t.me/rybalka_spb_lenoblasti/24589", "sid": "https://t.me/rybalka_spb_lenoblasti/24589", "agent": "social_reports", "season": "open_water", "dist": 10.3, "zone": "core", "sector": "Старая Ладога / Волхов"}}, {"type": "Feature", "geometry": {"type": "Point", "coordinates": [32.31388, 60.09417]}, "properties": {"kind": "fishing", "cls": "A", "prec": 20, "fish": ["Лещ"], "date": "2026-06-07", "title": "Река Волхов в районе Новой Ладоги, противоположный берег. Около острова Ленина со стороны…", "comment": "фидер/донка", "method": "фидер/донка", "src": "Telegram: Рыболовная сводка СПб", "srcd": "Telegram @rybalka_spb_lenoblasti", "url": "https://t.me/rybalka_spb_lenoblasti/24706", "sid": "https://t.me/rybalka_spb_lenoblasti/24706", "agent": "social_reports", "season": "open_water", "dist": 1.5, "zone": "core", "sector": "Нижний Волхов"}}, {"type": "Feature", "geometry": {"type": "Point", "coordinates": [32.333083, 60.112347]}, "properties": {"kind": "fishing", "cls": "A", "prec": 20, "fish": ["Лещ", "Густера", "Линь"], "date": "2026-06-10", "title": "Река Волхов, деревня Немятово ( это противоположный берег в Новой Ладоге)", "comment": "поплавок", "method": "поплавок", "src": "Telegram: Рыболовная сводка СПб", "srcd": "Telegram @rybalka_spb_lenoblasti", "url": "https://t.me/rybalka_spb_lenoblasti/24765", "sid": "https://t.me/rybalka_spb_lenoblasti/24765", "agent": "social_reports", "season": "open_water", "dist": 2.4, "zone": "core", "sector": "Новая Ладога / устье Волхова"}}, {"type": "Feature", "geometry": {"type": "Point", "coordinates": [32.319865, 60.082004]}, "properties": {"kind": "fishing", "cls": "A", "prec": 20, "fish": ["Щука", "Лещ", "Густера", "Линь"], "date": "2026-06-15", "title": "Река Волхов, противоположный берег Юшково (заброшенная В/Ч )", "comment": "Отчёт с координатами места ловли.", "src": "Telegram: Рыболовная сводка СПб", "srcd": "Telegram @rybalka_spb_lenoblasti", "url": "https://t.me/rybalka_spb_lenoblasti/24824", "sid": "https://t.me/rybalka_spb_lenoblasti/24824", "agent": "social_reports", "season": "open_water", "dist": 2.8, "zone": "core", "sector": "Нижний Волхов"}}, {"type": "Feature", "geometry": {"type": "Point", "coordinates": [32.348292, 60.058965]}, "properties": {"kind": "fishing", "cls": "A", "prec": 20, "fish": ["Щука", "Лещ", "Линь"], "date": "2026-06-21", "title": "Река Волхов, д. Иссад, Волховский район", "comment": "фидер/донка, поплавок", "method": "фидер/донка, поплавок", "src": "Telegram: Рыболовная сводка СПб", "srcd": "Telegram @rybalka_spb_lenoblasti", "url": "https://t.me/rybalka_spb_lenoblasti/24973", "sid": "https://t.me/rybalka_spb_lenoblasti/24973", "agent": "social_reports", "season": "open_water", "dist": 5.8, "zone": "core", "sector": "Нижний Волхов"}}, {"type": "Feature", "geometry": {"type": "Point", "coordinates": [31.548557, 60.022037]}, "properties": {"kind": "fishing", "cls": "A", "prec": 20, "fish": ["Щука"], "date": "2026-07-04", "title": "Новоладожский канал, д. Кобона, Кировский район", "comment": "блесна", "method": "блесна", "src": "Telegram: Рыболовная сводка СПб", "srcd": "Telegram @rybalka_spb_lenoblasti", "url": "https://t.me/rybalka_spb_lenoblasti/25189", "sid": "https://t.me/rybalka_spb_lenoblasti/25189", "agent": "social_reports", "season": "open_water", "dist": 42.3, "zone": "core", "sector": "Кобона / южный берег"}}, {"type": "Feature", "geometry": {"type": "Point", "coordinates": [32.58656, 60.338828]}, "properties": {"kind": "fishing", "cls": "A", "prec": 20, "fish": ["Судак"], "date": "2026-07-18", "title": "Ладожское озеро, южный берег, д. Кириково, Волховский район", "comment": "Отчёт с координатами места ловли.", "src": "Telegram: Рыболовная сводка СПб", "srcd": "Telegram @rybalka_spb_lenoblasti", "url": "https://t.me/rybalka_spb_lenoblasti/25462", "sid": "https://t.me/rybalka_spb_lenoblasti/25462", "agent": "social_reports", "season": "open_water", "dist": 30.7, "zone": "core", "sector": "Вороново"}}, {"type": "Feature", "geometry": {"type": "Point", "coordinates": [32.344409, 60.052698]}, "properties": {"kind": "fishing", "cls": "A", "prec": 20, "fish": ["Лещ", "Густера", "Линь"], "date": "2026-07-19", "title": "Река Волхов, д. Поляша", "comment": "фидер/донка", "method": "фидер/донка", "src": "Telegram: Рыболовная сводка СПб", "srcd": "Telegram @rybalka_spb_lenoblasti", "url": "https://t.me/rybalka_spb_lenoblasti/25511", "sid": "https://t.me/rybalka_spb_lenoblasti/25511", "agent": "social_reports", "season": "open_water", "dist": 6.3, "zone": "core", "sector": "Нижний Волхов"}}, {"type": "Feature", "geometry": {"type": "Point", "coordinates": [31.034642, 59.958349]}, "properties": {"kind": "fishing", "cls": "A", "prec": 20, "fish": ["Голавль"], "date": "2026-08-01", "title": "Ладожское озеро, пгт. им. Морозова, исток Невы", "comment": "Отчёт с координатами места ловли.", "src": "Telegram: Рыболовная сводка СПб", "srcd": "Telegram @rybalka_spb_lenoblasti", "url": "https://t.me/rybalka_spb_lenoblasti/25796", "sid": "https://t.me/rybalka_spb_lenoblasti/25796", "agent": "social_reports", "season": "open_water", "dist": 71.8, "zone": "ext", "sector": "Шлиссельбург / бухта Петрокрепость"}}, {"type": "Feature", "geometry": {"type": "Point", "coordinates": [31.346376, 59.902873]}, "properties": {"kind": "fishing", "cls": "A", "prec": 20, "fish": ["Лещ"], "date": "2026-08-10", "title": "Новоладожский канал, д. Назия", "comment": "фидер/донка", "method": "фидер/донка", "src": "Telegram: Рыболовная сводка СПб", "srcd": "Telegram @rybalka_spb_lenoblasti", "url": "https://t.me/rybalka_spb_lenoblasti/25906", "sid": "https://t.me/rybalka_spb_lenoblasti/25906", "agent": "social_reports", "season": "open_water", "dist": 57.2, "zone": "ext", "sector": "Шлиссельбург / бухта Петрокрепость"}}, {"type": "Feature", "geometry": {"type": "Point", "coordinates": [32.344224, 60.051332]}, "properties": {"kind": "fishing", "cls": "A", "prec": 20, "fish": ["Сом", "Линь"], "date": "2026-08-11", "title": "Река Волхов, д. Поляша", "comment": "Отчёт с координатами места ловли.", "src": "Telegram: Рыболовная сводка СПб", "srcd": "Telegram @rybalka_spb_lenoblasti", "url": "https://t.me/rybalka_spb_lenoblasti/25949", "sid": "https://t.me/rybalka_spb_lenoblasti/25949", "agent": "social_reports", "season": "open_water", "dist": 6.5, "zone": "core", "sector": "Нижний Волхов"}}, {"type": "Feature", "geometry": {"type": "Point", "coordinates": [32.342729, 60.066596]}, "properties": {"kind": "fishing", "cls": "A", "prec": 20, "fish": ["Линь"], "date": "2026-08-16", "title": "Река Волхов, д. Иссад, Волховский район", "comment": "фидер/донка", "method": "фидер/донка", "src": "Telegram: Рыболовная сводка СПб", "srcd": "Telegram @rybalka_spb_lenoblasti", "url": "https://t.me/rybalka_spb_lenoblasti/26005", "sid": "https://t.me/rybalka_spb_lenoblasti/26005", "agent": "social_reports", "season": "open_water", "dist": 4.9, "zone": "core", "sector": "Нижний Волхов"}}, {"type": "Feature", "geometry": {"type": "Point", "coordinates": [32.344224, 60.051332]}, "properties": {"kind": "fishing", "cls": "A", "prec": 20, "fish": ["Лещ", "Линь", "Синец", "Сырть"], "date": "2026-08-28", "title": "Река Волхов, д. Поляша", "comment": "фидер/донка", "method": "фидер/донка", "src": "Telegram: Рыболовная сводка СПб", "srcd": "Telegram @rybalka_spb_lenoblasti", "url": "https://t.me/rybalka_spb_lenoblasti/26265", "sid": "https://t.me/rybalka_spb_lenoblasti/26265", "agent": "social_reports", "season": "open_water", "dist": 6.5, "zone": "core", "sector": "Нижний Волхов"}}, {"type": "Feature", "geometry": {"type": "Point", "coordinates": [32.344224, 60.051332]}, "properties": {"kind": "fishing", "cls": "A", "prec": 20, "fish": ["Лещ", "Густера", "Линь", "Синец"], "date": "2026-08-29", "title": "Река Волхов, д. Поляша", "comment": "фидер/донка", "method": "фидер/донка", "src": "Telegram: Рыболовная сводка СПб", "srcd": "Telegram @rybalka_spb_lenoblasti", "url": "https://t.me/rybalka_spb_lenoblasti/26328", "sid": "https://t.me/rybalka_spb_lenoblasti/26328", "agent": "social_reports", "season": "open_water", "dist": 6.5, "zone": "core", "sector": "Нижний Волхов"}}, {"type": "Feature", "geometry": {"type": "Point", "coordinates": [32.344224, 60.051332]}, "properties": {"kind": "fishing", "cls": "A", "prec": 20, "fish": ["Линь"], "date": "2026-09-05", "title": "Река Волхов, д. Поляша", "comment": "фидер/донка", "method": "фидер/донка", "src": "Telegram: Рыболовная сводка СПб", "srcd": "Telegram @rybalka_spb_lenoblasti", "url": "https://t.me/rybalka_spb_lenoblasti/26477", "sid": "https://t.me/rybalka_spb_lenoblasti/26477", "agent": "social_reports", "season": "open_water", "dist": 6.5, "zone": "core", "sector": "Нижний Волхов"}}, {"type": "Feature", "geometry": {"type": "Point", "coordinates": [32.338352, 60.047409]}, "properties": {"kind": "fishing", "cls": "A", "prec": 20, "fish": ["Густера"], "date": "2026-09-09", "title": "Река Волхов, д. Поляша, противоположный берег", "comment": "фидер/донка", "method": "фидер/донка", "src": "Telegram: Рыболовная сводка СПб", "srcd": "Telegram @rybalka_spb_lenoblasti", "url": "https://t.me/rybalka_spb_lenoblasti/26464", "sid": "https://t.me/rybalka_spb_lenoblasti/26464", "agent": "social_reports", "season": "open_water", "dist": 6.7, "zone": "core", "sector": "Нижний Волхов"}}, {"type": "Feature", "geometry": {"type": "Point", "coordinates": [32.338165, 60.04709]}, "properties": {"kind": "fishing", "cls": "A", "prec": 20, "fish": ["Лещ", "Густера", "Сырть"], "date": "2026-09-16", "title": "Река Волхов, д. Поляша, противоположный берег", "comment": "фидер/донка", "method": "фидер/донка", "src": "Telegram: Рыболовная сводка СПб", "srcd": "Telegram @rybalka_spb_lenoblasti", "url": "https://t.me/rybalka_spb_lenoblasti/26675", "sid": "https://t.me/rybalka_spb_lenoblasti/26675", "agent": "social_reports", "season": "open_water", "dist": 6.8, "zone": "core", "sector": "Нижний Волхов"}}, {"type": "Feature", "geometry": {"type": "Point", "coordinates": [32.326642, 60.116429]}, "properties": {"kind": "fishing", "cls": "A", "prec": 20, "fish": ["Судак", "Лещ"], "date": "2026-09-21", "title": "Река Волхов, г.Новая Ладога", "comment": "фидер/донка", "method": "фидер/донка", "src": "Telegram: Рыболовная сводка СПб", "srcd": "Telegram @rybalka_spb_lenoblasti", "url": "https://t.me/rybalka_spb_lenoblasti/26696", "sid": "https://t.me/rybalka_spb_lenoblasti/26696", "agent": "social_reports", "season": "open_water", "dist": 2.3, "zone": "core", "sector": "Новая Ладога / устье Волхова"}}, {"type": "Feature", "geometry": {"type": "Point", "coordinates": [32.332962, 60.112389]}, "properties": {"kind": "fishing", "cls": "A", "prec": 10, "fish": ["Щука"], "date": "2025-09-20", "title": "Новая Ладога / устье Волхова", "comment": "Ново-Свирский канал у пересечения с Волховом; координаты локации опубликованы в тексте поста.", "method": "вертушка, с берега", "src": "Telegram: Рыболовная сводка СПб", "url": "https://t.me/rybalka_spb_lenoblasti/19629", "sid": "19629", "agent": "baseline", "season": "open_water", "dist": 2.4, "zone": "core", "sector": "Новая Ладога / устье Волхова"}}, {"type": "Feature", "geometry": {"type": "Point", "coordinates": [32.29689, 60.121145]}, "properties": {"kind": "fishing", "cls": "A", "prec": 10, "fish": ["Плотва"], "date": "2026-03-13", "title": "Новая Ладога / устье Волхова", "comment": "Креницы, 9 км; координаты опубликованы в тексте поста. Предыдущий массив: Креницы — плотва, 2.3 м (точный GPS из отчёта).", "depth": "2.3 м", "src": "Telegram: Рыболовная сводка СПб", "url": "https://t.me/rybalka_spb_lenoblasti/23021", "sid": "23021", "agent": "baseline", "season": "ice", "dist": 1.9, "zone": "core", "sector": "Новая Ладога / устье Волхова"}}, {"type": "Feature", "geometry": {"type": "Point", "coordinates": [32.189567, 60.197533]}, "properties": {"kind": "fishing", "cls": "A", "prec": 10, "fish": ["Окунь"], "title": "Креницы / Волховская губа", "comment": "Координата восстановлена из ladoga_points_preliminary.csv предыдущего чата; исходная публичная ссылка в файле не сохранена. Креницы — окунь 18 кг", "src": "Прежнее исследование (ChatGPT)", "sid": "prior-05", "agent": "baseline", "dist": 11.9, "zone": "core", "sector": "Креницы / Волховская губа"}}, {"type": "Feature", "geometry": {"type": "Point", "coordinates": [32.252517, 60.177483]}, "properties": {"kind": "fishing", "cls": "A", "prec": 10, "fish": ["Окунь"], "title": "Креницы / Волховская губа", "comment": "Координата восстановлена из ladoga_points_preliminary.csv предыдущего чата; исходная публичная ссылка в файле не сохранена. Креницы — окунь", "src": "Прежнее исследование (ChatGPT)", "sid": "prior-06", "agent": "baseline", "dist": 8.5, "zone": "core", "sector": "Креницы / Волховская губа"}}, {"type": "Feature", "geometry": {"type": "Point", "coordinates": [32.27465, 60.171933]}, "properties": {"kind": "fishing", "cls": "A", "prec": 10, "fish": ["Плотва"], "title": "Креницы / Волховская губа", "comment": "Координата восстановлена из ladoga_points_preliminary.csv предыдущего чата; исходная публичная ссылка в файле не сохранена. Креницы — плотва", "src": "Прежнее исследование (ChatGPT)", "sid": "prior-07", "agent": "baseline", "dist": 7.7, "zone": "core", "sector": "Креницы / Волховская губа"}}, {"type": "Feature", "geometry": {"type": "Point", "coordinates": [32.278783, 60.1565]}, "properties": {"kind": "fishing", "cls": "A", "prec": 10, "fish": ["Плотва"], "title": "Креницы / Волховская губа", "comment": "Координата восстановлена из ladoga_points_preliminary.csv предыдущего чата; исходная публичная ссылка в файле не сохранена. Креницы — плотва", "src": "Прежнее исследование (ChatGPT)", "sid": "prior-08", "agent": "baseline", "dist": 5.9, "zone": "core", "sector": "Креницы / Волховская губа"}}, {"type": "Feature", "geometry": {"type": "Point", "coordinates": [32.292472, 60.162306]}, "properties": {"kind": "fishing", "cls": "A", "prec": 10, "fish": ["Плотва"], "title": "Креницы / Волховская губа", "comment": "Координата восстановлена из ladoga_points_preliminary.csv предыдущего чата; исходная публичная ссылка в файле не сохранена. Креницы — плотва 20 кг", "src": "Прежнее исследование (ChatGPT)", "sid": "prior-09", "agent": "baseline", "dist": 6.5, "zone": "core", "sector": "Креницы / Волховская губа"}}, {"type": "Feature", "geometry": {"type": "Point", "coordinates": [32.178383, 60.207317]}, "properties": {"kind": "fishing", "cls": "A", "prec": 10, "fish": ["Плотва"], "title": "Креницы / Волховская губа", "comment": "Координата восстановлена из ladoga_points_preliminary.csv предыдущего чата; исходная публичная ссылка в файле не сохранена. Креницы — плотва ~40 кг", "src": "Прежнее исследование (ChatGPT)", "sid": "prior-10", "agent": "baseline", "dist": 13.2, "zone": "core", "sector": "Волховская губа, центр"}}, {"type": "Feature", "geometry": {"type": "Point", "coordinates": [32.181783, 60.217083]}, "properties": {"kind": "fishing", "cls": "A", "prec": 10, "fish": ["Плотва"], "title": "о. Птинов", "comment": "Координата восстановлена из ladoga_points_preliminary.csv предыдущего чата; исходная публичная ссылка в файле не сохранена. Креницы — плотва", "src": "Прежнее исследование (ChatGPT)", "sid": "prior-11", "agent": "baseline", "dist": 14.1, "zone": "core", "sector": "Волховская губа, центр"}}, {"type": "Feature", "geometry": {"type": "Point", "coordinates": [32.31388, 60.09417]}, "properties": {"kind": "fishing", "cls": "A", "prec": 10, "fish": ["Лещ"], "title": "Нижний Волхов", "comment": "Координата восстановлена из ladoga_points_preliminary.csv предыдущего чата; исходная публичная ссылка в файле не сохранена. Остров Ленина — лещ", "src": "Прежнее исследование (ChatGPT)", "sid": "prior-16", "agent": "baseline", "dist": 1.5, "zone": "core", "sector": "Нижний Волхов"}}, {"type": "Feature", "geometry": {"type": "Point", "coordinates": [32.319865, 60.082004]}, "properties": {"kind": "fishing", "cls": "A", "prec": 10, "fish": ["Линь", "Густера", "Лещ"], "title": "Нижний Волхов", "comment": "Координата восстановлена из ladoga_points_preliminary.csv предыдущего чата; исходная публичная ссылка в файле не сохранена. Юшково — линь, густера, подлещик", "src": "Прежнее исследование (ChatGPT)", "sid": "prior-17", "agent": "baseline", "dist": 2.8, "zone": "core", "sector": "Нижний Волхов"}}, {"type": "Feature", "geometry": {"type": "Point", "coordinates": [32.32236, 60.077029]}, "properties": {"kind": "fishing", "cls": "A", "prec": 10, "fish": ["Лещ", "Синец"], "title": "Нижний Волхов", "comment": "Координата восстановлена из ladoga_points_preliminary.csv предыдущего чата; исходная публичная ссылка в файле не сохранена. Юшково — лещ, синец", "src": "Прежнее исследование (ChatGPT)", "sid": "prior-18", "agent": "baseline", "dist": 3.4, "zone": "core", "sector": "Нижний Волхов"}}, {"type": "Feature", "geometry": {"type": "Point", "coordinates": [32.344409, 60.052698]}, "properties": {"kind": "fishing", "cls": "A", "prec": 10, "fish": ["Лещ", "Густера", "Линь"], "title": "Нижний Волхов", "comment": "Координата восстановлена из ladoga_points_preliminary.csv предыдущего чата; исходная публичная ссылка в файле не сохранена. Поляша — лещ, густера, линь", "src": "Прежнее исследование (ChatGPT)", "sid": "prior-20", "agent": "baseline", "dist": 6.3, "zone": "core", "sector": "Нижний Волхов"}}, {"type": "Feature", "geometry": {"type": "Point", "coordinates": [32.344323, 60.05031]}, "properties": {"kind": "fishing", "cls": "A", "prec": 10, "fish": ["Плотва", "Язь", "Голавль"], "title": "Нижний Волхов", "comment": "Координата восстановлена из ladoga_points_preliminary.csv предыдущего чата; исходная публичная ссылка в файле не сохранена. Поляша — плотва, язь, голавль", "src": "Прежнее исследование (ChatGPT)", "sid": "prior-21", "agent": "baseline", "dist": 6.6, "zone": "core", "sector": "Нижний Волхов"}}, {"type": "Feature", "geometry": {"type": "Point", "coordinates": [32.344224, 60.051332]}, "properties": {"kind": "fishing", "cls": "A", "prec": 10, "fish": ["Линь", "Сом", "Лещ"], "title": "Нижний Волхов", "comment": "Координата восстановлена из ladoga_points_preliminary.csv предыдущего чата; исходная публичная ссылка в файле не сохранена. Поляша — линь, сом / лещ", "src": "Прежнее исследование (ChatGPT)", "sid": "prior-22", "agent": "baseline", "dist": 6.5, "zone": "core", "sector": "Нижний Волхов"}}, {"type": "Feature", "geometry": {"type": "Point", "coordinates": [32.07901, 60.25366]}, "properties": {"kind": "landmark", "cls": "C", "prec": 500, "title": "о. Птинов", "comment": "Остров-ориентир в Волховской губе; вокруг него свалы и банки.", "src": "Прежнее исследование (ChatGPT)", "sid": "landmark-ptinov", "agent": "baseline", "dist": 20.5, "zone": "core", "sector": "о. Птинов"}}, {"type": "Feature", "geometry": {"type": "Point", "coordinates": [32.10667, 60.29833]}, "properties": {"kind": "landmark", "cls": "C", "prec": 1500, "title": "Варецкие банки", "comment": "Протяжённая гряда мелей к северу от Птинова; точка — условный центр.", "src": "Прежнее исследование (ChatGPT)", "sid": "landmark-varetskie", "agent": "baseline", "dist": 24.0, "zone": "core", "sector": "Варецкие банки"}}]}