{
  "type": "FeatureCollection",
  "name": "southern_ladoga_fishing_activity",
  "metadata": {
    "generated_at": "2026-09-22T16:47:44.473Z",
    "center": {
      "name": "Новая Ладога / устье Волхова",
      "latitude": 60.1037113,
      "longitude": 32.2939775
    },
    "maximum_radius_km": 55,
    "independent_reports": 202,
    "probable_cross_publications": 0,
    "point_markers": 191
  },
  "features": [
    {
      "type": "Feature",
      "id": "P001",
      "geometry": {
        "type": "Point",
        "coordinates": [
          32.408142,
          60.298663
        ]
      },
      "properties": {
        "marker_id": "P001",
        "fish": [
          "Судак"
        ],
        "source": "FisherMap",
        "source_url": "https://ru.fishermap.org/location/934/",
        "source_id": "934",
        "date": "2017-07-11",
        "sector": "Вороново",
        "confidence_class": "B",
        "confidence_classes": [
          "B"
        ],
        "reports_count": 1,
        "published_rows": 1,
        "comment": "Публичная геометка рыболовного отчёта FisherMap. Ладожское озеро.",
        "depth": "",
        "method": "",
        "catch": "",
        "nearest_landmark": "Вороново",
        "landmark_distance_km": 10.738,
        "distance_from_novaya_ladoga_km": 22.577,
        "context_reports_count": "",
        "source_entries": [
          {
            "source": "FisherMap",
            "source_id": "934",
            "source_url": "https://ru.fishermap.org/location/934/",
            "date": "2017-07-11",
            "duplicate_of": ""
          }
        ],
        "record_ids": [
          "fishermap-934"
        ],
        "fish_keys": [
          "zander"
        ]
      }
    },
    {
      "type": "Feature",
      "id": "P002",
      "geometry": {
        "type": "Point",
        "coordinates": [
          32.171358,
          60.193632
        ]
      },
      "properties": {
        "marker_id": "P002",
        "fish": [
          "Окунь",
          "Щука"
        ],
        "source": "FisherMap",
        "source_url": "https://ru.fishermap.org/location/939/",
        "source_id": "939",
        "date": "2016-01-09",
        "sector": "Креницы / Волховская губа",
        "confidence_class": "B",
        "confidence_classes": [
          "B"
        ],
        "reports_count": 1,
        "published_rows": 1,
        "comment": "Публичная геометка рыболовного отчёта FisherMap. Ладожское озеро.",
        "depth": "",
        "method": "",
        "catch": "",
        "nearest_landmark": "Креницы / Волховская губа",
        "landmark_distance_km": 6.166,
        "distance_from_novaya_ladoga_km": 12.084,
        "context_reports_count": "",
        "source_entries": [
          {
            "source": "FisherMap",
            "source_id": "939",
            "source_url": "https://ru.fishermap.org/location/939/",
            "date": "2016-01-09",
            "duplicate_of": ""
          }
        ],
        "record_ids": [
          "fishermap-939"
        ],
        "fish_keys": [
          "perch",
          "pike"
        ]
      }
    },
    {
      "type": "Feature",
      "id": "P003",
      "geometry": {
        "type": "Point",
        "coordinates": [
          32.587162,
          60.311449
        ]
      },
      "properties": {
        "marker_id": "P003",
        "fish": [
          "Плотва"
        ],
        "source": "FisherMap",
        "source_url": "https://ru.fishermap.org/location/2229/",
        "source_id": "2229",
        "date": "2019-03-02",
        "sector": "Вороново",
        "confidence_class": "B",
        "confidence_classes": [
          "B"
        ],
        "reports_count": 1,
        "published_rows": 1,
        "comment": "Публичная геометка рыболовного отчёта FisherMap. Ладожское озеро.",
        "depth": "",
        "method": "",
        "catch": "",
        "nearest_landmark": "Вороново",
        "landmark_distance_km": 2.944,
        "distance_from_novaya_ladoga_km": 28.213,
        "context_reports_count": "",
        "source_entries": [
          {
            "source": "FisherMap",
            "source_id": "2229",
            "source_url": "https://ru.fishermap.org/location/2229/",
            "date": "2019-03-02",
            "duplicate_of": ""
          }
        ],
        "record_ids": [
          "fishermap-2229"
        ],
        "fish_keys": [
          "roach"
        ]
      }
    },
    {
      "type": "Feature",
      "id": "P004",
      "geometry": {
        "type": "Point",
        "coordinates": [
          31.53913,
          59.972784
        ]
      },
      "properties": {
        "marker_id": "P004",
        "fish": [
          "Окунь"
        ],
        "source": "FisherMap",
        "source_url": "https://ru.fishermap.org/location/2236/",
        "source_id": "2236",
        "date": "2018-12-18",
        "sector": "Кобона / южный берег",
        "confidence_class": "B",
        "confidence_classes": [
          "B"
        ],
        "reports_count": 1,
        "published_rows": 1,
        "comment": "Публичная геометка рыболовного отчёта FisherMap. Ладожское озеро.",
        "depth": "",
        "method": "",
        "catch": "",
        "nearest_landmark": "Кобона / южный берег",
        "landmark_distance_km": 6.391,
        "distance_from_novaya_ladoga_km": 44.375,
        "context_reports_count": "",
        "source_entries": [
          {
            "source": "FisherMap",
            "source_id": "2236",
            "source_url": "https://ru.fishermap.org/location/2236/",
            "date": "2018-12-18",
            "duplicate_of": ""
          }
        ],
        "record_ids": [
          "fishermap-2236"
        ],
        "fish_keys": [
          "perch"
        ]
      }
    },
    {
      "type": "Feature",
      "id": "P005",
      "geometry": {
        "type": "Point",
        "coordinates": [
          32.135144,
          60.227002
        ]
      },
      "properties": {
        "marker_id": "P005",
        "fish": [
          "Окунь"
        ],
        "source": "FisherMap",
        "source_url": "https://ru.fishermap.org/location/2248/",
        "source_id": "2248",
        "date": "2018-03-28",
        "sector": "о. Птинов",
        "confidence_class": "B",
        "confidence_classes": [
          "B"
        ],
        "reports_count": 1,
        "published_rows": 1,
        "comment": "Публичная геометка рыболовного отчёта FisherMap. Ладожское озеро. Предыдущий массив: Окунь (FisherMap).",
        "depth": "",
        "method": "",
        "catch": "",
        "nearest_landmark": "о. Птинов",
        "landmark_distance_km": 4.288,
        "distance_from_novaya_ladoga_km": 16.283,
        "context_reports_count": "",
        "source_entries": [
          {
            "source": "FisherMap",
            "source_id": "2248",
            "source_url": "https://ru.fishermap.org/location/2248/",
            "date": "2018-03-28",
            "duplicate_of": ""
          }
        ],
        "record_ids": [
          "fishermap-2248"
        ],
        "fish_keys": [
          "perch"
        ]
      }
    },
    {
      "type": "Feature",
      "id": "P006",
      "geometry": {
        "type": "Point",
        "coordinates": [
          32.795655,
          60.46125
        ]
      },
      "properties": {
        "marker_id": "P006",
        "fish": [
          "Щука"
        ],
        "source": "FisherMap",
        "source_url": "https://ru.fishermap.org/location/2252/",
        "source_id": "2252",
        "date": "2017-12-24",
        "sector": "Свирица / Загубская губа",
        "confidence_class": "B",
        "confidence_classes": [
          "B"
        ],
        "reports_count": 1,
        "published_rows": 1,
        "comment": "Публичная геометка рыболовного отчёта FisherMap. Загубская губа без речной привязки.",
        "depth": "",
        "method": "",
        "catch": "",
        "nearest_landmark": "Свирица / Загубская губа",
        "landmark_distance_km": 1.829,
        "distance_from_novaya_ladoga_km": 48.428,
        "context_reports_count": "",
        "source_entries": [
          {
            "source": "FisherMap",
            "source_id": "2252",
            "source_url": "https://ru.fishermap.org/location/2252/",
            "date": "2017-12-24",
            "duplicate_of": ""
          }
        ],
        "record_ids": [
          "fishermap-2252"
        ],
        "fish_keys": [
          "pike"
        ]
      }
    },
    {
      "type": "Feature",
      "id": "P007",
      "geometry": {
        "type": "Point",
        "coordinates": [
          32.805344,
          60.465314
        ]
      },
      "properties": {
        "marker_id": "P007",
        "fish": [
          "Щука"
        ],
        "source": "FisherMap",
        "source_url": "https://ru.fishermap.org/location/2265/",
        "source_id": "2265",
        "date": "2017-12-22",
        "sector": "Свирица / Загубская губа",
        "confidence_class": "B",
        "confidence_classes": [
          "B"
        ],
        "reports_count": 1,
        "published_rows": 1,
        "comment": "Публичная геометка рыболовного отчёта FisherMap. Загубская губа без речной привязки.",
        "depth": "",
        "method": "",
        "catch": "",
        "nearest_landmark": "Свирица / Загубская губа",
        "landmark_distance_km": 1.883,
        "distance_from_novaya_ladoga_km": 49.103,
        "context_reports_count": "",
        "source_entries": [
          {
            "source": "FisherMap",
            "source_id": "2265",
            "source_url": "https://ru.fishermap.org/location/2265/",
            "date": "2017-12-22",
            "duplicate_of": ""
          }
        ],
        "record_ids": [
          "fishermap-2265"
        ],
        "fish_keys": [
          "pike"
        ]
      }
    },
    {
      "type": "Feature",
      "id": "P008",
      "geometry": {
        "type": "Point",
        "coordinates": [
          31.949552,
          60.241982
        ]
      },
      "properties": {
        "marker_id": "P008",
        "fish": [
          "Окунь"
        ],
        "source": "FisherMap",
        "source_url": "https://ru.fishermap.org/location/2268/",
        "source_id": "2268",
        "date": "2017-02-13",
        "sector": "Дубно",
        "confidence_class": "B",
        "confidence_classes": [
          "B"
        ],
        "reports_count": 1,
        "published_rows": 1,
        "comment": "Публичная геометка рыболовного отчёта FisherMap. Ладожское озеро.",
        "depth": "",
        "method": "",
        "catch": "",
        "nearest_landmark": "Дубно",
        "landmark_distance_km": 2.038,
        "distance_from_novaya_ladoga_km": 24.48,
        "context_reports_count": "",
        "source_entries": [
          {
            "source": "FisherMap",
            "source_id": "2268",
            "source_url": "https://ru.fishermap.org/location/2268/",
            "date": "2017-02-13",
            "duplicate_of": ""
          }
        ],
        "record_ids": [
          "fishermap-2268"
        ],
        "fish_keys": [
          "perch"
        ]
      }
    },
    {
      "type": "Feature",
      "id": "P009",
      "geometry": {
        "type": "Point",
        "coordinates": [
          32.003599,
          60.246687
        ]
      },
      "properties": {
        "marker_id": "P009",
        "fish": [
          "Окунь"
        ],
        "source": "FisherMap",
        "source_url": "https://ru.fishermap.org/location/2269/",
        "source_id": "2269",
        "date": "2017-01-24",
        "sector": "Дубно",
        "confidence_class": "B",
        "confidence_classes": [
          "B"
        ],
        "reports_count": 1,
        "published_rows": 1,
        "comment": "Публичная геометка рыболовного отчёта FisherMap. Ладожское озеро.",
        "depth": "",
        "method": "",
        "catch": "",
        "nearest_landmark": "Дубно",
        "landmark_distance_km": 1.747,
        "distance_from_novaya_ladoga_km": 22.597,
        "context_reports_count": "",
        "source_entries": [
          {
            "source": "FisherMap",
            "source_id": "2269",
            "source_url": "https://ru.fishermap.org/location/2269/",
            "date": "2017-01-24",
            "duplicate_of": ""
          }
        ],
        "record_ids": [
          "fishermap-2269"
        ],
        "fish_keys": [
          "perch"
        ]
      }
    },
    {
      "type": "Feature",
      "id": "P010",
      "geometry": {
        "type": "Point",
        "coordinates": [
          32.714954,
          60.512406
        ]
      },
      "properties": {
        "marker_id": "P010",
        "fish": [
          "Окунь"
        ],
        "source": "FisherMap",
        "source_url": "https://ru.fishermap.org/location/2277/",
        "source_id": "2277",
        "date": "2016-02-28",
        "sector": "Свирица / Загубская губа",
        "confidence_class": "B",
        "confidence_classes": [
          "B"
        ],
        "reports_count": 1,
        "published_rows": 1,
        "comment": "Публичная геометка рыболовного отчёта FisherMap. Ладожское озеро.",
        "depth": "",
        "method": "",
        "catch": "",
        "nearest_landmark": "Свирица / Загубская губа",
        "landmark_distance_km": 9.015,
        "distance_from_novaya_ladoga_km": 51.018,
        "context_reports_count": "",
        "source_entries": [
          {
            "source": "FisherMap",
            "source_id": "2277",
            "source_url": "https://ru.fishermap.org/location/2277/",
            "date": "2016-02-28",
            "duplicate_of": ""
          }
        ],
        "record_ids": [
          "fishermap-2277"
        ],
        "fish_keys": [
          "perch"
        ]
      }
    },
    {
      "type": "Feature",
      "id": "P011",
      "geometry": {
        "type": "Point",
        "coordinates": [
          32.599869,
          60.333406
        ]
      },
      "properties": {
        "marker_id": "P011",
        "fish": [
          "Плотва"
        ],
        "source": "FisherMap",
        "source_url": "https://ru.fishermap.org/location/2379/",
        "source_id": "2379",
        "date": "2018-01-28",
        "sector": "Вороново",
        "confidence_class": "B",
        "confidence_classes": [
          "B"
        ],
        "reports_count": 1,
        "published_rows": 1,
        "comment": "Публичная геометка рыболовного отчёта FisherMap. Ладожское озеро.",
        "depth": "",
        "method": "",
        "catch": "",
        "nearest_landmark": "Вороново",
        "landmark_distance_km": 5.281,
        "distance_from_novaya_ladoga_km": 30.623,
        "context_reports_count": "",
        "source_entries": [
          {
            "source": "FisherMap",
            "source_id": "2379",
            "source_url": "https://ru.fishermap.org/location/2379/",
            "date": "2018-01-28",
            "duplicate_of": ""
          }
        ],
        "record_ids": [
          "fishermap-2379"
        ],
        "fish_keys": [
          "roach"
        ]
      }
    },
    {
      "type": "Feature",
      "id": "P012",
      "geometry": {
        "type": "Point",
        "coordinates": [
          32.203801,
          60.171751
        ]
      },
      "properties": {
        "marker_id": "P012",
        "fish": [
          "Плотва"
        ],
        "source": "FisherMap",
        "source_url": "https://ru.fishermap.org/location/2388/",
        "source_id": "2388",
        "date": "2017-01-14",
        "sector": "Креницы / Волховская губа",
        "confidence_class": "B",
        "confidence_classes": [
          "B"
        ],
        "reports_count": 1,
        "published_rows": 1,
        "comment": "Публичная геометка рыболовного отчёта FisherMap. Ладожское озеро.",
        "depth": "",
        "method": "",
        "catch": "",
        "nearest_landmark": "Креницы / Волховская губа",
        "landmark_distance_km": 3.372,
        "distance_from_novaya_ladoga_km": 9.065,
        "context_reports_count": "",
        "source_entries": [
          {
            "source": "FisherMap",
            "source_id": "2388",
            "source_url": "https://ru.fishermap.org/location/2388/",
            "date": "2017-01-14",
            "duplicate_of": ""
          }
        ],
        "record_ids": [
          "fishermap-2388"
        ],
        "fish_keys": [
          "roach"
        ]
      }
    },
    {
      "type": "Feature",
      "id": "P013",
      "geometry": {
        "type": "Point",
        "coordinates": [
          32.22014,
          60.159002
        ]
      },
      "properties": {
        "marker_id": "P013",
        "fish": [
          "Окунь"
        ],
        "source": "FisherMap",
        "source_url": "https://ru.fishermap.org/location/2389/",
        "source_id": "2389",
        "date": "2017-01-12",
        "sector": "Креницы / Волховская губа",
        "confidence_class": "B",
        "confidence_classes": [
          "B"
        ],
        "reports_count": 1,
        "published_rows": 1,
        "comment": "Публичная геометка рыболовного отчёта FisherMap. Ладожское озеро.",
        "depth": "",
        "method": "",
        "catch": "",
        "nearest_landmark": "Креницы / Волховская губа",
        "landmark_distance_km": 2.208,
        "distance_from_novaya_ladoga_km": 7.384,
        "context_reports_count": "",
        "source_entries": [
          {
            "source": "FisherMap",
            "source_id": "2389",
            "source_url": "https://ru.fishermap.org/location/2389/",
            "date": "2017-01-12",
            "duplicate_of": ""
          }
        ],
        "record_ids": [
          "fishermap-2389"
        ],
        "fish_keys": [
          "perch"
        ]
      }
    },
    {
      "type": "Feature",
      "id": "P014",
      "geometry": {
        "type": "Point",
        "coordinates": [
          32.590264,
          60.305559
        ]
      },
      "properties": {
        "marker_id": "P014",
        "fish": [
          "Окунь",
          "Плотва"
        ],
        "source": "FisherMap",
        "source_url": "https://ru.fishermap.org/location/2390/",
        "source_id": "2390",
        "date": "2017-01-10",
        "sector": "Вороново",
        "confidence_class": "B",
        "confidence_classes": [
          "B"
        ],
        "reports_count": 1,
        "published_rows": 1,
        "comment": "Публичная геометка рыболовного отчёта FisherMap. Ладожское озеро.",
        "depth": "",
        "method": "",
        "catch": "",
        "nearest_landmark": "Вороново",
        "landmark_distance_km": 2.267,
        "distance_from_novaya_ladoga_km": 27.78,
        "context_reports_count": "",
        "source_entries": [
          {
            "source": "FisherMap",
            "source_id": "2390",
            "source_url": "https://ru.fishermap.org/location/2390/",
            "date": "2017-01-10",
            "duplicate_of": ""
          }
        ],
        "record_ids": [
          "fishermap-2390"
        ],
        "fish_keys": [
          "perch",
          "roach"
        ]
      }
    },
    {
      "type": "Feature",
      "id": "P015",
      "geometry": {
        "type": "Point",
        "coordinates": [
          32.591105,
          60.310807
        ]
      },
      "properties": {
        "marker_id": "P015",
        "fish": [
          "Густера",
          "Плотва"
        ],
        "source": "FisherMap",
        "source_url": "https://ru.fishermap.org/location/2401/",
        "source_id": "2401",
        "date": "2017-03-02",
        "sector": "Вороново",
        "confidence_class": "B",
        "confidence_classes": [
          "B"
        ],
        "reports_count": 1,
        "published_rows": 1,
        "comment": "Публичная геометка рыболовного отчёта FisherMap. Ладожское озеро.",
        "depth": "",
        "method": "",
        "catch": "",
        "nearest_landmark": "Вороново",
        "landmark_distance_km": 2.824,
        "distance_from_novaya_ladoga_km": 28.28,
        "context_reports_count": "",
        "source_entries": [
          {
            "source": "FisherMap",
            "source_id": "2401",
            "source_url": "https://ru.fishermap.org/location/2401/",
            "date": "2017-03-02",
            "duplicate_of": ""
          }
        ],
        "record_ids": [
          "fishermap-2401"
        ],
        "fish_keys": [
          "roach",
          "other"
        ]
      }
    },
    {
      "type": "Feature",
      "id": "P016",
      "geometry": {
        "type": "Point",
        "coordinates": [
          32.179475,
          60.205171
        ]
      },
      "properties": {
        "marker_id": "P016",
        "fish": [
          "Плотва"
        ],
        "source": "FisherMap",
        "source_url": "https://ru.fishermap.org/location/2402/",
        "source_id": "2402",
        "date": "2017-02-06",
        "sector": "Креницы / Волховская губа",
        "confidence_class": "B",
        "confidence_classes": [
          "B"
        ],
        "reports_count": 1,
        "published_rows": 1,
        "comment": "Публичная геометка рыболовного отчёта FisherMap. Ладожское озеро.",
        "depth": "",
        "method": "",
        "catch": "",
        "nearest_landmark": "Креницы / Волховская губа",
        "landmark_distance_km": 6.712,
        "distance_from_novaya_ladoga_km": 12.939,
        "context_reports_count": "",
        "source_entries": [
          {
            "source": "FisherMap",
            "source_id": "2402",
            "source_url": "https://ru.fishermap.org/location/2402/",
            "date": "2017-02-06",
            "duplicate_of": ""
          }
        ],
        "record_ids": [
          "fishermap-2402"
        ],
        "fish_keys": [
          "roach"
        ]
      }
    },
    {
      "type": "Feature",
      "id": "P017",
      "geometry": {
        "type": "Point",
        "coordinates": [
          32.62844,
          60.274365
        ]
      },
      "properties": {
        "marker_id": "P017",
        "fish": [
          "Плотва"
        ],
        "source": "FisherMap",
        "source_url": "https://ru.fishermap.org/location/2485/",
        "source_id": "2485",
        "date": "2019-04-30",
        "sector": "Вороново",
        "confidence_class": "B",
        "confidence_classes": [
          "B"
        ],
        "reports_count": 1,
        "published_rows": 1,
        "comment": "Публичная геометка рыболовного отчёта FisherMap. Ладожское озеро.",
        "depth": "",
        "method": "",
        "catch": "",
        "nearest_landmark": "Вороново",
        "landmark_distance_km": 1.972,
        "distance_from_novaya_ladoga_km": 26.494,
        "context_reports_count": "",
        "source_entries": [
          {
            "source": "FisherMap",
            "source_id": "2485",
            "source_url": "https://ru.fishermap.org/location/2485/",
            "date": "2019-04-30",
            "duplicate_of": ""
          }
        ],
        "record_ids": [
          "fishermap-2485"
        ],
        "fish_keys": [
          "roach"
        ]
      }
    },
    {
      "type": "Feature",
      "id": "P018",
      "geometry": {
        "type": "Point",
        "coordinates": [
          32.323061,
          60.081226
        ]
      },
      "properties": {
        "marker_id": "P018",
        "fish": [
          "Окунь"
        ],
        "source": "FisherMap",
        "source_url": "https://ru.fishermap.org/location/2851/",
        "source_id": "2851",
        "date": "2018-06-13",
        "sector": "Нижний Волхов",
        "confidence_class": "B",
        "confidence_classes": [
          "B"
        ],
        "reports_count": 1,
        "published_rows": 1,
        "comment": "Публичная геометка рыболовного отчёта FisherMap. нижний Волхов.",
        "depth": "",
        "method": "",
        "catch": "",
        "nearest_landmark": "Нижний Волхов",
        "landmark_distance_km": 0.885,
        "distance_from_novaya_ladoga_km": 2.975,
        "context_reports_count": "",
        "source_entries": [
          {
            "source": "FisherMap",
            "source_id": "2851",
            "source_url": "https://ru.fishermap.org/location/2851/",
            "date": "2018-06-13",
            "duplicate_of": ""
          }
        ],
        "record_ids": [
          "fishermap-2851"
        ],
        "fish_keys": [
          "perch"
        ]
      }
    },
    {
      "type": "Feature",
      "id": "P019",
      "geometry": {
        "type": "Point",
        "coordinates": [
          31.525056,
          59.964667
        ]
      },
      "properties": {
        "marker_id": "P019",
        "fish": [
          "Окунь"
        ],
        "source": "FisherMap",
        "source_url": "https://ru.fishermap.org/location/2879/",
        "source_id": "2879",
        "date": "2018-02-18",
        "sector": "Кобона / южный берег",
        "confidence_class": "B",
        "confidence_classes": [
          "B"
        ],
        "reports_count": 1,
        "published_rows": 1,
        "comment": "Публичная геометка рыболовного отчёта FisherMap. Ладожское озеро.",
        "depth": "",
        "method": "",
        "catch": "",
        "nearest_landmark": "Кобона / южный берег",
        "landmark_distance_km": 7.396,
        "distance_from_novaya_ladoga_km": 45.418,
        "context_reports_count": "",
        "source_entries": [
          {
            "source": "FisherMap",
            "source_id": "2879",
            "source_url": "https://ru.fishermap.org/location/2879/",
            "date": "2018-02-18",
            "duplicate_of": ""
          }
        ],
        "record_ids": [
          "fishermap-2879"
        ],
        "fish_keys": [
          "perch"
        ]
      }
    },
    {
      "type": "Feature",
      "id": "P020",
      "geometry": {
        "type": "Point",
        "coordinates": [
          32.332707,
          60.073141
        ]
      },
      "properties": {
        "marker_id": "P020",
        "fish": [
          "Жерех"
        ],
        "source": "FisherMap",
        "source_url": "https://ru.fishermap.org/location/2909/",
        "source_id": "2909",
        "date": "2017-07-09",
        "sector": "Нижний Волхов",
        "confidence_class": "B",
        "confidence_classes": [
          "B"
        ],
        "reports_count": 1,
        "published_rows": 1,
        "comment": "Публичная геометка рыболовного отчёта FisherMap. нижний Волхов.",
        "depth": "",
        "method": "",
        "catch": "",
        "nearest_landmark": "Нижний Волхов",
        "landmark_distance_km": 0.207,
        "distance_from_novaya_ladoga_km": 4.021,
        "context_reports_count": "",
        "source_entries": [
          {
            "source": "FisherMap",
            "source_id": "2909",
            "source_url": "https://ru.fishermap.org/location/2909/",
            "date": "2017-07-09",
            "duplicate_of": ""
          }
        ],
        "record_ids": [
          "fishermap-2909"
        ],
        "fish_keys": [
          "other"
        ]
      }
    },
    {
      "type": "Feature",
      "id": "P021",
      "geometry": {
        "type": "Point",
        "coordinates": [
          31.609533,
          60.131645
        ]
      },
      "properties": {
        "marker_id": "P021",
        "fish": [
          "Густера",
          "Красноперка",
          "Плотва"
        ],
        "source": "FisherMap",
        "source_url": "https://ru.fishermap.org/location/3551/",
        "source_id": "3551",
        "date": "2019-05-20",
        "sector": "Шлиссельбург / бухта Петрокрепость",
        "confidence_class": "B",
        "confidence_classes": [
          "B"
        ],
        "reports_count": 1,
        "published_rows": 1,
        "comment": "Публичная геометка рыболовного отчёта FisherMap. Ладожское озеро.",
        "depth": "",
        "method": "",
        "catch": "",
        "nearest_landmark": "Шлиссельбург / бухта Петрокрепость",
        "landmark_distance_km": 1.295,
        "distance_from_novaya_ladoga_km": 38.045,
        "context_reports_count": "",
        "source_entries": [
          {
            "source": "FisherMap",
            "source_id": "3551",
            "source_url": "https://ru.fishermap.org/location/3551/",
            "date": "2019-05-20",
            "duplicate_of": ""
          }
        ],
        "record_ids": [
          "fishermap-3551"
        ],
        "fish_keys": [
          "roach",
          "other"
        ]
      }
    },
    {
      "type": "Feature",
      "id": "P022",
      "geometry": {
        "type": "Point",
        "coordinates": [
          32.136795,
          60.239054
        ]
      },
      "properties": {
        "marker_id": "P022",
        "fish": [
          "Густера",
          "Окунь",
          "Плотва"
        ],
        "source": "FisherMap",
        "source_url": "https://ru.fishermap.org/location/5608/",
        "source_id": "5608",
        "date": "2019-03-17",
        "sector": "о. Птинов",
        "confidence_class": "B",
        "confidence_classes": [
          "B"
        ],
        "reports_count": 1,
        "published_rows": 1,
        "comment": "Публичная геометка рыболовного отчёта FisherMap. Ладожское озеро. Предыдущий массив: Густера, окунь, плотва (FisherMap).",
        "depth": "",
        "method": "",
        "catch": "",
        "nearest_landmark": "о. Птинов",
        "landmark_distance_km": 3.579,
        "distance_from_novaya_ladoga_km": 17.38,
        "context_reports_count": "",
        "source_entries": [
          {
            "source": "FisherMap",
            "source_id": "5608",
            "source_url": "https://ru.fishermap.org/location/5608/",
            "date": "2019-03-17",
            "duplicate_of": ""
          }
        ],
        "record_ids": [
          "fishermap-5608"
        ],
        "fish_keys": [
          "perch",
          "roach",
          "other"
        ]
      }
    },
    {
      "type": "Feature",
      "id": "P023",
      "geometry": {
        "type": "Point",
        "coordinates": [
          31.407762,
          60.050132
        ]
      },
      "properties": {
        "marker_id": "P023",
        "fish": [
          "Плотва"
        ],
        "source": "FisherMap",
        "source_url": "https://ru.fishermap.org/location/5622/",
        "source_id": "5622",
        "date": "2018-02-16",
        "sector": "Кобона / южный берег",
        "confidence_class": "B",
        "confidence_classes": [
          "B"
        ],
        "reports_count": 1,
        "published_rows": 1,
        "comment": "Публичная геометка рыболовного отчёта FisherMap. Ладожское озеро.",
        "depth": "",
        "method": "",
        "catch": "",
        "nearest_landmark": "Кобона / южный берег",
        "landmark_distance_km": 8.21,
        "distance_from_novaya_ladoga_km": 49.516,
        "context_reports_count": "",
        "source_entries": [
          {
            "source": "FisherMap",
            "source_id": "5622",
            "source_url": "https://ru.fishermap.org/location/5622/",
            "date": "2018-02-16",
            "duplicate_of": ""
          }
        ],
        "record_ids": [
          "fishermap-5622"
        ],
        "fish_keys": [
          "roach"
        ]
      }
    },
    {
      "type": "Feature",
      "id": "P024",
      "geometry": {
        "type": "Point",
        "coordinates": [
          32.297909,
          60.150018
        ]
      },
      "properties": {
        "marker_id": "P024",
        "fish": [
          "Плотва"
        ],
        "source": "FisherMap",
        "source_url": "https://ru.fishermap.org/location/5625/",
        "source_id": "5625",
        "date": "2018-03-17",
        "sector": "Креницы / Волховская губа",
        "confidence_class": "B",
        "confidence_classes": [
          "B"
        ],
        "reports_count": 1,
        "published_rows": 1,
        "comment": "Публичная геометка рыболовного отчёта FisherMap. Ладожское озеро.",
        "depth": "",
        "method": "",
        "catch": "",
        "nearest_landmark": "Креницы / Волховская губа",
        "landmark_distance_km": 2.373,
        "distance_from_novaya_ladoga_km": 5.154,
        "context_reports_count": "",
        "source_entries": [
          {
            "source": "FisherMap",
            "source_id": "5625",
            "source_url": "https://ru.fishermap.org/location/5625/",
            "date": "2018-03-17",
            "duplicate_of": ""
          }
        ],
        "record_ids": [
          "fishermap-5625"
        ],
        "fish_keys": [
          "roach"
        ]
      }
    },
    {
      "type": "Feature",
      "id": "P025",
      "geometry": {
        "type": "Point",
        "coordinates": [
          31.615558,
          60.140461
        ]
      },
      "properties": {
        "marker_id": "P025",
        "fish": [
          "Плотва"
        ],
        "source": "FisherMap",
        "source_url": "https://ru.fishermap.org/location/5636/",
        "source_id": "5636",
        "date": "2017-05-04",
        "sector": "Шлиссельбург / бухта Петрокрепость",
        "confidence_class": "B",
        "confidence_classes": [
          "B"
        ],
        "reports_count": 1,
        "published_rows": 1,
        "comment": "Публичная геометка рыболовного отчёта FisherMap. целевая прибрежная зона; водоём в метаданных не указан.",
        "depth": "",
        "method": "",
        "catch": "",
        "nearest_landmark": "Шлиссельбург / бухта Петрокрепость",
        "landmark_distance_km": 2.296,
        "distance_from_novaya_ladoga_km": 37.801,
        "context_reports_count": "",
        "source_entries": [
          {
            "source": "FisherMap",
            "source_id": "5636",
            "source_url": "https://ru.fishermap.org/location/5636/",
            "date": "2017-05-04",
            "duplicate_of": ""
          }
        ],
        "record_ids": [
          "fishermap-5636"
        ],
        "fish_keys": [
          "roach"
        ]
      }
    },
    {
      "type": "Feature",
      "id": "P026",
      "geometry": {
        "type": "Point",
        "coordinates": [
          31.949505,
          60.271413
        ]
      },
      "properties": {
        "marker_id": "P026",
        "fish": [
          "Судак"
        ],
        "source": "FisherMap",
        "source_url": "https://ru.fishermap.org/location/6144/",
        "source_id": "6144",
        "date": "2014-06-02",
        "sector": "Дубно",
        "confidence_class": "B",
        "confidence_classes": [
          "B"
        ],
        "reports_count": 1,
        "published_rows": 1,
        "comment": "Публичная геометка рыболовного отчёта FisherMap. Ладожское озеро.",
        "depth": "",
        "method": "",
        "catch": "",
        "nearest_landmark": "Дубно",
        "landmark_distance_km": 4.498,
        "distance_from_novaya_ladoga_km": 26.653,
        "context_reports_count": "",
        "source_entries": [
          {
            "source": "FisherMap",
            "source_id": "6144",
            "source_url": "https://ru.fishermap.org/location/6144/",
            "date": "2014-06-02",
            "duplicate_of": ""
          }
        ],
        "record_ids": [
          "fishermap-6144"
        ],
        "fish_keys": [
          "zander"
        ]
      }
    },
    {
      "type": "Feature",
      "id": "P027",
      "geometry": {
        "type": "Point",
        "coordinates": [
          31.438751,
          59.987311
        ]
      },
      "properties": {
        "marker_id": "P027",
        "fish": [
          "Окунь"
        ],
        "source": "FisherMap",
        "source_url": "https://ru.fishermap.org/location/6146/",
        "source_id": "6146",
        "date": "2014-02-05",
        "sector": "Кобона / южный берег",
        "confidence_class": "B",
        "confidence_classes": [
          "B"
        ],
        "reports_count": 1,
        "published_rows": 1,
        "comment": "Публичная геометка рыболовного отчёта FisherMap. Ладожское озеро.",
        "depth": "",
        "method": "",
        "catch": "",
        "nearest_landmark": "Кобона / южный берег",
        "landmark_distance_km": 7.795,
        "distance_from_novaya_ladoga_km": 49.215,
        "context_reports_count": "",
        "source_entries": [
          {
            "source": "FisherMap",
            "source_id": "6146",
            "source_url": "https://ru.fishermap.org/location/6146/",
            "date": "2014-02-05",
            "duplicate_of": ""
          }
        ],
        "record_ids": [
          "fishermap-6146"
        ],
        "fish_keys": [
          "perch"
        ]
      }
    },
    {
      "type": "Feature",
      "id": "P028",
      "geometry": {
        "type": "Point",
        "coordinates": [
          31.480048,
          59.910907
        ]
      },
      "properties": {
        "marker_id": "P028",
        "fish": [
          "Окунь"
        ],
        "source": "FisherMap",
        "source_url": "https://ru.fishermap.org/location/6148/",
        "source_id": "6148",
        "date": "2014-01-12",
        "sector": "Кобона / южный берег",
        "confidence_class": "B",
        "confidence_classes": [
          "B"
        ],
        "reports_count": 1,
        "published_rows": 1,
        "comment": "Публичная геометка рыболовного отчёта FisherMap. Ладожское озеро.",
        "depth": "",
        "method": "",
        "catch": "",
        "nearest_landmark": "Кобона / южный берег",
        "landmark_distance_km": 13.803,
        "distance_from_novaya_ladoga_km": 50.065,
        "context_reports_count": "",
        "source_entries": [
          {
            "source": "FisherMap",
            "source_id": "6148",
            "source_url": "https://ru.fishermap.org/location/6148/",
            "date": "2014-01-12",
            "duplicate_of": ""
          }
        ],
        "record_ids": [
          "fishermap-6148"
        ],
        "fish_keys": [
          "perch"
        ]
      }
    },
    {
      "type": "Feature",
      "id": "P029",
      "geometry": {
        "type": "Point",
        "coordinates": [
          32.304618,
          60.088915
        ]
      },
      "properties": {
        "marker_id": "P029",
        "fish": [
          "Судак"
        ],
        "source": "FisherMap",
        "source_url": "https://ru.fishermap.org/location/6150/",
        "source_id": "6150",
        "date": "2014-07-02",
        "sector": "Нижний Волхов",
        "confidence_class": "B",
        "confidence_classes": [
          "B"
        ],
        "reports_count": 1,
        "published_rows": 1,
        "comment": "Публичная геометка рыболовного отчёта FisherMap. нижний Волхов.",
        "depth": "",
        "method": "",
        "catch": "",
        "nearest_landmark": "Нижний Волхов",
        "landmark_distance_km": 2.207,
        "distance_from_novaya_ladoga_km": 1.748,
        "context_reports_count": "",
        "source_entries": [
          {
            "source": "FisherMap",
            "source_id": "6150",
            "source_url": "https://ru.fishermap.org/location/6150/",
            "date": "2014-07-02",
            "duplicate_of": ""
          }
        ],
        "record_ids": [
          "fishermap-6150"
        ],
        "fish_keys": [
          "zander"
        ]
      }
    },
    {
      "type": "Feature",
      "id": "P030",
      "geometry": {
        "type": "Point",
        "coordinates": [
          32.222266,
          60.188431
        ]
      },
      "properties": {
        "marker_id": "P030",
        "fish": [
          "Щука"
        ],
        "source": "FisherMap",
        "source_url": "https://ru.fishermap.org/location/6158/",
        "source_id": "6158",
        "date": "2019-09-07",
        "sector": "Креницы / Волховская губа",
        "confidence_class": "B",
        "confidence_classes": [
          "B"
        ],
        "reports_count": 1,
        "published_rows": 1,
        "comment": "Публичная геометка рыболовного отчёта FisherMap. Ладожское озеро. Предыдущий массив: Щука (FisherMap).",
        "depth": "",
        "method": "",
        "catch": "",
        "nearest_landmark": "Креницы / Волховская губа",
        "landmark_distance_km": 3.788,
        "distance_from_novaya_ladoga_km": 10.223,
        "context_reports_count": "",
        "source_entries": [
          {
            "source": "FisherMap",
            "source_id": "6158",
            "source_url": "https://ru.fishermap.org/location/6158/",
            "date": "2019-09-07",
            "duplicate_of": ""
          }
        ],
        "record_ids": [
          "fishermap-6158"
        ],
        "fish_keys": [
          "pike"
        ]
      }
    },
    {
      "type": "Feature",
      "id": "P031",
      "geometry": {
        "type": "Point",
        "coordinates": [
          32.604719,
          60.302495
        ]
      },
      "properties": {
        "marker_id": "P031",
        "fish": [
          "Судак"
        ],
        "source": "FisherMap",
        "source_url": "https://ru.fishermap.org/location/6160/",
        "source_id": "6160",
        "date": "2019-06-23",
        "sector": "Вороново",
        "confidence_class": "B",
        "confidence_classes": [
          "B"
        ],
        "reports_count": 1,
        "published_rows": 1,
        "comment": "Публичная геометка рыболовного отчёта FisherMap. Ладожское озеро.",
        "depth": "",
        "method": "",
        "catch": "",
        "nearest_landmark": "Вороново",
        "landmark_distance_km": 1.853,
        "distance_from_novaya_ladoga_km": 27.989,
        "context_reports_count": "",
        "source_entries": [
          {
            "source": "FisherMap",
            "source_id": "6160",
            "source_url": "https://ru.fishermap.org/location/6160/",
            "date": "2019-06-23",
            "duplicate_of": ""
          }
        ],
        "record_ids": [
          "fishermap-6160"
        ],
        "fish_keys": [
          "zander"
        ]
      }
    },
    {
      "type": "Feature",
      "id": "P032",
      "geometry": {
        "type": "Point",
        "coordinates": [
          31.586564,
          60.120446
        ]
      },
      "properties": {
        "marker_id": "P032",
        "fish": [
          "Щука"
        ],
        "source": "FisherMap",
        "source_url": "https://ru.fishermap.org/location/6162/",
        "source_id": "6162",
        "date": "2019-05-23",
        "sector": "Шлиссельбург / бухта Петрокрепость",
        "confidence_class": "B",
        "confidence_classes": [
          "B"
        ],
        "reports_count": 1,
        "published_rows": 1,
        "comment": "Публичная геометка рыболовного отчёта FisherMap. Ладожское озеро.",
        "depth": "",
        "method": "",
        "catch": "",
        "nearest_landmark": "Шлиссельбург / бухта Петрокрепость",
        "landmark_distance_km": 1.299,
        "distance_from_novaya_ladoga_km": 39.241,
        "context_reports_count": "",
        "source_entries": [
          {
            "source": "FisherMap",
            "source_id": "6162",
            "source_url": "https://ru.fishermap.org/location/6162/",
            "date": "2019-05-23",
            "duplicate_of": ""
          }
        ],
        "record_ids": [
          "fishermap-6162"
        ],
        "fish_keys": [
          "pike"
        ]
      }
    },
    {
      "type": "Feature",
      "id": "P033",
      "geometry": {
        "type": "Point",
        "coordinates": [
          31.441577,
          60.019048
        ]
      },
      "properties": {
        "marker_id": "P033",
        "fish": [
          "Рипус (Ряпушка)"
        ],
        "source": "FisherMap",
        "source_url": "https://ru.fishermap.org/location/6165/",
        "source_id": "6165",
        "date": "2019-02-24",
        "sector": "Кобона / южный берег",
        "confidence_class": "B",
        "confidence_classes": [
          "B"
        ],
        "reports_count": 1,
        "published_rows": 1,
        "comment": "Публичная геометка рыболовного отчёта FisherMap. Ладожское озеро.",
        "depth": "",
        "method": "",
        "catch": "",
        "nearest_landmark": "Кобона / южный берег",
        "landmark_distance_km": 6.145,
        "distance_from_novaya_ladoga_km": 48.231,
        "context_reports_count": "",
        "source_entries": [
          {
            "source": "FisherMap",
            "source_id": "6165",
            "source_url": "https://ru.fishermap.org/location/6165/",
            "date": "2019-02-24",
            "duplicate_of": ""
          }
        ],
        "record_ids": [
          "fishermap-6165"
        ],
        "fish_keys": [
          "other"
        ]
      }
    },
    {
      "type": "Feature",
      "id": "P034",
      "geometry": {
        "type": "Point",
        "coordinates": [
          31.528745,
          60.110724
        ]
      },
      "properties": {
        "marker_id": "P034",
        "fish": [
          "Окунь",
          "Щука"
        ],
        "source": "FisherMap",
        "source_url": "https://ru.fishermap.org/location/6168/",
        "source_id": "6168",
        "date": "2019-02-26",
        "sector": "Шлиссельбург / бухта Петрокрепость",
        "confidence_class": "B",
        "confidence_classes": [
          "B"
        ],
        "reports_count": 1,
        "published_rows": 1,
        "comment": "Публичная геометка рыболовного отчёта FisherMap. Ладожское озеро.",
        "depth": "",
        "method": "",
        "catch": "",
        "nearest_landmark": "Шлиссельбург / бухта Петрокрепость",
        "landmark_distance_km": 4.618,
        "distance_from_novaya_ladoga_km": 42.414,
        "context_reports_count": "",
        "source_entries": [
          {
            "source": "FisherMap",
            "source_id": "6168",
            "source_url": "https://ru.fishermap.org/location/6168/",
            "date": "2019-02-26",
            "duplicate_of": ""
          }
        ],
        "record_ids": [
          "fishermap-6168"
        ],
        "fish_keys": [
          "perch",
          "pike"
        ]
      }
    },
    {
      "type": "Feature",
      "id": "P035",
      "geometry": {
        "type": "Point",
        "coordinates": [
          31.513851,
          59.981948
        ]
      },
      "properties": {
        "marker_id": "P035",
        "fish": [
          "Окунь"
        ],
        "source": "FisherMap",
        "source_url": "https://ru.fishermap.org/location/6170/",
        "source_id": "6170",
        "date": "2018-12-24",
        "sector": "Кобона / южный берег",
        "confidence_class": "B",
        "confidence_classes": [
          "B"
        ],
        "reports_count": 1,
        "published_rows": 1,
        "comment": "Публичная геометка рыболовного отчёта FisherMap. Ладожское озеро.",
        "depth": "",
        "method": "",
        "catch": "",
        "nearest_landmark": "Кобона / южный берег",
        "landmark_distance_km": 5.709,
        "distance_from_novaya_ladoga_km": 45.383,
        "context_reports_count": "",
        "source_entries": [
          {
            "source": "FisherMap",
            "source_id": "6170",
            "source_url": "https://ru.fishermap.org/location/6170/",
            "date": "2018-12-24",
            "duplicate_of": ""
          }
        ],
        "record_ids": [
          "fishermap-6170"
        ],
        "fish_keys": [
          "perch"
        ]
      }
    },
    {
      "type": "Feature",
      "id": "P036",
      "geometry": {
        "type": "Point",
        "coordinates": [
          31.524014,
          59.974345
        ]
      },
      "properties": {
        "marker_id": "P036",
        "fish": [
          "Окунь"
        ],
        "source": "FisherMap",
        "source_url": "https://ru.fishermap.org/location/6171/",
        "source_id": "6171",
        "date": "2018-12-20",
        "sector": "Кобона / южный берег",
        "confidence_class": "B",
        "confidence_classes": [
          "B"
        ],
        "reports_count": 1,
        "published_rows": 1,
        "comment": "Публичная геометка рыболовного отчёта FisherMap. Ладожское озеро.",
        "depth": "",
        "method": "",
        "catch": "",
        "nearest_landmark": "Кобона / южный берег",
        "landmark_distance_km": 6.355,
        "distance_from_novaya_ladoga_km": 45.112,
        "context_reports_count": "",
        "source_entries": [
          {
            "source": "FisherMap",
            "source_id": "6171",
            "source_url": "https://ru.fishermap.org/location/6171/",
            "date": "2018-12-20",
            "duplicate_of": ""
          }
        ],
        "record_ids": [
          "fishermap-6171"
        ],
        "fish_keys": [
          "perch"
        ]
      }
    },
    {
      "type": "Feature",
      "id": "P037",
      "geometry": {
        "type": "Point",
        "coordinates": [
          31.442239,
          59.936183
        ]
      },
      "properties": {
        "marker_id": "P037",
        "fish": [
          "Окунь"
        ],
        "source": "FisherMap",
        "source_url": "https://ru.fishermap.org/location/6172/",
        "source_id": "6172",
        "date": "2018-12-16",
        "sector": "Кобона / южный берег",
        "confidence_class": "B",
        "confidence_classes": [
          "B"
        ],
        "reports_count": 1,
        "published_rows": 1,
        "comment": "Публичная геометка рыболовного отчёта FisherMap. Ладожское озеро.",
        "depth": "",
        "method": "",
        "catch": "",
        "nearest_landmark": "Кобона / южный берег",
        "landmark_distance_km": 12.032,
        "distance_from_novaya_ladoga_km": 50.86,
        "context_reports_count": "",
        "source_entries": [
          {
            "source": "FisherMap",
            "source_id": "6172",
            "source_url": "https://ru.fishermap.org/location/6172/",
            "date": "2018-12-16",
            "duplicate_of": ""
          }
        ],
        "record_ids": [
          "fishermap-6172"
        ],
        "fish_keys": [
          "perch"
        ]
      }
    },
    {
      "type": "Feature",
      "id": "P038",
      "geometry": {
        "type": "Point",
        "coordinates": [
          32.231764,
          60.131684
        ]
      },
      "properties": {
        "marker_id": "P038",
        "fish": [
          "Щука"
        ],
        "source": "FisherMap",
        "source_url": "https://ru.fishermap.org/location/6173/",
        "source_id": "6173",
        "date": "2018-12-13",
        "sector": "Креницы / Волховская губа",
        "confidence_class": "B",
        "confidence_classes": [
          "B"
        ],
        "reports_count": 1,
        "published_rows": 1,
        "comment": "Публичная геометка рыболовного отчёта FisherMap. Ладожское озеро.",
        "depth": "",
        "method": "",
        "catch": "",
        "nearest_landmark": "Креницы / Волховская губа",
        "landmark_distance_km": 3.515,
        "distance_from_novaya_ladoga_km": 4.643,
        "context_reports_count": "",
        "source_entries": [
          {
            "source": "FisherMap",
            "source_id": "6173",
            "source_url": "https://ru.fishermap.org/location/6173/",
            "date": "2018-12-13",
            "duplicate_of": ""
          }
        ],
        "record_ids": [
          "fishermap-6173"
        ],
        "fish_keys": [
          "pike"
        ]
      }
    },
    {
      "type": "Feature",
      "id": "P039",
      "geometry": {
        "type": "Point",
        "coordinates": [
          32.319319,
          60.120491
        ]
      },
      "properties": {
        "marker_id": "P039",
        "fish": [
          "Щука"
        ],
        "source": "FisherMap",
        "source_url": "https://ru.fishermap.org/location/6174/",
        "source_id": "6174",
        "date": "2018-11-17",
        "sector": "Новая Ладога / устье Волхова",
        "confidence_class": "B",
        "confidence_classes": [
          "B"
        ],
        "reports_count": 1,
        "published_rows": 1,
        "comment": "Публичная геометка рыболовного отчёта FisherMap. нижний Волхов.",
        "depth": "",
        "method": "",
        "catch": "",
        "nearest_landmark": "Новая Ладога / устье Волхова",
        "landmark_distance_km": 0.28,
        "distance_from_novaya_ladoga_km": 2.335,
        "context_reports_count": "",
        "source_entries": [
          {
            "source": "FisherMap",
            "source_id": "6174",
            "source_url": "https://ru.fishermap.org/location/6174/",
            "date": "2018-11-17",
            "duplicate_of": ""
          }
        ],
        "record_ids": [
          "fishermap-6174"
        ],
        "fish_keys": [
          "pike"
        ]
      }
    },
    {
      "type": "Feature",
      "id": "P040",
      "geometry": {
        "type": "Point",
        "coordinates": [
          31.691875,
          60.254074
        ]
      },
      "properties": {
        "marker_id": "P040",
        "fish": [
          "Судак",
          "Щука"
        ],
        "source": "FisherMap",
        "source_url": "https://ru.fishermap.org/location/6175/; https://ru.fishermap.org/location/6176/; https://ru.fishermap.org/location/16590/",
        "source_id": "6175; 6176; 16590",
        "date": "2018-08-16—2018-08-27",
        "sector": "Лигово",
        "confidence_class": "B",
        "confidence_classes": [
          "B"
        ],
        "reports_count": 3,
        "published_rows": 3,
        "comment": "Публичная геометка рыболовного отчёта FisherMap. Ладожское озеро.",
        "depth": "",
        "method": "",
        "catch": "",
        "nearest_landmark": "Лигово",
        "landmark_distance_km": 5.016,
        "distance_from_novaya_ladoga_km": 37.256,
        "context_reports_count": "",
        "source_entries": [
          {
            "source": "FisherMap",
            "source_id": "6175",
            "source_url": "https://ru.fishermap.org/location/6175/",
            "date": "2018-08-16",
            "duplicate_of": ""
          },
          {
            "source": "FisherMap",
            "source_id": "6176",
            "source_url": "https://ru.fishermap.org/location/6176/",
            "date": "2018-08-16",
            "duplicate_of": ""
          },
          {
            "source": "FisherMap",
            "source_id": "16590",
            "source_url": "https://ru.fishermap.org/location/16590/",
            "date": "2018-08-27",
            "duplicate_of": ""
          }
        ],
        "record_ids": [
          "fishermap-6175",
          "fishermap-6176",
          "fishermap-16590"
        ],
        "fish_keys": [
          "zander",
          "pike"
        ]
      }
    },
    {
      "type": "Feature",
      "id": "P041",
      "geometry": {
        "type": "Point",
        "coordinates": [
          31.533428,
          60.025646
        ]
      },
      "properties": {
        "marker_id": "P041",
        "fish": [
          "Окунь"
        ],
        "source": "FisherMap",
        "source_url": "https://ru.fishermap.org/location/6179/",
        "source_id": "6179",
        "date": "2018-05-15",
        "sector": "Кобона / южный берег",
        "confidence_class": "B",
        "confidence_classes": [
          "B"
        ],
        "reports_count": 1,
        "published_rows": 1,
        "comment": "Публичная геометка рыболовного отчёта FisherMap. Ладожское озеро.",
        "depth": "",
        "method": "",
        "catch": "",
        "nearest_landmark": "Кобона / южный берег",
        "landmark_distance_km": 1.04,
        "distance_from_novaya_ladoga_km": 43.085,
        "context_reports_count": "",
        "source_entries": [
          {
            "source": "FisherMap",
            "source_id": "6179",
            "source_url": "https://ru.fishermap.org/location/6179/",
            "date": "2018-05-15",
            "duplicate_of": ""
          }
        ],
        "record_ids": [
          "fishermap-6179"
        ],
        "fish_keys": [
          "perch"
        ]
      }
    },
    {
      "type": "Feature",
      "id": "P042",
      "geometry": {
        "type": "Point",
        "coordinates": [
          31.486249,
          60.021826
        ]
      },
      "properties": {
        "marker_id": "P042",
        "fish": [
          "Окунь"
        ],
        "source": "FisherMap",
        "source_url": "https://ru.fishermap.org/location/6180/",
        "source_id": "6180",
        "date": "2018-05-12",
        "sector": "Кобона / южный берег",
        "confidence_class": "B",
        "confidence_classes": [
          "B"
        ],
        "reports_count": 1,
        "published_rows": 1,
        "comment": "Публичная геометка рыболовного отчёта FisherMap. Ладожское озеро.",
        "depth": "",
        "method": "",
        "catch": "",
        "nearest_landmark": "Кобона / южный берег",
        "landmark_distance_km": 3.656,
        "distance_from_novaya_ladoga_km": 45.738,
        "context_reports_count": "",
        "source_entries": [
          {
            "source": "FisherMap",
            "source_id": "6180",
            "source_url": "https://ru.fishermap.org/location/6180/",
            "date": "2018-05-12",
            "duplicate_of": ""
          }
        ],
        "record_ids": [
          "fishermap-6180"
        ],
        "fish_keys": [
          "perch"
        ]
      }
    },
    {
      "type": "Feature",
      "id": "P043",
      "geometry": {
        "type": "Point",
        "coordinates": [
          32.616426,
          60.342155
        ]
      },
      "properties": {
        "marker_id": "P043",
        "fish": [
          "Окунь"
        ],
        "source": "FisherMap",
        "source_url": "https://ru.fishermap.org/location/6183/",
        "source_id": "6183",
        "date": "2018-02-16",
        "sector": "Вороново",
        "confidence_class": "B",
        "confidence_classes": [
          "B"
        ],
        "reports_count": 1,
        "published_rows": 1,
        "comment": "Публичная геометка рыболовного отчёта FisherMap. Ладожское озеро.",
        "depth": "",
        "method": "",
        "catch": "",
        "nearest_landmark": "Вороново",
        "landmark_distance_km": 6.309,
        "distance_from_novaya_ladoga_km": 31.938,
        "context_reports_count": "",
        "source_entries": [
          {
            "source": "FisherMap",
            "source_id": "6183",
            "source_url": "https://ru.fishermap.org/location/6183/",
            "date": "2018-02-16",
            "duplicate_of": ""
          }
        ],
        "record_ids": [
          "fishermap-6183"
        ],
        "fish_keys": [
          "perch"
        ]
      }
    },
    {
      "type": "Feature",
      "id": "P044",
      "geometry": {
        "type": "Point",
        "coordinates": [
          31.43971,
          59.997778
        ]
      },
      "properties": {
        "marker_id": "P044",
        "fish": [
          "Окунь"
        ],
        "source": "FisherMap",
        "source_url": "https://ru.fishermap.org/location/6184/",
        "source_id": "6184",
        "date": "2018-01-29",
        "sector": "Кобона / южный берег",
        "confidence_class": "B",
        "confidence_classes": [
          "B"
        ],
        "reports_count": 1,
        "published_rows": 1,
        "comment": "Публичная геометка рыболовного отчёта FisherMap. Ладожское озеро.",
        "depth": "",
        "method": "",
        "catch": "",
        "nearest_landmark": "Кобона / южный берег",
        "landmark_distance_km": 7.1,
        "distance_from_novaya_ladoga_km": 48.863,
        "context_reports_count": "",
        "source_entries": [
          {
            "source": "FisherMap",
            "source_id": "6184",
            "source_url": "https://ru.fishermap.org/location/6184/",
            "date": "2018-01-29",
            "duplicate_of": ""
          }
        ],
        "record_ids": [
          "fishermap-6184"
        ],
        "fish_keys": [
          "perch"
        ]
      }
    },
    {
      "type": "Feature",
      "id": "P045",
      "geometry": {
        "type": "Point",
        "coordinates": [
          31.531942,
          59.986953
        ]
      },
      "properties": {
        "marker_id": "P045",
        "fish": [
          "Окунь"
        ],
        "source": "FisherMap",
        "source_url": "https://ru.fishermap.org/location/6185/",
        "source_id": "6185",
        "date": "2018-01-27",
        "sector": "Кобона / южный берег",
        "confidence_class": "B",
        "confidence_classes": [
          "B"
        ],
        "reports_count": 1,
        "published_rows": 1,
        "comment": "Публичная геометка рыболовного отчёта FisherMap. Ладожское озеро.",
        "depth": "",
        "method": "",
        "catch": "",
        "nearest_landmark": "Кобона / южный берег",
        "landmark_distance_km": 4.891,
        "distance_from_novaya_ladoga_km": 44.256,
        "context_reports_count": "",
        "source_entries": [
          {
            "source": "FisherMap",
            "source_id": "6185",
            "source_url": "https://ru.fishermap.org/location/6185/",
            "date": "2018-01-27",
            "duplicate_of": ""
          }
        ],
        "record_ids": [
          "fishermap-6185"
        ],
        "fish_keys": [
          "perch"
        ]
      }
    },
    {
      "type": "Feature",
      "id": "P046",
      "geometry": {
        "type": "Point",
        "coordinates": [
          32.212548,
          60.175403
        ]
      },
      "properties": {
        "marker_id": "P046",
        "fish": [
          "Окунь",
          "Плотва"
        ],
        "source": "FisherMap",
        "source_url": "https://ru.fishermap.org/location/6191/",
        "source_id": "6191",
        "date": "2017-03-19",
        "sector": "Креницы / Волховская губа",
        "confidence_class": "B",
        "confidence_classes": [
          "B"
        ],
        "reports_count": 1,
        "published_rows": 1,
        "comment": "Публичная геометка рыболовного отчёта FisherMap. Ладожское озеро.",
        "depth": "",
        "method": "",
        "catch": "",
        "nearest_landmark": "Креницы / Волховская губа",
        "landmark_distance_km": 3.134,
        "distance_from_novaya_ladoga_km": 9.158,
        "context_reports_count": "",
        "source_entries": [
          {
            "source": "FisherMap",
            "source_id": "6191",
            "source_url": "https://ru.fishermap.org/location/6191/",
            "date": "2017-03-19",
            "duplicate_of": ""
          }
        ],
        "record_ids": [
          "fishermap-6191"
        ],
        "fish_keys": [
          "perch",
          "roach"
        ]
      }
    },
    {
      "type": "Feature",
      "id": "P047",
      "geometry": {
        "type": "Point",
        "coordinates": [
          32.090174,
          60.406806
        ]
      },
      "properties": {
        "marker_id": "P047",
        "fish": [
          "Окунь",
          "Судак"
        ],
        "source": "FisherMap",
        "source_url": "https://ru.fishermap.org/location/6192/",
        "source_id": "6192",
        "date": "2014-07-15",
        "sector": "о. Сухо",
        "confidence_class": "B",
        "confidence_classes": [
          "B"
        ],
        "reports_count": 1,
        "published_rows": 1,
        "comment": "Публичная геометка рыболовного отчёта FisherMap. Ладожское озеро.",
        "depth": "",
        "method": "",
        "catch": "",
        "nearest_landmark": "о. Сухо",
        "landmark_distance_km": 0.123,
        "distance_from_novaya_ladoga_km": 35.529,
        "context_reports_count": "",
        "source_entries": [
          {
            "source": "FisherMap",
            "source_id": "6192",
            "source_url": "https://ru.fishermap.org/location/6192/",
            "date": "2014-07-15",
            "duplicate_of": ""
          }
        ],
        "record_ids": [
          "fishermap-6192"
        ],
        "fish_keys": [
          "perch",
          "zander"
        ]
      }
    },
    {
      "type": "Feature",
      "id": "P048",
      "geometry": {
        "type": "Point",
        "coordinates": [
          32.24307,
          60.114413
        ]
      },
      "properties": {
        "marker_id": "P048",
        "fish": [
          "Карась"
        ],
        "source": "FisherMap",
        "source_url": "https://ru.fishermap.org/location/6330/",
        "source_id": "6330",
        "date": "2019-08-12",
        "sector": "Новая Ладога / устье Волхова",
        "confidence_class": "B",
        "confidence_classes": [
          "B"
        ],
        "reports_count": 1,
        "published_rows": 1,
        "comment": "Публичная геометка рыболовного отчёта FisherMap. целевая прибрежная зона; водоём в метаданных не указан.",
        "depth": "",
        "method": "",
        "catch": "",
        "nearest_landmark": "Новая Ладога / устье Волхова",
        "landmark_distance_km": 4.281,
        "distance_from_novaya_ladoga_km": 3.062,
        "context_reports_count": "",
        "source_entries": [
          {
            "source": "FisherMap",
            "source_id": "6330",
            "source_url": "https://ru.fishermap.org/location/6330/",
            "date": "2019-08-12",
            "duplicate_of": ""
          }
        ],
        "record_ids": [
          "fishermap-6330"
        ],
        "fish_keys": [
          "other"
        ]
      }
    },
    {
      "type": "Feature",
      "id": "P049",
      "geometry": {
        "type": "Point",
        "coordinates": [
          32.324377,
          60.118082
        ]
      },
      "properties": {
        "marker_id": "P049",
        "fish": [
          "Окунь",
          "Судак"
        ],
        "source": "FisherMap",
        "source_url": "https://ru.fishermap.org/location/7027/",
        "source_id": "7027",
        "date": "2018-09-08",
        "sector": "Новая Ладога / устье Волхова",
        "confidence_class": "B",
        "confidence_classes": [
          "B"
        ],
        "reports_count": 1,
        "published_rows": 1,
        "comment": "Публичная геометка рыболовного отчёта FisherMap. нижний Волхов.",
        "depth": "",
        "method": "",
        "catch": "",
        "nearest_landmark": "Новая Ладога / устье Волхова",
        "landmark_distance_km": 0.243,
        "distance_from_novaya_ladoga_km": 2.322,
        "context_reports_count": "",
        "source_entries": [
          {
            "source": "FisherMap",
            "source_id": "7027",
            "source_url": "https://ru.fishermap.org/location/7027/",
            "date": "2018-09-08",
            "duplicate_of": ""
          }
        ],
        "record_ids": [
          "fishermap-7027"
        ],
        "fish_keys": [
          "perch",
          "zander"
        ]
      }
    },
    {
      "type": "Feature",
      "id": "P050",
      "geometry": {
        "type": "Point",
        "coordinates": [
          32.310595,
          60.099401
        ]
      },
      "properties": {
        "marker_id": "P050",
        "fish": [
          "Щука"
        ],
        "source": "FisherMap",
        "source_url": "https://ru.fishermap.org/location/7114/",
        "source_id": "7114",
        "date": "2018-08-18",
        "sector": "Новая Ладога / устье Волхова",
        "confidence_class": "B",
        "confidence_classes": [
          "B"
        ],
        "reports_count": 1,
        "published_rows": 1,
        "comment": "Публичная геометка рыболовного отчёта FisherMap. нижний Волхов.",
        "depth": "",
        "method": "",
        "catch": "",
        "nearest_landmark": "Новая Ладога / устье Волхова",
        "landmark_distance_km": 2.133,
        "distance_from_novaya_ladoga_km": 1.038,
        "context_reports_count": "",
        "source_entries": [
          {
            "source": "FisherMap",
            "source_id": "7114",
            "source_url": "https://ru.fishermap.org/location/7114/",
            "date": "2018-08-18",
            "duplicate_of": ""
          }
        ],
        "record_ids": [
          "fishermap-7114"
        ],
        "fish_keys": [
          "pike"
        ]
      }
    },
    {
      "type": "Feature",
      "id": "P051",
      "geometry": {
        "type": "Point",
        "coordinates": [
          31.524648,
          59.975496
        ]
      },
      "properties": {
        "marker_id": "P051",
        "fish": [
          "Окунь"
        ],
        "source": "FisherMap",
        "source_url": "https://ru.fishermap.org/location/9093/",
        "source_id": "9093",
        "date": "2019-02-20",
        "sector": "Кобона / южный берег",
        "confidence_class": "B",
        "confidence_classes": [
          "B"
        ],
        "reports_count": 1,
        "published_rows": 1,
        "comment": "Публичная геометка рыболовного отчёта FisherMap. Ладожское озеро.",
        "depth": "",
        "method": "",
        "catch": "",
        "nearest_landmark": "Кобона / южный берег",
        "landmark_distance_km": 6.222,
        "distance_from_novaya_ladoga_km": 45.037,
        "context_reports_count": "",
        "source_entries": [
          {
            "source": "FisherMap",
            "source_id": "9093",
            "source_url": "https://ru.fishermap.org/location/9093/",
            "date": "2019-02-20",
            "duplicate_of": ""
          }
        ],
        "record_ids": [
          "fishermap-9093"
        ],
        "fish_keys": [
          "perch"
        ]
      }
    },
    {
      "type": "Feature",
      "id": "P052",
      "geometry": {
        "type": "Point",
        "coordinates": [
          31.636649,
          60.192721
        ]
      },
      "properties": {
        "marker_id": "P052",
        "fish": [
          "Плотва"
        ],
        "source": "FisherMap",
        "source_url": "https://ru.fishermap.org/location/9097/",
        "source_id": "9097",
        "date": "2019-03-05",
        "sector": "Шлиссельбург / бухта Петрокрепость",
        "confidence_class": "B",
        "confidence_classes": [
          "B"
        ],
        "reports_count": 1,
        "published_rows": 1,
        "comment": "Публичная геометка рыболовного отчёта FisherMap. Ладожское озеро.",
        "depth": "",
        "method": "",
        "catch": "",
        "nearest_landmark": "Шлиссельбург / бухта Петрокрепость",
        "landmark_distance_km": 8.22,
        "distance_from_novaya_ladoga_km": 37.704,
        "context_reports_count": "",
        "source_entries": [
          {
            "source": "FisherMap",
            "source_id": "9097",
            "source_url": "https://ru.fishermap.org/location/9097/",
            "date": "2019-03-05",
            "duplicate_of": ""
          }
        ],
        "record_ids": [
          "fishermap-9097"
        ],
        "fish_keys": [
          "roach"
        ]
      }
    },
    {
      "type": "Feature",
      "id": "P053",
      "geometry": {
        "type": "Point",
        "coordinates": [
          31.571449,
          60.135523
        ]
      },
      "properties": {
        "marker_id": "P053",
        "fish": [
          "Щука"
        ],
        "source": "FisherMap",
        "source_url": "https://ru.fishermap.org/location/9101/",
        "source_id": "9101",
        "date": "2019-03-19",
        "sector": "Шлиссельбург / бухта Петрокрепость",
        "confidence_class": "B",
        "confidence_classes": [
          "B"
        ],
        "reports_count": 1,
        "published_rows": 1,
        "comment": "Публичная геометка рыболовного отчёта FisherMap. Ладожское озеро.",
        "depth": "",
        "method": "",
        "catch": "",
        "nearest_landmark": "Шлиссельбург / бухта Петрокрепость",
        "landmark_distance_km": 2.746,
        "distance_from_novaya_ladoga_km": 40.181,
        "context_reports_count": "",
        "source_entries": [
          {
            "source": "FisherMap",
            "source_id": "9101",
            "source_url": "https://ru.fishermap.org/location/9101/",
            "date": "2019-03-19",
            "duplicate_of": ""
          }
        ],
        "record_ids": [
          "fishermap-9101"
        ],
        "fish_keys": [
          "pike"
        ]
      }
    },
    {
      "type": "Feature",
      "id": "P054",
      "geometry": {
        "type": "Point",
        "coordinates": [
          31.589045,
          60.132292
        ]
      },
      "properties": {
        "marker_id": "P054",
        "fish": [
          "Плотва"
        ],
        "source": "FisherMap",
        "source_url": "https://ru.fishermap.org/location/9118/",
        "source_id": "9118",
        "date": "2019-04-22",
        "sector": "Шлиссельбург / бухта Петрокрепость",
        "confidence_class": "B",
        "confidence_classes": [
          "B"
        ],
        "reports_count": 1,
        "published_rows": 1,
        "comment": "Публичная геометка рыболовного отчёта FisherMap. Ладожское озеро.",
        "depth": "",
        "method": "",
        "catch": "",
        "nearest_landmark": "Шлиссельбург / бухта Петрокрепость",
        "landmark_distance_km": 1.793,
        "distance_from_novaya_ladoga_km": 39.182,
        "context_reports_count": "",
        "source_entries": [
          {
            "source": "FisherMap",
            "source_id": "9118",
            "source_url": "https://ru.fishermap.org/location/9118/",
            "date": "2019-04-22",
            "duplicate_of": ""
          }
        ],
        "record_ids": [
          "fishermap-9118"
        ],
        "fish_keys": [
          "roach"
        ]
      }
    },
    {
      "type": "Feature",
      "id": "P055",
      "geometry": {
        "type": "Point",
        "coordinates": [
          32.324443,
          60.080443
        ]
      },
      "properties": {
        "marker_id": "P055",
        "fish": [
          "Густера",
          "Елец",
          "Лещ"
        ],
        "source": "FisherMap",
        "source_url": "https://ru.fishermap.org/location/9145/",
        "source_id": "9145",
        "date": "2019-05-26",
        "sector": "Нижний Волхов",
        "confidence_class": "B",
        "confidence_classes": [
          "B"
        ],
        "reports_count": 1,
        "published_rows": 1,
        "comment": "Публичная геометка рыболовного отчёта FisherMap. нижний Волхов.",
        "depth": "",
        "method": "",
        "catch": "",
        "nearest_landmark": "Нижний Волхов",
        "landmark_distance_km": 0.769,
        "distance_from_novaya_ladoga_km": 3.09,
        "context_reports_count": "",
        "source_entries": [
          {
            "source": "FisherMap",
            "source_id": "9145",
            "source_url": "https://ru.fishermap.org/location/9145/",
            "date": "2019-05-26",
            "duplicate_of": ""
          }
        ],
        "record_ids": [
          "fishermap-9145"
        ],
        "fish_keys": [
          "bream",
          "other"
        ]
      }
    },
    {
      "type": "Feature",
      "id": "P056",
      "geometry": {
        "type": "Point",
        "coordinates": [
          32.545015,
          60.288713
        ]
      },
      "properties": {
        "marker_id": "P056",
        "fish": [
          "Судак"
        ],
        "source": "FisherMap",
        "source_url": "https://ru.fishermap.org/location/9173/",
        "source_id": "9173",
        "date": "2019-06-22",
        "sector": "Вороново",
        "confidence_class": "B",
        "confidence_classes": [
          "B"
        ],
        "reports_count": 1,
        "published_rows": 1,
        "comment": "Публичная геометка рыболовного отчёта FisherMap. Ладожское озеро.",
        "depth": "",
        "method": "",
        "catch": "",
        "nearest_landmark": "Вороново",
        "landmark_distance_km": 3.117,
        "distance_from_novaya_ladoga_km": 24.813,
        "context_reports_count": "",
        "source_entries": [
          {
            "source": "FisherMap",
            "source_id": "9173",
            "source_url": "https://ru.fishermap.org/location/9173/",
            "date": "2019-06-22",
            "duplicate_of": ""
          }
        ],
        "record_ids": [
          "fishermap-9173"
        ],
        "fish_keys": [
          "zander"
        ]
      }
    },
    {
      "type": "Feature",
      "id": "P057",
      "geometry": {
        "type": "Point",
        "coordinates": [
          32.241598,
          60.160774
        ]
      },
      "properties": {
        "marker_id": "P057",
        "fish": [
          "Щука"
        ],
        "source": "FisherMap",
        "source_url": "https://ru.fishermap.org/location/9189/",
        "source_id": "9189",
        "date": "2019-07-07",
        "sector": "Креницы / Волховская губа",
        "confidence_class": "B",
        "confidence_classes": [
          "B"
        ],
        "reports_count": 1,
        "published_rows": 1,
        "comment": "Публичная геометка рыболовного отчёта FisherMap. Ладожское озеро.",
        "depth": "",
        "method": "",
        "catch": "",
        "nearest_landmark": "Креницы / Волховская губа",
        "landmark_distance_km": 1.022,
        "distance_from_novaya_ladoga_km": 6.977,
        "context_reports_count": "",
        "source_entries": [
          {
            "source": "FisherMap",
            "source_id": "9189",
            "source_url": "https://ru.fishermap.org/location/9189/",
            "date": "2019-07-07",
            "duplicate_of": ""
          }
        ],
        "record_ids": [
          "fishermap-9189"
        ],
        "fish_keys": [
          "pike"
        ]
      }
    },
    {
      "type": "Feature",
      "id": "P058",
      "geometry": {
        "type": "Point",
        "coordinates": [
          31.549124,
          60.023129
        ]
      },
      "properties": {
        "marker_id": "P058",
        "fish": [
          "Щука"
        ],
        "source": "FisherMap",
        "source_url": "https://ru.fishermap.org/location/9206/",
        "source_id": "9206",
        "date": "2019-07-16",
        "sector": "Кобона / южный берег",
        "confidence_class": "B",
        "confidence_classes": [
          "B"
        ],
        "reports_count": 1,
        "published_rows": 1,
        "comment": "Публичная геометка рыболовного отчёта FisherMap. бухта Петрокрепость.",
        "depth": "",
        "method": "",
        "catch": "",
        "nearest_landmark": "Кобона / южный берег",
        "landmark_distance_km": 0.766,
        "distance_from_novaya_ladoga_km": 42.292,
        "context_reports_count": "",
        "source_entries": [
          {
            "source": "FisherMap",
            "source_id": "9206",
            "source_url": "https://ru.fishermap.org/location/9206/",
            "date": "2019-07-16",
            "duplicate_of": ""
          }
        ],
        "record_ids": [
          "fishermap-9206"
        ],
        "fish_keys": [
          "pike"
        ]
      }
    },
    {
      "type": "Feature",
      "id": "P059",
      "geometry": {
        "type": "Point",
        "coordinates": [
          32.31509,
          60.095359
        ]
      },
      "properties": {
        "marker_id": "P059",
        "fish": [
          "Лещ",
          "Язь"
        ],
        "source": "FisherMap",
        "source_url": "https://ru.fishermap.org/location/9212/; https://ru.fishermap.org/location/9301/",
        "source_id": "9212; 9301",
        "date": "2019-07-20—2019-10-14",
        "sector": "Нижний Волхов",
        "confidence_class": "B",
        "confidence_classes": [
          "B"
        ],
        "reports_count": 2,
        "published_rows": 2,
        "comment": "Публичная геометка рыболовного отчёта FisherMap. нижний Волхов.",
        "depth": "",
        "method": "",
        "catch": "",
        "nearest_landmark": "Нижний Волхов",
        "landmark_distance_km": 2.472,
        "distance_from_novaya_ladoga_km": 1.494,
        "context_reports_count": "",
        "source_entries": [
          {
            "source": "FisherMap",
            "source_id": "9212",
            "source_url": "https://ru.fishermap.org/location/9212/",
            "date": "2019-07-20",
            "duplicate_of": ""
          },
          {
            "source": "FisherMap",
            "source_id": "9301",
            "source_url": "https://ru.fishermap.org/location/9301/",
            "date": "2019-10-14",
            "duplicate_of": ""
          }
        ],
        "record_ids": [
          "fishermap-9212",
          "fishermap-9301"
        ],
        "fish_keys": [
          "bream",
          "other"
        ]
      }
    },
    {
      "type": "Feature",
      "id": "P060",
      "geometry": {
        "type": "Point",
        "coordinates": [
          31.607879,
          60.129187
        ]
      },
      "properties": {
        "marker_id": "P060",
        "fish": [
          "Окунь",
          "Щука"
        ],
        "source": "FisherMap",
        "source_url": "https://ru.fishermap.org/location/9231/",
        "source_id": "9231",
        "date": "2019-07-27",
        "sector": "Шлиссельбург / бухта Петрокрепость",
        "confidence_class": "B",
        "confidence_classes": [
          "B"
        ],
        "reports_count": 1,
        "published_rows": 1,
        "comment": "Публичная геометка рыболовного отчёта FisherMap. Ладожское озеро.",
        "depth": "",
        "method": "",
        "catch": "",
        "nearest_landmark": "Шлиссельбург / бухта Петрокрепость",
        "landmark_distance_km": 1.028,
        "distance_from_novaya_ladoga_km": 38.116,
        "context_reports_count": "",
        "source_entries": [
          {
            "source": "FisherMap",
            "source_id": "9231",
            "source_url": "https://ru.fishermap.org/location/9231/",
            "date": "2019-07-27",
            "duplicate_of": ""
          }
        ],
        "record_ids": [
          "fishermap-9231"
        ],
        "fish_keys": [
          "perch",
          "pike"
        ]
      }
    },
    {
      "type": "Feature",
      "id": "P061",
      "geometry": {
        "type": "Point",
        "coordinates": [
          31.619132,
          60.146076
        ]
      },
      "properties": {
        "marker_id": "P061",
        "fish": [
          "Судак"
        ],
        "source": "FisherMap",
        "source_url": "https://ru.fishermap.org/location/9268/",
        "source_id": "9268",
        "date": "2019-08-27",
        "sector": "Шлиссельбург / бухта Петрокрепость",
        "confidence_class": "B",
        "confidence_classes": [
          "B"
        ],
        "reports_count": 1,
        "published_rows": 1,
        "comment": "Публичная геометка рыболовного отчёта FisherMap. целевая прибрежная зона; водоём в метаданных не указан.",
        "depth": "",
        "method": "",
        "catch": "",
        "nearest_landmark": "Шлиссельбург / бухта Петрокрепость",
        "landmark_distance_km": 2.943,
        "distance_from_novaya_ladoga_km": 37.674,
        "context_reports_count": "",
        "source_entries": [
          {
            "source": "FisherMap",
            "source_id": "9268",
            "source_url": "https://ru.fishermap.org/location/9268/",
            "date": "2019-08-27",
            "duplicate_of": ""
          }
        ],
        "record_ids": [
          "fishermap-9268"
        ],
        "fish_keys": [
          "zander"
        ]
      }
    },
    {
      "type": "Feature",
      "id": "P062",
      "geometry": {
        "type": "Point",
        "coordinates": [
          32.208028,
          60.211948
        ]
      },
      "properties": {
        "marker_id": "P062",
        "fish": [
          "Щука"
        ],
        "source": "FisherMap",
        "source_url": "https://ru.fishermap.org/location/9275/",
        "source_id": "9275",
        "date": "2019-09-08",
        "sector": "Креницы / Волховская губа",
        "confidence_class": "B",
        "confidence_classes": [
          "B"
        ],
        "reports_count": 1,
        "published_rows": 1,
        "comment": "Публичная геометка рыболовного отчёта FisherMap. Ладожское озеро.",
        "depth": "",
        "method": "",
        "catch": "",
        "nearest_landmark": "Креницы / Волховская губа",
        "landmark_distance_km": 6.452,
        "distance_from_novaya_ladoga_km": 12.941,
        "context_reports_count": "",
        "source_entries": [
          {
            "source": "FisherMap",
            "source_id": "9275",
            "source_url": "https://ru.fishermap.org/location/9275/",
            "date": "2019-09-08",
            "duplicate_of": ""
          }
        ],
        "record_ids": [
          "fishermap-9275"
        ],
        "fish_keys": [
          "pike"
        ]
      }
    },
    {
      "type": "Feature",
      "id": "P063",
      "geometry": {
        "type": "Point",
        "coordinates": [
          32.641088,
          60.260922
        ]
      },
      "properties": {
        "marker_id": "P063",
        "fish": [
          "Линь",
          "Окунь",
          "Щука"
        ],
        "source": "FisherMap",
        "source_url": "https://ru.fishermap.org/location/9280/",
        "source_id": "9280",
        "date": "2019-09-14",
        "sector": "Вороново",
        "confidence_class": "B",
        "confidence_classes": [
          "B"
        ],
        "reports_count": 1,
        "published_rows": 1,
        "comment": "Публичная геометка рыболовного отчёта FisherMap. целевая прибрежная зона; водоём в метаданных не указан.",
        "depth": "",
        "method": "",
        "catch": "",
        "nearest_landmark": "Вороново",
        "landmark_distance_km": 3.541,
        "distance_from_novaya_ladoga_km": 25.96,
        "context_reports_count": "",
        "source_entries": [
          {
            "source": "FisherMap",
            "source_id": "9280",
            "source_url": "https://ru.fishermap.org/location/9280/",
            "date": "2019-09-14",
            "duplicate_of": ""
          }
        ],
        "record_ids": [
          "fishermap-9280"
        ],
        "fish_keys": [
          "perch",
          "pike",
          "other"
        ]
      }
    },
    {
      "type": "Feature",
      "id": "P064",
      "geometry": {
        "type": "Point",
        "coordinates": [
          31.609383,
          60.135009
        ]
      },
      "properties": {
        "marker_id": "P064",
        "fish": [
          "Окунь"
        ],
        "source": "FisherMap",
        "source_url": "https://ru.fishermap.org/location/10629/",
        "source_id": "10629",
        "date": "2019-10-01",
        "sector": "Шлиссельбург / бухта Петрокрепость",
        "confidence_class": "B",
        "confidence_classes": [
          "B"
        ],
        "reports_count": 1,
        "published_rows": 1,
        "comment": "Публичная геометка рыболовного отчёта FisherMap. Ладожское озеро.",
        "depth": "",
        "method": "",
        "catch": "",
        "nearest_landmark": "Шлиссельбург / бухта Петрокрепость",
        "landmark_distance_km": 1.669,
        "distance_from_novaya_ladoga_km": 38.084,
        "context_reports_count": "",
        "source_entries": [
          {
            "source": "FisherMap",
            "source_id": "10629",
            "source_url": "https://ru.fishermap.org/location/10629/",
            "date": "2019-10-01",
            "duplicate_of": ""
          }
        ],
        "record_ids": [
          "fishermap-10629"
        ],
        "fish_keys": [
          "perch"
        ]
      }
    },
    {
      "type": "Feature",
      "id": "P065",
      "geometry": {
        "type": "Point",
        "coordinates": [
          32.287226,
          60.113432
        ]
      },
      "properties": {
        "marker_id": "P065",
        "fish": [
          "Окунь"
        ],
        "source": "FisherMap",
        "source_url": "https://ru.fishermap.org/location/10705/",
        "source_id": "10705",
        "date": "2019-09-29",
        "sector": "Новая Ладога / устье Волхова",
        "confidence_class": "B",
        "confidence_classes": [
          "B"
        ],
        "reports_count": 1,
        "published_rows": 1,
        "comment": "Публичная геометка рыболовного отчёта FisherMap. целевая прибрежная зона; водоём в метаданных не указан.",
        "depth": "",
        "method": "",
        "catch": "",
        "nearest_landmark": "Новая Ладога / устье Волхова",
        "landmark_distance_km": 1.885,
        "distance_from_novaya_ladoga_km": 1.144,
        "context_reports_count": "",
        "source_entries": [
          {
            "source": "FisherMap",
            "source_id": "10705",
            "source_url": "https://ru.fishermap.org/location/10705/",
            "date": "2019-09-29",
            "duplicate_of": ""
          }
        ],
        "record_ids": [
          "fishermap-10705"
        ],
        "fish_keys": [
          "perch"
        ]
      }
    },
    {
      "type": "Feature",
      "id": "P066",
      "geometry": {
        "type": "Point",
        "coordinates": [
          31.563588,
          60.121404
        ]
      },
      "properties": {
        "marker_id": "P066",
        "fish": [
          "Щука"
        ],
        "source": "FisherMap",
        "source_url": "https://ru.fishermap.org/location/11075/",
        "source_id": "11075",
        "date": "2019-07-05",
        "sector": "Шлиссельбург / бухта Петрокрепость",
        "confidence_class": "B",
        "confidence_classes": [
          "B"
        ],
        "reports_count": 1,
        "published_rows": 1,
        "comment": "Публичная геометка рыболовного отчёта FisherMap. Ладожское озеро.",
        "depth": "",
        "method": "",
        "catch": "",
        "nearest_landmark": "Шлиссельбург / бухта Петрокрепость",
        "landmark_distance_km": 2.576,
        "distance_from_novaya_ladoga_km": 40.517,
        "context_reports_count": "",
        "source_entries": [
          {
            "source": "FisherMap",
            "source_id": "11075",
            "source_url": "https://ru.fishermap.org/location/11075/",
            "date": "2019-07-05",
            "duplicate_of": ""
          }
        ],
        "record_ids": [
          "fishermap-11075"
        ],
        "fish_keys": [
          "pike"
        ]
      }
    },
    {
      "type": "Feature",
      "id": "P067",
      "geometry": {
        "type": "Point",
        "coordinates": [
          32.272784,
          60.104283
        ]
      },
      "properties": {
        "marker_id": "P067",
        "fish": [
          "Карась"
        ],
        "source": "FisherMap",
        "source_url": "https://ru.fishermap.org/location/11480/",
        "source_id": "11480",
        "date": "2019-08-12",
        "sector": "Новая Ладога / устье Волхова",
        "confidence_class": "B",
        "confidence_classes": [
          "B"
        ],
        "reports_count": 1,
        "published_rows": 1,
        "comment": "Публичная геометка рыболовного отчёта FisherMap. целевая прибрежная зона; водоём в метаданных не указан.",
        "depth": "",
        "method": "",
        "catch": "",
        "nearest_landmark": "Новая Ладога / устье Волхова",
        "landmark_distance_km": 3.028,
        "distance_from_novaya_ladoga_km": 1.176,
        "context_reports_count": "",
        "source_entries": [
          {
            "source": "FisherMap",
            "source_id": "11480",
            "source_url": "https://ru.fishermap.org/location/11480/",
            "date": "2019-08-12",
            "duplicate_of": ""
          }
        ],
        "record_ids": [
          "fishermap-11480"
        ],
        "fish_keys": [
          "other"
        ]
      }
    },
    {
      "type": "Feature",
      "id": "P068",
      "geometry": {
        "type": "Point",
        "coordinates": [
          32.326021,
          60.102013
        ]
      },
      "properties": {
        "marker_id": "P068",
        "fish": [
          "Судак"
        ],
        "source": "FisherMap",
        "source_url": "https://ru.fishermap.org/location/11621/",
        "source_id": "11621",
        "date": "2019-08-17",
        "sector": "Новая Ладога / устье Волхова",
        "confidence_class": "B",
        "confidence_classes": [
          "B"
        ],
        "reports_count": 1,
        "published_rows": 1,
        "comment": "Публичная геометка рыболовного отчёта FisherMap. нижний Волхов.",
        "depth": "",
        "method": "",
        "catch": "",
        "nearest_landmark": "Новая Ладога / устье Волхова",
        "landmark_distance_km": 1.809,
        "distance_from_novaya_ladoga_km": 1.786,
        "context_reports_count": "",
        "source_entries": [
          {
            "source": "FisherMap",
            "source_id": "11621",
            "source_url": "https://ru.fishermap.org/location/11621/",
            "date": "2019-08-17",
            "duplicate_of": ""
          }
        ],
        "record_ids": [
          "fishermap-11621"
        ],
        "fish_keys": [
          "zander"
        ]
      }
    },
    {
      "type": "Feature",
      "id": "P069",
      "geometry": {
        "type": "Point",
        "coordinates": [
          32.325533,
          60.110836
        ]
      },
      "properties": {
        "marker_id": "P069",
        "fish": [
          "Щука"
        ],
        "source": "FisherMap",
        "source_url": "https://ru.fishermap.org/location/11684/",
        "source_id": "11684",
        "date": "2019-10-23",
        "sector": "Новая Ладога / устье Волхова",
        "confidence_class": "B",
        "confidence_classes": [
          "B"
        ],
        "reports_count": 1,
        "published_rows": 1,
        "comment": "Публичная геометка рыболовного отчёта FisherMap. нижний Волхов.",
        "depth": "",
        "method": "",
        "catch": "",
        "nearest_landmark": "Новая Ладога / устье Волхова",
        "landmark_distance_km": 0.854,
        "distance_from_novaya_ladoga_km": 1.92,
        "context_reports_count": "",
        "source_entries": [
          {
            "source": "FisherMap",
            "source_id": "11684",
            "source_url": "https://ru.fishermap.org/location/11684/",
            "date": "2019-10-23",
            "duplicate_of": ""
          }
        ],
        "record_ids": [
          "fishermap-11684"
        ],
        "fish_keys": [
          "pike"
        ]
      }
    },
    {
      "type": "Feature",
      "id": "P070",
      "geometry": {
        "type": "Point",
        "coordinates": [
          32.223892,
          60.191962
        ]
      },
      "properties": {
        "marker_id": "P070",
        "fish": [
          "Щука"
        ],
        "source": "FisherMap",
        "source_url": "https://ru.fishermap.org/location/13142/",
        "source_id": "13142",
        "date": "2019-09-09",
        "sector": "Креницы / Волховская губа",
        "confidence_class": "B",
        "confidence_classes": [
          "B"
        ],
        "reports_count": 1,
        "published_rows": 1,
        "comment": "Публичная геометка рыболовного отчёта FisherMap. Ладожское озеро.",
        "depth": "",
        "method": "",
        "catch": "",
        "nearest_landmark": "Креницы / Волховская губа",
        "landmark_distance_km": 4.077,
        "distance_from_novaya_ladoga_km": 10.552,
        "context_reports_count": "",
        "source_entries": [
          {
            "source": "FisherMap",
            "source_id": "13142",
            "source_url": "https://ru.fishermap.org/location/13142/",
            "date": "2019-09-09",
            "duplicate_of": ""
          }
        ],
        "record_ids": [
          "fishermap-13142"
        ],
        "fish_keys": [
          "pike"
        ]
      }
    },
    {
      "type": "Feature",
      "id": "P071",
      "geometry": {
        "type": "Point",
        "coordinates": [
          31.603889,
          60.126973
        ]
      },
      "properties": {
        "marker_id": "P071",
        "fish": [
          "Окунь"
        ],
        "source": "FisherMap",
        "source_url": "https://ru.fishermap.org/location/13175/",
        "source_id": "13175",
        "date": "2019-11-26",
        "sector": "Шлиссельбург / бухта Петрокрепость",
        "confidence_class": "B",
        "confidence_classes": [
          "B"
        ],
        "reports_count": 1,
        "published_rows": 1,
        "comment": "Публичная геометка рыболовного отчёта FisherMap. Ладожское озеро.",
        "depth": "",
        "method": "",
        "catch": "",
        "nearest_landmark": "Шлиссельбург / бухта Петрокрепость",
        "landmark_distance_km": 0.846,
        "distance_from_novaya_ladoga_km": 38.321,
        "context_reports_count": "",
        "source_entries": [
          {
            "source": "FisherMap",
            "source_id": "13175",
            "source_url": "https://ru.fishermap.org/location/13175/",
            "date": "2019-11-26",
            "duplicate_of": ""
          }
        ],
        "record_ids": [
          "fishermap-13175"
        ],
        "fish_keys": [
          "perch"
        ]
      }
    },
    {
      "type": "Feature",
      "id": "P072",
      "geometry": {
        "type": "Point",
        "coordinates": [
          32.811084,
          60.453156
        ]
      },
      "properties": {
        "marker_id": "P072",
        "fish": [
          "Плотва"
        ],
        "source": "FisherMap",
        "source_url": "https://ru.fishermap.org/location/13400/",
        "source_id": "13400",
        "date": "2019-05-15",
        "sector": "Свирица / Загубская губа",
        "confidence_class": "B",
        "confidence_classes": [
          "B"
        ],
        "reports_count": 1,
        "published_rows": 1,
        "comment": "Публичная геометка рыболовного отчёта FisherMap. Загубская губа без речной привязки.",
        "depth": "",
        "method": "",
        "catch": "",
        "nearest_landmark": "Свирица / Загубская губа",
        "landmark_distance_km": 0.602,
        "distance_from_novaya_ladoga_km": 48.192,
        "context_reports_count": "",
        "source_entries": [
          {
            "source": "FisherMap",
            "source_id": "13400",
            "source_url": "https://ru.fishermap.org/location/13400/",
            "date": "2019-05-15",
            "duplicate_of": ""
          }
        ],
        "record_ids": [
          "fishermap-13400"
        ],
        "fish_keys": [
          "roach"
        ]
      }
    },
    {
      "type": "Feature",
      "id": "P073",
      "geometry": {
        "type": "Point",
        "coordinates": [
          32.048983,
          60.267281
        ]
      },
      "properties": {
        "marker_id": "P073",
        "fish": [
          "Щука"
        ],
        "source": "FisherMap",
        "source_url": "https://ru.fishermap.org/location/13409/",
        "source_id": "13409",
        "date": "2019-06-03",
        "sector": "о. Птинов",
        "confidence_class": "B",
        "confidence_classes": [
          "B"
        ],
        "reports_count": 1,
        "published_rows": 1,
        "comment": "Публичная геометка рыболовного отчёта FisherMap. Ладожское озеро.",
        "depth": "",
        "method": "",
        "catch": "",
        "nearest_landmark": "о. Птинов",
        "landmark_distance_km": 2.244,
        "distance_from_novaya_ladoga_km": 22.677,
        "context_reports_count": "",
        "source_entries": [
          {
            "source": "FisherMap",
            "source_id": "13409",
            "source_url": "https://ru.fishermap.org/location/13409/",
            "date": "2019-06-03",
            "duplicate_of": ""
          }
        ],
        "record_ids": [
          "fishermap-13409"
        ],
        "fish_keys": [
          "pike"
        ]
      }
    },
    {
      "type": "Feature",
      "id": "P074",
      "geometry": {
        "type": "Point",
        "coordinates": [
          32.204395,
          60.207024
        ]
      },
      "properties": {
        "marker_id": "P074",
        "fish": [
          "Щука"
        ],
        "source": "FisherMap",
        "source_url": "https://ru.fishermap.org/location/13412/",
        "source_id": "13412",
        "date": "2019-06-08",
        "sector": "Креницы / Волховская губа",
        "confidence_class": "B",
        "confidence_classes": [
          "B"
        ],
        "reports_count": 1,
        "published_rows": 1,
        "comment": "Публичная геометка рыболовного отчёта FisherMap. Ладожское озеро.",
        "depth": "",
        "method": "",
        "catch": "",
        "nearest_landmark": "Креницы / Волховская губа",
        "landmark_distance_km": 6.066,
        "distance_from_novaya_ladoga_km": 12.512,
        "context_reports_count": "",
        "source_entries": [
          {
            "source": "FisherMap",
            "source_id": "13412",
            "source_url": "https://ru.fishermap.org/location/13412/",
            "date": "2019-06-08",
            "duplicate_of": ""
          }
        ],
        "record_ids": [
          "fishermap-13412"
        ],
        "fish_keys": [
          "pike"
        ]
      }
    },
    {
      "type": "Feature",
      "id": "P075",
      "geometry": {
        "type": "Point",
        "coordinates": [
          32.338514,
          60.115556
        ]
      },
      "properties": {
        "marker_id": "P075",
        "fish": [
          "Щука"
        ],
        "source": "FisherMap",
        "source_url": "https://ru.fishermap.org/location/13423/",
        "source_id": "13423",
        "date": "2019-07-24",
        "sector": "Новая Ладога / устье Волхова",
        "confidence_class": "B",
        "confidence_classes": [
          "B"
        ],
        "reports_count": 1,
        "published_rows": 1,
        "comment": "Публичная геометка рыболовного отчёта FisherMap. нижний Волхов.",
        "depth": "",
        "method": "",
        "catch": "",
        "nearest_landmark": "Новая Ладога / устье Волхова",
        "landmark_distance_km": 1.061,
        "distance_from_novaya_ladoga_km": 2.797,
        "context_reports_count": "",
        "source_entries": [
          {
            "source": "FisherMap",
            "source_id": "13423",
            "source_url": "https://ru.fishermap.org/location/13423/",
            "date": "2019-07-24",
            "duplicate_of": ""
          }
        ],
        "record_ids": [
          "fishermap-13423"
        ],
        "fish_keys": [
          "pike"
        ]
      }
    },
    {
      "type": "Feature",
      "id": "P076",
      "geometry": {
        "type": "Point",
        "coordinates": [
          32.338351,
          60.068341
        ]
      },
      "properties": {
        "marker_id": "P076",
        "fish": [
          "Лещ"
        ],
        "source": "FisherMap",
        "source_url": "https://ru.fishermap.org/location/13441/",
        "source_id": "13441",
        "date": "2019-09-17",
        "sector": "Нижний Волхов",
        "confidence_class": "B",
        "confidence_classes": [
          "B"
        ],
        "reports_count": 1,
        "published_rows": 1,
        "comment": "Публичная геометка рыболовного отчёта FisherMap. нижний Волхов.",
        "depth": "",
        "method": "",
        "catch": "",
        "nearest_landmark": "Нижний Волхов",
        "landmark_distance_km": 0.798,
        "distance_from_novaya_ladoga_km": 4.639,
        "context_reports_count": "",
        "source_entries": [
          {
            "source": "FisherMap",
            "source_id": "13441",
            "source_url": "https://ru.fishermap.org/location/13441/",
            "date": "2019-09-17",
            "duplicate_of": ""
          }
        ],
        "record_ids": [
          "fishermap-13441"
        ],
        "fish_keys": [
          "bream"
        ]
      }
    },
    {
      "type": "Feature",
      "id": "P077",
      "geometry": {
        "type": "Point",
        "coordinates": [
          32.318611,
          60.120745
        ]
      },
      "properties": {
        "marker_id": "P077",
        "fish": [
          "Карп",
          "Лещ",
          "Щука"
        ],
        "source": "FisherMap",
        "source_url": "https://ru.fishermap.org/location/14097/",
        "source_id": "14097",
        "date": "2019-09-02",
        "sector": "Новая Ладога / устье Волхова",
        "confidence_class": "B",
        "confidence_classes": [
          "B"
        ],
        "reports_count": 1,
        "published_rows": 1,
        "comment": "Публичная геометка рыболовного отчёта FisherMap. нижний Волхов.",
        "depth": "",
        "method": "",
        "catch": "",
        "nearest_landmark": "Новая Ладога / устье Волхова",
        "landmark_distance_km": 0.315,
        "distance_from_novaya_ladoga_km": 2.335,
        "context_reports_count": "",
        "source_entries": [
          {
            "source": "FisherMap",
            "source_id": "14097",
            "source_url": "https://ru.fishermap.org/location/14097/",
            "date": "2019-09-02",
            "duplicate_of": ""
          }
        ],
        "record_ids": [
          "fishermap-14097"
        ],
        "fish_keys": [
          "bream",
          "pike",
          "other"
        ]
      }
    },
    {
      "type": "Feature",
      "id": "P078",
      "geometry": {
        "type": "Point",
        "coordinates": [
          32.258078,
          60.15183
        ]
      },
      "properties": {
        "marker_id": "P078",
        "fish": [
          "Окунь",
          "Щука"
        ],
        "source": "FisherMap",
        "source_url": "https://ru.fishermap.org/location/14098/",
        "source_id": "14098",
        "date": "2019-09-05",
        "sector": "Креницы / Волховская губа",
        "confidence_class": "B",
        "confidence_classes": [
          "B"
        ],
        "reports_count": 1,
        "published_rows": 1,
        "comment": "Публичная геометка рыболовного отчёта FisherMap. Ладожское озеро.",
        "depth": "",
        "method": "",
        "catch": "",
        "nearest_landmark": "Креницы / Волховская губа",
        "landmark_distance_km": 0.915,
        "distance_from_novaya_ladoga_km": 5.708,
        "context_reports_count": "",
        "source_entries": [
          {
            "source": "FisherMap",
            "source_id": "14098",
            "source_url": "https://ru.fishermap.org/location/14098/",
            "date": "2019-09-05",
            "duplicate_of": ""
          }
        ],
        "record_ids": [
          "fishermap-14098"
        ],
        "fish_keys": [
          "perch",
          "pike"
        ]
      }
    },
    {
      "type": "Feature",
      "id": "P079",
      "geometry": {
        "type": "Point",
        "coordinates": [
          32.313622,
          60.100498
        ]
      },
      "properties": {
        "marker_id": "P079",
        "fish": [
          "Лещ"
        ],
        "source": "FisherMap",
        "source_url": "https://ru.fishermap.org/location/14369/",
        "source_id": "14369",
        "date": "2016-05-22",
        "sector": "Новая Ладога / устье Волхова",
        "confidence_class": "B",
        "confidence_classes": [
          "B"
        ],
        "reports_count": 1,
        "published_rows": 1,
        "comment": "Публичная геометка рыболовного отчёта FisherMap. нижний Волхов.",
        "depth": "",
        "method": "",
        "catch": "",
        "nearest_landmark": "Новая Ладога / устье Волхова",
        "landmark_distance_km": 1.978,
        "distance_from_novaya_ladoga_km": 1.146,
        "context_reports_count": "",
        "source_entries": [
          {
            "source": "FisherMap",
            "source_id": "14369",
            "source_url": "https://ru.fishermap.org/location/14369/",
            "date": "2016-05-22",
            "duplicate_of": ""
          }
        ],
        "record_ids": [
          "fishermap-14369"
        ],
        "fish_keys": [
          "bream"
        ]
      }
    },
    {
      "type": "Feature",
      "id": "P080",
      "geometry": {
        "type": "Point",
        "coordinates": [
          31.535041,
          60.10428
        ]
      },
      "properties": {
        "marker_id": "P080",
        "fish": [
          "Плотва"
        ],
        "source": "FisherMap",
        "source_url": "https://ru.fishermap.org/location/14383/",
        "source_id": "14383",
        "date": "2016-12-24",
        "sector": "Шлиссельбург / бухта Петрокрепость",
        "confidence_class": "B",
        "confidence_classes": [
          "B"
        ],
        "reports_count": 1,
        "published_rows": 1,
        "comment": "Публичная геометка рыболовного отчёта FisherMap. Ладожское озеро.",
        "depth": "",
        "method": "",
        "catch": "",
        "nearest_landmark": "Шлиссельбург / бухта Петрокрепость",
        "landmark_distance_km": 4.506,
        "distance_from_novaya_ladoga_km": 42.062,
        "context_reports_count": "",
        "source_entries": [
          {
            "source": "FisherMap",
            "source_id": "14383",
            "source_url": "https://ru.fishermap.org/location/14383/",
            "date": "2016-12-24",
            "duplicate_of": ""
          }
        ],
        "record_ids": [
          "fishermap-14383"
        ],
        "fish_keys": [
          "roach"
        ]
      }
    },
    {
      "type": "Feature",
      "id": "P081",
      "geometry": {
        "type": "Point",
        "coordinates": [
          32.248314,
          60.165785
        ]
      },
      "properties": {
        "marker_id": "P081",
        "fish": [
          "Щука"
        ],
        "source": "FisherMap",
        "source_url": "https://ru.fishermap.org/location/15368/",
        "source_id": "15368",
        "date": "2019-06-17",
        "sector": "Креницы / Волховская губа",
        "confidence_class": "B",
        "confidence_classes": [
          "B"
        ],
        "reports_count": 1,
        "published_rows": 1,
        "comment": "Публичная геометка рыболовного отчёта FisherMap. Ладожское озеро.",
        "depth": "",
        "method": "",
        "catch": "",
        "nearest_landmark": "Креницы / Волховская губа",
        "landmark_distance_km": 0.912,
        "distance_from_novaya_ladoga_km": 7.351,
        "context_reports_count": "",
        "source_entries": [
          {
            "source": "FisherMap",
            "source_id": "15368",
            "source_url": "https://ru.fishermap.org/location/15368/",
            "date": "2019-06-17",
            "duplicate_of": ""
          }
        ],
        "record_ids": [
          "fishermap-15368"
        ],
        "fish_keys": [
          "pike"
        ]
      }
    },
    {
      "type": "Feature",
      "id": "P082",
      "geometry": {
        "type": "Point",
        "coordinates": [
          31.578857,
          59.946048
        ]
      },
      "properties": {
        "marker_id": "P082",
        "fish": [
          "Лещ",
          "Щука"
        ],
        "source": "FisherMap",
        "source_url": "https://ru.fishermap.org/location/15377/; https://ru.fishermap.org/location/15405/",
        "source_id": "15377; 15405",
        "date": "2019-06-28—2019-07-22",
        "sector": "Кобона / южный берег",
        "confidence_class": "B",
        "confidence_classes": [
          "B"
        ],
        "reports_count": 2,
        "published_rows": 2,
        "comment": "Публичная геометка рыболовного отчёта FisherMap. целевая прибрежная зона; водоём в метаданных не указан.",
        "depth": "",
        "method": "",
        "catch": "",
        "nearest_landmark": "Кобона / южный берег",
        "landmark_distance_km": 9.472,
        "distance_from_novaya_ladoga_km": 43.425,
        "context_reports_count": "",
        "source_entries": [
          {
            "source": "FisherMap",
            "source_id": "15377",
            "source_url": "https://ru.fishermap.org/location/15377/",
            "date": "2019-06-28",
            "duplicate_of": ""
          },
          {
            "source": "FisherMap",
            "source_id": "15405",
            "source_url": "https://ru.fishermap.org/location/15405/",
            "date": "2019-07-22",
            "duplicate_of": ""
          }
        ],
        "record_ids": [
          "fishermap-15377",
          "fishermap-15405"
        ],
        "fish_keys": [
          "bream",
          "pike"
        ]
      }
    },
    {
      "type": "Feature",
      "id": "P083",
      "geometry": {
        "type": "Point",
        "coordinates": [
          31.55379,
          59.982637
        ]
      },
      "properties": {
        "marker_id": "P083",
        "fish": [
          "Судак",
          "Щука"
        ],
        "source": "FisherMap",
        "source_url": "https://ru.fishermap.org/location/15385/",
        "source_id": "15385",
        "date": "2019-07-07",
        "sector": "Кобона / южный берег",
        "confidence_class": "B",
        "confidence_classes": [
          "B"
        ],
        "reports_count": 1,
        "published_rows": 1,
        "comment": "Публичная геометка рыболовного отчёта FisherMap. Ладожское озеро.",
        "depth": "",
        "method": "",
        "catch": "",
        "nearest_landmark": "Кобона / южный берег",
        "landmark_distance_km": 5.271,
        "distance_from_novaya_ladoga_km": 43.247,
        "context_reports_count": "",
        "source_entries": [
          {
            "source": "FisherMap",
            "source_id": "15385",
            "source_url": "https://ru.fishermap.org/location/15385/",
            "date": "2019-07-07",
            "duplicate_of": ""
          }
        ],
        "record_ids": [
          "fishermap-15385"
        ],
        "fish_keys": [
          "zander",
          "pike"
        ]
      }
    },
    {
      "type": "Feature",
      "id": "P084",
      "geometry": {
        "type": "Point",
        "coordinates": [
          32.41823,
          60.20561
        ]
      },
      "properties": {
        "marker_id": "P084",
        "fish": [
          "Судак"
        ],
        "source": "FisherMap",
        "source_url": "https://ru.fishermap.org/location/15386/",
        "source_id": "15386",
        "date": "2019-07-08",
        "sector": "Креницы / Волховская губа",
        "confidence_class": "B",
        "confidence_classes": [
          "B"
        ],
        "reports_count": 1,
        "published_rows": 1,
        "comment": "Публичная геометка рыболовного отчёта FisherMap. Ладожское озеро. Предыдущий массив: Судак (FisherMap).",
        "depth": "",
        "method": "",
        "catch": "",
        "nearest_landmark": "Креницы / Волховская губа",
        "landmark_distance_km": 10.112,
        "distance_from_novaya_ladoga_km": 13.254,
        "context_reports_count": "",
        "source_entries": [
          {
            "source": "FisherMap",
            "source_id": "15386",
            "source_url": "https://ru.fishermap.org/location/15386/",
            "date": "2019-07-08",
            "duplicate_of": ""
          }
        ],
        "record_ids": [
          "fishermap-15386"
        ],
        "fish_keys": [
          "zander"
        ]
      }
    },
    {
      "type": "Feature",
      "id": "P085",
      "geometry": {
        "type": "Point",
        "coordinates": [
          32.2246,
          60.213908
        ]
      },
      "properties": {
        "marker_id": "P085",
        "fish": [
          "Судак",
          "Щука"
        ],
        "source": "FisherMap",
        "source_url": "https://ru.fishermap.org/location/15389/",
        "source_id": "15389",
        "date": "2019-07-12",
        "sector": "Креницы / Волховская губа",
        "confidence_class": "B",
        "confidence_classes": [
          "B"
        ],
        "reports_count": 1,
        "published_rows": 1,
        "comment": "Публичная геометка рыболовного отчёта FisherMap. Ладожское озеро.",
        "depth": "",
        "method": "",
        "catch": "",
        "nearest_landmark": "Креницы / Волховская губа",
        "landmark_distance_km": 6.306,
        "distance_from_novaya_ladoga_km": 12.841,
        "context_reports_count": "",
        "source_entries": [
          {
            "source": "FisherMap",
            "source_id": "15389",
            "source_url": "https://ru.fishermap.org/location/15389/",
            "date": "2019-07-12",
            "duplicate_of": ""
          }
        ],
        "record_ids": [
          "fishermap-15389"
        ],
        "fish_keys": [
          "zander",
          "pike"
        ]
      }
    },
    {
      "type": "Feature",
      "id": "P086",
      "geometry": {
        "type": "Point",
        "coordinates": [
          31.622075,
          60.150206
        ]
      },
      "properties": {
        "marker_id": "P086",
        "fish": [
          "Щука"
        ],
        "source": "FisherMap",
        "source_url": "https://ru.fishermap.org/location/15393/",
        "source_id": "15393",
        "date": "2019-07-14",
        "sector": "Шлиссельбург / бухта Петрокрепость",
        "confidence_class": "B",
        "confidence_classes": [
          "B"
        ],
        "reports_count": 1,
        "published_rows": 1,
        "comment": "Публичная геометка рыболовного отчёта FisherMap. целевая прибрежная зона; водоём в метаданных не указан.",
        "depth": "",
        "method": "",
        "catch": "",
        "nearest_landmark": "Шлиссельбург / бухта Петрокрепость",
        "landmark_distance_km": 3.425,
        "distance_from_novaya_ladoga_km": 37.57,
        "context_reports_count": "",
        "source_entries": [
          {
            "source": "FisherMap",
            "source_id": "15393",
            "source_url": "https://ru.fishermap.org/location/15393/",
            "date": "2019-07-14",
            "duplicate_of": ""
          }
        ],
        "record_ids": [
          "fishermap-15393"
        ],
        "fish_keys": [
          "pike"
        ]
      }
    },
    {
      "type": "Feature",
      "id": "P087",
      "geometry": {
        "type": "Point",
        "coordinates": [
          32.448773,
          60.213078
        ]
      },
      "properties": {
        "marker_id": "P087",
        "fish": [
          "Судак",
          "Щука"
        ],
        "source": "FisherMap",
        "source_url": "https://ru.fishermap.org/location/15397/",
        "source_id": "15397",
        "date": "2019-07-15",
        "sector": "Вороново",
        "confidence_class": "B",
        "confidence_classes": [
          "B"
        ],
        "reports_count": 1,
        "published_rows": 1,
        "comment": "Публичная геометка рыболовного отчёта FisherMap. Ладожское озеро.",
        "depth": "",
        "method": "",
        "catch": "",
        "nearest_landmark": "Вороново",
        "landmark_distance_km": 11.68,
        "distance_from_novaya_ladoga_km": 14.874,
        "context_reports_count": "",
        "source_entries": [
          {
            "source": "FisherMap",
            "source_id": "15397",
            "source_url": "https://ru.fishermap.org/location/15397/",
            "date": "2019-07-15",
            "duplicate_of": ""
          }
        ],
        "record_ids": [
          "fishermap-15397"
        ],
        "fish_keys": [
          "zander",
          "pike"
        ]
      }
    },
    {
      "type": "Feature",
      "id": "P088",
      "geometry": {
        "type": "Point",
        "coordinates": [
          32.30831,
          60.083858
        ]
      },
      "properties": {
        "marker_id": "P088",
        "fish": [
          "Лещ",
          "Сом"
        ],
        "source": "FisherMap",
        "source_url": "https://ru.fishermap.org/location/15407/",
        "source_id": "15407",
        "date": "2019-07-28",
        "sector": "Нижний Волхов",
        "confidence_class": "B",
        "confidence_classes": [
          "B"
        ],
        "reports_count": 1,
        "published_rows": 1,
        "comment": "Публичная геометка рыболовного отчёта FisherMap. нижний Волхов.",
        "depth": "",
        "method": "",
        "catch": "",
        "nearest_landmark": "Нижний Волхов",
        "landmark_distance_km": 1.687,
        "distance_from_novaya_ladoga_km": 2.346,
        "context_reports_count": "",
        "source_entries": [
          {
            "source": "FisherMap",
            "source_id": "15407",
            "source_url": "https://ru.fishermap.org/location/15407/",
            "date": "2019-07-28",
            "duplicate_of": ""
          }
        ],
        "record_ids": [
          "fishermap-15407"
        ],
        "fish_keys": [
          "bream",
          "other"
        ]
      }
    },
    {
      "type": "Feature",
      "id": "P089",
      "geometry": {
        "type": "Point",
        "coordinates": [
          31.97625,
          60.238105
        ]
      },
      "properties": {
        "marker_id": "P089",
        "fish": [
          "Окунь"
        ],
        "source": "FisherMap",
        "source_url": "https://ru.fishermap.org/location/15415/",
        "source_id": "15415",
        "date": "2019-08-08",
        "sector": "Дубно",
        "confidence_class": "B",
        "confidence_classes": [
          "B"
        ],
        "reports_count": 1,
        "published_rows": 1,
        "comment": "Публичная геометка рыболовного отчёта FisherMap. Ладожское озеро.",
        "depth": "",
        "method": "",
        "catch": "",
        "nearest_landmark": "Дубно",
        "landmark_distance_km": 0.552,
        "distance_from_novaya_ladoga_km": 23.068,
        "context_reports_count": "",
        "source_entries": [
          {
            "source": "FisherMap",
            "source_id": "15415",
            "source_url": "https://ru.fishermap.org/location/15415/",
            "date": "2019-08-08",
            "duplicate_of": ""
          }
        ],
        "record_ids": [
          "fishermap-15415"
        ],
        "fish_keys": [
          "perch"
        ]
      }
    },
    {
      "type": "Feature",
      "id": "P090",
      "geometry": {
        "type": "Point",
        "coordinates": [
          32.310195,
          60.097415
        ]
      },
      "properties": {
        "marker_id": "P090",
        "fish": [
          "Судак",
          "Щука"
        ],
        "source": "FisherMap",
        "source_url": "https://ru.fishermap.org/location/15421/",
        "source_id": "15421",
        "date": "2019-08-12",
        "sector": "Новая Ладога / устье Волхова",
        "confidence_class": "B",
        "confidence_classes": [
          "B"
        ],
        "reports_count": 1,
        "published_rows": 1,
        "comment": "Публичная геометка рыболовного отчёта FisherMap. нижний Волхов.",
        "depth": "",
        "method": "",
        "catch": "",
        "nearest_landmark": "Новая Ладога / устье Волхова",
        "landmark_distance_km": 2.353,
        "distance_from_novaya_ladoga_km": 1.139,
        "context_reports_count": "",
        "source_entries": [
          {
            "source": "FisherMap",
            "source_id": "15421",
            "source_url": "https://ru.fishermap.org/location/15421/",
            "date": "2019-08-12",
            "duplicate_of": ""
          }
        ],
        "record_ids": [
          "fishermap-15421"
        ],
        "fish_keys": [
          "zander",
          "pike"
        ]
      }
    },
    {
      "type": "Feature",
      "id": "P091",
      "geometry": {
        "type": "Point",
        "coordinates": [
          32.484413,
          60.153482
        ]
      },
      "properties": {
        "marker_id": "P091",
        "fish": [
          "Судак",
          "Щука"
        ],
        "source": "FisherMap",
        "source_url": "https://ru.fishermap.org/location/15443/",
        "source_id": "15443",
        "date": "2019-10-01",
        "sector": "Новая Ладога / устье Волхова",
        "confidence_class": "B",
        "confidence_classes": [
          "B"
        ],
        "reports_count": 1,
        "published_rows": 1,
        "comment": "Публичная геометка рыболовного отчёта FisherMap. Ладожское озеро.",
        "depth": "",
        "method": "",
        "catch": "",
        "nearest_landmark": "Новая Ладога / устье Волхова",
        "landmark_distance_km": 9.922,
        "distance_from_novaya_ladoga_km": 11.91,
        "context_reports_count": "",
        "source_entries": [
          {
            "source": "FisherMap",
            "source_id": "15443",
            "source_url": "https://ru.fishermap.org/location/15443/",
            "date": "2019-10-01",
            "duplicate_of": ""
          }
        ],
        "record_ids": [
          "fishermap-15443"
        ],
        "fish_keys": [
          "zander",
          "pike"
        ]
      }
    },
    {
      "type": "Feature",
      "id": "P092",
      "geometry": {
        "type": "Point",
        "coordinates": [
          31.4043,
          59.981745
        ]
      },
      "properties": {
        "marker_id": "P092",
        "fish": [
          "Окунь",
          "Щука"
        ],
        "source": "FisherMap",
        "source_url": "https://ru.fishermap.org/location/15447/",
        "source_id": "15447",
        "date": "2019-10-18",
        "sector": "Кобона / южный берег",
        "confidence_class": "B",
        "confidence_classes": [
          "B"
        ],
        "reports_count": 1,
        "published_rows": 1,
        "comment": "Публичная геометка рыболовного отчёта FisherMap. Ладожское озеро.",
        "depth": "",
        "method": "",
        "catch": "",
        "nearest_landmark": "Кобона / южный берег",
        "landmark_distance_km": 9.715,
        "distance_from_novaya_ladoga_km": 51.227,
        "context_reports_count": "",
        "source_entries": [
          {
            "source": "FisherMap",
            "source_id": "15447",
            "source_url": "https://ru.fishermap.org/location/15447/",
            "date": "2019-10-18",
            "duplicate_of": ""
          }
        ],
        "record_ids": [
          "fishermap-15447"
        ],
        "fish_keys": [
          "perch",
          "pike"
        ]
      }
    },
    {
      "type": "Feature",
      "id": "P093",
      "geometry": {
        "type": "Point",
        "coordinates": [
          32.055904,
          60.232853
        ]
      },
      "properties": {
        "marker_id": "P093",
        "fish": [
          "Голавль",
          "Окунь",
          "Щука"
        ],
        "source": "FisherMap",
        "source_url": "https://ru.fishermap.org/location/15453/",
        "source_id": "15453",
        "date": "2019-11-26",
        "sector": "о. Птинов",
        "confidence_class": "B",
        "confidence_classes": [
          "B"
        ],
        "reports_count": 1,
        "published_rows": 1,
        "comment": "Публичная геометка рыболовного отчёта FisherMap. Ладожское озеро. Предыдущий массив: Щука, голавль, окунь (FisherMap).",
        "depth": "",
        "method": "",
        "catch": "",
        "nearest_landmark": "о. Птинов",
        "landmark_distance_km": 2.642,
        "distance_from_novaya_ladoga_km": 19.484,
        "context_reports_count": "",
        "source_entries": [
          {
            "source": "FisherMap",
            "source_id": "15453",
            "source_url": "https://ru.fishermap.org/location/15453/",
            "date": "2019-11-26",
            "duplicate_of": ""
          }
        ],
        "record_ids": [
          "fishermap-15453"
        ],
        "fish_keys": [
          "perch",
          "pike",
          "other"
        ]
      }
    },
    {
      "type": "Feature",
      "id": "P094",
      "geometry": {
        "type": "Point",
        "coordinates": [
          31.526859,
          59.985343
        ]
      },
      "properties": {
        "marker_id": "P094",
        "fish": [
          "Щука"
        ],
        "source": "FisherMap",
        "source_url": "https://ru.fishermap.org/location/16225/",
        "source_id": "16225",
        "date": "2017-09-27",
        "sector": "Кобона / южный берег",
        "confidence_class": "B",
        "confidence_classes": [
          "B"
        ],
        "reports_count": 1,
        "published_rows": 1,
        "comment": "Публичная геометка рыболовного отчёта FisherMap. Ладожское озеро.",
        "depth": "",
        "method": "",
        "catch": "",
        "nearest_landmark": "Кобона / южный берег",
        "landmark_distance_km": 5.13,
        "distance_from_novaya_ladoga_km": 44.579,
        "context_reports_count": "",
        "source_entries": [
          {
            "source": "FisherMap",
            "source_id": "16225",
            "source_url": "https://ru.fishermap.org/location/16225/",
            "date": "2017-09-27",
            "duplicate_of": ""
          }
        ],
        "record_ids": [
          "fishermap-16225"
        ],
        "fish_keys": [
          "pike"
        ]
      }
    },
    {
      "type": "Feature",
      "id": "P095",
      "geometry": {
        "type": "Point",
        "coordinates": [
          31.595003,
          60.127233
        ]
      },
      "properties": {
        "marker_id": "P095",
        "fish": [
          "Окунь"
        ],
        "source": "FisherMap",
        "source_url": "https://ru.fishermap.org/location/16228/",
        "source_id": "16228",
        "date": "2017-12-24",
        "sector": "Шлиссельбург / бухта Петрокрепость",
        "confidence_class": "B",
        "confidence_classes": [
          "B"
        ],
        "reports_count": 1,
        "published_rows": 1,
        "comment": "Публичная геометка рыболовного отчёта FisherMap. Ладожское озеро.",
        "depth": "",
        "method": "",
        "catch": "",
        "nearest_landmark": "Шлиссельбург / бухта Петрокрепость",
        "landmark_distance_km": 1.156,
        "distance_from_novaya_ladoga_km": 38.814,
        "context_reports_count": "",
        "source_entries": [
          {
            "source": "FisherMap",
            "source_id": "16228",
            "source_url": "https://ru.fishermap.org/location/16228/",
            "date": "2017-12-24",
            "duplicate_of": ""
          }
        ],
        "record_ids": [
          "fishermap-16228"
        ],
        "fish_keys": [
          "perch"
        ]
      }
    },
    {
      "type": "Feature",
      "id": "P096",
      "geometry": {
        "type": "Point",
        "coordinates": [
          31.494377,
          59.979758
        ]
      },
      "properties": {
        "marker_id": "P096",
        "fish": [
          "Окунь",
          "Плотва"
        ],
        "source": "FisherMap",
        "source_url": "https://ru.fishermap.org/location/16230/",
        "source_id": "16230",
        "date": "2018-01-23",
        "sector": "Кобона / южный берег",
        "confidence_class": "B",
        "confidence_classes": [
          "B"
        ],
        "reports_count": 1,
        "published_rows": 1,
        "comment": "Публичная геометка рыболовного отчёта FisherMap. Ладожское озеро.",
        "depth": "",
        "method": "",
        "catch": "",
        "nearest_landmark": "Кобона / южный берег",
        "landmark_distance_km": 6.385,
        "distance_from_novaya_ladoga_km": 46.49,
        "context_reports_count": "",
        "source_entries": [
          {
            "source": "FisherMap",
            "source_id": "16230",
            "source_url": "https://ru.fishermap.org/location/16230/",
            "date": "2018-01-23",
            "duplicate_of": ""
          }
        ],
        "record_ids": [
          "fishermap-16230"
        ],
        "fish_keys": [
          "perch",
          "roach"
        ]
      }
    },
    {
      "type": "Feature",
      "id": "P097",
      "geometry": {
        "type": "Point",
        "coordinates": [
          32.215248,
          60.141119
        ]
      },
      "properties": {
        "marker_id": "P097",
        "fish": [
          "Щука"
        ],
        "source": "FisherMap",
        "source_url": "https://ru.fishermap.org/location/16235/",
        "source_id": "16235",
        "date": "2018-02-17",
        "sector": "Креницы / Волховская губа",
        "confidence_class": "B",
        "confidence_classes": [
          "B"
        ],
        "reports_count": 1,
        "published_rows": 1,
        "comment": "Публичная геометка рыболовного отчёта FisherMap. Ладожское озеро. Предыдущий массив: Щука (FisherMap).",
        "depth": "",
        "method": "",
        "catch": "",
        "nearest_landmark": "Креницы / Волховская губа",
        "landmark_distance_km": 3.247,
        "distance_from_novaya_ladoga_km": 6.027,
        "context_reports_count": "",
        "source_entries": [
          {
            "source": "FisherMap",
            "source_id": "16235",
            "source_url": "https://ru.fishermap.org/location/16235/",
            "date": "2018-02-17",
            "duplicate_of": ""
          }
        ],
        "record_ids": [
          "fishermap-16235"
        ],
        "fish_keys": [
          "pike"
        ]
      }
    },
    {
      "type": "Feature",
      "id": "P098",
      "geometry": {
        "type": "Point",
        "coordinates": [
          32.172667,
          60.188581
        ]
      },
      "properties": {
        "marker_id": "P098",
        "fish": [
          "Окунь"
        ],
        "source": "FisherMap",
        "source_url": "https://ru.fishermap.org/location/16240/",
        "source_id": "16240",
        "date": "2018-03-29",
        "sector": "Креницы / Волховская губа",
        "confidence_class": "B",
        "confidence_classes": [
          "B"
        ],
        "reports_count": 1,
        "published_rows": 1,
        "comment": "Публичная геометка рыболовного отчёта FisherMap. Ладожское озеро.",
        "depth": "",
        "method": "",
        "catch": "",
        "nearest_landmark": "Креницы / Волховская губа",
        "landmark_distance_km": 5.782,
        "distance_from_novaya_ladoga_km": 11.582,
        "context_reports_count": "",
        "source_entries": [
          {
            "source": "FisherMap",
            "source_id": "16240",
            "source_url": "https://ru.fishermap.org/location/16240/",
            "date": "2018-03-29",
            "duplicate_of": ""
          }
        ],
        "record_ids": [
          "fishermap-16240"
        ],
        "fish_keys": [
          "perch"
        ]
      }
    },
    {
      "type": "Feature",
      "id": "P099",
      "geometry": {
        "type": "Point",
        "coordinates": [
          32.609065,
          60.269817
        ]
      },
      "properties": {
        "marker_id": "P099",
        "fish": [
          "Лещ",
          "Плотва"
        ],
        "source": "FisherMap",
        "source_url": "https://ru.fishermap.org/location/16243/",
        "source_id": "16243",
        "date": "2018-04-07",
        "sector": "Вороново",
        "confidence_class": "B",
        "confidence_classes": [
          "B"
        ],
        "reports_count": 1,
        "published_rows": 1,
        "comment": "Публичная геометка рыболовного отчёта FisherMap. Ладожское озеро.",
        "depth": "",
        "method": "",
        "catch": "",
        "nearest_landmark": "Вороново",
        "landmark_distance_km": 1.841,
        "distance_from_novaya_ladoga_km": 25.388,
        "context_reports_count": "",
        "source_entries": [
          {
            "source": "FisherMap",
            "source_id": "16243",
            "source_url": "https://ru.fishermap.org/location/16243/",
            "date": "2018-04-07",
            "duplicate_of": ""
          }
        ],
        "record_ids": [
          "fishermap-16243"
        ],
        "fish_keys": [
          "bream",
          "roach"
        ]
      }
    },
    {
      "type": "Feature",
      "id": "P100",
      "geometry": {
        "type": "Point",
        "coordinates": [
          32.344292,
          60.04905
        ]
      },
      "properties": {
        "marker_id": "P100",
        "fish": [
          "Лещ"
        ],
        "source": "FisherMap",
        "source_url": "https://ru.fishermap.org/location/16244/",
        "source_id": "16244",
        "date": "2018-08-02",
        "sector": "Нижний Волхов",
        "confidence_class": "B",
        "confidence_classes": [
          "B"
        ],
        "reports_count": 1,
        "published_rows": 1,
        "comment": "Публичная геометка рыболовного отчёта FisherMap. нижний Волхов.",
        "depth": "",
        "method": "",
        "catch": "",
        "nearest_landmark": "Нижний Волхов",
        "landmark_distance_km": 2.953,
        "distance_from_novaya_ladoga_km": 6.688,
        "context_reports_count": "",
        "source_entries": [
          {
            "source": "FisherMap",
            "source_id": "16244",
            "source_url": "https://ru.fishermap.org/location/16244/",
            "date": "2018-08-02",
            "duplicate_of": ""
          }
        ],
        "record_ids": [
          "fishermap-16244"
        ],
        "fish_keys": [
          "bream"
        ]
      }
    },
    {
      "type": "Feature",
      "id": "P101",
      "geometry": {
        "type": "Point",
        "coordinates": [
          31.452973,
          60.028505
        ]
      },
      "properties": {
        "marker_id": "P101",
        "fish": [
          "Окунь"
        ],
        "source": "FisherMap",
        "source_url": "https://ru.fishermap.org/location/16245/",
        "source_id": "16245",
        "date": "2019-02-16",
        "sector": "Кобона / южный берег",
        "confidence_class": "B",
        "confidence_classes": [
          "B"
        ],
        "reports_count": 1,
        "published_rows": 1,
        "comment": "Публичная геометка рыболовного отчёта FisherMap. Ладожское озеро.",
        "depth": "",
        "method": "",
        "catch": "",
        "nearest_landmark": "Кобона / южный берег",
        "landmark_distance_km": 5.392,
        "distance_from_novaya_ladoga_km": 47.407,
        "context_reports_count": "",
        "source_entries": [
          {
            "source": "FisherMap",
            "source_id": "16245",
            "source_url": "https://ru.fishermap.org/location/16245/",
            "date": "2019-02-16",
            "duplicate_of": ""
          }
        ],
        "record_ids": [
          "fishermap-16245"
        ],
        "fish_keys": [
          "perch"
        ]
      }
    },
    {
      "type": "Feature",
      "id": "P102",
      "geometry": {
        "type": "Point",
        "coordinates": [
          31.407798,
          60.015231
        ]
      },
      "properties": {
        "marker_id": "P102",
        "fish": [
          "Плотва"
        ],
        "source": "FisherMap",
        "source_url": "https://ru.fishermap.org/location/16246/",
        "source_id": "16246",
        "date": "2019-03-26",
        "sector": "Кобона / южный берег",
        "confidence_class": "B",
        "confidence_classes": [
          "B"
        ],
        "reports_count": 1,
        "published_rows": 1,
        "comment": "Публичная геометка рыболовного отчёта FisherMap. Ладожское озеро.",
        "depth": "",
        "method": "",
        "catch": "",
        "nearest_landmark": "Кобона / южный берег",
        "landmark_distance_km": 8.07,
        "distance_from_novaya_ladoga_km": 50.155,
        "context_reports_count": "",
        "source_entries": [
          {
            "source": "FisherMap",
            "source_id": "16246",
            "source_url": "https://ru.fishermap.org/location/16246/",
            "date": "2019-03-26",
            "duplicate_of": ""
          }
        ],
        "record_ids": [
          "fishermap-16246"
        ],
        "fish_keys": [
          "roach"
        ]
      }
    },
    {
      "type": "Feature",
      "id": "P103",
      "geometry": {
        "type": "Point",
        "coordinates": [
          31.511137,
          59.97432
        ]
      },
      "properties": {
        "marker_id": "P103",
        "fish": [
          "Окунь"
        ],
        "source": "FisherMap",
        "source_url": "https://ru.fishermap.org/location/16559/",
        "source_id": "16559",
        "date": "2018-12-16",
        "sector": "Кобона / южный берег",
        "confidence_class": "B",
        "confidence_classes": [
          "B"
        ],
        "reports_count": 1,
        "published_rows": 1,
        "comment": "Публичная геометка рыболовного отчёта FisherMap. Ладожское озеро.",
        "depth": "",
        "method": "",
        "catch": "",
        "nearest_landmark": "Кобона / южный берег",
        "landmark_distance_km": 6.557,
        "distance_from_novaya_ladoga_km": 45.791,
        "context_reports_count": "",
        "source_entries": [
          {
            "source": "FisherMap",
            "source_id": "16559",
            "source_url": "https://ru.fishermap.org/location/16559/",
            "date": "2018-12-16",
            "duplicate_of": ""
          }
        ],
        "record_ids": [
          "fishermap-16559"
        ],
        "fish_keys": [
          "perch"
        ]
      }
    },
    {
      "type": "Feature",
      "id": "P104",
      "geometry": {
        "type": "Point",
        "coordinates": [
          31.517438,
          59.974928
        ]
      },
      "properties": {
        "marker_id": "P104",
        "fish": [
          "Окунь"
        ],
        "source": "FisherMap",
        "source_url": "https://ru.fishermap.org/location/16562/",
        "source_id": "16562",
        "date": "2018-12-19",
        "sector": "Кобона / южный берег",
        "confidence_class": "B",
        "confidence_classes": [
          "B"
        ],
        "reports_count": 1,
        "published_rows": 1,
        "comment": "Публичная геометка рыболовного отчёта FisherMap. Ладожское озеро.",
        "depth": "",
        "method": "",
        "catch": "",
        "nearest_landmark": "Кобона / южный берег",
        "landmark_distance_km": 6.386,
        "distance_from_novaya_ladoga_km": 45.438,
        "context_reports_count": "",
        "source_entries": [
          {
            "source": "FisherMap",
            "source_id": "16562",
            "source_url": "https://ru.fishermap.org/location/16562/",
            "date": "2018-12-19",
            "duplicate_of": ""
          }
        ],
        "record_ids": [
          "fishermap-16562"
        ],
        "fish_keys": [
          "perch"
        ]
      }
    },
    {
      "type": "Feature",
      "id": "P105",
      "geometry": {
        "type": "Point",
        "coordinates": [
          31.52809,
          59.978596
        ]
      },
      "properties": {
        "marker_id": "P105",
        "fish": [
          "Окунь"
        ],
        "source": "FisherMap",
        "source_url": "https://ru.fishermap.org/location/16564/",
        "source_id": "16564",
        "date": "2018-12-26",
        "sector": "Кобона / южный берег",
        "confidence_class": "B",
        "confidence_classes": [
          "B"
        ],
        "reports_count": 1,
        "published_rows": 1,
        "comment": "Публичная геометка рыболовного отчёта FisherMap. Ладожское озеро.",
        "depth": "",
        "method": "",
        "catch": "",
        "nearest_landmark": "Кобона / южный берег",
        "landmark_distance_km": 5.844,
        "distance_from_novaya_ladoga_km": 44.746,
        "context_reports_count": "",
        "source_entries": [
          {
            "source": "FisherMap",
            "source_id": "16564",
            "source_url": "https://ru.fishermap.org/location/16564/",
            "date": "2018-12-26",
            "duplicate_of": ""
          }
        ],
        "record_ids": [
          "fishermap-16564"
        ],
        "fish_keys": [
          "perch"
        ]
      }
    },
    {
      "type": "Feature",
      "id": "P106",
      "geometry": {
        "type": "Point",
        "coordinates": [
          32.214768,
          60.184477
        ]
      },
      "properties": {
        "marker_id": "P106",
        "fish": [
          "Окунь"
        ],
        "source": "FisherMap",
        "source_url": "https://ru.fishermap.org/location/16567/",
        "source_id": "16567",
        "date": "2019-01-07",
        "sector": "Креницы / Волховская губа",
        "confidence_class": "B",
        "confidence_classes": [
          "B"
        ],
        "reports_count": 1,
        "published_rows": 1,
        "comment": "Публичная геометка рыболовного отчёта FisherMap. Ладожское озеро.",
        "depth": "",
        "method": "",
        "catch": "",
        "nearest_landmark": "Креницы / Волховская губа",
        "landmark_distance_km": 3.697,
        "distance_from_novaya_ladoga_km": 9.994,
        "context_reports_count": "",
        "source_entries": [
          {
            "source": "FisherMap",
            "source_id": "16567",
            "source_url": "https://ru.fishermap.org/location/16567/",
            "date": "2019-01-07",
            "duplicate_of": ""
          }
        ],
        "record_ids": [
          "fishermap-16567"
        ],
        "fish_keys": [
          "perch"
        ]
      }
    },
    {
      "type": "Feature",
      "id": "P107",
      "geometry": {
        "type": "Point",
        "coordinates": [
          31.633171,
          60.187433
        ]
      },
      "properties": {
        "marker_id": "P107",
        "fish": [
          "Налим",
          "Плотва"
        ],
        "source": "FisherMap",
        "source_url": "https://ru.fishermap.org/location/16574/",
        "source_id": "16574",
        "date": "2019-02-01",
        "sector": "Шлиссельбург / бухта Петрокрепость",
        "confidence_class": "B",
        "confidence_classes": [
          "B"
        ],
        "reports_count": 1,
        "published_rows": 1,
        "comment": "Публичная геометка рыболовного отчёта FisherMap. Ладожское озеро.",
        "depth": "",
        "method": "",
        "catch": "",
        "nearest_landmark": "Шлиссельбург / бухта Петрокрепость",
        "landmark_distance_km": 7.607,
        "distance_from_novaya_ladoga_km": 37.743,
        "context_reports_count": "",
        "source_entries": [
          {
            "source": "FisherMap",
            "source_id": "16574",
            "source_url": "https://ru.fishermap.org/location/16574/",
            "date": "2019-02-01",
            "duplicate_of": ""
          }
        ],
        "record_ids": [
          "fishermap-16574"
        ],
        "fish_keys": [
          "roach",
          "other"
        ]
      }
    },
    {
      "type": "Feature",
      "id": "P108",
      "geometry": {
        "type": "Point",
        "coordinates": [
          31.788919,
          60.226807
        ]
      },
      "properties": {
        "marker_id": "P108",
        "fish": [
          "Плотва",
          "Щука",
          "Язь"
        ],
        "source": "FisherMap",
        "source_url": "https://ru.fishermap.org/location/16595/",
        "source_id": "16595",
        "date": "2019-04-22",
        "sector": "Лигово",
        "confidence_class": "B",
        "confidence_classes": [
          "B"
        ],
        "reports_count": 1,
        "published_rows": 1,
        "comment": "Публичная геометка рыболовного отчёта FisherMap. Ладожское озеро.",
        "depth": "",
        "method": "",
        "catch": "",
        "nearest_landmark": "Лигово",
        "landmark_distance_km": 1.67,
        "distance_from_novaya_ladoga_km": 31.112,
        "context_reports_count": "",
        "source_entries": [
          {
            "source": "FisherMap",
            "source_id": "16595",
            "source_url": "https://ru.fishermap.org/location/16595/",
            "date": "2019-04-22",
            "duplicate_of": ""
          }
        ],
        "record_ids": [
          "fishermap-16595"
        ],
        "fish_keys": [
          "roach",
          "pike",
          "other"
        ]
      }
    },
    {
      "type": "Feature",
      "id": "P109",
      "geometry": {
        "type": "Point",
        "coordinates": [
          32.345053,
          60.064805
        ]
      },
      "properties": {
        "marker_id": "P109",
        "fish": [
          "Лещ",
          "Язь"
        ],
        "source": "FisherMap",
        "source_url": "https://ru.fishermap.org/location/16604/",
        "source_id": "16604",
        "date": "2019-05-09",
        "sector": "Нижний Волхов",
        "confidence_class": "B",
        "confidence_classes": [
          "B"
        ],
        "reports_count": 1,
        "published_rows": 1,
        "comment": "Публичная геометка рыболовного отчёта FisherMap. нижний Волхов.",
        "depth": "",
        "method": "",
        "catch": "",
        "nearest_landmark": "Нижний Волхов",
        "landmark_distance_km": 1.316,
        "distance_from_novaya_ladoga_km": 5.171,
        "context_reports_count": "",
        "source_entries": [
          {
            "source": "FisherMap",
            "source_id": "16604",
            "source_url": "https://ru.fishermap.org/location/16604/",
            "date": "2019-05-09",
            "duplicate_of": ""
          }
        ],
        "record_ids": [
          "fishermap-16604"
        ],
        "fish_keys": [
          "bream",
          "other"
        ]
      }
    },
    {
      "type": "Feature",
      "id": "P110",
      "geometry": {
        "type": "Point",
        "coordinates": [
          32.242821,
          60.148447
        ]
      },
      "properties": {
        "marker_id": "P110",
        "fish": [
          "Окунь",
          "Судак"
        ],
        "source": "FisherMap",
        "source_url": "https://ru.fishermap.org/location/16626/",
        "source_id": "16626",
        "date": "2019-08-13",
        "sector": "Креницы / Волховская губа",
        "confidence_class": "B",
        "confidence_classes": [
          "B"
        ],
        "reports_count": 1,
        "published_rows": 1,
        "comment": "Публичная геометка рыболовного отчёта FisherMap. Ладожское озеро. Предыдущий массив: Окунь, судак (FisherMap).",
        "depth": "",
        "method": "",
        "catch": "",
        "nearest_landmark": "Креницы / Волховская губа",
        "landmark_distance_km": 1.598,
        "distance_from_novaya_ladoga_km": 5.725,
        "context_reports_count": "",
        "source_entries": [
          {
            "source": "FisherMap",
            "source_id": "16626",
            "source_url": "https://ru.fishermap.org/location/16626/",
            "date": "2019-08-13",
            "duplicate_of": ""
          }
        ],
        "record_ids": [
          "fishermap-16626"
        ],
        "fish_keys": [
          "perch",
          "zander"
        ]
      }
    },
    {
      "type": "Feature",
      "id": "P111",
      "geometry": {
        "type": "Point",
        "coordinates": [
          31.982064,
          60.225864
        ]
      },
      "properties": {
        "marker_id": "P111",
        "fish": [
          "Щука"
        ],
        "source": "FisherMap",
        "source_url": "https://ru.fishermap.org/location/16637/",
        "source_id": "16637",
        "date": "2019-09-11",
        "sector": "Дубно",
        "confidence_class": "B",
        "confidence_classes": [
          "B"
        ],
        "reports_count": 1,
        "published_rows": 1,
        "comment": "Публичная геометка рыболовного отчёта FisherMap. Ладожское озеро. Предыдущий массив: Щука (FisherMap).",
        "depth": "",
        "method": "",
        "catch": "",
        "nearest_landmark": "Дубно",
        "landmark_distance_km": 0.975,
        "distance_from_novaya_ladoga_km": 21.96,
        "context_reports_count": "",
        "source_entries": [
          {
            "source": "FisherMap",
            "source_id": "16637",
            "source_url": "https://ru.fishermap.org/location/16637/",
            "date": "2019-09-11",
            "duplicate_of": ""
          }
        ],
        "record_ids": [
          "fishermap-16637"
        ],
        "fish_keys": [
          "pike"
        ]
      }
    },
    {
      "type": "Feature",
      "id": "P112",
      "geometry": {
        "type": "Point",
        "coordinates": [
          32.333886,
          60.130917
        ]
      },
      "properties": {
        "marker_id": "P112",
        "fish": [
          "Густера",
          "Плотва"
        ],
        "source": "FisherMap",
        "source_url": "https://ru.fishermap.org/location/20067/",
        "source_id": "20067",
        "date": "2019-08-09",
        "sector": "Новая Ладога / устье Волхова",
        "confidence_class": "B",
        "confidence_classes": [
          "B"
        ],
        "reports_count": 1,
        "published_rows": 1,
        "comment": "Публичная геометка рыболовного отчёта FisherMap. нижний Волхов.",
        "depth": "",
        "method": "",
        "catch": "",
        "nearest_landmark": "Новая Ладога / устье Волхова",
        "landmark_distance_km": 1.629,
        "distance_from_novaya_ladoga_km": 3.747,
        "context_reports_count": "",
        "source_entries": [
          {
            "source": "FisherMap",
            "source_id": "20067",
            "source_url": "https://ru.fishermap.org/location/20067/",
            "date": "2019-08-09",
            "duplicate_of": ""
          }
        ],
        "record_ids": [
          "fishermap-20067"
        ],
        "fish_keys": [
          "roach",
          "other"
        ]
      }
    },
    {
      "type": "Feature",
      "id": "P113",
      "geometry": {
        "type": "Point",
        "coordinates": [
          32.129243,
          60.225408
        ]
      },
      "properties": {
        "marker_id": "P113",
        "fish": [
          "Окунь"
        ],
        "source": "FisherMap",
        "source_url": "https://ru.fishermap.org/location/20188/",
        "source_id": "20188",
        "date": "2022-01-04",
        "sector": "о. Птинов",
        "confidence_class": "B",
        "confidence_classes": [
          "B"
        ],
        "reports_count": 1,
        "published_rows": 1,
        "comment": "Публичная геометка рыболовного отчёта FisherMap. Ладожское озеро.",
        "depth": "",
        "method": "",
        "catch": "",
        "nearest_landmark": "о. Птинов",
        "landmark_distance_km": 4.19,
        "distance_from_novaya_ladoga_km": 16.315,
        "context_reports_count": "",
        "source_entries": [
          {
            "source": "FisherMap",
            "source_id": "20188",
            "source_url": "https://ru.fishermap.org/location/20188/",
            "date": "2022-01-04",
            "duplicate_of": ""
          }
        ],
        "record_ids": [
          "fishermap-20188"
        ],
        "fish_keys": [
          "perch"
        ]
      }
    },
    {
      "type": "Feature",
      "id": "P114",
      "geometry": {
        "type": "Point",
        "coordinates": [
          32.340207,
          60.119097
        ]
      },
      "properties": {
        "marker_id": "P114",
        "fish": [
          "Плотва"
        ],
        "source": "FisherMap",
        "source_url": "https://ru.fishermap.org/location/20191/",
        "source_id": "20191",
        "date": "2022-04-06",
        "sector": "Новая Ладога / устье Волхова",
        "confidence_class": "B",
        "confidence_classes": [
          "B"
        ],
        "reports_count": 1,
        "published_rows": 1,
        "comment": "Публичная геометка рыболовного отчёта FisherMap. нижний Волхов.",
        "depth": "",
        "method": "",
        "catch": "",
        "nearest_landmark": "Новая Ладога / устье Волхова",
        "landmark_distance_km": 1.126,
        "distance_from_novaya_ladoga_km": 3.08,
        "context_reports_count": "",
        "source_entries": [
          {
            "source": "FisherMap",
            "source_id": "20191",
            "source_url": "https://ru.fishermap.org/location/20191/",
            "date": "2022-04-06",
            "duplicate_of": ""
          }
        ],
        "record_ids": [
          "fishermap-20191"
        ],
        "fish_keys": [
          "roach"
        ]
      }
    },
    {
      "type": "Feature",
      "id": "P115",
      "geometry": {
        "type": "Point",
        "coordinates": [
          32.601296,
          60.285915
        ]
      },
      "properties": {
        "marker_id": "P115",
        "fish": [
          "Густера",
          "Налим",
          "Плотва"
        ],
        "source": "FisherMap; fishing-report.ru",
        "source_url": "https://ru.fishermap.org/location/20195/; https://fishing-report.ru/35610/",
        "source_id": "20195; 35610",
        "date": "2022-11-29—2022-12-07",
        "sector": "Вороново",
        "confidence_class": "B",
        "confidence_classes": [
          "B"
        ],
        "reports_count": 2,
        "published_rows": 2,
        "comment": "Публичная геометка рыболовного отчёта FisherMap. Ладожское озеро. Предыдущий массив: Вороново — геометка отчёта (геометка отчёта). | Публичная геометка отчёта fishing-report.ru. Волховская губа. Отчёт с опозданием Ладога. Вороново.",
        "depth": "",
        "method": "",
        "catch": "",
        "nearest_landmark": "Вороново",
        "landmark_distance_km": 0,
        "distance_from_novaya_ladoga_km": 26.438,
        "context_reports_count": "",
        "source_entries": [
          {
            "source": "FisherMap",
            "source_id": "20195",
            "source_url": "https://ru.fishermap.org/location/20195/",
            "date": "2022-11-29",
            "duplicate_of": ""
          },
          {
            "source": "fishing-report.ru",
            "source_id": "35610",
            "source_url": "https://fishing-report.ru/35610/",
            "date": "2022-12-07",
            "duplicate_of": ""
          }
        ],
        "record_ids": [
          "fishermap-20195",
          "fishing-report-35610"
        ],
        "fish_keys": [
          "roach",
          "other"
        ]
      }
    },
    {
      "type": "Feature",
      "id": "P116",
      "geometry": {
        "type": "Point",
        "coordinates": [
          31.475682,
          60.021502
        ]
      },
      "properties": {
        "marker_id": "P116",
        "fish": [
          "Окунь",
          "Сиг"
        ],
        "source": "FisherMap",
        "source_url": "https://ru.fishermap.org/location/20200/",
        "source_id": "20200",
        "date": "2023-01-14",
        "sector": "Кобона / южный берег",
        "confidence_class": "B",
        "confidence_classes": [
          "B"
        ],
        "reports_count": 1,
        "published_rows": 1,
        "comment": "Публичная геометка рыболовного отчёта FisherMap. Ладожское озеро.",
        "depth": "",
        "method": "",
        "catch": "",
        "nearest_landmark": "Кобона / южный берег",
        "landmark_distance_km": 4.235,
        "distance_from_novaya_ladoga_km": 46.32,
        "context_reports_count": "",
        "source_entries": [
          {
            "source": "FisherMap",
            "source_id": "20200",
            "source_url": "https://ru.fishermap.org/location/20200/",
            "date": "2023-01-14",
            "duplicate_of": ""
          }
        ],
        "record_ids": [
          "fishermap-20200"
        ],
        "fish_keys": [
          "perch",
          "other"
        ]
      }
    },
    {
      "type": "Feature",
      "id": "P117",
      "geometry": {
        "type": "Point",
        "coordinates": [
          32.242394,
          60.129703
        ]
      },
      "properties": {
        "marker_id": "P117",
        "fish": [
          "Щука"
        ],
        "source": "FisherMap",
        "source_url": "https://ru.fishermap.org/location/20204/",
        "source_id": "20204",
        "date": "2023-02-05",
        "sector": "Креницы / Волховская губа",
        "confidence_class": "B",
        "confidence_classes": [
          "B"
        ],
        "reports_count": 1,
        "published_rows": 1,
        "comment": "Публичная геометка рыболовного отчёта FisherMap. Ладожское озеро.",
        "depth": "",
        "method": "",
        "catch": "",
        "nearest_landmark": "Креницы / Волховская губа",
        "landmark_distance_km": 3.507,
        "distance_from_novaya_ladoga_km": 4.064,
        "context_reports_count": "",
        "source_entries": [
          {
            "source": "FisherMap",
            "source_id": "20204",
            "source_url": "https://ru.fishermap.org/location/20204/",
            "date": "2023-02-05",
            "duplicate_of": ""
          }
        ],
        "record_ids": [
          "fishermap-20204"
        ],
        "fish_keys": [
          "pike"
        ]
      }
    },
    {
      "type": "Feature",
      "id": "P118",
      "geometry": {
        "type": "Point",
        "coordinates": [
          31.469672,
          60.028511
        ]
      },
      "properties": {
        "marker_id": "P118",
        "fish": [
          "Окунь",
          "Плотва"
        ],
        "source": "FisherMap",
        "source_url": "https://ru.fishermap.org/location/20205/",
        "source_id": "20205",
        "date": "2023-02-15",
        "sector": "Кобона / южный берег",
        "confidence_class": "B",
        "confidence_classes": [
          "B"
        ],
        "reports_count": 1,
        "published_rows": 1,
        "comment": "Публичная геометка рыболовного отчёта FisherMap. Ладожское озеро.",
        "depth": "",
        "method": "",
        "catch": "",
        "nearest_landmark": "Кобона / южный берег",
        "landmark_distance_km": 4.465,
        "distance_from_novaya_ladoga_km": 46.496,
        "context_reports_count": "",
        "source_entries": [
          {
            "source": "FisherMap",
            "source_id": "20205",
            "source_url": "https://ru.fishermap.org/location/20205/",
            "date": "2023-02-15",
            "duplicate_of": ""
          }
        ],
        "record_ids": [
          "fishermap-20205"
        ],
        "fish_keys": [
          "perch",
          "roach"
        ]
      }
    },
    {
      "type": "Feature",
      "id": "P119",
      "geometry": {
        "type": "Point",
        "coordinates": [
          32.239792,
          60.132812
        ]
      },
      "properties": {
        "marker_id": "P119",
        "fish": [
          "Щука"
        ],
        "source": "FisherMap",
        "source_url": "https://ru.fishermap.org/location/20206/",
        "source_id": "20206",
        "date": "2023-02-16",
        "sector": "Креницы / Волховская губа",
        "confidence_class": "B",
        "confidence_classes": [
          "B"
        ],
        "reports_count": 1,
        "published_rows": 1,
        "comment": "Публичная геометка рыболовного отчёта FisherMap. Ладожское озеро.",
        "depth": "",
        "method": "",
        "catch": "",
        "nearest_landmark": "Креницы / Волховская губа",
        "landmark_distance_km": 3.223,
        "distance_from_novaya_ladoga_km": 4.414,
        "context_reports_count": "",
        "source_entries": [
          {
            "source": "FisherMap",
            "source_id": "20206",
            "source_url": "https://ru.fishermap.org/location/20206/",
            "date": "2023-02-16",
            "duplicate_of": ""
          }
        ],
        "record_ids": [
          "fishermap-20206"
        ],
        "fish_keys": [
          "pike"
        ]
      }
    },
    {
      "type": "Feature",
      "id": "P120",
      "geometry": {
        "type": "Point",
        "coordinates": [
          31.382218,
          60.070309
        ]
      },
      "properties": {
        "marker_id": "P120",
        "fish": [
          "Окунь"
        ],
        "source": "FisherMap; fishing-report.ru",
        "source_url": "https://ru.fishermap.org/location/20207/; https://fishing-report.ru/38126/",
        "source_id": "20207; 38126",
        "date": "2023-02-25—2023-03-05",
        "sector": "Кобона / южный берег",
        "confidence_class": "B",
        "confidence_classes": [
          "B"
        ],
        "reports_count": 2,
        "published_rows": 2,
        "comment": "Публичная геометка рыболовного отчёта FisherMap. Ладожское озеро. | Публичная геометка отчёта fishing-report.ru. бухта Петрокрепость. Кобона. 25.02.2023. Неожиданный выход на 7.5 м. Были с женой — «накоротке» — удовольствие получили) всем добра и НХНЧ!!!",
        "depth": "",
        "method": "",
        "catch": "",
        "nearest_landmark": "Кобона / южный берег",
        "landmark_distance_km": 10.336,
        "distance_from_novaya_ladoga_km": 50.694,
        "context_reports_count": "",
        "source_entries": [
          {
            "source": "FisherMap",
            "source_id": "20207",
            "source_url": "https://ru.fishermap.org/location/20207/",
            "date": "2023-02-25",
            "duplicate_of": ""
          },
          {
            "source": "fishing-report.ru",
            "source_id": "38126",
            "source_url": "https://fishing-report.ru/38126/",
            "date": "2023-03-05",
            "duplicate_of": ""
          }
        ],
        "record_ids": [
          "fishermap-20207",
          "fishing-report-38126"
        ],
        "fish_keys": [
          "perch"
        ]
      }
    },
    {
      "type": "Feature",
      "id": "P121",
      "geometry": {
        "type": "Point",
        "coordinates": [
          31.529794,
          60.028196
        ]
      },
      "properties": {
        "marker_id": "P121",
        "fish": [
          "Плотва"
        ],
        "source": "FisherMap",
        "source_url": "https://ru.fishermap.org/location/20209/",
        "source_id": "20209",
        "date": "2023-04-04",
        "sector": "Кобона / южный берег",
        "confidence_class": "B",
        "confidence_classes": [
          "B"
        ],
        "reports_count": 1,
        "published_rows": 1,
        "comment": "Публичная геометка рыболовного отчёта FisherMap. Ладожское озеро.",
        "depth": "",
        "method": "",
        "catch": "",
        "nearest_landmark": "Кобона / южный берег",
        "landmark_distance_km": 1.14,
        "distance_from_novaya_ladoga_km": 43.225,
        "context_reports_count": "",
        "source_entries": [
          {
            "source": "FisherMap",
            "source_id": "20209",
            "source_url": "https://ru.fishermap.org/location/20209/",
            "date": "2023-04-04",
            "duplicate_of": ""
          }
        ],
        "record_ids": [
          "fishermap-20209"
        ],
        "fish_keys": [
          "roach"
        ]
      }
    },
    {
      "type": "Feature",
      "id": "P122",
      "geometry": {
        "type": "Point",
        "coordinates": [
          32.339714,
          60.058404
        ]
      },
      "properties": {
        "marker_id": "P122",
        "fish": [
          "Лещ"
        ],
        "source": "FisherMap",
        "source_url": "https://ru.fishermap.org/location/20215/",
        "source_id": "20215",
        "date": "2023-09-17",
        "sector": "Нижний Волхов",
        "confidence_class": "B",
        "confidence_classes": [
          "B"
        ],
        "reports_count": 1,
        "published_rows": 1,
        "comment": "Публичная геометка рыболовного отчёта FisherMap. нижний Волхов.",
        "depth": "",
        "method": "",
        "catch": "",
        "nearest_landmark": "Нижний Волхов",
        "landmark_distance_km": 1.883,
        "distance_from_novaya_ladoga_km": 5.641,
        "context_reports_count": "",
        "source_entries": [
          {
            "source": "FisherMap",
            "source_id": "20215",
            "source_url": "https://ru.fishermap.org/location/20215/",
            "date": "2023-09-17",
            "duplicate_of": ""
          }
        ],
        "record_ids": [
          "fishermap-20215"
        ],
        "fish_keys": [
          "bream"
        ]
      }
    },
    {
      "type": "Feature",
      "id": "P123",
      "geometry": {
        "type": "Point",
        "coordinates": [
          32.455839,
          60.135595
        ]
      },
      "properties": {
        "marker_id": "P123",
        "fish": [
          "Лещ"
        ],
        "source": "FisherMap",
        "source_url": "https://ru.fishermap.org/location/20239/",
        "source_id": "20239",
        "date": "2021-05-10",
        "sector": "Новая Ладога / устье Волхова",
        "confidence_class": "B",
        "confidence_classes": [
          "B"
        ],
        "reports_count": 1,
        "published_rows": 1,
        "comment": "Публичная геометка рыболовного отчёта FisherMap. целевая прибрежная зона; водоём в метаданных не указан.",
        "depth": "",
        "method": "",
        "catch": "",
        "nearest_landmark": "Новая Ладога / устье Волхова",
        "landmark_distance_km": 7.774,
        "distance_from_novaya_ladoga_km": 9.642,
        "context_reports_count": "",
        "source_entries": [
          {
            "source": "FisherMap",
            "source_id": "20239",
            "source_url": "https://ru.fishermap.org/location/20239/",
            "date": "2021-05-10",
            "duplicate_of": ""
          }
        ],
        "record_ids": [
          "fishermap-20239"
        ],
        "fish_keys": [
          "bream"
        ]
      }
    },
    {
      "type": "Feature",
      "id": "P124",
      "geometry": {
        "type": "Point",
        "coordinates": [
          31.57502,
          60.105391
        ]
      },
      "properties": {
        "marker_id": "P124",
        "fish": [
          "Окунь",
          "Плотва"
        ],
        "source": "FisherMap",
        "source_url": "https://ru.fishermap.org/location/20271/",
        "source_id": "20271",
        "date": "2022-02-12",
        "sector": "Шлиссельбург / бухта Петрокрепость",
        "confidence_class": "B",
        "confidence_classes": [
          "B"
        ],
        "reports_count": 1,
        "published_rows": 1,
        "comment": "Публичная геометка рыболовного отчёта FisherMap. Ладожское озеро.",
        "depth": "",
        "method": "",
        "catch": "",
        "nearest_landmark": "Шлиссельбург / бухта Петрокрепость",
        "landmark_distance_km": 2.529,
        "distance_from_novaya_ladoga_km": 39.846,
        "context_reports_count": "",
        "source_entries": [
          {
            "source": "FisherMap",
            "source_id": "20271",
            "source_url": "https://ru.fishermap.org/location/20271/",
            "date": "2022-02-12",
            "duplicate_of": ""
          }
        ],
        "record_ids": [
          "fishermap-20271"
        ],
        "fish_keys": [
          "perch",
          "roach"
        ]
      }
    },
    {
      "type": "Feature",
      "id": "P125",
      "geometry": {
        "type": "Point",
        "coordinates": [
          32.306801,
          60.11502
        ]
      },
      "properties": {
        "marker_id": "P125",
        "fish": [
          "Карась"
        ],
        "source": "FisherMap; fishing-report.ru",
        "source_url": "https://ru.fishermap.org/location/20283/; https://fishing-report.ru/40490/",
        "source_id": "20283; 40490",
        "date": "2023-05-12—2023-05-13",
        "sector": "Новая Ладога / устье Волхова",
        "confidence_class": "B",
        "confidence_classes": [
          "B"
        ],
        "reports_count": 2,
        "published_rows": 2,
        "comment": "Публичная геометка рыболовного отчёта FisherMap. целевая прибрежная зона; водоём в метаданных не указан. | Публичная геометка отчёта fishing-report.ru. устьевая зона Новой Ладоги. Новая Ладога. Канал -->",
        "depth": "",
        "method": "",
        "catch": "",
        "nearest_landmark": "Новая Ладога / устье Волхова",
        "landmark_distance_km": 0.803,
        "distance_from_novaya_ladoga_km": 1.444,
        "context_reports_count": "",
        "source_entries": [
          {
            "source": "FisherMap",
            "source_id": "20283",
            "source_url": "https://ru.fishermap.org/location/20283/",
            "date": "2023-05-12",
            "duplicate_of": ""
          },
          {
            "source": "fishing-report.ru",
            "source_id": "40490",
            "source_url": "https://fishing-report.ru/40490/",
            "date": "2023-05-13",
            "duplicate_of": ""
          }
        ],
        "record_ids": [
          "fishermap-20283",
          "fishing-report-40490"
        ],
        "fish_keys": [
          "other"
        ]
      }
    },
    {
      "type": "Feature",
      "id": "P126",
      "geometry": {
        "type": "Point",
        "coordinates": [
          32.314274,
          60.085507
        ]
      },
      "properties": {
        "marker_id": "P126",
        "fish": [
          "Карась"
        ],
        "source": "FisherMap; fishing-report.ru",
        "source_url": "https://ru.fishermap.org/location/20284/; https://fishing-report.ru/40520/",
        "source_id": "20284; 40520",
        "date": "2023-05-12—2023-05-14",
        "sector": "Нижний Волхов",
        "confidence_class": "B",
        "confidence_classes": [
          "B"
        ],
        "reports_count": 2,
        "published_rows": 2,
        "comment": "Публичная геометка рыболовного отчёта FisherMap. нижний Волхов. | Публичная геометка отчёта fishing-report.ru. нижний Волхов. Открыли сезон. Первый кемпенговый выезд на Волхов -->",
        "depth": "",
        "method": "",
        "catch": "",
        "nearest_landmark": "Нижний Волхов",
        "landmark_distance_km": 1.563,
        "distance_from_novaya_ladoga_km": 2.316,
        "context_reports_count": "",
        "source_entries": [
          {
            "source": "FisherMap",
            "source_id": "20284",
            "source_url": "https://ru.fishermap.org/location/20284/",
            "date": "2023-05-12",
            "duplicate_of": ""
          },
          {
            "source": "fishing-report.ru",
            "source_id": "40520",
            "source_url": "https://fishing-report.ru/40520/",
            "date": "2023-05-14",
            "duplicate_of": ""
          }
        ],
        "record_ids": [
          "fishermap-20284",
          "fishing-report-40520"
        ],
        "fish_keys": [
          "other"
        ]
      }
    },
    {
      "type": "Feature",
      "id": "P127",
      "geometry": {
        "type": "Point",
        "coordinates": [
          31.943687,
          60.262203
        ]
      },
      "properties": {
        "marker_id": "P127",
        "fish": [
          "Окунь"
        ],
        "source": "FisherMap; fishing-report.ru",
        "source_url": "https://ru.fishermap.org/location/20292/; https://fishing-report.ru/51112/",
        "source_id": "20292; 51112",
        "date": "2024-02-10—2024-02-17",
        "sector": "Дубно",
        "confidence_class": "B",
        "confidence_classes": [
          "B"
        ],
        "reports_count": 2,
        "published_rows": 2,
        "comment": "Публичная геометка рыболовного отчёта FisherMap. Ладожское озеро. Предыдущий массив: Дубно — хорошая рыбалка (геометка отчёта). | Публичная геометка отчёта fishing-report.ru. Ладожское озеро. Дубно! Отличная погода и хорошая рыбалка! -->",
        "depth": "",
        "method": "",
        "catch": "",
        "nearest_landmark": "Дубно",
        "landmark_distance_km": 3.769,
        "distance_from_novaya_ladoga_km": 26.186,
        "context_reports_count": "",
        "source_entries": [
          {
            "source": "FisherMap",
            "source_id": "20292",
            "source_url": "https://ru.fishermap.org/location/20292/",
            "date": "2024-02-10",
            "duplicate_of": ""
          },
          {
            "source": "fishing-report.ru",
            "source_id": "51112",
            "source_url": "https://fishing-report.ru/51112/",
            "date": "2024-02-17",
            "duplicate_of": ""
          }
        ],
        "record_ids": [
          "fishermap-20292",
          "fishing-report-51112"
        ],
        "fish_keys": [
          "perch"
        ]
      }
    },
    {
      "type": "Feature",
      "id": "P128",
      "geometry": {
        "type": "Point",
        "coordinates": [
          31.418379,
          59.978608
        ]
      },
      "properties": {
        "marker_id": "P128",
        "fish": [
          "Окунь",
          "Плотва"
        ],
        "source": "FisherMap",
        "source_url": "https://ru.fishermap.org/location/20303/",
        "source_id": "20303",
        "date": "2023-12-17",
        "sector": "Кобона / южный берег",
        "confidence_class": "B",
        "confidence_classes": [
          "B"
        ],
        "reports_count": 1,
        "published_rows": 1,
        "comment": "Публичная геометка рыболовного отчёта FisherMap. Ладожское озеро.",
        "depth": "",
        "method": "",
        "catch": "",
        "nearest_landmark": "Кобона / южный берег",
        "landmark_distance_km": 9.284,
        "distance_from_novaya_ladoga_km": 50.571,
        "context_reports_count": "",
        "source_entries": [
          {
            "source": "FisherMap",
            "source_id": "20303",
            "source_url": "https://ru.fishermap.org/location/20303/",
            "date": "2023-12-17",
            "duplicate_of": ""
          }
        ],
        "record_ids": [
          "fishermap-20303"
        ],
        "fish_keys": [
          "perch",
          "roach"
        ]
      }
    },
    {
      "type": "Feature",
      "id": "P129",
      "geometry": {
        "type": "Point",
        "coordinates": [
          31.508122,
          60.029512
        ]
      },
      "properties": {
        "marker_id": "P129",
        "fish": [
          "Плотва"
        ],
        "source": "FisherMap",
        "source_url": "https://ru.fishermap.org/location/20306/",
        "source_id": "20306",
        "date": "2024-03-11",
        "sector": "Кобона / южный берег",
        "confidence_class": "B",
        "confidence_classes": [
          "B"
        ],
        "reports_count": 1,
        "published_rows": 1,
        "comment": "Публичная геометка рыболовного отчёта FisherMap. Ладожское озеро.",
        "depth": "",
        "method": "",
        "catch": "",
        "nearest_landmark": "Кобона / южный берег",
        "landmark_distance_km": 2.327,
        "distance_from_novaya_ladoga_km": 44.377,
        "context_reports_count": "",
        "source_entries": [
          {
            "source": "FisherMap",
            "source_id": "20306",
            "source_url": "https://ru.fishermap.org/location/20306/",
            "date": "2024-03-11",
            "duplicate_of": ""
          }
        ],
        "record_ids": [
          "fishermap-20306"
        ],
        "fish_keys": [
          "roach"
        ]
      }
    },
    {
      "type": "Feature",
      "id": "P130",
      "geometry": {
        "type": "Point",
        "coordinates": [
          31.718685,
          59.977616
        ]
      },
      "properties": {
        "marker_id": "P130",
        "fish": [
          "Щука"
        ],
        "source": "FisherMap",
        "source_url": "https://ru.fishermap.org/location/20307/",
        "source_id": "20307",
        "date": "2022-05-27",
        "sector": "Кобона / южный берег",
        "confidence_class": "B",
        "confidence_classes": [
          "B"
        ],
        "reports_count": 1,
        "published_rows": 1,
        "comment": "Публичная геометка рыболовного отчёта FisherMap. целевая прибрежная зона; водоём в метаданных не указан.",
        "depth": "",
        "method": "",
        "catch": "",
        "nearest_landmark": "Кобона / южный берег",
        "landmark_distance_km": 11.039,
        "distance_from_novaya_ladoga_km": 34.887,
        "context_reports_count": "",
        "source_entries": [
          {
            "source": "FisherMap",
            "source_id": "20307",
            "source_url": "https://ru.fishermap.org/location/20307/",
            "date": "2022-05-27",
            "duplicate_of": ""
          }
        ],
        "record_ids": [
          "fishermap-20307"
        ],
        "fish_keys": [
          "pike"
        ]
      }
    },
    {
      "type": "Feature",
      "id": "P131",
      "geometry": {
        "type": "Point",
        "coordinates": [
          32.321594,
          60.268015
        ]
      },
      "properties": {
        "marker_id": "P131",
        "fish": [
          "Судак"
        ],
        "source": "FisherMap",
        "source_url": "https://ru.fishermap.org/location/20310/",
        "source_id": "20310",
        "date": "2023-07-31",
        "sector": "Варецкие банки",
        "confidence_class": "B",
        "confidence_classes": [
          "B"
        ],
        "reports_count": 1,
        "published_rows": 1,
        "comment": "Публичная геометка рыболовного отчёта FisherMap. Ладожское озеро.",
        "depth": "",
        "method": "",
        "catch": "",
        "nearest_landmark": "Варецкие банки",
        "landmark_distance_km": 12.317,
        "distance_from_novaya_ladoga_km": 18.333,
        "context_reports_count": "",
        "source_entries": [
          {
            "source": "FisherMap",
            "source_id": "20310",
            "source_url": "https://ru.fishermap.org/location/20310/",
            "date": "2023-07-31",
            "duplicate_of": ""
          }
        ],
        "record_ids": [
          "fishermap-20310"
        ],
        "fish_keys": [
          "zander"
        ]
      }
    },
    {
      "type": "Feature",
      "id": "P132",
      "geometry": {
        "type": "Point",
        "coordinates": [
          32.306103,
          60.146112
        ]
      },
      "properties": {
        "marker_id": "P132",
        "fish": [
          "Окунь",
          "Щука"
        ],
        "source": "FisherMap",
        "source_url": "https://ru.fishermap.org/location/20311/",
        "source_id": "20311",
        "date": "2023-09-04",
        "sector": "Креницы / Волховская губа",
        "confidence_class": "B",
        "confidence_classes": [
          "B"
        ],
        "reports_count": 1,
        "published_rows": 1,
        "comment": "Публичная геометка рыболовного отчёта FisherMap. Ладожское озеро.",
        "depth": "",
        "method": "",
        "catch": "",
        "nearest_landmark": "Креницы / Волховская губа",
        "landmark_distance_km": 2.982,
        "distance_from_novaya_ladoga_km": 4.762,
        "context_reports_count": "",
        "source_entries": [
          {
            "source": "FisherMap",
            "source_id": "20311",
            "source_url": "https://ru.fishermap.org/location/20311/",
            "date": "2023-09-04",
            "duplicate_of": ""
          }
        ],
        "record_ids": [
          "fishermap-20311"
        ],
        "fish_keys": [
          "perch",
          "pike"
        ]
      }
    },
    {
      "type": "Feature",
      "id": "P133",
      "geometry": {
        "type": "Point",
        "coordinates": [
          31.490503,
          60.027102
        ]
      },
      "properties": {
        "marker_id": "P133",
        "fish": [
          "Плотва"
        ],
        "source": "FisherMap",
        "source_url": "https://ru.fishermap.org/location/20313/",
        "source_id": "20313",
        "date": "2023-12-09",
        "sector": "Кобона / южный берег",
        "confidence_class": "B",
        "confidence_classes": [
          "B"
        ],
        "reports_count": 1,
        "published_rows": 1,
        "comment": "Публичная геометка рыболовного отчёта FisherMap. Ладожское озеро.",
        "depth": "",
        "method": "",
        "catch": "",
        "nearest_landmark": "Кобона / южный берег",
        "landmark_distance_km": 3.321,
        "distance_from_novaya_ladoga_km": 45.389,
        "context_reports_count": "",
        "source_entries": [
          {
            "source": "FisherMap",
            "source_id": "20313",
            "source_url": "https://ru.fishermap.org/location/20313/",
            "date": "2023-12-09",
            "duplicate_of": ""
          }
        ],
        "record_ids": [
          "fishermap-20313"
        ],
        "fish_keys": [
          "roach"
        ]
      }
    },
    {
      "type": "Feature",
      "id": "P134",
      "geometry": {
        "type": "Point",
        "coordinates": [
          32.176908,
          60.181919
        ]
      },
      "properties": {
        "marker_id": "P134",
        "fish": [
          "Щука"
        ],
        "source": "FisherMap",
        "source_url": "https://ru.fishermap.org/location/20314/",
        "source_id": "20314",
        "date": "2023-12-16",
        "sector": "Креницы / Волховская губа",
        "confidence_class": "B",
        "confidence_classes": [
          "B"
        ],
        "reports_count": 1,
        "published_rows": 1,
        "comment": "Публичная геометка рыболовного отчёта FisherMap. Ладожское озеро.",
        "depth": "",
        "method": "",
        "catch": "",
        "nearest_landmark": "Креницы / Волховская губа",
        "landmark_distance_km": 5.202,
        "distance_from_novaya_ladoga_km": 10.845,
        "context_reports_count": "",
        "source_entries": [
          {
            "source": "FisherMap",
            "source_id": "20314",
            "source_url": "https://ru.fishermap.org/location/20314/",
            "date": "2023-12-16",
            "duplicate_of": ""
          }
        ],
        "record_ids": [
          "fishermap-20314"
        ],
        "fish_keys": [
          "pike"
        ]
      }
    },
    {
      "type": "Feature",
      "id": "P135",
      "geometry": {
        "type": "Point",
        "coordinates": [
          31.495277,
          60.024504
        ]
      },
      "properties": {
        "marker_id": "P135",
        "fish": [
          "Окунь"
        ],
        "source": "FisherMap",
        "source_url": "https://ru.fishermap.org/location/20315/",
        "source_id": "20315",
        "date": "2024-01-27",
        "sector": "Кобона / южный берег",
        "confidence_class": "B",
        "confidence_classes": [
          "B"
        ],
        "reports_count": 1,
        "published_rows": 1,
        "comment": "Публичная геометка рыболовного отчёта FisherMap. Ладожское озеро.",
        "depth": "",
        "method": "",
        "catch": "",
        "nearest_landmark": "Кобона / южный берег",
        "landmark_distance_km": 3.101,
        "distance_from_novaya_ladoga_km": 45.186,
        "context_reports_count": "",
        "source_entries": [
          {
            "source": "FisherMap",
            "source_id": "20315",
            "source_url": "https://ru.fishermap.org/location/20315/",
            "date": "2024-01-27",
            "duplicate_of": ""
          }
        ],
        "record_ids": [
          "fishermap-20315"
        ],
        "fish_keys": [
          "perch"
        ]
      }
    },
    {
      "type": "Feature",
      "id": "P136",
      "geometry": {
        "type": "Point",
        "coordinates": [
          31.412675,
          60.051801
        ]
      },
      "properties": {
        "marker_id": "P136",
        "fish": [
          "Окунь",
          "Плотва"
        ],
        "source": "FisherMap",
        "source_url": "https://ru.fishermap.org/location/20319/",
        "source_id": "20319",
        "date": "2024-02-21",
        "sector": "Кобона / южный берег",
        "confidence_class": "B",
        "confidence_classes": [
          "B"
        ],
        "reports_count": 1,
        "published_rows": 1,
        "comment": "Публичная геометка рыболовного отчёта FisherMap. Ладожское озеро.",
        "depth": "",
        "method": "",
        "catch": "",
        "nearest_landmark": "Кобона / южный берег",
        "landmark_distance_km": 8.002,
        "distance_from_novaya_ladoga_km": 49.222,
        "context_reports_count": "",
        "source_entries": [
          {
            "source": "FisherMap",
            "source_id": "20319",
            "source_url": "https://ru.fishermap.org/location/20319/",
            "date": "2024-02-21",
            "duplicate_of": ""
          }
        ],
        "record_ids": [
          "fishermap-20319"
        ],
        "fish_keys": [
          "perch",
          "roach"
        ]
      }
    },
    {
      "type": "Feature",
      "id": "P137",
      "geometry": {
        "type": "Point",
        "coordinates": [
          32.173108,
          60.185097
        ]
      },
      "properties": {
        "marker_id": "P137",
        "fish": [
          "Плотва",
          "Щука"
        ],
        "source": "FisherMap",
        "source_url": "https://ru.fishermap.org/location/20321/",
        "source_id": "20321",
        "date": "2024-03-13",
        "sector": "Креницы / Волховская губа",
        "confidence_class": "B",
        "confidence_classes": [
          "B"
        ],
        "reports_count": 1,
        "published_rows": 1,
        "comment": "Публичная геометка рыболовного отчёта FisherMap. Ладожское озеро.",
        "depth": "",
        "method": "",
        "catch": "",
        "nearest_landmark": "Креницы / Волховская губа",
        "landmark_distance_km": 5.557,
        "distance_from_novaya_ladoga_km": 11.254,
        "context_reports_count": "",
        "source_entries": [
          {
            "source": "FisherMap",
            "source_id": "20321",
            "source_url": "https://ru.fishermap.org/location/20321/",
            "date": "2024-03-13",
            "duplicate_of": ""
          }
        ],
        "record_ids": [
          "fishermap-20321"
        ],
        "fish_keys": [
          "roach",
          "pike"
        ]
      }
    },
    {
      "type": "Feature",
      "id": "P138",
      "geometry": {
        "type": "Point",
        "coordinates": [
          32.21751,
          60.161998
        ]
      },
      "properties": {
        "marker_id": "P138",
        "fish": [
          "Плотва"
        ],
        "source": "FisherMap",
        "source_url": "https://ru.fishermap.org/location/20322/",
        "source_id": "20322",
        "date": "2024-03-19",
        "sector": "Креницы / Волховская губа",
        "confidence_class": "B",
        "confidence_classes": [
          "B"
        ],
        "reports_count": 1,
        "published_rows": 1,
        "comment": "Публичная геометка рыболовного отчёта FisherMap. Ладожское озеро.",
        "depth": "",
        "method": "",
        "catch": "",
        "nearest_landmark": "Креницы / Волховская губа",
        "landmark_distance_km": 2.361,
        "distance_from_novaya_ladoga_km": 7.742,
        "context_reports_count": "",
        "source_entries": [
          {
            "source": "FisherMap",
            "source_id": "20322",
            "source_url": "https://ru.fishermap.org/location/20322/",
            "date": "2024-03-19",
            "duplicate_of": ""
          }
        ],
        "record_ids": [
          "fishermap-20322"
        ],
        "fish_keys": [
          "roach"
        ]
      }
    },
    {
      "type": "Feature",
      "id": "P139",
      "geometry": {
        "type": "Point",
        "coordinates": [
          31.667315,
          60.178317
        ]
      },
      "properties": {
        "marker_id": "P139",
        "fish": [
          "Щука"
        ],
        "source": "FisherMap",
        "source_url": "https://ru.fishermap.org/location/20324/",
        "source_id": "20324",
        "date": "2024-02-21",
        "sector": "Шлиссельбург / бухта Петрокрепость",
        "confidence_class": "B",
        "confidence_classes": [
          "B"
        ],
        "reports_count": 1,
        "published_rows": 1,
        "comment": "Публичная геометка рыболовного отчёта FisherMap. целевая прибрежная зона; водоём в метаданных не указан.",
        "depth": "",
        "method": "",
        "catch": "",
        "nearest_landmark": "Шлиссельбург / бухта Петрокрепость",
        "landmark_distance_km": 7.219,
        "distance_from_novaya_ladoga_km": 35.67,
        "context_reports_count": "",
        "source_entries": [
          {
            "source": "FisherMap",
            "source_id": "20324",
            "source_url": "https://ru.fishermap.org/location/20324/",
            "date": "2024-02-21",
            "duplicate_of": ""
          }
        ],
        "record_ids": [
          "fishermap-20324"
        ],
        "fish_keys": [
          "pike"
        ]
      }
    },
    {
      "type": "Feature",
      "id": "P140",
      "geometry": {
        "type": "Point",
        "coordinates": [
          31.608684,
          60.131007
        ]
      },
      "properties": {
        "marker_id": "P140",
        "fish": [
          "Густера"
        ],
        "source": "FisherMap",
        "source_url": "https://ru.fishermap.org/location/21215/",
        "source_id": "21215",
        "date": "2024-06-07",
        "sector": "Шлиссельбург / бухта Петрокрепость",
        "confidence_class": "B",
        "confidence_classes": [
          "B"
        ],
        "reports_count": 1,
        "published_rows": 1,
        "comment": "Публичная геометка рыболовного отчёта FisherMap. Ладожское озеро.",
        "depth": "",
        "method": "",
        "catch": "",
        "nearest_landmark": "Шлиссельбург / бухта Петрокрепость",
        "landmark_distance_km": 1.226,
        "distance_from_novaya_ladoga_km": 38.086,
        "context_reports_count": "",
        "source_entries": [
          {
            "source": "FisherMap",
            "source_id": "21215",
            "source_url": "https://ru.fishermap.org/location/21215/",
            "date": "2024-06-07",
            "duplicate_of": ""
          }
        ],
        "record_ids": [
          "fishermap-21215"
        ],
        "fish_keys": [
          "other"
        ]
      }
    },
    {
      "type": "Feature",
      "id": "P141",
      "geometry": {
        "type": "Point",
        "coordinates": [
          32.333503,
          60.073101
        ]
      },
      "properties": {
        "marker_id": "P141",
        "fish": [
          "Лещ"
        ],
        "source": "fishing-report.ru",
        "source_url": "https://fishing-report.ru/120755/",
        "source_id": "120755",
        "date": "2026-09-21",
        "sector": "Нижний Волхов",
        "confidence_class": "B",
        "confidence_classes": [
          "B"
        ],
        "reports_count": 1,
        "published_rows": 1,
        "comment": "Публичная геометка отчёта fishing-report.ru. нижний Волхов. Всем привет.👋Ну что сказать, Волхов в этот раз выдал по полной! Эмоции зашкаливают — таких мощных поклевок я давно не припомню. Рыбалка была непростой: ветер лютый, дождь поливал переодически, но нас это не остановило. «Алешки» (лещи) как на подбор — все ровные, от 1,5 до 2 кг. Самый крупный потянул на 2,2 кг. 🎣 Было очень много сходов, адреналина — море! Рыба берет так резко, что даже шнур 0,16 не выдерживал и рвался на рывках. Еще удалось взять одного линя, но, похоже, их сезон уже подходит к концу . Зацепил кормушку местного умельца -это нечто .В общем, рыбалка удалась, несмотря на капризы погоды.Всем НХНЧ. -->",
        "depth": "",
        "method": "",
        "catch": "",
        "nearest_landmark": "Нижний Волхов",
        "landmark_distance_km": 0.213,
        "distance_from_novaya_ladoga_km": 4.048,
        "context_reports_count": "",
        "source_entries": [
          {
            "source": "fishing-report.ru",
            "source_id": "120755",
            "source_url": "https://fishing-report.ru/120755/",
            "date": "2026-09-21",
            "duplicate_of": ""
          }
        ],
        "record_ids": [
          "fishing-report-120755"
        ],
        "fish_keys": [
          "bream"
        ]
      }
    },
    {
      "type": "Feature",
      "id": "P142",
      "geometry": {
        "type": "Point",
        "coordinates": [
          32.341386,
          60.055385
        ]
      },
      "properties": {
        "marker_id": "P142",
        "fish": [
          "Густера",
          "Карась",
          "Лещ",
          "Подлещик",
          "Синец"
        ],
        "source": "fishing-report.ru",
        "source_url": "https://fishing-report.ru/120199/; https://fishing-report.ru/7090/",
        "source_id": "120199; 7090",
        "date": "2021-08-10—2026-05-08",
        "sector": "Нижний Волхов",
        "confidence_class": "A",
        "confidence_classes": [
          "A",
          "B"
        ],
        "reports_count": 2,
        "published_rows": 2,
        "comment": "Публичная геометка отчёта fishing-report.ru. нижний Волхов. Волхов [id792616711|Александр П] --> | Публичная геометка отчёта fishing-report.ru. нижний Волхов. Волхвов 2 мая сопа, клевала набегами. Предыдущий массив: Поляша — лещ (точный GPS из отчёта).",
        "depth": "",
        "method": "",
        "catch": "",
        "nearest_landmark": "Нижний Волхов",
        "landmark_distance_km": 2.23,
        "distance_from_novaya_ladoga_km": 5.982,
        "context_reports_count": "",
        "source_entries": [
          {
            "source": "fishing-report.ru",
            "source_id": "120199",
            "source_url": "https://fishing-report.ru/120199/",
            "date": "2026-05-08",
            "duplicate_of": ""
          },
          {
            "source": "fishing-report.ru",
            "source_id": "7090",
            "source_url": "https://fishing-report.ru/7090/",
            "date": "2021-08-10",
            "duplicate_of": ""
          }
        ],
        "record_ids": [
          "fishing-report-120199",
          "fishing-report-7090"
        ],
        "fish_keys": [
          "bream",
          "other"
        ]
      }
    },
    {
      "type": "Feature",
      "id": "P143",
      "geometry": {
        "type": "Point",
        "coordinates": [
          31.852692,
          60.268709
        ]
      },
      "properties": {
        "marker_id": "P143",
        "fish": [
          "Судак"
        ],
        "source": "fishing-report.ru",
        "source_url": "https://fishing-report.ru/119872/",
        "source_id": "119872",
        "date": "2026-02-18",
        "sector": "Лигово",
        "confidence_class": "B",
        "confidence_classes": [
          "B"
        ],
        "reports_count": 1,
        "published_rows": 1,
        "comment": "Публичная геометка отчёта fishing-report.ru. Ладожское озеро. Отчитаюсь. Лигово 16 и 17 ое число (на фото уловы разных дней), смотрю инфу никто не сливает…а все порят по тихому😂😂😂. Мармулет в почете, все дзюбят, но были исключения (кстати видел кадра который прицепил к судаковой удочке с катушкой кивок и поставил мормулет, кстати даже что то ловил😂😂😂 . От берега 3 км. Доклад закончил! P.S. умудрился засадить машину на полном приводе, огромное спасибо товарищам по увлечению на Ниве которые не бросили в беде и помогли вытащить. [id530215775|Кирилл Космос] --> Предыдущий массив: Лигово — судак (геометка отчёта).",
        "depth": "",
        "method": "",
        "catch": "",
        "nearest_landmark": "Лигово",
        "landmark_distance_km": 5.11,
        "distance_from_novaya_ladoga_km": 30.525,
        "context_reports_count": "",
        "source_entries": [
          {
            "source": "fishing-report.ru",
            "source_id": "119872",
            "source_url": "https://fishing-report.ru/119872/",
            "date": "2026-02-18",
            "duplicate_of": ""
          }
        ],
        "record_ids": [
          "fishing-report-119872"
        ],
        "fish_keys": [
          "zander"
        ]
      }
    },
    {
      "type": "Feature",
      "id": "P144",
      "geometry": {
        "type": "Point",
        "coordinates": [
          31.370381,
          59.928905
        ]
      },
      "properties": {
        "marker_id": "P144",
        "fish": [
          "Окунь"
        ],
        "source": "fishing-report.ru",
        "source_url": "https://fishing-report.ru/95002/",
        "source_id": "95002",
        "date": "2025-11-04",
        "sector": "Кобона / южный берег",
        "confidence_class": "B",
        "confidence_classes": [
          "B"
        ],
        "reports_count": 1,
        "published_rows": 1,
        "comment": "Публичная геометка отчёта fishing-report.ru. бухта Петрокрепость. Назия, сегодня пороли все! [id530215775|Кирилл Космос] -->",
        "depth": "",
        "method": "",
        "catch": "",
        "nearest_landmark": "Кобона / южный берег",
        "landmark_distance_km": 15.041,
        "distance_from_novaya_ladoga_km": 54.881,
        "context_reports_count": "",
        "source_entries": [
          {
            "source": "fishing-report.ru",
            "source_id": "95002",
            "source_url": "https://fishing-report.ru/95002/",
            "date": "2025-11-04",
            "duplicate_of": ""
          }
        ],
        "record_ids": [
          "fishing-report-95002"
        ],
        "fish_keys": [
          "perch"
        ]
      }
    },
    {
      "type": "Feature",
      "id": "P145",
      "geometry": {
        "type": "Point",
        "coordinates": [
          31.474687,
          60.017712
        ]
      },
      "properties": {
        "marker_id": "P145",
        "fish": [
          "Окунь"
        ],
        "source": "fishing-report.ru",
        "source_url": "https://fishing-report.ru/58712/",
        "source_id": "58712",
        "date": "2025-01-23",
        "sector": "Кобона / южный берег",
        "confidence_class": "B",
        "confidence_classes": [
          "B"
        ],
        "reports_count": 1,
        "published_rows": 1,
        "comment": "Публичная геометка отчёта fishing-report.ru. бухта Петрокрепость. Ладога! Кобона! Окунь, и он нас ждал! Конечно он пытался нас вымотать и взять измором ( чтобы от бессилия руки не поднимались после 2 х часовой раздачи) . Мы смогли!!! Всех детей в лунку! [id22800698|Александр Шмидт] -->",
        "depth": "",
        "method": "",
        "catch": "",
        "nearest_landmark": "Кобона / южный берег",
        "landmark_distance_km": 4.402,
        "distance_from_novaya_ladoga_km": 46.461,
        "context_reports_count": "",
        "source_entries": [
          {
            "source": "fishing-report.ru",
            "source_id": "58712",
            "source_url": "https://fishing-report.ru/58712/",
            "date": "2025-01-23",
            "duplicate_of": ""
          }
        ],
        "record_ids": [
          "fishing-report-58712"
        ],
        "fish_keys": [
          "perch"
        ]
      }
    },
    {
      "type": "Feature",
      "id": "P146",
      "geometry": {
        "type": "Point",
        "coordinates": [
          32.091712,
          60.405998
        ]
      },
      "properties": {
        "marker_id": "P146",
        "fish": [
          "Окунь"
        ],
        "source": "fishing-report.ru",
        "source_url": "https://fishing-report.ru/50674/",
        "source_id": "50674",
        "date": "2024-01-28",
        "sector": "о. Сухо",
        "confidence_class": "B",
        "confidence_classes": [
          "B"
        ],
        "reports_count": 1,
        "published_rows": 1,
        "comment": "Публичная геометка отчёта fishing-report.ru. Ладожское озеро. Остров Сухо ! Наша экспедиция состоялась! Зимой мы здесь впервые! Летом бываем переодически и ловим окуня! Цель поездки была безусловно поимка морда того окуня , так как мелочь надоела ! В итоге полный 0. На грядах и на свалках ,а так же на глубинах до 4 метров окунь отсутствует! Сфотографировались на память и погнали в Дубно! Там подловили десятка 3 окуней и по каналу ,уже затемно поехали в креницы! -->",
        "depth": "",
        "method": "",
        "catch": "",
        "nearest_landmark": "о. Сухо",
        "landmark_distance_km": 0,
        "distance_from_novaya_ladoga_km": 35.417,
        "context_reports_count": "",
        "source_entries": [
          {
            "source": "fishing-report.ru",
            "source_id": "50674",
            "source_url": "https://fishing-report.ru/50674/",
            "date": "2024-01-28",
            "duplicate_of": ""
          }
        ],
        "record_ids": [
          "fishing-report-50674"
        ],
        "fish_keys": [
          "perch"
        ]
      }
    },
    {
      "type": "Feature",
      "id": "P147",
      "geometry": {
        "type": "Point",
        "coordinates": [
          32.344204,
          60.04941
        ]
      },
      "properties": {
        "marker_id": "P147",
        "fish": [
          "Карп"
        ],
        "source": "fishing-report.ru",
        "source_url": "https://fishing-report.ru/49035/",
        "source_id": "49035",
        "date": "2023-11-02",
        "sector": "Нижний Волхов",
        "confidence_class": "B",
        "confidence_classes": [
          "B"
        ],
        "reports_count": 1,
        "published_rows": 1,
        "comment": "Публичная геометка отчёта fishing-report.ru. нижний Волхов. -->",
        "depth": "",
        "method": "",
        "catch": "",
        "nearest_landmark": "Нижний Волхов",
        "landmark_distance_km": 2.913,
        "distance_from_novaya_ladoga_km": 6.65,
        "context_reports_count": "",
        "source_entries": [
          {
            "source": "fishing-report.ru",
            "source_id": "49035",
            "source_url": "https://fishing-report.ru/49035/",
            "date": "2023-11-02",
            "duplicate_of": ""
          }
        ],
        "record_ids": [
          "fishing-report-49035"
        ],
        "fish_keys": [
          "other"
        ]
      }
    },
    {
      "type": "Feature",
      "id": "P148",
      "geometry": {
        "type": "Point",
        "coordinates": [
          32.613413,
          60.284315
        ]
      },
      "properties": {
        "marker_id": "P148",
        "fish": [],
        "source": "fishing-report.ru",
        "source_url": "https://fishing-report.ru/37135/",
        "source_id": "37135",
        "date": "2023-01-17",
        "sector": "Вороново",
        "confidence_class": "B",
        "confidence_classes": [
          "B"
        ],
        "reports_count": 1,
        "published_rows": 1,
        "comment": "Публичная геометка отчёта fishing-report.ru. Волховская губа.",
        "depth": "",
        "method": "",
        "catch": "",
        "nearest_landmark": "Вороново",
        "landmark_distance_km": 0.691,
        "distance_from_novaya_ladoga_km": 26.74,
        "context_reports_count": "",
        "source_entries": [
          {
            "source": "fishing-report.ru",
            "source_id": "37135",
            "source_url": "https://fishing-report.ru/37135/",
            "date": "2023-01-17",
            "duplicate_of": ""
          }
        ],
        "record_ids": [
          "fishing-report-37135"
        ],
        "fish_keys": [
          "other"
        ]
      }
    },
    {
      "type": "Feature",
      "id": "P149",
      "geometry": {
        "type": "Point",
        "coordinates": [
          31.421005,
          59.991515
        ]
      },
      "properties": {
        "marker_id": "P149",
        "fish": [],
        "source": "fishing-report.ru",
        "source_url": "https://fishing-report.ru/36310/",
        "source_id": "36310",
        "date": "2023-01-03",
        "sector": "Кобона / южный берег",
        "confidence_class": "B",
        "confidence_classes": [
          "B"
        ],
        "reports_count": 1,
        "published_rows": 1,
        "comment": "Публичная геометка отчёта fishing-report.ru. бухта Петрокрепость.",
        "depth": "",
        "method": "",
        "catch": "",
        "nearest_landmark": "Кобона / южный берег",
        "landmark_distance_km": 8.349,
        "distance_from_novaya_ladoga_km": 50.045,
        "context_reports_count": "",
        "source_entries": [
          {
            "source": "fishing-report.ru",
            "source_id": "36310",
            "source_url": "https://fishing-report.ru/36310/",
            "date": "2023-01-03",
            "duplicate_of": ""
          }
        ],
        "record_ids": [
          "fishing-report-36310"
        ],
        "fish_keys": [
          "other"
        ]
      }
    },
    {
      "type": "Feature",
      "id": "P150",
      "geometry": {
        "type": "Point",
        "coordinates": [
          32.13682,
          60.256104
        ]
      },
      "properties": {
        "marker_id": "P150",
        "fish": [],
        "source": "fishing-report.ru",
        "source_url": "https://fishing-report.ru/32331/",
        "source_id": "32331",
        "date": "2022-06-24",
        "sector": "о. Птинов",
        "confidence_class": "B",
        "confidence_classes": [
          "B"
        ],
        "reports_count": 1,
        "published_rows": 1,
        "comment": "Публичная геометка отчёта fishing-report.ru. Волховская губа.",
        "depth": "",
        "method": "",
        "catch": "",
        "nearest_landmark": "о. Птинов",
        "landmark_distance_km": 3.201,
        "distance_from_novaya_ladoga_km": 19.044,
        "context_reports_count": "",
        "source_entries": [
          {
            "source": "fishing-report.ru",
            "source_id": "32331",
            "source_url": "https://fishing-report.ru/32331/",
            "date": "2022-06-24",
            "duplicate_of": ""
          }
        ],
        "record_ids": [
          "fishing-report-32331"
        ],
        "fish_keys": [
          "other"
        ]
      }
    },
    {
      "type": "Feature",
      "id": "P151",
      "geometry": {
        "type": "Point",
        "coordinates": [
          31.556335,
          60.024603
        ]
      },
      "properties": {
        "marker_id": "P151",
        "fish": [
          "Окунь",
          "Сорожка"
        ],
        "source": "fishing-report.ru",
        "source_url": "https://fishing-report.ru/29524/",
        "source_id": "29524",
        "date": "2022-02-26",
        "sector": "Кобона / южный берег",
        "confidence_class": "B",
        "confidence_classes": [
          "B"
        ],
        "reports_count": 1,
        "published_rows": 1,
        "comment": "Публичная геометка отчёта fishing-report.ru. южный берег/Петрокрепость; служебное имя водоёма.",
        "depth": "",
        "method": "",
        "catch": "",
        "nearest_landmark": "Кобона / южный берег",
        "landmark_distance_km": 0.696,
        "distance_from_novaya_ladoga_km": 41.866,
        "context_reports_count": "",
        "source_entries": [
          {
            "source": "fishing-report.ru",
            "source_id": "29524",
            "source_url": "https://fishing-report.ru/29524/",
            "date": "2022-02-26",
            "duplicate_of": ""
          }
        ],
        "record_ids": [
          "fishing-report-29524"
        ],
        "fish_keys": [
          "perch",
          "roach"
        ]
      }
    },
    {
      "type": "Feature",
      "id": "P152",
      "geometry": {
        "type": "Point",
        "coordinates": [
          32.044871,
          60.248535
        ]
      },
      "properties": {
        "marker_id": "P152",
        "fish": [
          "Щука"
        ],
        "source": "fishing-report.ru",
        "source_url": "https://fishing-report.ru/29385/",
        "source_id": "29385",
        "date": "2022-02-21",
        "sector": "о. Птинов",
        "confidence_class": "B",
        "confidence_classes": [
          "B"
        ],
        "reports_count": 1,
        "published_rows": 1,
        "comment": "Публичная геометка отчёта fishing-report.ru. Ладожское озеро. Хорошо вчера отловились в Дубно. 11хвостов, от 7кг до 1кг, клевало до 13.00 пока не начался снег с метелью, рыбалка хорошая но добраться до места, это дорогого стоит ? Предыдущий массив: Дубно — щука (геометка отчёта).",
        "depth": "",
        "method": "",
        "catch": "",
        "nearest_landmark": "о. Птинов",
        "landmark_distance_km": 1.968,
        "distance_from_novaya_ladoga_km": 21.192,
        "context_reports_count": "",
        "source_entries": [
          {
            "source": "fishing-report.ru",
            "source_id": "29385",
            "source_url": "https://fishing-report.ru/29385/",
            "date": "2022-02-21",
            "duplicate_of": ""
          }
        ],
        "record_ids": [
          "fishing-report-29385"
        ],
        "fish_keys": [
          "pike"
        ]
      }
    },
    {
      "type": "Feature",
      "id": "P153",
      "geometry": {
        "type": "Point",
        "coordinates": [
          31.705373,
          60.239988
        ]
      },
      "properties": {
        "marker_id": "P153",
        "fish": [],
        "source": "fishing-report.ru",
        "source_url": "https://fishing-report.ru/27999/",
        "source_id": "27999",
        "date": "2022-02-04",
        "sector": "Лигово",
        "confidence_class": "B",
        "confidence_classes": [
          "B"
        ],
        "reports_count": 1,
        "published_rows": 1,
        "comment": "Публичная геометка отчёта fishing-report.ru. Ладожское озеро. Ладога неужели обрадовала))",
        "depth": "",
        "method": "",
        "catch": "",
        "nearest_landmark": "Лигово",
        "landmark_distance_km": 4.057,
        "distance_from_novaya_ladoga_km": 35.909,
        "context_reports_count": "",
        "source_entries": [
          {
            "source": "fishing-report.ru",
            "source_id": "27999",
            "source_url": "https://fishing-report.ru/27999/",
            "date": "2022-02-04",
            "duplicate_of": ""
          }
        ],
        "record_ids": [
          "fishing-report-27999"
        ],
        "fish_keys": [
          "other"
        ]
      }
    },
    {
      "type": "Feature",
      "id": "P154",
      "geometry": {
        "type": "Point",
        "coordinates": [
          31.493579,
          59.982424
        ]
      },
      "properties": {
        "marker_id": "P154",
        "fish": [],
        "source": "fishing-report.ru",
        "source_url": "https://fishing-report.ru/25778/",
        "source_id": "25778",
        "date": "2022-01-22",
        "sector": "Кобона / южный берег",
        "confidence_class": "B",
        "confidence_classes": [
          "B"
        ],
        "reports_count": 1,
        "published_rows": 1,
        "comment": "Публичная геометка отчёта fishing-report.ru. бухта Петрокрепость. Ладога, ветерок, но полосатый вяленько берет.",
        "depth": "",
        "method": "",
        "catch": "",
        "nearest_landmark": "Кобона / южный берег",
        "landmark_distance_km": 6.15,
        "distance_from_novaya_ladoga_km": 46.443,
        "context_reports_count": "",
        "source_entries": [
          {
            "source": "fishing-report.ru",
            "source_id": "25778",
            "source_url": "https://fishing-report.ru/25778/",
            "date": "2022-01-22",
            "duplicate_of": ""
          }
        ],
        "record_ids": [
          "fishing-report-25778"
        ],
        "fish_keys": [
          "other"
        ]
      }
    },
    {
      "type": "Feature",
      "id": "P155",
      "geometry": {
        "type": "Point",
        "coordinates": [
          31.46597,
          60.018017
        ]
      },
      "properties": {
        "marker_id": "P155",
        "fish": [],
        "source": "fishing-report.ru",
        "source_url": "https://fishing-report.ru/25668/",
        "source_id": "25668",
        "date": "2022-01-19",
        "sector": "Кобона / южный берег",
        "confidence_class": "B",
        "confidence_classes": [
          "B"
        ],
        "reports_count": 1,
        "published_rows": 1,
        "comment": "Публичная геометка отчёта fishing-report.ru. бухта Петрокрепость. Кобона вчера. Лифт с 10.00до 13.00. В остальное время вяло, но приятно.",
        "depth": "",
        "method": "",
        "catch": "",
        "nearest_landmark": "Кобона / южный берег",
        "landmark_distance_km": 4.855,
        "distance_from_novaya_ladoga_km": 46.928,
        "context_reports_count": "",
        "source_entries": [
          {
            "source": "fishing-report.ru",
            "source_id": "25668",
            "source_url": "https://fishing-report.ru/25668/",
            "date": "2022-01-19",
            "duplicate_of": ""
          }
        ],
        "record_ids": [
          "fishing-report-25668"
        ],
        "fish_keys": [
          "other"
        ]
      }
    },
    {
      "type": "Feature",
      "id": "P156",
      "geometry": {
        "type": "Point",
        "coordinates": [
          31.478386,
          59.909595
        ]
      },
      "properties": {
        "marker_id": "P156",
        "fish": [],
        "source": "fishing-report.ru",
        "source_url": "https://fishing-report.ru/25501/",
        "source_id": "25501",
        "date": "2022-01-18",
        "sector": "Кобона / южный берег",
        "confidence_class": "B",
        "confidence_classes": [
          "B"
        ],
        "reports_count": 1,
        "published_rows": 1,
        "comment": "Публичная геометка отчёта fishing-report.ru. бухта Петрокрепость. Сегодня шальдиха рыбу отпустил",
        "depth": "",
        "method": "",
        "catch": "",
        "nearest_landmark": "Кобона / южный берег",
        "landmark_distance_km": 13.969,
        "distance_from_novaya_ladoga_km": 50.211,
        "context_reports_count": "",
        "source_entries": [
          {
            "source": "fishing-report.ru",
            "source_id": "25501",
            "source_url": "https://fishing-report.ru/25501/",
            "date": "2022-01-18",
            "duplicate_of": ""
          }
        ],
        "record_ids": [
          "fishing-report-25501"
        ],
        "fish_keys": [
          "other"
        ]
      }
    },
    {
      "type": "Feature",
      "id": "P157",
      "geometry": {
        "type": "Point",
        "coordinates": [
          32.797262,
          60.453142
        ]
      },
      "properties": {
        "marker_id": "P157",
        "fish": [
          "Щука"
        ],
        "source": "fishing-report.ru",
        "source_url": "https://fishing-report.ru/18476/",
        "source_id": "18476",
        "date": "2021-12-14",
        "sector": "Свирица / Загубская губа",
        "confidence_class": "B",
        "confidence_classes": [
          "B"
        ],
        "reports_count": 1,
        "published_rows": 1,
        "comment": "Публичная геометка отчёта fishing-report.ru. Загубская губа. Открытие сезона. Жерлицы Щука. https://youtu.be/9yfnDb0FT0c",
        "depth": "",
        "method": "",
        "catch": "",
        "nearest_landmark": "Свирица / Загубская губа",
        "landmark_distance_km": 1.295,
        "distance_from_novaya_ladoga_km": 47.744,
        "context_reports_count": "",
        "source_entries": [
          {
            "source": "fishing-report.ru",
            "source_id": "18476",
            "source_url": "https://fishing-report.ru/18476/",
            "date": "2021-12-14",
            "duplicate_of": ""
          }
        ],
        "record_ids": [
          "fishing-report-18476"
        ],
        "fish_keys": [
          "pike"
        ]
      }
    },
    {
      "type": "Feature",
      "id": "P158",
      "geometry": {
        "type": "Point",
        "coordinates": [
          32.012897,
          60.240732
        ]
      },
      "properties": {
        "marker_id": "P158",
        "fish": [
          "Окунь"
        ],
        "source": "fishing-report.ru",
        "source_url": "https://fishing-report.ru/14053/",
        "source_id": "14053",
        "date": "2021-10-14",
        "sector": "Дубно",
        "confidence_class": "B",
        "confidence_classes": [
          "B"
        ],
        "reports_count": 1,
        "published_rows": 1,
        "comment": "Публичная геометка отчёта fishing-report.ru. Ладожское озеро. Всем привет! Окушек брал вяло но под вечер разошёлся! 08.10.21г Предыдущий массив: Окунь (геометка отчёта).",
        "depth": "",
        "method": "",
        "catch": "",
        "nearest_landmark": "Дубно",
        "landmark_distance_km": 1.767,
        "distance_from_novaya_ladoga_km": 21.767,
        "context_reports_count": "",
        "source_entries": [
          {
            "source": "fishing-report.ru",
            "source_id": "14053",
            "source_url": "https://fishing-report.ru/14053/",
            "date": "2021-10-14",
            "duplicate_of": ""
          }
        ],
        "record_ids": [
          "fishing-report-14053"
        ],
        "fish_keys": [
          "perch"
        ]
      }
    },
    {
      "type": "Feature",
      "id": "P159",
      "geometry": {
        "type": "Point",
        "coordinates": [
          31.395548,
          59.911808
        ]
      },
      "properties": {
        "marker_id": "P159",
        "fish": [
          "Щука"
        ],
        "source": "fishing-report.ru",
        "source_url": "https://fishing-report.ru/13972/",
        "source_id": "13972",
        "date": "2021-10-13",
        "sector": "Кобона / южный берег",
        "confidence_class": "B",
        "confidence_classes": [
          "B"
        ],
        "reports_count": 1,
        "published_rows": 1,
        "comment": "Публичная геометка отчёта fishing-report.ru. бухта Петрокрепость. Спасибо Ладога. За последние не очень удачные рыбалки по хищнику, сегодня немного оторвались. И бонус жене дала.",
        "depth": "",
        "method": "",
        "catch": "",
        "nearest_landmark": "Кобона / южный берег",
        "landmark_distance_km": 15.703,
        "distance_from_novaya_ladoga_km": 54.306,
        "context_reports_count": "",
        "source_entries": [
          {
            "source": "fishing-report.ru",
            "source_id": "13972",
            "source_url": "https://fishing-report.ru/13972/",
            "date": "2021-10-13",
            "duplicate_of": ""
          }
        ],
        "record_ids": [
          "fishing-report-13972"
        ],
        "fish_keys": [
          "pike"
        ]
      }
    },
    {
      "type": "Feature",
      "id": "P160",
      "geometry": {
        "type": "Point",
        "coordinates": [
          31.418269,
          59.969472
        ]
      },
      "properties": {
        "marker_id": "P160",
        "fish": [
          "Окунь"
        ],
        "source": "fishing-report.ru",
        "source_url": "https://fishing-report.ru/13963/",
        "source_id": "13963",
        "date": "2021-10-13",
        "sector": "Кобона / южный берег",
        "confidence_class": "B",
        "confidence_classes": [
          "B"
        ],
        "reports_count": 1,
        "published_rows": 1,
        "comment": "Публичная геометка отчёта fishing-report.ru. бухта Петрокрепость. Сегодня был первый раз на Ладоге за много лет И по мне так удачно",
        "depth": "",
        "method": "",
        "catch": "",
        "nearest_landmark": "Кобона / южный берег",
        "landmark_distance_km": 9.947,
        "distance_from_novaya_ladoga_km": 50.872,
        "context_reports_count": "",
        "source_entries": [
          {
            "source": "fishing-report.ru",
            "source_id": "13963",
            "source_url": "https://fishing-report.ru/13963/",
            "date": "2021-10-13",
            "duplicate_of": ""
          }
        ],
        "record_ids": [
          "fishing-report-13963"
        ],
        "fish_keys": [
          "perch"
        ]
      }
    },
    {
      "type": "Feature",
      "id": "P161",
      "geometry": {
        "type": "Point",
        "coordinates": [
          32.339528,
          60.057829
        ]
      },
      "properties": {
        "marker_id": "P161",
        "fish": [],
        "source": "fishing-report.ru",
        "source_url": "https://fishing-report.ru/11593/",
        "source_id": "11593",
        "date": "2021-10-07",
        "sector": "Нижний Волхов",
        "confidence_class": "B",
        "confidence_classes": [
          "B"
        ],
        "reports_count": 1,
        "published_rows": 1,
        "comment": "Публичная геометка отчёта fishing-report.ru. нижний Волхов. Волхов. 4.10.21 рыбка поклевывает, с утра дубак руки замерзают, вода сильно ушла. Взял сколько нужно остальную отпускал.",
        "depth": "",
        "method": "",
        "catch": "",
        "nearest_landmark": "Нижний Волхов",
        "landmark_distance_km": 1.943,
        "distance_from_novaya_ladoga_km": 5.693,
        "context_reports_count": "",
        "source_entries": [
          {
            "source": "fishing-report.ru",
            "source_id": "11593",
            "source_url": "https://fishing-report.ru/11593/",
            "date": "2021-10-07",
            "duplicate_of": ""
          }
        ],
        "record_ids": [
          "fishing-report-11593"
        ],
        "fish_keys": [
          "other"
        ]
      }
    },
    {
      "type": "Feature",
      "id": "P162",
      "geometry": {
        "type": "Point",
        "coordinates": [
          31.384679,
          59.981464
        ]
      },
      "properties": {
        "marker_id": "P162",
        "fish": [],
        "source": "fishing-report.ru",
        "source_url": "https://fishing-report.ru/10333/",
        "source_id": "10333",
        "date": "2021-09-16",
        "sector": "Кобона / южный берег",
        "confidence_class": "B",
        "confidence_classes": [
          "B"
        ],
        "reports_count": 1,
        "published_rows": 1,
        "comment": "Публичная геометка отчёта fishing-report.ru. бухта Петрокрепость.",
        "depth": "",
        "method": "",
        "catch": "",
        "nearest_landmark": "Кобона / южный берег",
        "landmark_distance_km": 10.657,
        "distance_from_novaya_ladoga_km": 52.287,
        "context_reports_count": "",
        "source_entries": [
          {
            "source": "fishing-report.ru",
            "source_id": "10333",
            "source_url": "https://fishing-report.ru/10333/",
            "date": "2021-09-16",
            "duplicate_of": ""
          }
        ],
        "record_ids": [
          "fishing-report-10333"
        ],
        "fish_keys": [
          "other"
        ]
      }
    },
    {
      "type": "Feature",
      "id": "P163",
      "geometry": {
        "type": "Point",
        "coordinates": [
          32.193626,
          60.186123
        ]
      },
      "properties": {
        "marker_id": "P163",
        "fish": [],
        "source": "fishing-report.ru",
        "source_url": "https://fishing-report.ru/8997/",
        "source_id": "8997",
        "date": "2021-08-31",
        "sector": "Креницы / Волховская губа",
        "confidence_class": "B",
        "confidence_classes": [
          "B"
        ],
        "reports_count": 1,
        "published_rows": 1,
        "comment": "Публичная геометка отчёта fishing-report.ru. Волховская губа. В субботу поехали на базу Креницы. Взяли пелу и в Ладогу. Ловили в заброс. Предыдущий массив: Ловля в заброс (геометка отчёта).",
        "depth": "",
        "method": "",
        "catch": "",
        "nearest_landmark": "Креницы / Волховская губа",
        "landmark_distance_km": 4.681,
        "distance_from_novaya_ladoga_km": 10.716,
        "context_reports_count": "",
        "source_entries": [
          {
            "source": "fishing-report.ru",
            "source_id": "8997",
            "source_url": "https://fishing-report.ru/8997/",
            "date": "2021-08-31",
            "duplicate_of": ""
          }
        ],
        "record_ids": [
          "fishing-report-8997"
        ],
        "fish_keys": [
          "other"
        ]
      }
    },
    {
      "type": "Feature",
      "id": "P164",
      "geometry": {
        "type": "Point",
        "coordinates": [
          32.330439,
          60.130961
        ]
      },
      "properties": {
        "marker_id": "P164",
        "fish": [
          "Щука"
        ],
        "source": "fishing-report.ru",
        "source_url": "https://fishing-report.ru/8392/",
        "source_id": "8392",
        "date": "2021-08-22",
        "sector": "Новая Ладога / устье Волхова",
        "confidence_class": "B",
        "confidence_classes": [
          "B"
        ],
        "reports_count": 1,
        "published_rows": 1,
        "comment": "Публичная геометка отчёта fishing-report.ru. Волховская губа. Креницы Предыдущий массив: Щука (геометка отчёта).",
        "depth": "",
        "method": "",
        "catch": "",
        "nearest_landmark": "Новая Ладога / устье Волхова",
        "landmark_distance_km": 1.553,
        "distance_from_novaya_ladoga_km": 3.642,
        "context_reports_count": "",
        "source_entries": [
          {
            "source": "fishing-report.ru",
            "source_id": "8392",
            "source_url": "https://fishing-report.ru/8392/",
            "date": "2021-08-22",
            "duplicate_of": ""
          }
        ],
        "record_ids": [
          "fishing-report-8392"
        ],
        "fish_keys": [
          "pike"
        ]
      }
    },
    {
      "type": "Feature",
      "id": "P165",
      "geometry": {
        "type": "Point",
        "coordinates": [
          32.630563,
          60.283298
        ]
      },
      "properties": {
        "marker_id": "P165",
        "fish": [
          "Плотва"
        ],
        "source": "fishing-report.ru",
        "source_url": "https://fishing-report.ru/7087/",
        "source_id": "7087",
        "date": "2021-08-10",
        "sector": "Вороново",
        "confidence_class": "B",
        "confidence_classes": [
          "B"
        ],
        "reports_count": 1,
        "published_rows": 1,
        "comment": "Публичная геометка отчёта fishing-report.ru. нижний Волхов. Волхов для нас с мужем остался непокоренным. В 11 смотали удочки и поехали на канал, он как всегда не подвёл. Фидер, опарыш. Времени потеряли много, но на сковородку наловили, голод утолила женщина ??! Ветер порывистый, рыб клюёт, но на крючок 1/10 попадается, осторожничает! Густера, плотва, размер съедобный!",
        "depth": "",
        "method": "",
        "catch": "",
        "nearest_landmark": "Вороново",
        "landmark_distance_km": 1.639,
        "distance_from_novaya_ladoga_km": 27.292,
        "context_reports_count": "",
        "source_entries": [
          {
            "source": "fishing-report.ru",
            "source_id": "7087",
            "source_url": "https://fishing-report.ru/7087/",
            "date": "2021-08-10",
            "duplicate_of": ""
          }
        ],
        "record_ids": [
          "fishing-report-7087"
        ],
        "fish_keys": [
          "roach"
        ]
      }
    },
    {
      "type": "Feature",
      "id": "P166",
      "geometry": {
        "type": "Point",
        "coordinates": [
          31.509968,
          60.027601
        ]
      },
      "properties": {
        "marker_id": "P166",
        "fish": [
          "Налим"
        ],
        "source": "fishing-report.ru",
        "source_url": "https://fishing-report.ru/2368/",
        "source_id": "2368",
        "date": "2021-03-20",
        "sector": "Кобона / южный берег",
        "confidence_class": "B",
        "confidence_classes": [
          "B"
        ],
        "reports_count": 1,
        "published_rows": 1,
        "comment": "Публичная геометка отчёта fishing-report.ru. бухта Петрокрепость. Я сегодня вам принёс не букет из роз мимоз, а букееетик из плоотвыыы. Рванул таки на не самую перспективную, но такую долгожданную рыбалку. В ночь за плотвой. За налимом только мечтаю сходить.. Тем кто не любит читать много букв, можно посмотреть короткое видео об этой рыбалке: https://youtu.be/8dm7EPcLUdo Ни проверенной информации, ни уверенности в успехе мероприятия не было, но было желание побывать в окрестностях Зеленцов, проведать матушку Ладогу. Школьный друг, который постепенно превращается в зимника, но до сих пор ходит с моими снастями и экипировкой, составил мне компанию. Для него это была первая ночная рыбалка на льду. Чуть дубу не дал в ночи, но ему понравилось. Пока ехали, погода шептала, как остановились в Кобоне на берегу, зарядила пурга. Да такая, что видимость упала до мин",
        "depth": "",
        "method": "",
        "catch": "",
        "nearest_landmark": "Кобона / южный берег",
        "landmark_distance_km": 2.24,
        "distance_from_novaya_ladoga_km": 44.318,
        "context_reports_count": "",
        "source_entries": [
          {
            "source": "fishing-report.ru",
            "source_id": "2368",
            "source_url": "https://fishing-report.ru/2368/",
            "date": "2021-03-20",
            "duplicate_of": ""
          }
        ],
        "record_ids": [
          "fishing-report-2368"
        ],
        "fish_keys": [
          "other"
        ]
      }
    },
    {
      "type": "Feature",
      "id": "P167",
      "geometry": {
        "type": "Point",
        "coordinates": [
          31.873992,
          60.251624
        ]
      },
      "properties": {
        "marker_id": "P167",
        "fish": [],
        "source": "fishing-report.ru",
        "source_url": "https://fishing-report.ru/2051/",
        "source_id": "2051",
        "date": "2021-02-14",
        "sector": "Лигово",
        "confidence_class": "B",
        "confidence_classes": [
          "B"
        ],
        "reports_count": 1,
        "published_rows": 1,
        "comment": "Публичная геометка отчёта fishing-report.ru. Ладожское озеро. Сегодня.Ладога. Мороз.",
        "depth": "",
        "method": "",
        "catch": "",
        "nearest_landmark": "Лигово",
        "landmark_distance_km": 5.382,
        "distance_from_novaya_ladoga_km": 28.459,
        "context_reports_count": "",
        "source_entries": [
          {
            "source": "fishing-report.ru",
            "source_id": "2051",
            "source_url": "https://fishing-report.ru/2051/",
            "date": "2021-02-14",
            "duplicate_of": ""
          }
        ],
        "record_ids": [
          "fishing-report-2051"
        ],
        "fish_keys": [
          "other"
        ]
      }
    },
    {
      "type": "Feature",
      "id": "P168",
      "geometry": {
        "type": "Point",
        "coordinates": [
          31.473646,
          59.90869
        ]
      },
      "properties": {
        "marker_id": "P168",
        "fish": [
          "Окунь"
        ],
        "source": "fishing-report.ru",
        "source_url": "https://fishing-report.ru/1935/",
        "source_id": "1935",
        "date": "2021-02-12",
        "sector": "Кобона / южный берег",
        "confidence_class": "B",
        "confidence_classes": [
          "B"
        ],
        "reports_count": 1,
        "published_rows": 1,
        "comment": "Публичная геометка отчёта fishing-report.ru. бухта Петрокрепость. Доброго времени суток, друзья! Сегодня вновь побывал на Южном берегу Ладожского озера, выходил на лёд в районе Верхней Шелудихи с твёрдым намерением ловить далеко от берега и от толпы выходного дня. Вот и ходил, искал. Весь день. А народ в тросте дзюбил. Некоторые как оказалось, очень удачно. Лёд подмерзает, но есть и живые трещины. Берегите себя, не рискуете напрасно, берите пешни, верёвку и спасалки» Полный отчёт с глубинами, приманками и уловом, можно подсмотреть тут: https://youtu.be/KjfPUI0Xhkc Сегодня многие не увидели и поклёвки, но есть и те, кто напорол. Рыба капризная. Погода шик. Как у вас сложился последний выход на лёд?",
        "depth": "",
        "method": "",
        "catch": "",
        "nearest_landmark": "Кобона / южный берег",
        "landmark_distance_km": 14.142,
        "distance_from_novaya_ladoga_km": 50.493,
        "context_reports_count": "",
        "source_entries": [
          {
            "source": "fishing-report.ru",
            "source_id": "1935",
            "source_url": "https://fishing-report.ru/1935/",
            "date": "2021-02-12",
            "duplicate_of": ""
          }
        ],
        "record_ids": [
          "fishing-report-1935"
        ],
        "fish_keys": [
          "perch"
        ]
      }
    },
    {
      "type": "Feature",
      "id": "P169",
      "geometry": {
        "type": "Point",
        "coordinates": [
          31.467525,
          59.907043
        ]
      },
      "properties": {
        "marker_id": "P169",
        "fish": [
          "Окунь"
        ],
        "source": "fishing-report.ru",
        "source_url": "https://fishing-report.ru/1931/",
        "source_id": "1931",
        "date": "2021-02-12",
        "sector": "Кобона / южный берег",
        "confidence_class": "B",
        "confidence_classes": [
          "B"
        ],
        "reports_count": 1,
        "published_rows": 1,
        "comment": "Публичная геометка отчёта fishing-report.ru. бухта Петрокрепость. Всем привет из Санкт-Петербурга и с берега Ладожского озера! На излёте этого непростого года, решил устроить себе нетипичный понедельник. Посетил секретное» место ЮБЛО, на букву Ша. Возможно инфо будет полезна, тем кто ещё хочет успеть наловить на уху С самого начала, отскочил от тростника, но рыбу с помощью балансира и блесны, поймать не смог. Ближе к обеду, пошёл в берег, на грани тросты и открытой воды, качнул пару лунок. Есть пара трещин, но не не опасных, тем не менее, будьте осторожны. Лёд нормальный, отходил не далее 1 км, но были и те, кто ушёл дальше и там сгруппировался. Я к ним не пошёл, но несколько человек из тросты туда рванули, что поймали неизвестно. Окунь пассивный, надо уговаривать. Брал на долгой паузе. Мормышка одна выручила (пчёлка»), пришлось подбирать. Из двух десятк",
        "depth": "",
        "method": "",
        "catch": "",
        "nearest_landmark": "Кобона / южный берег",
        "landmark_distance_km": 14.422,
        "distance_from_novaya_ladoga_km": 50.88,
        "context_reports_count": "",
        "source_entries": [
          {
            "source": "fishing-report.ru",
            "source_id": "1931",
            "source_url": "https://fishing-report.ru/1931/",
            "date": "2021-02-12",
            "duplicate_of": ""
          }
        ],
        "record_ids": [
          "fishing-report-1931"
        ],
        "fish_keys": [
          "perch"
        ]
      }
    },
    {
      "type": "Feature",
      "id": "P170",
      "geometry": {
        "type": "Point",
        "coordinates": [
          32.306857,
          60.092493
        ]
      },
      "properties": {
        "marker_id": "P170",
        "fish": [
          "Щука"
        ],
        "source": "fishing-report.ru",
        "source_url": "https://fishing-report.ru/1122/",
        "source_id": "1122",
        "date": "2021-01-09",
        "sector": "Нижний Волхов",
        "confidence_class": "B",
        "confidence_classes": [
          "B"
        ],
        "reports_count": 1,
        "published_rows": 1,
        "comment": "Публичная геометка отчёта fishing-report.ru. нижний Волхов. Поймали на Волхове на Спиннинг)",
        "depth": "",
        "method": "",
        "catch": "",
        "nearest_landmark": "Нижний Волхов",
        "landmark_distance_km": 2.426,
        "distance_from_novaya_ladoga_km": 1.437,
        "context_reports_count": "",
        "source_entries": [
          {
            "source": "fishing-report.ru",
            "source_id": "1122",
            "source_url": "https://fishing-report.ru/1122/",
            "date": "2021-01-09",
            "duplicate_of": ""
          }
        ],
        "record_ids": [
          "fishing-report-1122"
        ],
        "fish_keys": [
          "pike"
        ]
      }
    },
    {
      "type": "Feature",
      "id": "P171",
      "geometry": {
        "type": "Point",
        "coordinates": [
          32.333022,
          60.112368
        ]
      },
      "properties": {
        "marker_id": "P171",
        "fish": [
          "Густера",
          "Лещ",
          "Линь",
          "Щука"
        ],
        "source": "Telegram: Рыболовная сводка Спб",
        "source_url": "https://t.me/rybalka_spb_lenoblasti/24765; https://t.me/rybalka_spb_lenoblasti/19629",
        "source_id": "24765; 19629",
        "date": "2025-09-20—2026-06-10",
        "sector": "Новая Ладога / устье Волхова",
        "confidence_class": "A",
        "confidence_classes": [
          "A"
        ],
        "reports_count": 2,
        "published_rows": 2,
        "comment": "Немятово, поплавок и червь; координаты локации опубликованы в тексте поста. Предыдущий массив: Немятово — лещ, густера, линь (точный GPS из отчёта). | Ново-Свирский канал у пересечения с Волховом; координаты локации опубликованы в тексте поста.",
        "depth": "",
        "method": "вертушка, с берега",
        "catch": "",
        "nearest_landmark": "Новая Ладога / устье Волхова",
        "landmark_distance_km": 0.955,
        "distance_from_novaya_ladoga_km": 2.368,
        "context_reports_count": "",
        "source_entries": [
          {
            "source": "Telegram: Рыболовная сводка Спб",
            "source_id": "24765",
            "source_url": "https://t.me/rybalka_spb_lenoblasti/24765",
            "date": "2026-06-10",
            "duplicate_of": ""
          },
          {
            "source": "Telegram: Рыболовная сводка Спб",
            "source_id": "19629",
            "source_url": "https://t.me/rybalka_spb_lenoblasti/19629",
            "date": "2025-09-20",
            "duplicate_of": ""
          }
        ],
        "record_ids": [
          "telegram-24765",
          "telegram-19629"
        ],
        "fish_keys": [
          "bream",
          "pike",
          "other"
        ]
      }
    },
    {
      "type": "Feature",
      "id": "P172",
      "geometry": {
        "type": "Point",
        "coordinates": [
          32.29689,
          60.121145
        ]
      },
      "properties": {
        "marker_id": "P172",
        "fish": [
          "Плотва"
        ],
        "source": "Telegram: Рыболовная сводка Спб",
        "source_url": "https://t.me/rybalka_spb_lenoblasti/23021",
        "source_id": "23021",
        "date": "2026-03-13",
        "sector": "Новая Ладога / устье Волхова",
        "confidence_class": "A",
        "confidence_classes": [
          "A"
        ],
        "reports_count": 1,
        "published_rows": 1,
        "comment": "Креницы, 9 км; координаты опубликованы в тексте поста. Предыдущий массив: Креницы — плотва, 2.3 м (точный GPS из отчёта).",
        "depth": "2.3 м",
        "method": "",
        "catch": "",
        "nearest_landmark": "Новая Ладога / устье Волхова",
        "landmark_distance_km": 1.327,
        "distance_from_novaya_ladoga_km": 1.945,
        "context_reports_count": "",
        "source_entries": [
          {
            "source": "Telegram: Рыболовная сводка Спб",
            "source_id": "23021",
            "source_url": "https://t.me/rybalka_spb_lenoblasti/23021",
            "date": "2026-03-13",
            "duplicate_of": ""
          }
        ],
        "record_ids": [
          "telegram-23021"
        ],
        "fish_keys": [
          "roach"
        ]
      }
    },
    {
      "type": "Feature",
      "id": "P173",
      "geometry": {
        "type": "Point",
        "coordinates": [
          32.066842,
          60.27479
        ]
      },
      "properties": {
        "marker_id": "P173",
        "fish": [],
        "source": "ПКР / fisher.spb.ru",
        "source_url": "https://fisher.spb.ru/news/message-bycatalog.php?category=5&water=157",
        "source_id": "water-157",
        "date": "",
        "sector": "о. Птинов",
        "confidence_class": "C",
        "confidence_classes": [
          "C"
        ],
        "reports_count": 1,
        "published_rows": 1,
        "comment": "Точка каталога района «Варецкие банки». В архиве 116 сообщений; это справочная повторяемость названия, а не 116 GPS-отчётов, поэтому в плотность добавлена одна точка C.",
        "depth": "",
        "method": "",
        "catch": "",
        "nearest_landmark": "о. Птинов",
        "landmark_distance_km": 2.444,
        "distance_from_novaya_ladoga_km": 22.793,
        "context_reports_count": 116,
        "source_entries": [
          {
            "source": "ПКР / fisher.spb.ru",
            "source_id": "water-157",
            "source_url": "https://fisher.spb.ru/news/message-bycatalog.php?category=5&water=157",
            "date": "",
            "duplicate_of": ""
          }
        ],
        "record_ids": [
          "pkr-water-157"
        ],
        "fish_keys": [
          "other"
        ]
      }
    },
    {
      "type": "Feature",
      "id": "P174",
      "geometry": {
        "type": "Point",
        "coordinates": [
          31.983349,
          60.234609
        ]
      },
      "properties": {
        "marker_id": "P174",
        "fish": [],
        "source": "ПКР / fisher.spb.ru",
        "source_url": "https://fisher.spb.ru/news/message-bycatalog.php?category=5&water=161",
        "source_id": "water-161",
        "date": "",
        "sector": "Дубно",
        "confidence_class": "C",
        "confidence_classes": [
          "C"
        ],
        "reports_count": 1,
        "published_rows": 1,
        "comment": "Точка каталога района «Дубно». В архиве 960 сообщений; это справочная повторяемость названия, а не 960 GPS-отчётов, поэтому в плотность добавлена одна точка C.",
        "depth": "",
        "method": "",
        "catch": "",
        "nearest_landmark": "Дубно",
        "landmark_distance_km": 0,
        "distance_from_novaya_ladoga_km": 22.518,
        "context_reports_count": 960,
        "source_entries": [
          {
            "source": "ПКР / fisher.spb.ru",
            "source_id": "water-161",
            "source_url": "https://fisher.spb.ru/news/message-bycatalog.php?category=5&water=161",
            "date": "",
            "duplicate_of": ""
          }
        ],
        "record_ids": [
          "pkr-water-161"
        ],
        "fish_keys": [
          "other"
        ]
      }
    },
    {
      "type": "Feature",
      "id": "P175",
      "geometry": {
        "type": "Point",
        "coordinates": [
          32.284981,
          60.133145
        ]
      },
      "properties": {
        "marker_id": "P175",
        "fish": [],
        "source": "ПКР / fisher.spb.ru",
        "source_url": "https://fisher.spb.ru/news/message-bycatalog.php?category=5&water=166",
        "source_id": "water-166",
        "date": "",
        "sector": "Новая Ладога / устье Волхова",
        "confidence_class": "C",
        "confidence_classes": [
          "C"
        ],
        "reports_count": 1,
        "published_rows": 1,
        "comment": "Точка каталога района «Креницы». В архиве 2986 сообщений; это справочная повторяемость названия, а не 2986 GPS-отчётов, поэтому в плотность добавлена одна точка C.",
        "depth": "",
        "method": "",
        "catch": "",
        "nearest_landmark": "Новая Ладога / устье Волхова",
        "landmark_distance_km": 2.569,
        "distance_from_novaya_ladoga_km": 3.311,
        "context_reports_count": 2986,
        "source_entries": [
          {
            "source": "ПКР / fisher.spb.ru",
            "source_id": "water-166",
            "source_url": "https://fisher.spb.ru/news/message-bycatalog.php?category=5&water=166",
            "date": "",
            "duplicate_of": ""
          }
        ],
        "record_ids": [
          "pkr-water-166"
        ],
        "fish_keys": [
          "other"
        ]
      }
    },
    {
      "type": "Feature",
      "id": "P176",
      "geometry": {
        "type": "Point",
        "coordinates": [
          31.778853,
          60.240971
        ]
      },
      "properties": {
        "marker_id": "P176",
        "fish": [],
        "source": "ПКР / fisher.spb.ru",
        "source_url": "https://fisher.spb.ru/news/message-bycatalog.php?category=5&water=172",
        "source_id": "water-172",
        "date": "",
        "sector": "Лигово",
        "confidence_class": "C",
        "confidence_classes": [
          "C"
        ],
        "reports_count": 1,
        "published_rows": 1,
        "comment": "Точка каталога района «Лигово». В архиве 671 сообщений; это справочная повторяемость названия, а не 671 GPS-отчётов, поэтому в плотность добавлена одна точка C.",
        "depth": "",
        "method": "",
        "catch": "",
        "nearest_landmark": "Лигово",
        "landmark_distance_km": 0,
        "distance_from_novaya_ladoga_km": 32.321,
        "context_reports_count": 671,
        "source_entries": [
          {
            "source": "ПКР / fisher.spb.ru",
            "source_id": "water-172",
            "source_url": "https://fisher.spb.ru/news/message-bycatalog.php?category=5&water=172",
            "date": "",
            "duplicate_of": ""
          }
        ],
        "record_ids": [
          "pkr-water-172"
        ],
        "fish_keys": [
          "other"
        ]
      }
    },
    {
      "type": "Feature",
      "id": "P177",
      "geometry": {
        "type": "Point",
        "coordinates": [
          32.337228,
          60.155861
        ]
      },
      "properties": {
        "marker_id": "P177",
        "fish": [],
        "source": "ПКР / fisher.spb.ru",
        "source_url": "https://fisher.spb.ru/news/message-bycatalog.php?category=5&water=175",
        "source_id": "water-175",
        "date": "",
        "sector": "Креницы / Волховская губа",
        "confidence_class": "C",
        "confidence_classes": [
          "C"
        ],
        "reports_count": 1,
        "published_rows": 1,
        "comment": "Точка каталога района «Новая Ладога». В архиве 338 сообщений; это справочная повторяемость названия, а не 338 GPS-отчётов, поэтому в плотность добавлена одна точка C.",
        "depth": "",
        "method": "",
        "catch": "",
        "nearest_landmark": "Креницы / Волховская губа",
        "landmark_distance_km": 4.298,
        "distance_from_novaya_ladoga_km": 6.274,
        "context_reports_count": 338,
        "source_entries": [
          {
            "source": "ПКР / fisher.spb.ru",
            "source_id": "water-175",
            "source_url": "https://fisher.spb.ru/news/message-bycatalog.php?category=5&water=175",
            "date": "",
            "duplicate_of": ""
          }
        ],
        "record_ids": [
          "pkr-water-175"
        ],
        "fish_keys": [
          "other"
        ]
      }
    },
    {
      "type": "Feature",
      "id": "P178",
      "geometry": {
        "type": "Point",
        "coordinates": [
          32.085666,
          60.229273
        ]
      },
      "properties": {
        "marker_id": "P178",
        "fish": [],
        "source": "ПКР / fisher.spb.ru",
        "source_url": "https://fisher.spb.ru/news/message-bycatalog.php?category=5&water=176",
        "source_id": "water-176",
        "date": "",
        "sector": "о. Птинов",
        "confidence_class": "C",
        "confidence_classes": [
          "C"
        ],
        "reports_count": 1,
        "published_rows": 1,
        "comment": "Точка каталога района «о-в Птинов». В архиве 204 сообщений; это справочная повторяемость названия, а не 204 GPS-отчётов, поэтому в плотность добавлена одна точка C.",
        "depth": "",
        "method": "",
        "catch": "",
        "nearest_landmark": "о. Птинов",
        "landmark_distance_km": 2.736,
        "distance_from_novaya_ladoga_km": 18.103,
        "context_reports_count": 204,
        "source_entries": [
          {
            "source": "ПКР / fisher.spb.ru",
            "source_id": "water-176",
            "source_url": "https://fisher.spb.ru/news/message-bycatalog.php?category=5&water=176",
            "date": "",
            "duplicate_of": ""
          }
        ],
        "record_ids": [
          "pkr-water-176"
        ],
        "fish_keys": [
          "other"
        ]
      }
    },
    {
      "type": "Feature",
      "id": "P179",
      "geometry": {
        "type": "Point",
        "coordinates": [
          32.189567,
          60.197533
        ]
      },
      "properties": {
        "marker_id": "P179",
        "fish": [
          "Окунь"
        ],
        "source": "Предыдущее исследование",
        "source_url": "",
        "source_id": "prior-05",
        "date": "",
        "sector": "Креницы / Волховская губа",
        "confidence_class": "A",
        "confidence_classes": [
          "A"
        ],
        "reports_count": 1,
        "published_rows": 1,
        "comment": "Координата восстановлена из ladoga_points_preliminary.csv предыдущего чата; исходная публичная ссылка в файле не сохранена. Креницы — окунь 18 кг",
        "depth": "",
        "method": "",
        "catch": "",
        "nearest_landmark": "Креницы / Волховская губа",
        "landmark_distance_km": 5.708,
        "distance_from_novaya_ladoga_km": 11.926,
        "context_reports_count": "",
        "source_entries": [
          {
            "source": "Предыдущее исследование",
            "source_id": "prior-05",
            "source_url": "",
            "date": "",
            "duplicate_of": ""
          }
        ],
        "record_ids": [
          "previous-prior-05"
        ],
        "fish_keys": [
          "perch"
        ]
      }
    },
    {
      "type": "Feature",
      "id": "P180",
      "geometry": {
        "type": "Point",
        "coordinates": [
          32.252517,
          60.177483
        ]
      },
      "properties": {
        "marker_id": "P180",
        "fish": [
          "Окунь"
        ],
        "source": "Предыдущее исследование",
        "source_url": "",
        "source_id": "prior-06",
        "date": "",
        "sector": "Креницы / Волховская губа",
        "confidence_class": "A",
        "confidence_classes": [
          "A"
        ],
        "reports_count": 1,
        "published_rows": 1,
        "comment": "Координата восстановлена из ladoga_points_preliminary.csv предыдущего чата; исходная публичная ссылка в файле не сохранена. Креницы — окунь",
        "depth": "",
        "method": "",
        "catch": "",
        "nearest_landmark": "Креницы / Волховская губа",
        "landmark_distance_km": 1.988,
        "distance_from_novaya_ladoga_km": 8.518,
        "context_reports_count": "",
        "source_entries": [
          {
            "source": "Предыдущее исследование",
            "source_id": "prior-06",
            "source_url": "",
            "date": "",
            "duplicate_of": ""
          }
        ],
        "record_ids": [
          "previous-prior-06"
        ],
        "fish_keys": [
          "perch"
        ]
      }
    },
    {
      "type": "Feature",
      "id": "P181",
      "geometry": {
        "type": "Point",
        "coordinates": [
          32.27465,
          60.171933
        ]
      },
      "properties": {
        "marker_id": "P181",
        "fish": [
          "Плотва"
        ],
        "source": "Предыдущее исследование",
        "source_url": "",
        "source_id": "prior-07",
        "date": "",
        "sector": "Креницы / Волховская губа",
        "confidence_class": "A",
        "confidence_classes": [
          "A"
        ],
        "reports_count": 1,
        "published_rows": 1,
        "comment": "Координата восстановлена из ladoga_points_preliminary.csv предыдущего чата; исходная публичная ссылка в файле не сохранена. Креницы — плотва",
        "depth": "",
        "method": "",
        "catch": "",
        "nearest_landmark": "Креницы / Волховская губа",
        "landmark_distance_km": 1.555,
        "distance_from_novaya_ladoga_km": 7.661,
        "context_reports_count": "",
        "source_entries": [
          {
            "source": "Предыдущее исследование",
            "source_id": "prior-07",
            "source_url": "",
            "date": "",
            "duplicate_of": ""
          }
        ],
        "record_ids": [
          "previous-prior-07"
        ],
        "fish_keys": [
          "roach"
        ]
      }
    },
    {
      "type": "Feature",
      "id": "P182",
      "geometry": {
        "type": "Point",
        "coordinates": [
          32.278783,
          60.1565
        ]
      },
      "properties": {
        "marker_id": "P182",
        "fish": [
          "Плотва"
        ],
        "source": "Предыдущее исследование",
        "source_url": "",
        "source_id": "prior-08",
        "date": "",
        "sector": "Креницы / Волховская губа",
        "confidence_class": "A",
        "confidence_classes": [
          "A"
        ],
        "reports_count": 1,
        "published_rows": 1,
        "comment": "Координата восстановлена из ladoga_points_preliminary.csv предыдущего чата; исходная публичная ссылка в файле не сохранена. Креницы — плотва",
        "depth": "",
        "method": "",
        "catch": "",
        "nearest_landmark": "Креницы / Волховская губа",
        "landmark_distance_km": 1.11,
        "distance_from_novaya_ladoga_km": 5.93,
        "context_reports_count": "",
        "source_entries": [
          {
            "source": "Предыдущее исследование",
            "source_id": "prior-08",
            "source_url": "",
            "date": "",
            "duplicate_of": ""
          }
        ],
        "record_ids": [
          "previous-prior-08"
        ],
        "fish_keys": [
          "roach"
        ]
      }
    },
    {
      "type": "Feature",
      "id": "P183",
      "geometry": {
        "type": "Point",
        "coordinates": [
          32.292472,
          60.162306
        ]
      },
      "properties": {
        "marker_id": "P183",
        "fish": [
          "Плотва"
        ],
        "source": "Предыдущее исследование",
        "source_url": "",
        "source_id": "prior-09",
        "date": "",
        "sector": "Креницы / Волховская губа",
        "confidence_class": "A",
        "confidence_classes": [
          "A"
        ],
        "reports_count": 1,
        "published_rows": 1,
        "comment": "Координата восстановлена из ladoga_points_preliminary.csv предыдущего чата; исходная публичная ссылка в файле не сохранена. Креницы — плотва 20 кг",
        "depth": "",
        "method": "",
        "catch": "",
        "nearest_landmark": "Креницы / Волховская губа",
        "landmark_distance_km": 1.815,
        "distance_from_novaya_ladoga_km": 6.516,
        "context_reports_count": "",
        "source_entries": [
          {
            "source": "Предыдущее исследование",
            "source_id": "prior-09",
            "source_url": "",
            "date": "",
            "duplicate_of": ""
          }
        ],
        "record_ids": [
          "previous-prior-09"
        ],
        "fish_keys": [
          "roach"
        ]
      }
    },
    {
      "type": "Feature",
      "id": "P184",
      "geometry": {
        "type": "Point",
        "coordinates": [
          32.178383,
          60.207317
        ]
      },
      "properties": {
        "marker_id": "P184",
        "fish": [
          "Плотва"
        ],
        "source": "Предыдущее исследование",
        "source_url": "",
        "source_id": "prior-10",
        "date": "",
        "sector": "Креницы / Волховская губа",
        "confidence_class": "A",
        "confidence_classes": [
          "A"
        ],
        "reports_count": 1,
        "published_rows": 1,
        "comment": "Координата восстановлена из ladoga_points_preliminary.csv предыдущего чата; исходная публичная ссылка в файле не сохранена. Креницы — плотва ~40 кг",
        "depth": "",
        "method": "",
        "catch": "",
        "nearest_landmark": "Креницы / Волховская губа",
        "landmark_distance_km": 6.931,
        "distance_from_novaya_ladoga_km": 13.177,
        "context_reports_count": "",
        "source_entries": [
          {
            "source": "Предыдущее исследование",
            "source_id": "prior-10",
            "source_url": "",
            "date": "",
            "duplicate_of": ""
          }
        ],
        "record_ids": [
          "previous-prior-10"
        ],
        "fish_keys": [
          "roach"
        ]
      }
    },
    {
      "type": "Feature",
      "id": "P185",
      "geometry": {
        "type": "Point",
        "coordinates": [
          32.181783,
          60.217083
        ]
      },
      "properties": {
        "marker_id": "P185",
        "fish": [
          "Плотва"
        ],
        "source": "Предыдущее исследование",
        "source_url": "",
        "source_id": "prior-11",
        "date": "",
        "sector": "о. Птинов",
        "confidence_class": "A",
        "confidence_classes": [
          "A"
        ],
        "reports_count": 1,
        "published_rows": 1,
        "comment": "Координата восстановлена из ladoga_points_preliminary.csv предыдущего чата; исходная публичная ссылка в файле не сохранена. Креницы — плотва",
        "depth": "",
        "method": "",
        "catch": "",
        "nearest_landmark": "о. Птинов",
        "landmark_distance_km": 6.981,
        "distance_from_novaya_ladoga_km": 14.052,
        "context_reports_count": "",
        "source_entries": [
          {
            "source": "Предыдущее исследование",
            "source_id": "prior-11",
            "source_url": "",
            "date": "",
            "duplicate_of": ""
          }
        ],
        "record_ids": [
          "previous-prior-11"
        ],
        "fish_keys": [
          "roach"
        ]
      }
    },
    {
      "type": "Feature",
      "id": "P186",
      "geometry": {
        "type": "Point",
        "coordinates": [
          32.31388,
          60.09417
        ]
      },
      "properties": {
        "marker_id": "P186",
        "fish": [
          "Лещ"
        ],
        "source": "Предыдущее исследование",
        "source_url": "",
        "source_id": "prior-16",
        "date": "",
        "sector": "Нижний Волхов",
        "confidence_class": "A",
        "confidence_classes": [
          "A"
        ],
        "reports_count": 1,
        "published_rows": 1,
        "comment": "Координата восстановлена из ladoga_points_preliminary.csv предыдущего чата; исходная публичная ссылка в файле не сохранена. Остров Ленина — лещ",
        "depth": "",
        "method": "",
        "catch": "",
        "nearest_landmark": "Нижний Волхов",
        "landmark_distance_km": 2.381,
        "distance_from_novaya_ladoga_km": 1.531,
        "context_reports_count": "",
        "source_entries": [
          {
            "source": "Предыдущее исследование",
            "source_id": "prior-16",
            "source_url": "",
            "date": "",
            "duplicate_of": ""
          }
        ],
        "record_ids": [
          "previous-prior-16"
        ],
        "fish_keys": [
          "bream"
        ]
      }
    },
    {
      "type": "Feature",
      "id": "P187",
      "geometry": {
        "type": "Point",
        "coordinates": [
          32.319865,
          60.082004
        ]
      },
      "properties": {
        "marker_id": "P187",
        "fish": [
          "Густера",
          "Линь",
          "Подлещик"
        ],
        "source": "Предыдущее исследование",
        "source_url": "",
        "source_id": "prior-17",
        "date": "",
        "sector": "Нижний Волхов",
        "confidence_class": "A",
        "confidence_classes": [
          "A"
        ],
        "reports_count": 1,
        "published_rows": 1,
        "comment": "Координата восстановлена из ladoga_points_preliminary.csv предыдущего чата; исходная публичная ссылка в файле не сохранена. Юшково — линь, густера, подлещик",
        "depth": "",
        "method": "",
        "catch": "",
        "nearest_landmark": "Нижний Волхов",
        "landmark_distance_km": 1.066,
        "distance_from_novaya_ladoga_km": 2.808,
        "context_reports_count": "",
        "source_entries": [
          {
            "source": "Предыдущее исследование",
            "source_id": "prior-17",
            "source_url": "",
            "date": "",
            "duplicate_of": ""
          }
        ],
        "record_ids": [
          "previous-prior-17"
        ],
        "fish_keys": [
          "bream",
          "other"
        ]
      }
    },
    {
      "type": "Feature",
      "id": "P188",
      "geometry": {
        "type": "Point",
        "coordinates": [
          32.32236,
          60.077029
        ]
      },
      "properties": {
        "marker_id": "P188",
        "fish": [
          "Лещ",
          "Синец"
        ],
        "source": "Предыдущее исследование",
        "source_url": "",
        "source_id": "prior-18",
        "date": "",
        "sector": "Нижний Волхов",
        "confidence_class": "A",
        "confidence_classes": [
          "A"
        ],
        "reports_count": 1,
        "published_rows": 1,
        "comment": "Координата восстановлена из ladoga_points_preliminary.csv предыдущего чата; исходная публичная ссылка в файле не сохранена. Юшково — лещ, синец",
        "depth": "",
        "method": "",
        "catch": "",
        "nearest_landmark": "Нижний Волхов",
        "landmark_distance_km": 0.632,
        "distance_from_novaya_ladoga_km": 3.358,
        "context_reports_count": "",
        "source_entries": [
          {
            "source": "Предыдущее исследование",
            "source_id": "prior-18",
            "source_url": "",
            "date": "",
            "duplicate_of": ""
          }
        ],
        "record_ids": [
          "previous-prior-18"
        ],
        "fish_keys": [
          "bream",
          "other"
        ]
      }
    },
    {
      "type": "Feature",
      "id": "P189",
      "geometry": {
        "type": "Point",
        "coordinates": [
          32.344409,
          60.052698
        ]
      },
      "properties": {
        "marker_id": "P189",
        "fish": [
          "Густера",
          "Лещ",
          "Линь"
        ],
        "source": "Предыдущее исследование",
        "source_url": "",
        "source_id": "prior-20",
        "date": "",
        "sector": "Нижний Волхов",
        "confidence_class": "A",
        "confidence_classes": [
          "A"
        ],
        "reports_count": 1,
        "published_rows": 1,
        "comment": "Координата восстановлена из ladoga_points_preliminary.csv предыдущего чата; исходная публичная ссылка в файле не сохранена. Поляша — лещ, густера, линь",
        "depth": "",
        "method": "",
        "catch": "",
        "nearest_landmark": "Нижний Волхов",
        "landmark_distance_km": 2.559,
        "distance_from_novaya_ladoga_km": 6.325,
        "context_reports_count": "",
        "source_entries": [
          {
            "source": "Предыдущее исследование",
            "source_id": "prior-20",
            "source_url": "",
            "date": "",
            "duplicate_of": ""
          }
        ],
        "record_ids": [
          "previous-prior-20"
        ],
        "fish_keys": [
          "bream",
          "other"
        ]
      }
    },
    {
      "type": "Feature",
      "id": "P190",
      "geometry": {
        "type": "Point",
        "coordinates": [
          32.344323,
          60.05031
        ]
      },
      "properties": {
        "marker_id": "P190",
        "fish": [
          "Голавль",
          "Плотва",
          "Язь"
        ],
        "source": "Предыдущее исследование",
        "source_url": "",
        "source_id": "prior-21",
        "date": "",
        "sector": "Нижний Волхов",
        "confidence_class": "A",
        "confidence_classes": [
          "A"
        ],
        "reports_count": 1,
        "published_rows": 1,
        "comment": "Координата восстановлена из ladoga_points_preliminary.csv предыдущего чата; исходная публичная ссылка в файле не сохранена. Поляша — плотва, язь, голавль",
        "depth": "",
        "method": "",
        "catch": "",
        "nearest_landmark": "Нижний Волхов",
        "landmark_distance_km": 2.816,
        "distance_from_novaya_ladoga_km": 6.562,
        "context_reports_count": "",
        "source_entries": [
          {
            "source": "Предыдущее исследование",
            "source_id": "prior-21",
            "source_url": "",
            "date": "",
            "duplicate_of": ""
          }
        ],
        "record_ids": [
          "previous-prior-21"
        ],
        "fish_keys": [
          "roach",
          "other"
        ]
      }
    },
    {
      "type": "Feature",
      "id": "P191",
      "geometry": {
        "type": "Point",
        "coordinates": [
          32.344224,
          60.051332
        ]
      },
      "properties": {
        "marker_id": "P191",
        "fish": [
          "Лещ",
          "Линь",
          "Сом"
        ],
        "source": "Предыдущее исследование",
        "source_url": "",
        "source_id": "prior-22",
        "date": "",
        "sector": "Нижний Волхов",
        "confidence_class": "A",
        "confidence_classes": [
          "A"
        ],
        "reports_count": 1,
        "published_rows": 1,
        "comment": "Координата восстановлена из ladoga_points_preliminary.csv предыдущего чата; исходная публичная ссылка в файле не сохранена. Поляша — линь, сом / лещ",
        "depth": "",
        "method": "",
        "catch": "",
        "nearest_landmark": "Нижний Волхов",
        "landmark_distance_km": 2.704,
        "distance_from_novaya_ladoga_km": 6.457,
        "context_reports_count": "",
        "source_entries": [
          {
            "source": "Предыдущее исследование",
            "source_id": "prior-22",
            "source_url": "",
            "date": "",
            "duplicate_of": ""
          }
        ],
        "record_ids": [
          "previous-prior-22"
        ],
        "fish_keys": [
          "bream",
          "other"
        ]
      }
    }
  ]
}