{"type":"FeatureCollection","name":"depth_chart_isobaths","description":"Изобаты южной Ладоги, оцифрованные со сканов навигационных карт ГУНиО МО 1:50 000 (№ 25069 Волховская губа, 25068 Кареджи–Сухо, 25070 Свирская губа; изд. 1997–1998). Глубины от среднего многолетнего уровня озера (+5,1 м БС). Координаты WGS84. Не для навигации.","features":[{"type":"Feature","properties":{"depth_m":2,"source":"ГУНиО МО, навигационная карта № 25068 «От маяка Кареджи до маяка Сухо», 1:50 000; скан ladoga-lake.ru (https://ladoga-lake.ru/maps/navi_su/navi-su-18.html)","chart":"25068","chart_sheet":"18","n_lines":22,"method":"полуавтоматическая векторизация чёрных изобат со скана (порог+скелетизация+сшивка), глубина подписана вручную по надписям на изобатах; привязка по картографической сетке","datum":"WGS84 (СК-42 → WGS84 по PROJ; поправка, напечатанная на карте, давала 8–9 м к востоку — research/alignment_report.md)","depth_datum":"от среднего многолетнего уровня Ладожского озера (+5,1 м БС)"},"geometry":{"type":"MultiLineString","coordinates":[[[31.363489,60.116719],[31.359843,60.11763],[31.359237,60.11734],[31.353456,60.115644],[31.352194,60.115119],[31.351297,60.114498],[31.351268,60.114143],[31.351547,60.113956]],[[31.376156,60.143615],[31.375061,60.143372],[31.373869,60.142835],[31.373471,60.142566],[31.372845,60.14185],[31.371833,60.141431],[31.371494,60.141196],[31.371537,60.140885],[31.372521,60.140244],[31.372578,60.139124],[31.372864,60.139029],[31.374318,60.138953],[31.375915,60.138353],[31.376333,60.138312],[31.376936,60.138374],[31.377537,60.138749],[31.378274,60.139853],[31.379108,60.140262]],[[31.385993,60.160534],[31.38523,60.160368],[31.384602,60.160066],[31.384139,60.159716],[31.384001,60.1594],[31.384136,60.158387],[31.385308,60.15698],[31.385279,60.156314],[31.384926,60.155936],[31.384246,60.155749],[31.38351,60.155752],[31.382718,60.155846],[31.381517,60.156136],[31.380492,60.15616],[31.3791,60.155895],[31.378532,60.155604],[31.378554,60.154644],[31.378158,60.153783],[31.37845,60.153528],[31.379986,60.153129]],[[31.38677,60.159521],[31.387737,60.159091],[31.389515,60.158642],[31.390086,60.158306],[31.39031,60.158002],[31.390338,60.157099],[31.389956,60.155644],[31.389267,60.15391],[31.388965,60.151883]],[[31.390901,60.131529],[31.391612,60.130673],[31.391949,60.129851],[31.392322,60.129589],[31.394373,60.128641],[31.394763,60.128139],[31.394739,60.127726],[31.394322,60.127426],[31.393627,60.127235],[31.392776,60.12716],[31.39092,60.12716],[31.389776,60.12698],[31.389283,60.126824],[31.388823,60.126479],[31.388604,60.126078],[31.388627,60.125634],[31.388814,60.125313],[31.38988,60.124285],[31.392256,60.122929],[31.392585,60.12255],[31.39262,60.122041],[31.392281,60.121702],[31.391394,60.121421],[31.390184,60.121354],[31.388093,60.121377],[31.386962,60.121181],[31.386538,60.120994],[31.386369,60.120682],[31.386638,60.120447],[31.387133,60.120256],[31.390457,60.119606],[31.391533,60.119512],[31.392808,60.119534],[31.395358,60.119919],[31.398762,60.12019],[31.399819,60.120113],[31.401402,60.119838],[31.403156,60.11986],[31.40379,60.120037],[31.404384,60.120317],[31.405683,60.121367],[31.406833,60.122116],[31.407616,60.122797],[31.408067,60.123508],[31.40822,60.124269],[31.407787,60.126144],[31.407756,60.127166],[31.406876,60.129611],[31.405342,60.131169],[31.403707,60.132463],[31.401393,60.133857],[31.400068,60.134496],[31.398972,60.1353],[31.398542,60.136587],[31.398114,60.136898],[31.397835,60.136961],[31.397398,60.136831],[31.396881,60.136143],[31.396365,60.135688],[31.395774,60.135385],[31.39499,60.13521],[31.393679,60.135228],[31.392938,60.135436],[31.392333,60.135836],[31.391974,60.136647],[31.391607,60.136866],[31.39105,60.136808],[31.390108,60.136306],[31.389384,60.135499],[31.389144,60.134417],[31.388132,60.133144],[31.387957,60.132698],[31.387989,60.132358],[31.388269,60.132106],[31.388941,60.131904],[31.390126,60.131763]],[[31.395347,60.141827],[31.395347,60.14171],[31.39619,60.140901],[31.396513,60.139856],[31.3973,60.138864],[31.397433,60.1384],[31.397312,60.138177],[31.396771,60.138084],[31.393642,60.138083],[31.391926,60.138207],[31.391038,60.138477],[31.390252,60.139174]],[[31.405343,60.118659],[31.407964,60.118563],[31.409256,60.118366],[31.411217,60.117797],[31.411781,60.117244],[31.413195,60.116928],[31.413614,60.116492],[31.413783,60.115084],[31.414644,60.114368]],[[31.529285,60.141301],[31.530011,60.140362],[31.530002,60.13928],[31.528085,60.137398],[31.527272,60.136199],[31.526872,60.135041],[31.525863,60.134054],[31.523701,60.132981],[31.522483,60.132577],[31.521168,60.132265],[31.518497,60.132011],[31.51548,60.131907],[31.513876,60.131657],[31.513046,60.131397]],[[31.533782,60.140132],[31.533659,60.139716],[31.533355,60.13942],[31.530793,60.137585],[31.530196,60.136958],[31.529857,60.136328],[31.529611,60.135391],[31.529773,60.132791],[31.529159,60.130866],[31.529161,60.129982],[31.529664,60.128596],[31.530525,60.127404],[31.531133,60.126832],[31.533226,60.125551],[31.534723,60.12491],[31.535458,60.124685],[31.53684,60.124387],[31.538407,60.124162],[31.542046,60.124146],[31.54427,60.124349],[31.546182,60.124716],[31.547256,60.12525],[31.54871,60.126473],[31.55112,60.128928],[31.55221,60.130642],[31.55288,60.131232],[31.55382,60.131788],[31.555478,60.132418],[31.557681,60.132866],[31.559359,60.133029],[31.562314,60.132961],[31.562468,60.133039]],[[31.552334,60.158291],[31.55246,60.157418],[31.552295,60.156661],[31.551624,60.155595],[31.550156,60.154482],[31.549104,60.154072],[31.548733,60.153718],[31.547578,60.153052],[31.545988,60.151843],[31.545345,60.151068],[31.544835,60.15013],[31.544576,60.148946],[31.544185,60.14835],[31.543392,60.14806],[31.541437,60.147922],[31.540905,60.147768],[31.540581,60.147499],[31.540176,60.146656],[31.539472,60.145838],[31.538541,60.145285],[31.536472,60.144494],[31.536343,60.144154],[31.53656,60.144068],[31.536715,60.144107]],[[31.592312,60.166391],[31.591708,60.166297],[31.588195,60.165112],[31.584517,60.163382],[31.583358,60.163136],[31.582708,60.162778],[31.576483,60.161339],[31.573353,60.160518],[31.570929,60.160073],[31.569276,60.159671],[31.563696,60.158839],[31.559469,60.157648],[31.557877,60.15759],[31.556985,60.157693],[31.555511,60.158369],[31.554346,60.159381],[31.553648,60.159615],[31.553415,60.159615]],[[31.575018,60.134521],[31.578321,60.13522],[31.581679,60.136205],[31.582956,60.136918],[31.584001,60.137876],[31.58557,60.138798],[31.586675,60.139588],[31.587892,60.139967],[31.589896,60.14082],[31.591565,60.141182],[31.59261,60.141521],[31.595236,60.142072],[31.596857,60.142084],[31.598379,60.141978],[31.599757,60.141667],[31.600441,60.141154],[31.600581,60.140743],[31.600458,60.140338],[31.600099,60.140005],[31.599131,60.139535],[31.597668,60.139039],[31.596521,60.138341],[31.596423,60.137962],[31.596515,60.136637],[31.596076,60.136083],[31.595139,60.135633],[31.593307,60.135082],[31.592393,60.134895],[31.591656,60.134508],[31.591216,60.133917],[31.590966,60.132826],[31.590789,60.132572],[31.590181,60.132195],[31.588546,60.131628],[31.588119,60.131301],[31.587752,60.130586],[31.587492,60.128968],[31.58721,60.12855],[31.586454,60.127989],[31.583893,60.127024],[31.582389,60.126077],[31.58182,60.125491],[31.581442,60.124766],[31.581169,60.123746],[31.580761,60.123294],[31.580137,60.122991],[31.579372,60.122761],[31.576139,60.122268],[31.573869,60.12177],[31.571978,60.120951],[31.571474,60.120596],[31.570884,60.119901],[31.570716,60.119494],[31.57081,60.118977],[31.571432,60.118174],[31.572782,60.117463],[31.574612,60.116907],[31.576408,60.116483],[31.57683,60.11627],[31.577007,60.116012],[31.576723,60.115661],[31.57538,60.115091],[31.573364,60.114007]],[[31.663764,60.200779],[31.662815,60.199282],[31.660502,60.196813],[31.658323,60.195103],[31.656662,60.194009],[31.651977,60.189896],[31.65012,60.18865],[31.648399,60.187647],[31.647647,60.187077],[31.644701,60.185471],[31.643911,60.184905],[31.641307,60.183598],[31.640361,60.183279],[31.639563,60.182657],[31.635553,60.180642],[31.631705,60.178845],[31.627865,60.177422],[31.626296,60.177024],[31.623279,60.176573],[31.622214,60.176308],[31.621278,60.176209],[31.620563,60.175998],[31.618687,60.175187],[31.617729,60.174673],[31.616644,60.17432],[31.614103,60.173262],[31.612057,60.17252],[31.611017,60.172265],[31.609057,60.171594],[31.604667,60.169529],[31.602027,60.16885],[31.599596,60.168415]],[[31.720043,60.258779],[31.719655,60.258639],[31.719122,60.258679],[31.717078,60.259687],[31.716473,60.259788],[31.716047,60.25974],[31.713697,60.258698],[31.711945,60.257486],[31.710825,60.256872],[31.706732,60.252576],[31.704513,60.248981],[31.703637,60.247033],[31.702572,60.245544],[31.701756,60.244806],[31.700619,60.244136],[31.698986,60.243576],[31.6977,60.243367],[31.696597,60.243343],[31.69574,60.243413],[31.693431,60.243786],[31.691804,60.244336],[31.690892,60.24454],[31.68979,60.244586],[31.688937,60.244496],[31.685735,60.243651],[31.684347,60.243131],[31.68003,60.241864],[31.67773,60.240997],[31.675205,60.239623],[31.674184,60.238798],[31.673433,60.237861],[31.673037,60.236833],[31.673037,60.236043],[31.673349,60.235141],[31.674297,60.233881],[31.675404,60.232808],[31.675622,60.232117],[31.67509,60.230884],[31.672847,60.227911],[31.672208,60.226763],[31.671651,60.224641],[31.671654,60.221911],[31.672077,60.220407],[31.673116,60.218436],[31.673459,60.217239],[31.673346,60.216652],[31.672953,60.216141],[31.672426,60.215789],[31.67135,60.215468],[31.67037,60.21494],[31.668589,60.214448],[31.667327,60.213899],[31.665892,60.212617],[31.665286,60.210509],[31.665169,60.209083],[31.664996,60.208558],[31.664997,60.207076]],[[31.826059,60.250463],[31.824343,60.253907],[31.823729,60.255971],[31.823728,60.256669],[31.823866,60.257117],[31.824831,60.258626],[31.827403,60.261102],[31.827562,60.261644],[31.827451,60.262319],[31.827275,60.262517],[31.825863,60.26323],[31.824742,60.263521],[31.823644,60.263643],[31.821797,60.26361],[31.820088,60.263296],[31.817082,60.262386],[31.813636,60.260781],[31.812057,60.259801],[31.810874,60.258685],[31.809666,60.256353],[31.80916,60.255821],[31.8083,60.255384],[31.806195,60.254821],[31.80457,60.254076],[31.802922,60.253751],[31.801387,60.253746],[31.798869,60.254087],[31.796908,60.254486],[31.794735,60.254735],[31.793679,60.254626],[31.792903,60.2543],[31.792686,60.253998],[31.792795,60.253729],[31.795948,60.2518],[31.797034,60.250881],[31.797781,60.249762],[31.797931,60.248985],[31.797536,60.247805],[31.796872,60.247372],[31.795941,60.247155],[31.794093,60.247229],[31.79276,60.247413],[31.787896,60.248623],[31.786064,60.249484],[31.783921,60.251764],[31.781966,60.252791],[31.772877,60.254924],[31.769428,60.255976],[31.767699,60.256342],[31.765694,60.256505],[31.762611,60.25629],[31.760852,60.256259],[31.758941,60.256328],[31.756995,60.256616],[31.754022,60.257298],[31.751574,60.258242],[31.75047,60.258777],[31.747349,60.261016],[31.745004,60.262318],[31.743958,60.262664],[31.74001,60.263557],[31.738494,60.263785],[31.737268,60.263745],[31.73573,60.262968],[31.734958,60.262163],[31.734513,60.261166],[31.734476,60.259552],[31.735255,60.256217],[31.735257,60.25389],[31.734777,60.253034],[31.733677,60.252353],[31.73298,60.252091],[31.731494,60.252029],[31.730705,60.252107],[31.729996,60.252285],[31.729386,60.252586],[31.727838,60.254124],[31.727341,60.254357]],[[31.735378,60.313226],[31.734757,60.313061],[31.734043,60.312669],[31.733541,60.31221],[31.733243,60.311678],[31.733207,60.310583],[31.73338,60.309942],[31.734024,60.309139],[31.734667,60.308909],[31.735624,60.308904],[31.736245,60.309002],[31.736984,60.309358],[31.737516,60.30999],[31.737708,60.310735],[31.737707,60.311601]],[[31.831649,60.24798],[31.833278,60.248206],[31.835541,60.248212],[31.837645,60.247932],[31.846607,60.245769],[31.849363,60.244957],[31.85182,60.24401],[31.859112,60.240302],[31.859643,60.23993],[31.860116,60.239403],[31.860483,60.238738],[31.860523,60.236945],[31.861086,60.235464],[31.861934,60.234617],[31.862852,60.234098],[31.863551,60.233847],[31.864365,60.23377],[31.866039,60.233844],[31.869603,60.234914],[31.87185,60.235294],[31.872855,60.235336],[31.873864,60.235476],[31.877758,60.235475],[31.881959,60.235319],[31.884516,60.235165],[31.887008,60.234855],[31.889074,60.234369],[31.890578,60.233515],[31.8915,60.232675],[31.892209,60.231091],[31.892994,60.23042],[31.893428,60.229886],[31.894359,60.229601],[31.895717,60.229415],[31.896994,60.229438],[31.898891,60.229706],[31.903789,60.23076],[31.906641,60.231186],[31.909172,60.231502],[31.910651,60.23146],[31.912733,60.231074],[31.913395,60.230807],[31.913859,60.230468],[31.915452,60.227646],[31.916026,60.226801],[31.916576,60.226316],[31.917546,60.2259],[31.920196,60.225465],[31.920834,60.225459],[31.921905,60.225605],[31.923332,60.225939],[31.924781,60.226461],[31.927555,60.227778],[31.928811,60.228109],[31.929565,60.228166],[31.930657,60.228131],[31.932225,60.227699]],[[31.949602,60.238724],[31.948652,60.238658],[31.947774,60.238385],[31.946146,60.237266],[31.944676,60.236521],[31.942819,60.23523],[31.942048,60.233948],[31.941332,60.23346],[31.940758,60.233367],[31.939855,60.233405],[31.937569,60.233981],[31.93679,60.234045],[31.935646,60.233899],[31.934603,60.233353],[31.933972,60.232431],[31.933931,60.23142],[31.934211,60.230588],[31.934981,60.229181],[31.935174,60.228475],[31.935174,60.228009],[31.935018,60.227932]],[[31.950688,60.237948],[31.950844,60.23787],[31.950378,60.236414],[31.950503,60.235671],[31.951472,60.23509],[31.952781,60.234953],[31.954041,60.23509],[31.955448,60.235419],[31.956721,60.235852],[31.95824,60.236233],[31.959274,60.236383],[31.960921,60.236461],[31.963887,60.236401],[31.964952,60.236314],[31.969941,60.236313],[31.974584,60.236701],[31.975716,60.236685],[31.97657,60.236483],[31.977967,60.236319],[31.979435,60.236006],[31.980951,60.235557],[31.983189,60.235223],[31.98453,60.235163],[31.987503,60.235286],[31.989021,60.235436],[31.992723,60.235628],[31.995396,60.235896],[31.996893,60.236261],[31.997079,60.236541],[31.996768,60.237007]],[[32.020965,60.249736],[32.021627,60.249365],[32.023416,60.248711],[32.024892,60.247741],[32.026519,60.245999],[32.029586,60.243801],[32.029808,60.243384],[32.029606,60.242903],[32.029125,60.242716],[32.028311,60.242561],[32.023953,60.242127],[32.021485,60.241558],[32.019736,60.240727],[32.017896,60.239224],[32.01677,60.238488],[32.01522,60.237709],[32.010749,60.236304],[32.009489,60.236104],[32.008661,60.236073],[32.00729,60.236207],[32.006392,60.236468],[32.005642,60.236851],[32.004769,60.237756],[32.00437,60.23885],[32.00437,60.239278],[32.004835,60.241599],[32.004318,60.242856],[32.003738,60.243282],[32.002802,60.24368],[32.001629,60.243814],[32.000595,60.243703],[31.999909,60.243452],[31.998862,60.242792],[31.998366,60.241969],[31.99832,60.240646],[31.998785,60.238806],[31.998785,60.237926],[31.99832,60.236851]],[[32.003587,60.262774],[32.002531,60.262607],[32.001842,60.262231],[32.001509,60.26186],[32.001416,60.260981],[32.001688,60.259923],[32.001417,60.258979],[32.001417,60.257959],[32.001635,60.25753],[32.002372,60.257134],[32.003198,60.256982],[32.00401,60.257145],[32.004609,60.257554],[32.00487,60.257958],[32.005256,60.26022],[32.005605,60.261222]],[[32.03306,60.261918],[32.032688,60.2617],[32.03123,60.261407],[32.030269,60.261042],[32.029235,60.260245],[32.028563,60.259124],[32.028704,60.256369],[32.028477,60.255608],[32.027803,60.25492],[32.024842,60.253228]]]}},{"type":"Feature","properties":{"depth_m":2,"source":"ГУНиО МО, навигационная карта № 25069 «Волховская губа», 1:50 000; скан ladoga-lake.ru (https://ladoga-lake.ru/maps/navi_su/navi-su-16.html)","chart":"25069","chart_sheet":"16","n_lines":29,"method":"полуавтоматическая векторизация чёрных изобат со скана (порог+скелетизация+сшивка), глубина подписана вручную по надписям на изобатах; привязка по картографической сетке","datum":"WGS84 (СК-42 → WGS84 по PROJ; поправка, напечатанная на карте, давала 8–9 м к востоку — research/alignment_report.md)","depth_datum":"от среднего многолетнего уровня Ладожского озера (+5,1 м БС)"},"geometry":{"type":"MultiLineString","coordinates":[[[32.096314,60.249348],[32.096458,60.247316],[32.096759,60.246142],[32.097463,60.244766],[32.099026,60.24344],[32.102176,60.24166],[32.102448,60.241368],[32.102453,60.241148],[32.102226,60.240867],[32.101511,60.240323],[32.100538,60.239774],[32.100428,60.239505],[32.100523,60.239323],[32.100744,60.239155],[32.101299,60.239002],[32.103765,60.238867],[32.104511,60.238731],[32.104795,60.238482],[32.105217,60.237652],[32.105007,60.236666],[32.105279,60.236062],[32.106615,60.235363],[32.108639,60.234877]],[[32.177311,60.189876],[32.176996,60.18933],[32.177044,60.188875],[32.177533,60.18818],[32.178165,60.186822],[32.17844,60.186526],[32.180639,60.185372],[32.182267,60.185014],[32.183912,60.184496],[32.184884,60.183951],[32.185202,60.183487]],[[32.201928,60.173669],[32.20177,60.173221],[32.20185,60.172588],[32.203317,60.171479],[32.203721,60.170866],[32.203143,60.170175],[32.201507,60.169382],[32.200986,60.168915]],[[32.213765,60.161042],[32.213408,60.160741],[32.210622,60.159478],[32.209892,60.158903],[32.209667,60.158495],[32.209724,60.158085],[32.209953,60.157799],[32.210344,60.157583],[32.211067,60.15743],[32.212279,60.157518],[32.213611,60.15808]],[[32.230643,60.153716],[32.230485,60.153183],[32.230486,60.152299],[32.230712,60.151878],[32.231415,60.151303],[32.232235,60.150831],[32.233641,60.150347],[32.234587,60.149833],[32.236328,60.148582],[32.238169,60.146686],[32.238374,60.146308]],[[32.240899,60.143501],[32.241806,60.142721],[32.242808,60.142181],[32.245265,60.141083],[32.249259,60.138611],[32.250015,60.13851],[32.251071,60.138588],[32.252942,60.139183],[32.254197,60.139436],[32.255217,60.1394],[32.255879,60.139135],[32.257014,60.138129],[32.257973,60.137837],[32.258616,60.136907],[32.258482,60.13667],[32.257331,60.136452],[32.256701,60.136165],[32.256512,60.135874],[32.256701,60.135266],[32.25709,60.134897],[32.257932,60.134399],[32.258739,60.134086],[32.259666,60.133909]],[[32.321278,60.139534],[32.320648,60.139253],[32.31964,60.139004],[32.318339,60.138511],[32.312634,60.135716],[32.311828,60.135165],[32.310215,60.134403],[32.308678,60.134026],[32.30753,60.133504],[32.306026,60.133149],[32.304024,60.13285],[32.302353,60.132429],[32.298979,60.130995],[32.298162,60.130783],[32.296154,60.13048],[32.293738,60.130325],[32.291304,60.130268],[32.289667,60.129899],[32.288179,60.129405],[32.287141,60.129201],[32.28577,60.129165],[32.284572,60.129388]],[[32.348843,60.1411],[32.348686,60.141022],[32.348024,60.141022],[32.345483,60.141177],[32.34426,60.141037],[32.342889,60.140693],[32.340683,60.138433],[32.339426,60.137426],[32.338459,60.13636],[32.337341,60.134759],[32.337193,60.134155]],[[32.355457,60.142661],[32.356157,60.142418],[32.359557,60.141631],[32.362238,60.140734],[32.364077,60.140438],[32.366978,60.140401],[32.370248,60.140565],[32.374829,60.140637]],[[32.394877,60.141864],[32.393185,60.141472],[32.391833,60.141342],[32.389963,60.14136],[32.387885,60.141635],[32.38655,60.141645],[32.38291,60.141],[32.381757,60.14095]],[[32.450537,60.150949],[32.449027,60.150777],[32.443217,60.149585],[32.439689,60.148555],[32.438675,60.148087],[32.436811,60.147591],[32.435307,60.147045],[32.431765,60.146161],[32.42993,60.145893],[32.42555,60.145686],[32.42205,60.145035],[32.419358,60.144948],[32.416979,60.144742],[32.415562,60.14449],[32.412968,60.143822],[32.410598,60.14339],[32.408521,60.143218],[32.407576,60.143218],[32.407419,60.14314]],[[32.516276,60.169752],[32.515465,60.169363],[32.511923,60.168339],[32.50898,60.167694],[32.50464,60.167021]],[[32.548973,60.179423],[32.547299,60.179014],[32.546104,60.178811],[32.544746,60.178401],[32.542378,60.177392],[32.540637,60.176397],[32.539323,60.175866],[32.535623,60.175191],[32.534539,60.174894],[32.534083,60.174885],[32.53404,60.175134]],[[32.571758,60.188855],[32.570527,60.18846],[32.567699,60.187062],[32.56717,60.186703],[32.565952,60.186427],[32.563156,60.185483],[32.560591,60.184488],[32.559669,60.184245],[32.558985,60.183718],[32.555932,60.182456],[32.555102,60.181918]],[[32.586524,60.19688],[32.585613,60.196397],[32.583527,60.194858],[32.582335,60.194362],[32.580543,60.193066],[32.578649,60.191915],[32.578348,60.191644],[32.578199,60.191271]],[[32.594437,60.360987],[32.594563,60.360413],[32.595674,60.35909],[32.595675,60.358315],[32.595382,60.35777],[32.595562,60.356741],[32.595764,60.356445],[32.596491,60.355874],[32.597748,60.355254],[32.60005,60.354529],[32.600726,60.354242],[32.601047,60.353972],[32.601136,60.353659],[32.600824,60.353324],[32.599846,60.353182],[32.596322,60.353677],[32.594516,60.353687],[32.593708,60.353518],[32.592869,60.353001]],[[32.597428,60.351063],[32.597428,60.350423],[32.597167,60.349809],[32.594915,60.34707],[32.595258,60.346735],[32.596606,60.346164],[32.596959,60.34579]],[[32.598239,60.300548],[32.598352,60.300049],[32.598267,60.299755],[32.596611,60.298088],[32.596704,60.297229],[32.597,60.297007],[32.597456,60.296971],[32.598084,60.297364],[32.59887,60.29769],[32.59997,60.297675]],[[32.605371,60.209576],[32.604796,60.20875],[32.602253,60.206532],[32.600491,60.205218],[32.600032,60.204997],[32.599561,60.204903]],[[32.620124,60.229969],[32.619858,60.228784],[32.618929,60.226445],[32.617895,60.225237],[32.615698,60.223925],[32.615416,60.223207],[32.615369,60.22243],[32.614946,60.221837],[32.613257,60.220775],[32.611949,60.219483],[32.611334,60.219229],[32.610564,60.219042],[32.610062,60.218762],[32.609207,60.218503],[32.609009,60.218341],[32.60886,60.217847],[32.609136,60.216894],[32.609136,60.21596],[32.608666,60.214014]],[[32.616321,60.278799],[32.616353,60.278441],[32.615864,60.277529],[32.615851,60.277219],[32.61604,60.276957],[32.616673,60.276738],[32.618354,60.276677],[32.619127,60.276522],[32.61988,60.276147],[32.620213,60.275679],[32.620231,60.274794],[32.619613,60.273986],[32.619134,60.273698],[32.61821,60.273515]],[[32.621375,60.238993],[32.622412,60.23821],[32.622632,60.237524],[32.622633,60.236962],[32.622176,60.235599],[32.621296,60.234039],[32.621221,60.233548]],[[32.621912,60.461016],[32.621943,60.460291],[32.621698,60.460022],[32.621089,60.459759],[32.619728,60.459588],[32.618979,60.459369],[32.618612,60.459024],[32.618706,60.458606],[32.619272,60.458121],[32.619626,60.457553],[32.62021,60.457259],[32.6214,60.457037],[32.62336,60.456878],[32.624584,60.456614]],[[32.633413,60.344468],[32.633162,60.343937],[32.632754,60.343538],[32.631638,60.342711],[32.63022,60.341987],[32.62911,60.341189],[32.627346,60.338536],[32.626974,60.338187]],[[32.645816,60.362452],[32.6453,60.362177],[32.645068,60.361647],[32.645224,60.360903],[32.645786,60.359954],[32.647624,60.358051],[32.650224,60.35671],[32.650562,60.356313],[32.650549,60.356024],[32.648664,60.354167],[32.648192,60.354028],[32.646646,60.353816],[32.645913,60.353444],[32.645819,60.353047],[32.645936,60.352682],[32.647005,60.351783],[32.64721,60.351487],[32.64712,60.350967],[32.646593,60.350509],[32.644689,60.349523],[32.643956,60.349274],[32.64337,60.349181],[32.642773,60.349197],[32.642467,60.349301],[32.641694,60.350143],[32.64117,60.350193],[32.640636,60.350089],[32.639977,60.349736],[32.639286,60.348988],[32.638895,60.348742],[32.636736,60.348399],[32.635673,60.348027],[32.635488,60.347765],[32.635612,60.346794]],[[32.639984,60.449192],[32.640424,60.449014],[32.641252,60.448414],[32.642655,60.447659],[32.645274,60.446705],[32.645876,60.44637],[32.646551,60.445478],[32.646795,60.444324],[32.647369,60.443858],[32.648978,60.443424],[32.651342,60.443268],[32.653787,60.442753],[32.656767,60.441382],[32.65743,60.44099],[32.657738,60.440609]],[[32.663249,60.368182],[32.662743,60.367812],[32.659811,60.366625],[32.657792,60.365452],[32.656849,60.364686],[32.656075,60.363361],[32.654613,60.361908]],[[32.685856,60.397292],[32.686893,60.395781],[32.687759,60.39509],[32.688352,60.394307],[32.688282,60.393392],[32.687417,60.39209],[32.687271,60.391657],[32.687283,60.390898],[32.687607,60.390027],[32.687685,60.388701],[32.686519,60.387076],[32.686135,60.385917],[32.685488,60.385238],[32.684429,60.384848],[32.682774,60.384549],[32.680676,60.384024],[32.680048,60.383746],[32.679609,60.383405],[32.67942,60.382801],[32.679718,60.382076],[32.681333,60.380511],[32.681494,60.379851],[32.680987,60.37906],[32.68063,60.377712],[32.680144,60.3772],[32.679579,60.376931]],[[32.686168,60.413772],[32.686325,60.413771],[32.686766,60.413449],[32.687185,60.412862],[32.687156,60.410602],[32.688211,60.409014],[32.688104,60.408847],[32.687614,60.408743],[32.686772,60.408799],[32.686012,60.408976]]]}},{"type":"Feature","properties":{"depth_m":2,"source":"ГУНиО МО, навигационная карта № 25070 «Свирская губа», 1:50 000; скан ladoga-lake.ru (https://ladoga-lake.ru/maps/navi_su/navi-su-13.html)","chart":"25070","chart_sheet":"13","n_lines":25,"method":"полуавтоматическая векторизация чёрных изобат со скана (порог+скелетизация+сшивка), глубина подписана вручную по надписям на изобатах; привязка по картографической сетке","datum":"WGS84 (СК-42 → WGS84 по PROJ; поправка, напечатанная на карте, давала 8–9 м к востоку — research/alignment_report.md)","depth_datum":"от среднего многолетнего уровня Ладожского озера (+5,1 м БС)"},"geometry":{"type":"MultiLineString","coordinates":[[[32.647123,60.53843],[32.648949,60.538125],[32.650462,60.538133],[32.651871,60.538302],[32.652912,60.538301],[32.655267,60.537866],[32.656505,60.537743],[32.65765,60.537438]],[[32.697552,60.52561],[32.698985,60.524883],[32.703928,60.523178],[32.705492,60.522508]],[[32.710911,60.520146],[32.714218,60.519277],[32.719266,60.518607],[32.720652,60.518308],[32.721873,60.517902],[32.722894,60.517431],[32.725101,60.516688],[32.725965,60.516207],[32.727969,60.515599],[32.729626,60.515434],[32.733253,60.515574],[32.735534,60.515397],[32.738212,60.514894],[32.741235,60.513966],[32.742198,60.513822]],[[32.742975,60.521287],[32.743981,60.521495],[32.745637,60.521201],[32.749198,60.519778],[32.751031,60.519231],[32.751606,60.518755],[32.754615,60.51824],[32.758316,60.516873],[32.761417,60.515901],[32.766732,60.514681],[32.769155,60.514218],[32.770642,60.513984],[32.771974,60.513954],[32.77264,60.513555],[32.773601,60.513281],[32.77959,60.512169],[32.783512,60.511283],[32.789443,60.510235],[32.792076,60.509624],[32.794108,60.50895],[32.796347,60.507957],[32.797059,60.50716],[32.797292,60.506223],[32.797508,60.506098],[32.797818,60.506052]],[[32.802165,60.530047],[32.801354,60.530189],[32.800586,60.530162],[32.797309,60.529463],[32.796038,60.52927],[32.792512,60.528415],[32.789142,60.527186],[32.78859,60.527107],[32.78749,60.527127],[32.786755,60.526569],[32.786228,60.526382],[32.780594,60.525423],[32.777216,60.525095],[32.775025,60.525226],[32.769765,60.524957],[32.767572,60.524747],[32.766239,60.524463],[32.765451,60.5241],[32.765024,60.52372],[32.764665,60.522666],[32.764665,60.522116],[32.765008,60.521067],[32.765526,60.520393],[32.766232,60.519844],[32.767587,60.519087],[32.767917,60.518773]],[[32.773959,60.51664],[32.778377,60.515239],[32.77971,60.514894],[32.781499,60.514304],[32.782537,60.514078],[32.791448,60.511307],[32.792768,60.511034],[32.796264,60.509859],[32.796487,60.509698],[32.796688,60.509226],[32.797562,60.508213],[32.798149,60.507307],[32.798593,60.505976],[32.798748,60.5059]],[[32.777057,60.516641],[32.778452,60.516736],[32.781043,60.517276],[32.78307,60.517479],[32.785048,60.517471],[32.786254,60.517324],[32.788284,60.517212],[32.789546,60.517315],[32.791456,60.517796],[32.793335,60.518539],[32.795321,60.519173],[32.797926,60.519788],[32.80047,60.520133],[32.801563,60.520201],[32.80244,60.520162],[32.803023,60.520035],[32.803679,60.519486],[32.80361,60.519063],[32.80275,60.518097],[32.800602,60.516726],[32.80009,60.516277],[32.799693,60.515614],[32.799727,60.514741],[32.800914,60.513272],[32.803378,60.511149],[32.804483,60.509691],[32.805767,60.507528],[32.805598,60.507241],[32.80465,60.506604],[32.804614,60.506437],[32.805991,60.50574],[32.806715,60.50511],[32.807248,60.504299],[32.808021,60.502348],[32.808806,60.501084],[32.80927,60.500521],[32.809596,60.500338]],[[32.795903,60.847626],[32.796739,60.846873],[32.797925,60.846276],[32.799068,60.845979],[32.800675,60.84572],[32.801594,60.845348],[32.802377,60.844525],[32.803006,60.842811],[32.804611,60.841452],[32.806405,60.840615],[32.807379,60.839766],[32.807953,60.8387],[32.808137,60.837683],[32.808186,60.835544],[32.808639,60.832105],[32.809704,60.830974],[32.812541,60.828999],[32.812561,60.828264],[32.811609,60.827199],[32.811751,60.826613],[32.812502,60.826163],[32.81416,60.825688],[32.814529,60.825334],[32.814415,60.824954],[32.813974,60.824749],[32.813019,60.824502],[32.812926,60.824159],[32.813194,60.823787],[32.814778,60.822757],[32.814938,60.822451],[32.814825,60.821935],[32.812456,60.820942],[32.811442,60.820058],[32.811041,60.819848],[32.810501,60.819766],[32.809906,60.819775],[32.808044,60.820094],[32.807716,60.81992],[32.80752,60.819448],[32.807803,60.819133],[32.81012,60.818149],[32.810747,60.817594],[32.810862,60.817078],[32.810727,60.81646],[32.810335,60.815884],[32.809968,60.814683],[32.810123,60.814281],[32.810742,60.813665],[32.810897,60.81325],[32.810468,60.812042],[32.81043,60.811504],[32.810816,60.810798],[32.813186,60.809466],[32.813869,60.808765],[32.8143,60.807829],[32.814299,60.806751],[32.813894,60.80554],[32.813382,60.804706],[32.812357,60.803555],[32.810982,60.802777],[32.808919,60.802093],[32.807242,60.801851],[32.804761,60.80171],[32.803752,60.801482]],[[32.8499,60.524112],[32.849321,60.524161],[32.849031,60.524284],[32.848029,60.525106],[32.845741,60.526269],[32.844604,60.52698],[32.843513,60.527916],[32.842319,60.52844],[32.841591,60.528573],[32.840909,60.528505],[32.839646,60.52793],[32.838506,60.527576],[32.837111,60.527385],[32.835991,60.527518],[32.834554,60.528253],[32.83381,60.528375],[32.833165,60.528344],[32.828952,60.527742],[32.828044,60.527688],[32.82587,60.527785],[32.823514,60.52815],[32.82262,60.52822],[32.821974,60.52817],[32.82044,60.527865],[32.818849,60.527763],[32.816235,60.527961],[32.815479,60.528319],[32.81367,60.528448],[32.808293,60.528284],[32.807665,60.528181],[32.806193,60.527686],[32.804815,60.526992],[32.802473,60.525401],[32.801527,60.52496],[32.800436,60.524652],[32.799587,60.524524],[32.798273,60.524457],[32.797103,60.524605],[32.796817,60.524754],[32.796607,60.525057],[32.796585,60.525934]],[[32.806687,60.792349],[32.808422,60.792107],[32.808999,60.791962],[32.809693,60.791571],[32.810157,60.791008],[32.810737,60.789421],[32.810844,60.78848],[32.811177,60.787909],[32.811175,60.786006],[32.810569,60.783372],[32.81071,60.781739],[32.81107,60.780874],[32.811556,60.78026],[32.813055,60.779094],[32.813765,60.777435],[32.814716,60.775901],[32.815292,60.775357],[32.815459,60.774992],[32.814918,60.773218],[32.814394,60.772865],[32.812423,60.771955],[32.811585,60.771218],[32.81122,60.770591],[32.811002,60.769854],[32.811,60.768559],[32.811155,60.768483]],[[32.817633,60.736882],[32.817711,60.736167],[32.818188,60.735047],[32.818678,60.734283],[32.818329,60.732935],[32.817966,60.732474],[32.816369,60.731275],[32.813739,60.730006],[32.8119,60.729239],[32.810186,60.728682],[32.808635,60.727895],[32.807209,60.726684],[32.806929,60.725845],[32.806928,60.724315],[32.80727,60.723337],[32.807707,60.722633],[32.807856,60.721826]],[[32.816371,60.713499],[32.817056,60.713241],[32.817563,60.712657],[32.817897,60.709408],[32.818272,60.708502],[32.819619,60.706988]],[[32.820703,60.706155],[32.821129,60.705757],[32.82692,60.701932],[32.830041,60.700118],[32.830306,60.699793]],[[32.831545,60.699035],[32.832044,60.698521],[32.83418,60.69722],[32.835882,60.696422],[32.836812,60.696233]],[[32.837896,60.69593],[32.838376,60.695707],[32.840003,60.695339],[32.841623,60.695108],[32.843975,60.694968],[32.84588,60.694724],[32.849551,60.693858],[32.850914,60.693732]],[[32.855408,60.693202],[32.859446,60.692876],[32.864546,60.692206],[32.868259,60.691298],[32.871807,60.690023],[32.874273,60.689528],[32.876925,60.689339],[32.878682,60.689339],[32.884403,60.689556],[32.886711,60.689401],[32.888486,60.689097],[32.889354,60.688809],[32.890687,60.688097],[32.891814,60.686992],[32.892789,60.685709],[32.894179,60.684649],[32.895954,60.683854],[32.898186,60.683429]],[[32.899426,60.683278],[32.90045,60.683207],[32.902455,60.682851],[32.903604,60.682506],[32.90479,60.681843],[32.905592,60.681219],[32.906127,60.680563],[32.906731,60.680178],[32.907828,60.679725],[32.910484,60.67906],[32.911207,60.678807],[32.91336,60.677736],[32.916348,60.675628],[32.917733,60.675037],[32.919112,60.674715]],[[32.919732,60.674791],[32.919888,60.674866],[32.922987,60.674993],[32.924068,60.674854],[32.925292,60.674548],[32.927294,60.673637],[32.92984,60.671851],[32.930896,60.671229]],[[32.931981,60.67085],[32.932884,60.670822],[32.935235,60.670451],[32.936936,60.669927],[32.938377,60.66907],[32.939025,60.668394],[32.939888,60.667137]],[[32.94373,60.608781],[32.943652,60.608857],[32.943171,60.608917],[32.938515,60.60799],[32.936464,60.607104],[32.935575,60.606342],[32.935508,60.605581],[32.935632,60.605179],[32.936342,60.604464],[32.937706,60.603628],[32.938112,60.603235],[32.938588,60.602434],[32.93889,60.601087],[32.938459,60.599691],[32.936686,60.597954],[32.936125,60.596699],[32.936404,60.595088],[32.936887,60.593784],[32.936806,60.592966],[32.936397,60.592523],[32.935055,60.591675],[32.934288,60.591],[32.933048,60.589089],[32.932778,60.588475],[32.932244,60.587807]],[[32.940508,60.666454],[32.940774,60.666093],[32.941899,60.665237],[32.943303,60.664412],[32.944227,60.663722],[32.946403,60.662516],[32.947398,60.661847],[32.948011,60.6612],[32.948104,60.660768]],[[32.956309,60.63748],[32.957579,60.634931],[32.957858,60.633925],[32.957857,60.63284],[32.957412,60.631677],[32.957055,60.631219],[32.956692,60.630258],[32.956295,60.62963],[32.955843,60.6278],[32.955364,60.627243],[32.954418,60.626637],[32.952027,60.625561],[32.951059,60.624863],[32.950562,60.624254],[32.950091,60.623325],[32.949975,60.62267],[32.950715,60.620034],[32.950652,60.618962],[32.950083,60.618361],[32.949152,60.617677],[32.948597,60.61697],[32.94854,60.614933],[32.948354,60.614386],[32.946142,60.612396],[32.945571,60.611554],[32.94507,60.609927],[32.943885,60.609085]],[[32.948414,60.660389],[32.948569,60.660313],[32.948701,60.659566],[32.948568,60.658374],[32.946778,60.655113],[32.946702,60.653704],[32.947041,60.652432],[32.947343,60.651937],[32.948329,60.650779],[32.949337,60.649998]],[[32.949802,60.649619],[32.953619,60.647099],[32.954333,60.64645],[32.954608,60.645676],[32.954763,60.6456]],[[32.954763,60.645524],[32.954918,60.645448],[32.954769,60.642026],[32.95603,60.638049],[32.956309,60.63786]]]}},{"type":"Feature","properties":{"depth_m":5,"source":"ГУНиО МО, навигационная карта № 25068 «От маяка Кареджи до маяка Сухо», 1:50 000; скан ladoga-lake.ru (https://ladoga-lake.ru/maps/navi_su/navi-su-18.html)","chart":"25068","chart_sheet":"18","n_lines":21,"method":"граница голубой заливки 0–5 м (автоматически по цвету) + чёрные участки изобаты 5 м там, где заливки нет; привязка по картографической сетке","datum":"WGS84 (СК-42 → WGS84 по PROJ; поправка, напечатанная на карте, давала 8–9 м к востоку — research/alignment_report.md)","depth_datum":"от среднего многолетнего уровня Ладожского озера (+5,1 м БС)"},"geometry":{"type":"MultiLineString","coordinates":[[[31.322883,60.12784],[31.320915,60.128877],[31.319614,60.12994],[31.31829,60.130818],[31.317765,60.131428]],[[31.322885,60.12749],[31.323758,60.127384],[31.325364,60.126983],[31.328196,60.126843],[31.329227,60.126966],[31.330286,60.127298],[31.331226,60.127417],[31.332033,60.127791],[31.332866,60.128021],[31.333442,60.128531],[31.334408,60.129067],[31.335683,60.130217],[31.335742,60.130966],[31.336459,60.131518],[31.336237,60.13223],[31.336476,60.132998],[31.336224,60.133447],[31.335657,60.13399],[31.334675,60.134485],[31.334288,60.135023],[31.332992,60.135782],[31.331836,60.136139],[31.330937,60.136304],[31.329334,60.137014],[31.3261,60.137975],[31.325325,60.138379],[31.32485,60.138913],[31.324889,60.139373],[31.325222,60.139765],[31.328918,60.14134],[31.329705,60.141861],[31.330635,60.14214],[31.331395,60.142679],[31.331745,60.143334],[31.331639,60.143838],[31.331734,60.144339],[31.331538,60.144662],[31.327748,60.147601],[31.327055,60.14897],[31.327443,60.149285],[31.32862,60.149397],[31.330328,60.149033],[31.332372,60.148808],[31.333186,60.149018],[31.333974,60.149516],[31.334069,60.149697],[31.333889,60.15017],[31.333827,60.15204],[31.333975,60.153194],[31.334874,60.154028],[31.335853,60.154393],[31.336305,60.15468],[31.336507,60.155161],[31.337522,60.156103],[31.337541,60.159346],[31.33827,60.160086],[31.339177,60.161323],[31.33941,60.162063],[31.342268,60.163398],[31.344008,60.164017],[31.345158,60.164222],[31.345984,60.165167],[31.346283,60.166411],[31.346102,60.167041],[31.345414,60.167924],[31.345457,60.168788],[31.346575,60.16955],[31.347056,60.16976],[31.350792,60.170576],[31.351308,60.170895],[31.351622,60.171362],[31.351528,60.171955],[31.351295,60.172207],[31.346628,60.173941],[31.345439,60.17462],[31.343918,60.175927],[31.342931,60.176398],[31.342404,60.176519],[31.340955,60.176494],[31.339432,60.17603],[31.337906,60.175313],[31.336522,60.174352],[31.335736,60.174058],[31.335156,60.173659],[31.333437,60.173107],[31.33318,60.173156],[31.333045,60.17333]],[[31.331726,60.173536],[31.331382,60.173497],[31.331197,60.173572],[31.331284,60.174479],[31.331552,60.174718],[31.332235,60.175017],[31.332501,60.175286],[31.333205,60.176557],[31.332984,60.177157],[31.333042,60.177575],[31.333357,60.177821],[31.333647,60.177922],[31.333837,60.177899]],[[31.334548,60.178366],[31.334904,60.17852],[31.335434,60.178558],[31.339598,60.178355],[31.340839,60.17846],[31.341885,60.17838],[31.343067,60.178528],[31.343739,60.178761],[31.344486,60.179224],[31.344681,60.179886],[31.3453,60.180579],[31.345104,60.181066],[31.344344,60.181741],[31.343184,60.182364],[31.341514,60.18293],[31.340327,60.183438],[31.339105,60.184379],[31.338785,60.184742],[31.338494,60.185683],[31.338492,60.187517],[31.338788,60.189035],[31.338645,60.191061],[31.337709,60.192298],[31.337619,60.192786]],[[31.337153,60.193473],[31.336869,60.193672],[31.337032,60.193942],[31.337872,60.19425],[31.338475,60.194348],[31.342161,60.19435],[31.344785,60.193965],[31.345076,60.193841],[31.346341,60.192669],[31.347597,60.191831],[31.34845,60.191051],[31.349304,60.190054],[31.351861,60.188793],[31.353232,60.188347],[31.354215,60.187898],[31.355784,60.187649],[31.357011,60.18735],[31.360924,60.187294],[31.361721,60.187375],[31.363709,60.187899],[31.364239,60.188302],[31.364955,60.188578],[31.365242,60.189032],[31.366188,60.189486],[31.366643,60.190198],[31.367609,60.190571],[31.368288,60.190984],[31.369,60.191974],[31.369147,60.192476],[31.370049,60.193177],[31.370355,60.19386],[31.371019,60.194525],[31.371267,60.195181],[31.372578,60.195547],[31.372975,60.19558],[31.373533,60.195506],[31.374253,60.195165],[31.374766,60.194644],[31.374637,60.194459],[31.373969,60.194482]],[[31.347741,60.201011],[31.347319,60.201027],[31.347016,60.201129],[31.346211,60.201804],[31.345332,60.202281],[31.345043,60.202875],[31.343795,60.203264],[31.343396,60.203628],[31.343478,60.20428],[31.344274,60.205453],[31.344003,60.206512],[31.343991,60.207448],[31.344638,60.207951],[31.345291,60.208272],[31.345816,60.208418],[31.347386,60.208506],[31.348664,60.208422],[31.349058,60.2083],[31.3492,60.20804],[31.349124,60.206271],[31.349406,60.204489],[31.349503,60.202107],[31.349049,60.201567],[31.3484,60.201194],[31.347864,60.201027]],[[31.373912,60.193864],[31.373748,60.19332],[31.372616,60.192548],[31.372414,60.192289],[31.37243,60.191912],[31.372802,60.191562],[31.373436,60.191392],[31.377025,60.191205],[31.378754,60.190466],[31.379892,60.189797],[31.381051,60.189471],[31.38166,60.189413],[31.382897,60.189633],[31.384042,60.189675],[31.385095,60.189654],[31.385412,60.189584],[31.386348,60.188894],[31.387183,60.18791],[31.387574,60.187052],[31.388256,60.186364],[31.38872,60.185542],[31.388809,60.185069]],[[31.389784,60.184403],[31.390677,60.184055],[31.391289,60.183658],[31.392321,60.182407],[31.392528,60.181286],[31.393161,60.180772],[31.394173,60.179568],[31.395662,60.178538],[31.396123,60.177731],[31.396144,60.177422],[31.395963,60.177135],[31.394692,60.176175],[31.39387,60.175765],[31.393258,60.175192],[31.393181,60.174932],[31.393377,60.174013],[31.39311,60.173389]],[[31.393195,60.173234],[31.394593,60.171827],[31.39498,60.170756],[31.396313,60.169792],[31.396629,60.168832],[31.397292,60.168287],[31.397912,60.167131],[31.39795,60.166391],[31.398433,60.165333],[31.398758,60.16392],[31.39948,60.162863],[31.399776,60.162569],[31.40055,60.162161],[31.401337,60.161495],[31.402019,60.161077],[31.402533,60.160519],[31.403467,60.159824],[31.403837,60.158848],[31.404577,60.158492],[31.404694,60.158348],[31.405116,60.157295],[31.404971,60.156952]],[[31.404886,60.156591],[31.405546,60.15582],[31.405517,60.154106],[31.405781,60.152614],[31.406039,60.152094],[31.406186,60.151264],[31.407064,60.150354],[31.407074,60.150165],[31.406921,60.150081]],[[31.407345,60.149704],[31.408079,60.149528],[31.408728,60.149023],[31.409438,60.148683],[31.409902,60.148076],[31.410762,60.147267],[31.410894,60.146394],[31.410644,60.145498],[31.410674,60.144789],[31.410835,60.144489],[31.412316,60.143486],[31.413409,60.142992],[31.414499,60.14236],[31.415674,60.141376],[31.415719,60.140869],[31.415243,60.139426],[31.415312,60.137546],[31.416377,60.13619],[31.41716,60.135583],[31.41793,60.134728],[31.418071,60.133991],[31.41848,60.133377],[31.418542,60.132742],[31.418888,60.132114],[31.419027,60.131155],[31.419231,60.13076],[31.420039,60.130044],[31.422775,60.128929],[31.423261,60.128839],[31.425093,60.128929],[31.427829,60.1294],[31.430621,60.129376],[31.431564,60.129267],[31.433114,60.128559],[31.433719,60.128168],[31.434471,60.127354],[31.434688,60.12656],[31.434862,60.126394],[31.436245,60.125817],[31.437282,60.125638],[31.439327,60.125774],[31.440365,60.126065],[31.441445,60.126214],[31.441951,60.126408],[31.442604,60.126924],[31.443694,60.127143],[31.446432,60.126965],[31.448612,60.126229],[31.449921,60.125906],[31.450674,60.125827],[31.454188,60.12585],[31.455064,60.126121],[31.456081,60.126133],[31.457306,60.126427],[31.458303,60.126422],[31.460156,60.126587],[31.462045,60.126583],[31.46259,60.126452],[31.463327,60.126067],[31.463463,60.125879],[31.463482,60.125201],[31.46433,60.124336],[31.464731,60.124107],[31.465229,60.124013],[31.46615,60.124043],[31.467067,60.123881],[31.468326,60.123962],[31.469332,60.123799],[31.470259,60.123491],[31.471388,60.122674],[31.472157,60.122333],[31.473247,60.122125],[31.474875,60.121997],[31.478998,60.122085],[31.484626,60.122332],[31.486063,60.122456],[31.488291,60.122872],[31.489522,60.12302],[31.491624,60.123589],[31.492402,60.124366],[31.492319,60.124531],[31.491874,60.124769],[31.491305,60.124931],[31.490208,60.125017],[31.485047,60.125081],[31.484079,60.125351],[31.483284,60.125432],[31.483214,60.125547],[31.483357,60.125673],[31.485667,60.126022],[31.487759,60.126066],[31.488797,60.126192],[31.490279,60.126007],[31.491254,60.126142],[31.492416,60.126139],[31.493878,60.126487],[31.494776,60.126609],[31.495588,60.126942],[31.497098,60.127364],[31.497921,60.127417]],[[31.498188,60.12745],[31.499612,60.127923],[31.500804,60.127972],[31.501911,60.12825],[31.503142,60.128388],[31.504009,60.128403],[31.504868,60.128607],[31.505927,60.128708],[31.507731,60.129439],[31.509334,60.129918],[31.510322,60.130527],[31.511947,60.130992],[31.51335,60.13157],[31.516607,60.132007],[31.519715,60.132167],[31.520944,60.132165],[31.522608,60.132784],[31.523707,60.132973],[31.525216,60.13346],[31.526564,60.13519],[31.527239,60.135835],[31.527268,60.136451],[31.527501,60.136857],[31.528489,60.137578],[31.528973,60.138402],[31.529626,60.138831],[31.530209,60.139666],[31.530176,60.140042],[31.529397,60.14088],[31.529292,60.141457],[31.529439,60.141546]],[[31.528973,60.141888],[31.527877,60.142252],[31.526795,60.142502],[31.52516,60.14327],[31.523903,60.14479],[31.523352,60.145214],[31.522979,60.145894],[31.522283,60.14632],[31.52176,60.147801],[31.522082,60.148981],[31.522039,60.149503],[31.522811,60.150228],[31.523409,60.151589],[31.524446,60.152824],[31.524683,60.153267],[31.524731,60.153973],[31.525285,60.15467],[31.525993,60.155051],[31.526404,60.155952],[31.526917,60.156631],[31.527775,60.157155],[31.528287,60.157632],[31.528584,60.158109],[31.529331,60.158526],[31.529631,60.159033],[31.530379,60.159449],[31.531142,60.160117],[31.531399,60.160753],[31.5312,60.16217],[31.531494,60.162653],[31.531694,60.163431],[31.532422,60.164204],[31.533261,60.164681],[31.533586,60.164728],[31.533869,60.164648],[31.534327,60.164081],[31.534387,60.163816],[31.534143,60.163319],[31.534126,60.162765],[31.534605,60.161715],[31.53516,60.16148],[31.536672,60.161517],[31.537403,60.16174],[31.537869,60.162123],[31.53863,60.162491],[31.53929,60.16302],[31.539653,60.163472],[31.540134,60.163701],[31.540543,60.164088],[31.541192,60.16437],[31.543081,60.16481],[31.544097,60.164871],[31.548441,60.164867],[31.551509,60.164666],[31.555102,60.164562],[31.559219,60.164566],[31.560521,60.164674],[31.562038,60.165001],[31.562591,60.165282],[31.563627,60.165586],[31.565027,60.16627],[31.565869,60.166557],[31.567679,60.167818],[31.570319,60.168615],[31.571632,60.168852],[31.572589,60.168862],[31.574305,60.168548],[31.576806,60.167521],[31.577551,60.167395],[31.578165,60.16744],[31.579286,60.167918],[31.580308,60.168483],[31.582278,60.170278],[31.583335,60.170766],[31.585482,60.172131],[31.589695,60.173404],[31.590253,60.173501],[31.592722,60.173607],[31.593756,60.173732],[31.597871,60.173847],[31.600058,60.174018],[31.601602,60.174265],[31.603091,60.174379],[31.604275,60.174741],[31.605736,60.174969],[31.608299,60.175658],[31.609715,60.175745],[31.61078,60.175983],[31.611772,60.176085],[31.61485,60.176855],[31.615751,60.177214],[31.616621,60.17739],[31.617283,60.177649],[31.618523,60.177916],[31.619685,60.178011],[31.624476,60.178847],[31.626227,60.179299],[31.627218,60.179705],[31.627751,60.179833],[31.628156,60.180092],[31.630126,60.180903],[31.630656,60.181876],[31.631488,60.182374],[31.63172,60.182673],[31.631802,60.183294],[31.632239,60.183864],[31.632284,60.184369],[31.632545,60.184907],[31.632914,60.187044],[31.633525,60.18823],[31.63369,60.18887],[31.634602,60.189722],[31.634697,60.190562],[31.635265,60.191246],[31.635193,60.191864],[31.634542,60.192719],[31.634311,60.193666],[31.633473,60.194339],[31.633292,60.19539],[31.633339,60.19612],[31.633796,60.197051],[31.634533,60.197773],[31.634945,60.198526],[31.634563,60.19931],[31.63451,60.200009],[31.633785,60.200789],[31.633016,60.20118],[31.632874,60.201738],[31.632248,60.202544],[31.632086,60.202959],[31.63208,60.20374],[31.632234,60.204008],[31.633975,60.205447],[31.634611,60.206111],[31.636309,60.208585],[31.636403,60.209364],[31.636989,60.21003],[31.636855,60.211471],[31.636319,60.212865],[31.636293,60.213509],[31.637035,60.214522],[31.639131,60.215256],[31.640899,60.215616],[31.642119,60.215717],[31.64336,60.215929],[31.644589,60.216014],[31.645668,60.216336],[31.647277,60.216513],[31.647939,60.216712],[31.648851,60.216817],[31.64959,60.21703],[31.650213,60.217318],[31.650722,60.21774],[31.651046,60.218259],[31.651099,60.218734]],[[31.651099,60.21889],[31.651066,60.219827],[31.650797,60.221044],[31.650828,60.221785],[31.651021,60.222196],[31.651536,60.222671],[31.652497,60.223089],[31.65309,60.223663],[31.654854,60.22414],[31.655566,60.224501],[31.656259,60.224645],[31.657436,60.225418],[31.65891,60.227414],[31.659171,60.227942],[31.659213,60.228492],[31.659933,60.229172],[31.660719,60.230329],[31.660875,60.231098],[31.662238,60.232237],[31.66273,60.23305],[31.66337,60.233579],[31.663693,60.234235],[31.66445,60.234828],[31.664734,60.235458],[31.666099,60.237324],[31.666096,60.238001],[31.666798,60.238664],[31.667143,60.239594],[31.666995,60.240073],[31.667136,60.240542],[31.666908,60.241935],[31.667173,60.242745],[31.666619,60.244139],[31.665925,60.244768],[31.665857,60.245334],[31.665364,60.246079],[31.66521,60.246569],[31.665254,60.248158],[31.666276,60.248907],[31.666432,60.249557],[31.667298,60.250168],[31.667864,60.250743],[31.66953,60.251818],[31.671325,60.252553],[31.674121,60.253042],[31.676086,60.252969],[31.677524,60.252547],[31.678122,60.252189],[31.678559,60.251574],[31.679341,60.251108],[31.680174,60.250741],[31.680737,60.250774],[31.680991,60.251389],[31.681445,60.252001],[31.681447,60.252455],[31.681055,60.253049],[31.68123,60.253514],[31.681181,60.254689],[31.681376,60.255113],[31.681789,60.255495],[31.683008,60.256042],[31.686108,60.256499],[31.687935,60.257156],[31.688995,60.258046],[31.690224,60.259822],[31.691218,60.260813],[31.692485,60.261342],[31.694003,60.262186],[31.694868,60.262464],[31.695514,60.262947],[31.696598,60.263259],[31.700999,60.265233],[31.703286,60.26647],[31.704452,60.267599],[31.705159,60.268933],[31.705972,60.269578],[31.70622,60.270162],[31.706812,60.27077],[31.706623,60.271417],[31.707043,60.272079],[31.707139,60.273849],[31.707458,60.274592],[31.707914,60.275194],[31.708053,60.275703],[31.708887,60.276498],[31.70963,60.276875],[31.710297,60.277754],[31.710546,60.278451],[31.710447,60.278942],[31.710921,60.279578],[31.710827,60.280728],[31.71052,60.281177],[31.710573,60.281568],[31.710301,60.282271],[31.710332,60.282649],[31.709948,60.283145],[31.709875,60.283691],[31.709498,60.284409],[31.707879,60.286756],[31.707706,60.287382],[31.707689,60.288475],[31.708004,60.289357],[31.708793,60.29029],[31.708997,60.29071],[31.710255,60.291217],[31.712009,60.292096],[31.712595,60.292529],[31.713281,60.292818],[31.713959,60.293811],[31.713979,60.29401],[31.713583,60.294501],[31.713561,60.294968],[31.712726,60.295586],[31.712237,60.296676],[31.712211,60.297563],[31.712564,60.298081],[31.713545,60.298665],[31.715124,60.299093],[31.717313,60.299398],[31.720708,60.299404],[31.722443,60.299548],[31.724331,60.300373],[31.726039,60.301881],[31.727181,60.302309],[31.730393,60.303103],[31.73207,60.303736],[31.732475,60.304189],[31.732753,60.304808],[31.7328,60.305409],[31.732628,60.306008],[31.732275,60.306483],[31.732114,60.30728],[31.731418,60.3081],[31.731512,60.308685],[31.731148,60.310447],[31.731266,60.311186],[31.731792,60.312131],[31.732835,60.312905],[31.733919,60.313353],[31.735041,60.313537],[31.736852,60.313496],[31.738153,60.313186],[31.739234,60.312684],[31.739716,60.312146],[31.740464,60.311678],[31.740495,60.311523],[31.740216,60.31111],[31.740127,60.310131],[31.740403,60.309517],[31.740528,60.307717],[31.741202,60.306716],[31.742554,60.306203],[31.744239,60.305859],[31.744749,60.30536],[31.745359,60.305074],[31.746992,60.303733],[31.747864,60.3033],[31.748491,60.302771],[31.750822,60.301609],[31.751823,60.301322],[31.752951,60.300794],[31.755474,60.300035],[31.756739,60.29981],[31.757955,60.299914]],[[31.758568,60.300765],[31.757398,60.301311],[31.756633,60.301956],[31.755868,60.302258],[31.755049,60.30278],[31.754593,60.303216],[31.754433,60.303596],[31.754481,60.304287],[31.754785,60.30466],[31.755605,60.305268],[31.756711,60.305575],[31.759275,60.305702],[31.760676,60.305942],[31.762582,60.306501],[31.765134,60.307493],[31.767432,60.308029],[31.768648,60.308069],[31.771131,60.307925],[31.772549,60.307694],[31.773642,60.307623],[31.774123,60.307489],[31.776446,60.306252],[31.776838,60.305582],[31.77689,60.304966],[31.776718,60.304432],[31.776376,60.304022],[31.774926,60.302874],[31.774318,60.302597],[31.772778,60.3012],[31.772257,60.29995],[31.772417,60.29955],[31.772881,60.299073],[31.773731,60.29865],[31.774376,60.298442],[31.775148,60.298342],[31.775905,60.298373],[31.777085,60.298619],[31.778691,60.299155],[31.779194,60.299474],[31.7798,60.299632],[31.782126,60.300667],[31.782886,60.300903],[31.784498,60.301103],[31.786233,60.301096],[31.787102,60.300999],[31.787931,60.300809],[31.790239,60.300061],[31.791306,60.299518],[31.792875,60.298462],[31.793345,60.297993],[31.793962,60.296854],[31.793903,60.295743],[31.793722,60.295609],[31.793284,60.295572]],[[31.793129,60.295221],[31.793291,60.294801],[31.793283,60.294077],[31.793037,60.293236],[31.79323,60.292713],[31.793205,60.292105],[31.79369,60.291606],[31.794248,60.291258],[31.794754,60.291105],[31.800432,60.291103],[31.801283,60.291028],[31.802359,60.290815],[31.80466,60.290621],[31.805859,60.290591],[31.808645,60.290667],[31.811924,60.291168],[31.813395,60.291236],[31.814625,60.291532],[31.81587,60.291366],[31.816312,60.291163],[31.816443,60.290986],[31.81648,60.289445],[31.81638,60.289126],[31.815508,60.287952],[31.815487,60.286909],[31.815669,60.28673],[31.816262,60.28646],[31.817502,60.286259],[31.818425,60.285943],[31.819791,60.285933],[31.821059,60.286083],[31.824342,60.28713],[31.826664,60.287778],[31.827764,60.287965],[31.829012,60.288346],[31.83092,60.28842],[31.831805,60.288352],[31.832364,60.288205],[31.833588,60.287426],[31.834097,60.286732],[31.835842,60.285249],[31.836379,60.284378],[31.836981,60.283775],[31.837372,60.283182],[31.838153,60.282312],[31.838968,60.28166],[31.84066,60.280609],[31.842544,60.280079],[31.843404,60.279514],[31.844737,60.278955],[31.846052,60.277669],[31.846341,60.277019],[31.847005,60.276273],[31.847439,60.275309],[31.848796,60.273735],[31.849783,60.27315],[31.850281,60.272477],[31.851499,60.271347],[31.852508,60.270817],[31.853738,60.269543],[31.85672,60.267532],[31.857281,60.267249],[31.858983,60.266666],[31.860935,60.266281],[31.862156,60.266339],[31.863709,60.266826],[31.864801,60.267708],[31.865577,60.268966],[31.866043,60.26946],[31.866256,60.270266],[31.866995,60.271797],[31.867924,60.272373],[31.868655,60.272544],[31.869355,60.272546],[31.870924,60.271921],[31.871527,60.271204],[31.871944,60.270348],[31.872708,60.269632],[31.872816,60.269342],[31.872708,60.267398],[31.87287,60.266225],[31.87303,60.265834],[31.873485,60.265351],[31.873528,60.264791],[31.873726,60.264415],[31.875016,60.26328],[31.87654,60.262886],[31.878291,60.262766],[31.879841,60.262761],[31.880456,60.262808],[31.881876,60.26313],[31.883165,60.263497],[31.884766,60.264186],[31.885806,60.264422],[31.887985,60.265209],[31.889887,60.266038],[31.892145,60.266767],[31.894177,60.267284],[31.896061,60.267912],[31.897852,60.268389],[31.898709,60.268756],[31.900741,60.269201],[31.902203,60.269628],[31.906149,60.271049],[31.908242,60.271675],[31.908839,60.271805],[31.91011,60.271873],[31.910707,60.271817],[31.911558,60.271581],[31.911712,60.271406],[31.911879,60.270545],[31.910471,60.268937],[31.909783,60.268518],[31.90924,60.26781],[31.908995,60.267084],[31.908399,60.266393],[31.90827,60.265752],[31.908573,60.265251],[31.908616,60.264654],[31.909094,60.264101],[31.909737,60.263638],[31.911171,60.263035],[31.912415,60.262738],[31.913654,60.26256],[31.914627,60.262522],[31.91563,60.262582],[31.918023,60.263176],[31.919788,60.264625],[31.920097,60.265257],[31.919878,60.265954],[31.919878,60.267522],[31.920275,60.268918],[31.921697,60.270429],[31.922625,60.270864],[31.924721,60.271156],[31.92624,60.271102],[31.927792,60.2708],[31.928665,60.270317],[31.929144,60.269753],[31.929465,60.268473],[31.929534,60.267369],[31.929962,60.266601],[31.930022,60.266123],[31.930839,60.265361],[31.931765,60.264845],[31.932947,60.263713],[31.93304,60.263465],[31.932929,60.26297],[31.93235,60.262579],[31.930853,60.262023],[31.930276,60.261896],[31.928761,60.261739],[31.927774,60.261521],[31.926865,60.261181],[31.924818,60.2606],[31.923349,60.259909],[31.922686,60.259169],[31.921733,60.2586],[31.921043,60.257966],[31.920417,60.257044],[31.920217,60.256351],[31.92072,60.255655],[31.922915,60.254561],[31.923262,60.254297],[31.923807,60.253314],[31.923621,60.252497],[31.924059,60.251543],[31.925436,60.250735],[31.926374,60.25061],[31.927616,60.250626],[31.928392,60.250732],[31.929774,60.251101],[31.930926,60.251312],[31.932242,60.251769],[31.932987,60.251926],[31.93367,60.252227],[31.937361,60.253048],[31.941917,60.253107],[31.943801,60.252814],[31.944925,60.252838],[31.945976,60.252682],[31.948528,60.253068],[31.950229,60.253721],[31.950539,60.253983],[31.951008,60.254724],[31.951012,60.255101],[31.950567,60.255553],[31.949138,60.256203],[31.948338,60.256978],[31.948136,60.25779],[31.948187,60.25841],[31.94837,60.258709],[31.948822,60.259083],[31.950001,60.25974],[31.951777,60.260436],[31.952633,60.260609],[31.953256,60.260905],[31.953693,60.261461],[31.954439,60.261961],[31.954719,60.262946],[31.955854,60.264449],[31.956563,60.264718],[31.957122,60.265215],[31.958179,60.26544],[31.959406,60.265978],[31.960253,60.266225],[31.960982,60.26682],[31.962103,60.267371],[31.962608,60.268177],[31.962581,60.268955],[31.963654,60.270171],[31.963798,60.270612],[31.963957,60.270747],[31.964998,60.271128],[31.965704,60.271337],[31.966442,60.271441],[31.967228,60.271418],[31.968223,60.271239],[31.96958,60.270668],[31.971956,60.269044],[31.97334,60.268493],[31.973797,60.268508],[31.975001,60.268748],[31.975614,60.269088],[31.976102,60.269675],[31.976295,60.270346],[31.977827,60.271854],[31.978319,60.272683],[31.979188,60.273085],[31.979886,60.273709],[31.981579,60.27416],[31.982922,60.274199],[31.983414,60.274129],[31.98434,60.273838],[31.984684,60.273624],[31.985357,60.271654],[31.986319,60.270572],[31.987766,60.270028],[31.98823,60.269986],[31.988567,60.270047],[31.990201,60.270526],[31.991502,60.271942],[31.99151,60.272643],[31.991963,60.273172],[31.992469,60.274444],[31.992461,60.275222],[31.992181,60.275944],[31.992196,60.276931],[31.992467,60.277738],[31.993103,60.278303],[31.993543,60.278879],[31.994369,60.279492],[31.994824,60.280039],[31.995892,60.28039],[31.99649,60.280875],[31.997697,60.281118],[31.999092,60.281594],[32.001736,60.282104],[32.004569,60.282269],[32.00746,60.282233],[32.00867,60.282348],[32.011901,60.282281],[32.013844,60.282802],[32.016091,60.283926],[32.019132,60.28501],[32.021746,60.28506],[32.023244,60.284972],[32.024963,60.285002],[32.025893,60.28512],[32.027276,60.285519],[32.0276,60.285738],[32.02819,60.286434],[32.028426,60.287023],[32.029218,60.28758],[32.029237,60.288123],[32.03002,60.288933],[32.030654,60.290325],[32.031245,60.292593],[32.031955,60.294385],[32.032434,60.294716],[32.032921,60.294852],[32.034881,60.294842],[32.036375,60.295002],[32.037032,60.295552],[32.036844,60.296458],[32.037117,60.297235],[32.036766,60.297795],[32.036705,60.298518],[32.036035,60.299315],[32.036176,60.299991],[32.035616,60.301151],[32.035739,60.301724],[32.03554,60.302393],[32.035709,60.302672],[32.03664,60.303442],[32.037702,60.303943],[32.038465,60.30401],[32.039547,60.303957],[32.039786,60.303879],[32.040875,60.302805],[32.041652,60.301636],[32.042299,60.301197],[32.042729,60.300738],[32.045354,60.29936],[32.047328,60.298492],[32.049896,60.297927],[32.051483,60.297712],[32.052232,60.297493],[32.053392,60.297013],[32.055979,60.295343],[32.058628,60.294151],[32.059554,60.293922],[32.060495,60.293501],[32.062512,60.292914],[32.064023,60.292728],[32.064793,60.292522],[32.065761,60.29194],[32.067467,60.29046],[32.070857,60.288665],[32.072475,60.288261],[32.073079,60.288181],[32.074024,60.288249],[32.074714,60.288467],[32.075282,60.28887],[32.0754,60.289168],[32.075311,60.28935],[32.074478,60.290254],[32.07364,60.290776],[32.072669,60.291161],[32.07251,60.291303],[32.072656,60.291575],[32.073371,60.292159],[32.074492,60.292736],[32.075724,60.292801],[32.076558,60.292735],[32.077998,60.29226],[32.078942,60.292087],[32.079454,60.292093],[32.080949,60.292446],[32.081294,60.29269]],[[31.982327,60.276501],[31.982746,60.276671],[31.982901,60.276834],[31.982947,60.277974],[31.98235,60.27925],[31.982015,60.279485],[31.981555,60.279574],[31.981136,60.279446],[31.98065,60.279119],[31.980038,60.278283],[31.979882,60.276907],[31.979968,60.276741],[31.98031,60.276579]],[[32.081285,60.407944],[32.080517,60.407985],[32.079001,60.407853],[32.078456,60.407751],[32.077768,60.407494],[32.077013,60.407378],[32.075805,60.406964],[32.073346,60.405892],[32.07266,60.405488],[32.071686,60.405171],[32.0703,60.404433],[32.067969,60.403886],[32.06692,60.403896],[32.06585,60.404008],[32.06558,60.4041],[32.065198,60.405067],[32.065682,60.405771],[32.067412,60.40648],[32.069525,60.40693],[32.070365,60.407215],[32.071516,60.407366],[32.072213,60.407609],[32.072989,60.408188],[32.073041,60.408727],[32.073335,60.409197],[32.07328,60.40959],[32.07295,60.409986],[32.071685,60.41077],[32.071062,60.410999],[32.069506,60.411367],[32.068061,60.411919],[32.067223,60.412354],[32.066635,60.412951],[32.066513,60.413591],[32.067215,60.414841],[32.068854,60.415951]],[[32.081293,60.29938],[32.080515,60.299648],[32.079272,60.300392],[32.078896,60.300991],[32.078704,60.302418],[32.078033,60.303058],[32.076918,60.303512],[32.075947,60.303706],[32.074201,60.304219],[32.072584,60.304497],[32.071889,60.304899],[32.071646,60.30516],[32.071777,60.305413],[32.072143,60.305683],[32.073866,60.306549],[32.074434,60.307468],[32.074764,60.308715],[32.076344,60.309932],[32.076524,60.310223],[32.076425,60.310632],[32.076523,60.311131],[32.076234,60.311777],[32.076212,60.312219],[32.076775,60.314379],[32.076248,60.315148],[32.074026,60.316571],[32.074025,60.316726],[32.074332,60.316928]],[[32.074738,60.317393],[32.074827,60.31764],[32.075441,60.318195],[32.07571,60.318616],[32.077531,60.319272],[32.078425,60.319471],[32.081292,60.319677]],[[32.081294,60.293613],[32.081199,60.293778],[32.08083,60.293955],[32.079328,60.294119],[32.078016,60.294564],[32.076477,60.294824],[32.076179,60.295157],[32.076327,60.29556],[32.076804,60.295755],[32.077563,60.295879],[32.08104,60.295845],[32.081294,60.29588]]]}},{"type":"Feature","properties":{"depth_m":5,"source":"ГУНиО МО, навигационная карта № 25069 «Волховская губа», 1:50 000; скан ladoga-lake.ru (https://ladoga-lake.ru/maps/navi_su/navi-su-16.html)","chart":"25069","chart_sheet":"16","n_lines":105,"method":"граница голубой заливки 0–5 м (автоматически по цвету) + чёрные участки изобаты 5 м там, где заливки нет; привязка по картографической сетке","datum":"WGS84 (СК-42 → WGS84 по PROJ; поправка, напечатанная на карте, давала 8–9 м к востоку — research/alignment_report.md)","depth_datum":"от среднего многолетнего уровня Ладожского озера (+5,1 м БС)"},"geometry":{"type":"MultiLineString","coordinates":[[[32.082502,60.319697],[32.084352,60.319487],[32.088457,60.318547],[32.090179,60.318231],[32.091668,60.318096],[32.094785,60.318041],[32.096661,60.317716],[32.098081,60.317179],[32.099754,60.315954],[32.101853,60.314711],[32.103877,60.313985],[32.105509,60.313543],[32.107534,60.313309],[32.109701,60.313278],[32.11111,60.313439],[32.112039,60.313362],[32.115126,60.313576],[32.116433,60.313385],[32.116653,60.313251],[32.116602,60.313031]],[[32.082638,60.448844],[32.084841,60.449194],[32.086516,60.449338],[32.08701,60.449497],[32.08739,60.449733],[32.087571,60.449972],[32.08738,60.451201],[32.088347,60.452985],[32.089498,60.454279],[32.090011,60.454692],[32.090341,60.45526],[32.09118,60.45621],[32.091941,60.456711]],[[32.093618,60.390257],[32.092386,60.390491],[32.091782,60.390782],[32.091228,60.391413],[32.09036,60.392042],[32.089704,60.392848],[32.089413,60.393754],[32.088056,60.395089],[32.085288,60.396695],[32.084361,60.397444],[32.083067,60.398203],[32.082847,60.398446],[32.082637,60.399214],[32.082701,60.40123],[32.083605,60.402253],[32.084855,60.402991],[32.085864,60.403946],[32.08608,60.40445],[32.086032,60.405916],[32.086165,60.406191],[32.086334,60.406215]],[[32.092638,60.457541],[32.09249,60.457869],[32.092797,60.458342],[32.093717,60.459365],[32.095045,60.460478],[32.095526,60.460682],[32.097144,60.461115],[32.097671,60.460996],[32.097799,60.46055],[32.097589,60.460264],[32.095779,60.458992],[32.094714,60.458701]],[[32.094151,60.456693],[32.094597,60.45667],[32.094786,60.456577],[32.095211,60.455714],[32.095564,60.45545],[32.09607,60.455244],[32.096443,60.455163],[32.097035,60.455162],[32.100163,60.455557],[32.100881,60.455397],[32.101186,60.455158],[32.101148,60.454986],[32.100929,60.454853],[32.100627,60.454769],[32.100469,60.454851]],[[32.098822,60.394209],[32.098975,60.393313],[32.099681,60.391692],[32.099705,60.389119],[32.100142,60.387461],[32.0999,60.386949],[32.099311,60.386688],[32.098989,60.386678],[32.098711,60.386774],[32.097999,60.387427],[32.097367,60.38779],[32.09704,60.388352],[32.096466,60.388842],[32.09542,60.389452],[32.094521,60.389806],[32.09425,60.390032]],[[32.129774,60.381153],[32.129319,60.381196],[32.128808,60.38151],[32.12819,60.38212],[32.127069,60.383642],[32.126129,60.38438],[32.124857,60.385138],[32.124218,60.385856],[32.124054,60.386299],[32.124053,60.390124],[32.123841,60.390844],[32.123443,60.391324],[32.12319,60.391968],[32.121926,60.392954],[32.120139,60.393767],[32.119272,60.393993],[32.117596,60.394918],[32.115858,60.395615],[32.115635,60.396625],[32.116236,60.398792],[32.11608,60.399973],[32.115734,60.400558],[32.114554,60.401342],[32.113806,60.401592],[32.112791,60.401755],[32.111679,60.401815],[32.108688,60.401784],[32.107564,60.401907],[32.105689,60.402257],[32.10371,60.402147],[32.102942,60.401959],[32.101816,60.401309],[32.101115,60.400429],[32.101007,60.399316],[32.101698,60.398368],[32.101469,60.396754],[32.100154,60.395408],[32.099713,60.395176],[32.099106,60.395046]],[[32.099396,60.454762],[32.098819,60.454564],[32.098222,60.454501],[32.095674,60.45464],[32.093586,60.454579],[32.092729,60.454385],[32.091416,60.453757],[32.090342,60.453065],[32.089348,60.451862],[32.089114,60.449993],[32.089407,60.449294],[32.091381,60.447804],[32.09242,60.447525],[32.094006,60.446819],[32.095581,60.446488],[32.09652,60.446529],[32.097092,60.446824],[32.097809,60.448314],[32.097988,60.44844],[32.09849,60.448425],[32.099359,60.448164],[32.099787,60.447953],[32.09986,60.44781],[32.098586,60.446873],[32.098112,60.446092],[32.098549,60.445434],[32.099095,60.445157],[32.099645,60.445023],[32.100304,60.445027],[32.101407,60.445188],[32.103009,60.445726],[32.103711,60.446441],[32.104354,60.44785],[32.104745,60.448107],[32.10512,60.44818],[32.105454,60.448132],[32.105793,60.44781],[32.105681,60.447355],[32.104536,60.445974],[32.103229,60.445098],[32.103096,60.444626],[32.10317,60.444253],[32.103522,60.444022],[32.104412,60.443759],[32.105342,60.443633],[32.105851,60.443664],[32.106304,60.443822],[32.10702,60.444191],[32.107595,60.444632],[32.107837,60.44499],[32.10826,60.446277],[32.108748,60.446819],[32.111191,60.447942],[32.112216,60.448778],[32.112704,60.44891],[32.113387,60.448845],[32.113628,60.448643],[32.113692,60.448002],[32.114204,60.446503],[32.115056,60.446045],[32.118175,60.445243],[32.1186,60.444951],[32.118704,60.444509],[32.118436,60.444103],[32.117654,60.443849],[32.116672,60.443771],[32.112681,60.443823],[32.111694,60.44371],[32.111059,60.443719],[32.110383,60.443541],[32.109585,60.443091],[32.108833,60.442169],[32.108789,60.441336],[32.108977,60.441164],[32.109774,60.440809],[32.110865,60.440579],[32.111944,60.44013],[32.112498,60.439696]],[[32.119175,60.431347],[32.119623,60.431499],[32.12035,60.431461],[32.121793,60.430799],[32.122151,60.430359],[32.122199,60.429544],[32.122028,60.429157],[32.120928,60.42808],[32.120613,60.427968],[32.120008,60.427925],[32.119069,60.428067],[32.118206,60.428388],[32.116432,60.429366],[32.114165,60.430353],[32.112501,60.431985],[32.110625,60.432935],[32.110062,60.433099],[32.108769,60.433275],[32.105518,60.4334],[32.104461,60.433682],[32.103727,60.434103],[32.103454,60.434386],[32.103126,60.435068],[32.102777,60.4364],[32.102519,60.436677],[32.102023,60.436846],[32.100891,60.437047],[32.099555,60.437079],[32.097799,60.43685],[32.096741,60.436463],[32.096221,60.436129],[32.095285,60.435196],[32.095248,60.433691],[32.095356,60.433479],[32.095747,60.433222],[32.098803,60.431723],[32.09979,60.431405],[32.101117,60.43076],[32.101454,60.430501],[32.101535,60.430258]],[[32.101594,60.430103],[32.102537,60.429692],[32.103876,60.42862],[32.104936,60.428066],[32.109001,60.42686],[32.109527,60.426456],[32.110465,60.42532],[32.111062,60.424864],[32.112485,60.4243],[32.113631,60.424101],[32.114033,60.423811],[32.114036,60.423343],[32.11385,60.423082],[32.11283,60.422807],[32.111883,60.422889],[32.111434,60.42276],[32.110663,60.422213],[32.110302,60.421534],[32.110011,60.421288],[32.109541,60.421069],[32.108583,60.420836],[32.106419,60.419729],[32.105992,60.418962],[32.106494,60.418038]],[[32.107101,60.417728],[32.107943,60.417556],[32.109547,60.416782],[32.110822,60.416438],[32.112523,60.416404],[32.114205,60.416652],[32.115982,60.417643],[32.117003,60.41838],[32.118272,60.42014],[32.118896,60.420675],[32.120197,60.421507],[32.120923,60.421723],[32.122863,60.421641],[32.123133,60.421417],[32.123091,60.420922],[32.121858,60.420104],[32.121077,60.419404],[32.120842,60.418986],[32.120963,60.418506],[32.122035,60.417896],[32.125402,60.417234],[32.127625,60.416464],[32.1294,60.415129],[32.13032,60.414736],[32.131285,60.414084],[32.131246,60.413902],[32.130885,60.413674],[32.128847,60.41333],[32.127891,60.413033],[32.12727,60.412721],[32.126261,60.411863],[32.126103,60.411894]],[[32.108769,60.450717],[32.109509,60.450909],[32.109976,60.452263],[32.110481,60.45268],[32.111128,60.452912],[32.112146,60.452966],[32.115493,60.452494],[32.116323,60.452512],[32.11697,60.452682],[32.117301,60.453007],[32.117157,60.453609],[32.116719,60.453972],[32.115877,60.45423],[32.112779,60.454476],[32.110805,60.454759],[32.110146,60.454743],[32.109653,60.454604],[32.109107,60.454302],[32.108847,60.454037],[32.10865,60.45299],[32.107933,60.451752],[32.107974,60.451149],[32.108638,60.450732]],[[32.112413,60.438614],[32.112364,60.438146],[32.112018,60.437454],[32.112104,60.436859],[32.112699,60.435685],[32.113998,60.434369],[32.114554,60.433542],[32.11555,60.432621],[32.11696,60.431975],[32.118184,60.43165],[32.118643,60.431424]],[[32.116535,60.31254],[32.116727,60.312472],[32.116933,60.312202],[32.116695,60.311284],[32.116845,60.310707],[32.117563,60.31022],[32.118631,60.309996],[32.123231,60.310056],[32.12786,60.308929],[32.129704,60.308655],[32.131122,60.308557],[32.132022,60.308638],[32.132529,60.308945],[32.133004,60.309065],[32.133839,60.309056],[32.135133,60.308884],[32.135651,60.308915],[32.137085,60.309497],[32.138423,60.309771],[32.139239,60.309745],[32.14217,60.309418]],[[32.123852,60.406899],[32.124098,60.406625],[32.124286,60.405644],[32.125588,60.404399],[32.125933,60.403334],[32.126352,60.402745],[32.127407,60.402078],[32.128623,60.401658],[32.129365,60.401257],[32.130035,60.400577],[32.130115,60.399731],[32.129845,60.399127],[32.129798,60.397955],[32.129482,60.397532],[32.129508,60.397371],[32.131125,60.396222],[32.132387,60.395842],[32.133915,60.395631],[32.13444,60.395442],[32.13532,60.394833],[32.135706,60.394371],[32.135815,60.39362],[32.135645,60.392206],[32.135049,60.391531],[32.134332,60.391139],[32.133421,60.390906],[32.131859,60.390779],[32.131471,60.39095]],[[32.126262,60.411562],[32.126637,60.410787],[32.126482,60.409392],[32.125286,60.40796],[32.124626,60.407466],[32.124373,60.407344],[32.124187,60.407363]],[[32.130631,60.39095],[32.130025,60.390703],[32.12838,60.390475],[32.127586,60.390103],[32.127279,60.389812],[32.127297,60.389328],[32.12672,60.388743],[32.126542,60.388202],[32.126583,60.38708],[32.127004,60.386333],[32.128352,60.385118],[32.129408,60.384426],[32.129758,60.383901]],[[32.144221,60.309243],[32.145357,60.309148],[32.146347,60.309235],[32.148954,60.309261],[32.149968,60.309463],[32.151063,60.309553],[32.152566,60.309589],[32.153534,60.309504],[32.154083,60.309344],[32.154286,60.309178],[32.154179,60.308793],[32.153329,60.308105],[32.152202,60.307886]],[[32.151861,60.307498],[32.150839,60.307016],[32.150163,60.306494],[32.149884,60.306096],[32.149924,60.305571],[32.15074,60.304902],[32.150889,60.304419],[32.151069,60.304278],[32.152258,60.303893],[32.1537,60.303587],[32.155564,60.303578],[32.156536,60.303767],[32.156983,60.303929],[32.157494,60.30451],[32.158149,60.304689],[32.161109,60.304701],[32.163153,60.305025],[32.164262,60.304986]],[[32.166708,60.304006],[32.166533,60.303695],[32.165462,60.303074],[32.164988,60.302448],[32.165056,60.302174],[32.166325,60.301378],[32.166785,60.301224],[32.169295,60.301291],[32.170069,60.301181],[32.170691,60.300966],[32.170463,60.300663],[32.170475,60.300231],[32.170059,60.299396],[32.170125,60.29877],[32.171262,60.297254],[32.172419,60.296439],[32.17301,60.2956],[32.172917,60.29512],[32.172532,60.294779],[32.171336,60.294205],[32.170465,60.294066],[32.170046,60.293907]],[[32.170189,60.293597],[32.170623,60.293146],[32.170815,60.292573],[32.171696,60.292094],[32.173044,60.291598],[32.173536,60.291088],[32.17347,60.290489],[32.171654,60.289631],[32.171064,60.289181],[32.17089,60.288882],[32.171071,60.288489],[32.171729,60.288136],[32.172654,60.28785],[32.173483,60.287685],[32.174503,60.287594],[32.17752,60.286935],[32.178723,60.286385],[32.179325,60.28578],[32.17944,60.284974],[32.178829,60.284073],[32.178566,60.283373],[32.178636,60.282761],[32.179229,60.281352],[32.179343,60.280298],[32.179192,60.280016],[32.17873,60.279842]],[[32.178927,60.279376],[32.179135,60.279131],[32.17959,60.2779],[32.180425,60.27684],[32.181061,60.276142],[32.181626,60.275777],[32.181875,60.275217],[32.182343,60.274633],[32.185226,60.271898],[32.185309,60.271706],[32.185151,60.271292]],[[32.185057,60.271058],[32.185122,60.270634],[32.184582,60.269084],[32.184598,60.267901],[32.185527,60.26635],[32.186153,60.265603],[32.186137,60.264462],[32.185671,60.263546],[32.185635,60.263126],[32.184768,60.262537],[32.183476,60.260954],[32.182978,60.260522],[32.182277,60.259551],[32.18188,60.258822],[32.181884,60.2582],[32.181249,60.257474],[32.181173,60.256644],[32.181315,60.256235],[32.182146,60.255269],[32.182764,60.254955],[32.183906,60.254683],[32.184493,60.254682],[32.186174,60.255152],[32.187082,60.256005],[32.187348,60.256002],[32.187229,60.255738]],[[32.18829,60.255618],[32.188705,60.255002],[32.18853,60.25411],[32.188645,60.252646],[32.18906,60.251771],[32.190323,60.250685],[32.190415,60.250371],[32.190176,60.249835],[32.190607,60.248848],[32.191115,60.248182],[32.191764,60.247823],[32.19251,60.247662],[32.193186,60.247658],[32.193791,60.247845],[32.194438,60.248206],[32.194785,60.248662],[32.194773,60.249386],[32.195141,60.249882],[32.195269,60.250571],[32.195676,60.251258],[32.196032,60.251613],[32.196455,60.251841],[32.197025,60.251993],[32.19744,60.252011],[32.198405,60.251818],[32.199374,60.251239],[32.19972,60.248075],[32.199969,60.247811],[32.200295,60.247696],[32.200883,60.247641],[32.201204,60.247717],[32.201673,60.248168],[32.201897,60.24902],[32.201955,60.251276],[32.202143,60.252467],[32.202861,60.253558],[32.203602,60.25393],[32.203904,60.253953],[32.204327,60.253815],[32.204894,60.25329],[32.204942,60.252074],[32.205243,60.251474],[32.204989,60.250935],[32.205327,60.24996]],[[32.195419,60.224924],[32.195903,60.223916],[32.196715,60.223508],[32.197478,60.223358],[32.200674,60.223385],[32.204966,60.223912],[32.20654,60.224007],[32.207165,60.223949],[32.207683,60.223797],[32.209257,60.222846],[32.210096,60.222606],[32.211182,60.222631],[32.212607,60.223088]],[[32.204082,60.233015],[32.204556,60.233009],[32.205249,60.232867],[32.206284,60.232466],[32.206742,60.231499],[32.207332,60.230768],[32.207725,60.230552],[32.208609,60.2303],[32.20894,60.23007],[32.208991,60.229818],[32.208731,60.229442],[32.208312,60.229193],[32.207253,60.228821],[32.206735,60.228726],[32.206149,60.228723],[32.205379,60.22882],[32.204622,60.229038],[32.202799,60.229851],[32.202145,60.230239],[32.201279,60.230314],[32.200174,60.230111],[32.198972,60.229434],[32.198986,60.229172],[32.200144,60.227951],[32.201732,60.227309],[32.202075,60.226777],[32.201921,60.226413],[32.201575,60.226214],[32.199701,60.225666],[32.197857,60.225482],[32.196677,60.225019],[32.196204,60.225009],[32.195889,60.225102]],[[32.205392,60.249829],[32.205118,60.248793],[32.205145,60.248273],[32.206193,60.247051],[32.206554,60.246437],[32.207174,60.246001],[32.207597,60.245547],[32.208493,60.245236],[32.210186,60.244828],[32.210467,60.244494],[32.210221,60.244245],[32.209738,60.244046],[32.208566,60.243796],[32.20767,60.243502],[32.206508,60.242745],[32.204974,60.240976],[32.201913,60.23859],[32.201384,60.238026],[32.2012,60.237611],[32.200415,60.236862],[32.198854,60.23612],[32.198124,60.235655],[32.19683,60.235155],[32.19582,60.234447],[32.1957,60.234148],[32.19604,60.233838],[32.198159,60.23381],[32.200139,60.23388],[32.201393,60.233674],[32.201727,60.233565],[32.201717,60.233454]],[[32.213306,60.223602],[32.213343,60.223982],[32.214226,60.225654],[32.21495,60.226699],[32.215684,60.227369],[32.21669,60.227507],[32.217645,60.227466],[32.220072,60.226662],[32.222361,60.226293],[32.223478,60.225699],[32.223633,60.225148],[32.22429,60.224567],[32.224947,60.224179],[32.226222,60.223753],[32.227428,60.2237],[32.228818,60.223237],[32.229019,60.223098],[32.229095,60.222609],[32.228781,60.222307],[32.226692,60.221743],[32.226086,60.221422],[32.22595,60.22098],[32.226229,60.220559],[32.227144,60.22019],[32.229156,60.219867],[32.230263,60.219595],[32.231976,60.218866],[32.233568,60.218336],[32.235283,60.217397],[32.236191,60.216566],[32.236592,60.215819],[32.236624,60.214893],[32.23515,60.214515],[32.233695,60.214533],[32.232916,60.214737],[32.231981,60.215215],[32.230522,60.216538],[32.229538,60.216949],[32.229168,60.217477]],[[32.223903,60.21683],[32.223763,60.21618],[32.223908,60.215878],[32.224252,60.215609],[32.225513,60.215055],[32.225715,60.214774],[32.22565,60.214581],[32.225031,60.214175],[32.222834,60.213474],[32.221104,60.212686],[32.220308,60.211986],[32.219968,60.210994],[32.220042,60.210335],[32.220501,60.209672],[32.220996,60.209325],[32.222501,60.208559],[32.22308,60.208021],[32.223034,60.20733],[32.222297,60.20642],[32.221933,60.205652],[32.221958,60.205336],[32.222284,60.204743],[32.22277,60.204468],[32.224675,60.204182],[32.226851,60.204293],[32.229189,60.204315],[32.235002,60.204061],[32.23895,60.204308],[32.239739,60.204253],[32.239986,60.204139],[32.240038,60.203894],[32.239036,60.202864],[32.238895,60.202453],[32.238988,60.202153],[32.239329,60.201783],[32.240145,60.201199],[32.241083,60.200842],[32.24134,60.200549],[32.24139,60.199769],[32.24125,60.199343],[32.240865,60.198902],[32.240696,60.198891],[32.240536,60.199088]],[[32.239691,60.198919],[32.239532,60.198737],[32.238625,60.198567],[32.237718,60.198251],[32.236621,60.198074],[32.235918,60.197744],[32.23532,60.197143],[32.235503,60.196582],[32.23499,60.19627]],[[32.236597,60.195722],[32.236958,60.195938],[32.238073,60.195963],[32.239748,60.196192],[32.243692,60.197114],[32.245361,60.197151],[32.245869,60.19707],[32.246099,60.196952],[32.246245,60.196608],[32.245761,60.195893],[32.245455,60.195772],[32.244309,60.195571],[32.243422,60.195264],[32.242683,60.194892],[32.241452,60.194542],[32.240795,60.194059],[32.23991,60.193867],[32.239291,60.193572],[32.238493,60.192841],[32.238481,60.192555],[32.238686,60.192298],[32.239953,60.191679],[32.24063,60.190799],[32.241078,60.190459],[32.241657,60.190291],[32.243004,60.190236],[32.243458,60.190117]],[[32.244393,60.190195],[32.244428,60.190428],[32.244773,60.190628],[32.246602,60.191],[32.249155,60.191294],[32.249781,60.191276],[32.25029,60.191125],[32.25048,60.190751],[32.249903,60.189906],[32.248979,60.189628],[32.247734,60.189042],[32.246827,60.188747],[32.245158,60.187964],[32.243551,60.186765],[32.243354,60.186377],[32.243406,60.185983],[32.243804,60.185618],[32.244595,60.185314],[32.245719,60.185243],[32.24661,60.185036],[32.248299,60.184859],[32.249032,60.184667],[32.251323,60.183483],[32.253008,60.182902],[32.255361,60.182375],[32.255444,60.182249],[32.2553,60.182093]],[[32.255085,60.199106],[32.254014,60.19919],[32.253021,60.199129],[32.252122,60.199257],[32.249229,60.19933],[32.248124,60.19948],[32.246589,60.199962],[32.245758,60.200118],[32.245548,60.20023],[32.245532,60.200407],[32.246035,60.201201],[32.246589,60.201672],[32.247104,60.201735],[32.251337,60.201411],[32.252319,60.201428],[32.254492,60.200932],[32.255542,60.200297],[32.255843,60.199946],[32.25582,60.199779],[32.255179,60.199136]],[[32.256116,60.18186],[32.256485,60.18207],[32.258344,60.181774],[32.260392,60.181267],[32.26088,60.180998],[32.261393,60.180392],[32.26139,60.179682],[32.261873,60.179056],[32.261083,60.177874],[32.261045,60.177032],[32.261714,60.176349],[32.263385,60.175404],[32.264275,60.174606],[32.264572,60.173832],[32.264626,60.17247],[32.264982,60.171985],[32.265456,60.171802],[32.26674,60.17174],[32.267627,60.171969],[32.268813,60.172477],[32.269742,60.172664],[32.271032,60.172713],[32.271859,60.172604],[32.272078,60.172487],[32.272072,60.172313],[32.271845,60.172152],[32.270581,60.171678],[32.269274,60.171521],[32.268704,60.171047],[32.26882,60.170449],[32.269507,60.1697],[32.269388,60.169048],[32.269677,60.167989],[32.270055,60.16726],[32.270432,60.166884],[32.270992,60.166614],[32.271696,60.166562],[32.273831,60.167071],[32.2746,60.167089],[32.275108,60.166952],[32.275238,60.166734],[32.274392,60.165988],[32.274059,60.16548],[32.274266,60.165042],[32.274935,60.164754],[32.275654,60.164686],[32.276352,60.164726],[32.278665,60.165547],[32.279242,60.165661],[32.279756,60.165597],[32.279907,60.165482],[32.279886,60.165339],[32.27947,60.165027]],[[32.279384,60.164871],[32.278658,60.163472],[32.278956,60.16294],[32.280323,60.162251],[32.282653,60.161954]],[[32.284705,60.15902],[32.285169,60.158947],[32.285439,60.158789],[32.287561,60.156852],[32.289133,60.155954],[32.28994,60.155683],[32.291043,60.155573],[32.29158,60.155669],[32.291871,60.155909],[32.291787,60.156375],[32.291958,60.156944],[32.291688,60.157919],[32.291325,60.158409],[32.291252,60.158729],[32.291334,60.159135],[32.291709,60.159758],[32.291838,60.160481],[32.291308,60.161826],[32.291655,60.162073],[32.291918,60.162066],[32.291988,60.161988]],[[32.292896,60.161968],[32.293388,60.161967],[32.293688,60.161875],[32.294639,60.160975],[32.294752,60.160342],[32.294627,60.159703],[32.294688,60.158868],[32.294445,60.1577]],[[32.294678,60.155985],[32.294878,60.155299],[32.294901,60.154354],[32.29434,60.15388],[32.29312,60.153251],[32.293008,60.152453],[32.293379,60.15206],[32.294808,60.151148],[32.295842,60.150317],[32.296257,60.150149],[32.296791,60.150093],[32.297246,60.150233],[32.297732,60.150688],[32.297565,60.151385],[32.296875,60.152068],[32.296934,60.153113],[32.297194,60.153475],[32.298069,60.153825],[32.30019,60.1544],[32.30188,60.154992],[32.302233,60.155371],[32.302659,60.156513],[32.303018,60.156844],[32.303653,60.157191],[32.304193,60.157331],[32.305601,60.15728],[32.306819,60.1574],[32.307555,60.157563],[32.308532,60.158014]],[[32.308745,60.15817],[32.309795,60.158785],[32.310239,60.159305],[32.311728,60.15977],[32.312272,60.159752],[32.313607,60.159255],[32.313819,60.158968],[32.313772,60.158433],[32.313551,60.158302],[32.312555,60.158141],[32.312253,60.157638],[32.312429,60.156929],[32.313158,60.156034],[32.313198,60.155669],[32.31285,60.155447],[32.312033,60.155321],[32.311401,60.155363],[32.310542,60.155651],[32.310187,60.155692],[32.309644,60.155654],[32.309218,60.155505],[32.308777,60.15515],[32.308308,60.15494],[32.307874,60.154038],[32.307364,60.153613],[32.306581,60.152671],[32.305736,60.152168],[32.305671,60.151704],[32.305886,60.151544],[32.307717,60.150782],[32.308033,60.150714],[32.308481,60.150761],[32.30882,60.150931],[32.309015,60.151174],[32.30923,60.152406],[32.309464,60.152843],[32.309946,60.153166],[32.31052,60.153215],[32.311327,60.153136],[32.31171,60.152894],[32.312302,60.152182],[32.312079,60.151855]],[[32.312033,60.151699],[32.31271,60.1513],[32.312932,60.151054],[32.31355,60.148244],[32.313965,60.147519],[32.31447,60.147196],[32.31557,60.147019],[32.316969,60.147065],[32.317924,60.147266],[32.318476,60.147561],[32.318542,60.148199],[32.317812,60.148744],[32.317447,60.149345],[32.316638,60.150062]],[[32.316384,60.150523],[32.31583,60.150879],[32.315573,60.151306],[32.315844,60.152542],[32.315972,60.15265],[32.317767,60.153267],[32.318555,60.153415],[32.319409,60.153414],[32.320005,60.153328],[32.320579,60.15317],[32.321024,60.152938],[32.32155,60.152475],[32.32191,60.151667],[32.322508,60.150817],[32.323015,60.150495],[32.323568,60.150433],[32.324364,60.150491],[32.326159,60.150993],[32.327411,60.15122]],[[32.329099,60.155679],[32.329987,60.154862],[32.330179,60.154104],[32.330403,60.153803],[32.331289,60.153279],[32.332022,60.153029]],[[32.333081,60.153497],[32.33356,60.15421],[32.333581,60.154592],[32.333303,60.155103],[32.332318,60.155942],[32.332162,60.156229],[32.3323,60.156882],[32.332567,60.157193],[32.332994,60.157424],[32.334967,60.157515],[32.336975,60.15711],[32.338765,60.157051],[32.340271,60.157119],[32.34285,60.157412],[32.34418,60.157423],[32.345522,60.157281],[32.346048,60.157009],[32.346886,60.15566],[32.3472,60.154582],[32.347929,60.153955],[32.349024,60.153412],[32.350731,60.153003],[32.352831,60.152771],[32.356078,60.152219]],[[32.356393,60.152184],[32.35852,60.15184],[32.36231,60.151822],[32.364682,60.151673],[32.366368,60.151403],[32.367713,60.151093],[32.370885,60.150682],[32.373414,60.150659],[32.375265,60.150733],[32.378791,60.150666],[32.379862,60.150391],[32.382758,60.149088],[32.383539,60.148905],[32.384372,60.148825],[32.384978,60.148846],[32.385457,60.148955],[32.385873,60.149268],[32.386639,60.149633],[32.387934,60.1506],[32.388425,60.150706],[32.388981,60.150694],[32.38927,60.150608],[32.389493,60.150367],[32.389585,60.149135],[32.389767,60.148705],[32.390265,60.148371],[32.390844,60.148282],[32.392114,60.148324],[32.393083,60.148751],[32.393244,60.149023],[32.393291,60.149996],[32.393701,60.150349],[32.394341,60.150531],[32.394837,60.150571],[32.395303,60.150507],[32.395526,60.150312]],[[32.398281,60.149846],[32.39888,60.149919],[32.400265,60.149874],[32.401733,60.149659],[32.40332,60.148795],[32.404422,60.148326]],[[32.406343,60.148365],[32.406796,60.14869],[32.407425,60.148926],[32.410387,60.14918],[32.412555,60.149814],[32.415477,60.150537],[32.416909,60.150669],[32.418598,60.150956],[32.420399,60.151077],[32.421559,60.151265],[32.422472,60.151297],[32.424657,60.151671],[32.429175,60.152973],[32.430539,60.153506],[32.43108,60.153516]],[[32.43191,60.153516],[32.431984,60.153661],[32.432346,60.153794],[32.433915,60.153911],[32.435412,60.154133],[32.436772,60.15443],[32.437676,60.154754],[32.438829,60.154895],[32.441512,60.155574],[32.442621,60.155688],[32.443403,60.15607],[32.444349,60.156387],[32.445043,60.156801],[32.446035,60.157002],[32.447552,60.157769],[32.448422,60.157914],[32.450255,60.158666],[32.451002,60.158825]],[[32.45533,60.160383],[32.456537,60.16101],[32.456955,60.161523],[32.457629,60.161814],[32.458092,60.162483],[32.458589,60.162852],[32.459149,60.163019],[32.461103,60.163308],[32.463241,60.16382],[32.464301,60.164357],[32.464901,60.164821],[32.465662,60.165156],[32.468394,60.166255],[32.470569,60.166921],[32.474533,60.16778],[32.475393,60.168067],[32.476588,60.168227],[32.478538,60.168692],[32.479461,60.16876],[32.480636,60.169067],[32.483615,60.169474],[32.484808,60.169779],[32.485985,60.17027],[32.487404,60.170371],[32.48894,60.170599],[32.49067,60.170987],[32.492193,60.171126],[32.492684,60.171047]],[[32.493047,60.171227],[32.49298,60.17143],[32.494265,60.171736],[32.495678,60.172262],[32.497487,60.172332],[32.499367,60.172511],[32.50234,60.17262],[32.505659,60.172899],[32.507286,60.173195],[32.508095,60.173438],[32.509232,60.173464],[32.513535,60.174294],[32.515722,60.174854],[32.518182,60.175635],[32.518945,60.175715]],[[32.519545,60.175987],[32.520369,60.17634],[32.523198,60.17709],[32.52956,60.178283],[32.532,60.178905],[32.532824,60.179318],[32.533938,60.179577],[32.53586,60.18049],[32.537388,60.180913],[32.540853,60.182389],[32.543677,60.183913],[32.545546,60.185254],[32.545876,60.185694],[32.546516,60.185888]],[[32.54666,60.186044],[32.546868,60.186421],[32.547985,60.186764],[32.54862,60.186837],[32.551444,60.186888],[32.552203,60.187088],[32.552499,60.187343],[32.552523,60.187548],[32.551877,60.188571],[32.551851,60.189297],[32.55212,60.189516],[32.553227,60.189919],[32.553964,60.190025],[32.554735,60.190028],[32.555431,60.189884],[32.556587,60.189456],[32.557652,60.189377],[32.558657,60.189438],[32.561062,60.189871],[32.561655,60.190264],[32.56204,60.191354],[32.562059,60.191778],[32.561852,60.192376],[32.561904,60.192902],[32.562049,60.193028],[32.562588,60.193136],[32.564461,60.193244],[32.566754,60.193648],[32.566996,60.193784],[32.567403,60.194361],[32.568406,60.195046],[32.568696,60.1961],[32.568857,60.196235],[32.570946,60.197067],[32.574367,60.198251],[32.576115,60.198712],[32.579231,60.199362],[32.579903,60.199729],[32.580933,60.200072]],[[32.557347,60.344615],[32.558717,60.34529],[32.559107,60.346008],[32.558816,60.346337],[32.556604,60.347211],[32.556116,60.347578],[32.55608,60.347732],[32.556286,60.347958],[32.557527,60.348588],[32.557392,60.349373],[32.55502,60.350822],[32.553706,60.351946],[32.553031,60.352868],[32.550813,60.354092],[32.548668,60.354958],[32.548538,60.35519]],[[32.550267,60.355389],[32.55136,60.355339],[32.552796,60.355078],[32.55416,60.355219],[32.555411,60.355715],[32.556243,60.356349],[32.557022,60.35717],[32.557811,60.357537],[32.558768,60.357738],[32.560482,60.357709],[32.561523,60.35777],[32.562264,60.357988],[32.562459,60.358238],[32.562395,60.358529],[32.561547,60.359077],[32.56013,60.359222],[32.558321,60.359185],[32.558022,60.359266],[32.557745,60.359507],[32.557611,60.360192],[32.557882,60.360952],[32.557614,60.362275],[32.557973,60.362666],[32.558962,60.363006]],[[32.559539,60.363199],[32.559999,60.363632],[32.559944,60.363819],[32.559578,60.36407],[32.55868,60.364364],[32.556947,60.364668],[32.556205,60.365022],[32.555787,60.365692],[32.556145,60.366106]],[[32.55661,60.366881],[32.556516,60.367458],[32.556704,60.368096],[32.557032,60.368308],[32.557594,60.368377],[32.558705,60.368232],[32.559645,60.367675],[32.560874,60.367283],[32.563389,60.367247],[32.565736,60.36675],[32.566534,60.366702],[32.567139,60.366764],[32.567681,60.366919],[32.568224,60.367195],[32.569544,60.368504],[32.570066,60.368788],[32.570374,60.368835],[32.570813,60.368732],[32.571097,60.368505],[32.571275,60.367535],[32.571619,60.366651],[32.57185,60.366398],[32.572303,60.366181],[32.572907,60.366035],[32.573779,60.365965],[32.574404,60.366007],[32.574888,60.366209],[32.575699,60.366886],[32.575686,60.368165],[32.576098,60.368765],[32.576227,60.369267],[32.576594,60.369598],[32.577091,60.369777],[32.57878,60.369911],[32.579547,60.370101],[32.580154,60.370387],[32.581269,60.371218],[32.581844,60.37152],[32.585831,60.372757],[32.58815,60.373841],[32.590513,60.374256],[32.592862,60.374268],[32.595672,60.374106],[32.596807,60.373924],[32.597994,60.373531],[32.599108,60.372678],[32.599325,60.372312],[32.599671,60.370907],[32.599783,60.368693],[32.600922,60.367953],[32.601776,60.367676],[32.602325,60.367619],[32.602888,60.367696],[32.604312,60.36815],[32.605011,60.368515],[32.606169,60.369354],[32.606084,60.369804],[32.606283,60.369881],[32.606876,60.369897]],[[32.558293,60.342383],[32.558439,60.342304],[32.558109,60.342186],[32.557545,60.342135],[32.55702,60.34224],[32.556726,60.342468],[32.55647,60.343436],[32.556877,60.34442]],[[32.56269,60.349243],[32.563227,60.348738],[32.563514,60.348603],[32.564442,60.348353],[32.565712,60.348144],[32.566244,60.347965],[32.566579,60.347637],[32.566585,60.347277],[32.566118,60.347021],[32.564487,60.346696],[32.563714,60.346395],[32.56262,60.345347],[32.562358,60.344599],[32.56208,60.344307],[32.561405,60.343913],[32.560362,60.343562],[32.559078,60.342853],[32.558878,60.342847]],[[32.573425,60.353546],[32.573305,60.353624],[32.573412,60.353778],[32.573709,60.353858],[32.574898,60.353753],[32.576461,60.353835],[32.577247,60.354377],[32.577313,60.354713],[32.576361,60.355273],[32.575568,60.355589],[32.574871,60.355748],[32.573849,60.356372],[32.572426,60.35691],[32.571671,60.356989],[32.570757,60.356837],[32.569609,60.356769],[32.56893,60.356415],[32.568248,60.355637],[32.567331,60.354939],[32.566385,60.354405],[32.565703,60.354178],[32.565332,60.3539],[32.565031,60.353473],[32.564872,60.352656],[32.564261,60.352059],[32.564057,60.351463],[32.562642,60.350099],[32.562174,60.349826]],[[32.563986,60.337106],[32.563374,60.336497],[32.563266,60.336244],[32.56331,60.33588],[32.563804,60.335286],[32.564128,60.334632],[32.564146,60.334337],[32.563907,60.334003]],[[32.571982,60.318429],[32.57152,60.318368],[32.571125,60.318508],[32.569294,60.319735],[32.568684,60.320276],[32.568772,60.320904],[32.569496,60.321835],[32.569439,60.323043],[32.569133,60.323681],[32.568547,60.324292],[32.567859,60.324802],[32.566283,60.325631],[32.565737,60.326197],[32.565559,60.328412],[32.564309,60.330341],[32.564065,60.332517],[32.562345,60.334161],[32.560839,60.334957],[32.56045,60.335439],[32.559204,60.33651],[32.558498,60.337421],[32.558546,60.338162],[32.558821,60.338557],[32.559388,60.338839],[32.560338,60.338911],[32.560589,60.338841],[32.561034,60.338453],[32.562047,60.338093],[32.564673,60.337714],[32.56476,60.337579],[32.564398,60.337417]],[[32.564585,60.333714],[32.564956,60.333421],[32.565492,60.332597],[32.565984,60.332236],[32.566472,60.332039],[32.567576,60.331978],[32.568068,60.33209],[32.569145,60.33252],[32.569595,60.332546],[32.569767,60.332444],[32.569129,60.330354],[32.567843,60.328563],[32.568091,60.328113],[32.568705,60.327815],[32.569092,60.327749],[32.569493,60.327786],[32.571455,60.32833],[32.573638,60.328314],[32.574644,60.328418],[32.576686,60.329012],[32.577285,60.329348],[32.577694,60.329723],[32.577213,60.330313],[32.577121,60.330946],[32.578226,60.332453],[32.578224,60.332745],[32.577881,60.333044],[32.576335,60.333387],[32.574847,60.333487],[32.573279,60.333963],[32.570285,60.333991],[32.569917,60.334043],[32.569549,60.334239],[32.569495,60.334499],[32.569779,60.334965],[32.571656,60.336421],[32.571707,60.338987],[32.572651,60.34014],[32.572613,60.340495],[32.572384,60.340697],[32.571265,60.34111],[32.569317,60.341316],[32.568873,60.341617],[32.568798,60.341931],[32.568947,60.342242],[32.569759,60.342929],[32.570181,60.343444],[32.570554,60.343652]],[[32.571128,60.343931],[32.571719,60.344024],[32.573006,60.343993],[32.573812,60.344057],[32.574528,60.344261],[32.575071,60.344629],[32.57496,60.34497],[32.574529,60.345324],[32.572022,60.346568],[32.571586,60.347257],[32.571067,60.347654],[32.5719,60.348734],[32.572294,60.348951],[32.573765,60.349393],[32.574631,60.349476],[32.575266,60.349432]],[[32.571351,60.321421],[32.571508,60.321355],[32.572383,60.321367],[32.573972,60.321665],[32.574957,60.321572],[32.575565,60.321168],[32.575754,60.320384],[32.575754,60.32019],[32.575597,60.320113]],[[32.571743,60.280194],[32.571483,60.280536],[32.571327,60.281256],[32.570743,60.281985],[32.570758,60.282508],[32.571261,60.282775],[32.572155,60.282836],[32.572703,60.282596],[32.572781,60.282137]],[[32.576348,60.271801],[32.575798,60.272971],[32.575687,60.273853],[32.575482,60.274159],[32.573635,60.275449],[32.573139,60.27592],[32.572731,60.276893],[32.572653,60.278696],[32.571909,60.279293],[32.571781,60.279806]],[[32.573832,60.510177],[32.573873,60.510402],[32.575062,60.51097],[32.575794,60.511703],[32.575654,60.511853],[32.575316,60.511966],[32.573371,60.512415],[32.57213,60.512977],[32.571788,60.513712],[32.571911,60.514366]],[[32.576569,60.350057],[32.575246,60.350597],[32.573627,60.350936],[32.573634,60.351047],[32.574326,60.3515],[32.574492,60.352206],[32.573424,60.352648],[32.572258,60.352738],[32.571802,60.352891],[32.571607,60.353185],[32.571645,60.353379],[32.571883,60.353619],[32.572121,60.35371],[32.572154,60.353624]],[[32.576494,60.303809],[32.577067,60.304065],[32.577796,60.30405],[32.578121,60.30412],[32.578885,60.304577],[32.579192,60.305138],[32.578941,60.306118],[32.57867,60.306355],[32.578232,60.306518],[32.576933,60.306723],[32.574692,60.306714],[32.574144,60.306846],[32.573572,60.307148],[32.573187,60.307875],[32.573316,60.309291],[32.573212,60.309861],[32.57367,60.310228],[32.574534,60.310664],[32.577193,60.311221],[32.578271,60.311553],[32.579092,60.312076],[32.579204,60.312605],[32.578881,60.312984],[32.578115,60.313359],[32.576738,60.313446],[32.5763,60.313615],[32.576134,60.313905],[32.57607,60.31488],[32.575878,60.315192],[32.57485,60.316072],[32.572211,60.317333],[32.571902,60.317776],[32.571993,60.317923],[32.572362,60.318094]],[[32.57279,60.281804],[32.573424,60.281229],[32.573698,60.280252],[32.574805,60.279169],[32.57514,60.278679],[32.575212,60.278411],[32.575101,60.278252]],[[32.572897,60.517806],[32.573522,60.518027],[32.574191,60.51796],[32.576122,60.517141],[32.577663,60.516692],[32.578202,60.51624]],[[32.575622,60.27792],[32.57628,60.277619],[32.577151,60.277016],[32.578015,60.276701],[32.578955,60.276598],[32.580291,60.276608],[32.580783,60.276696],[32.581021,60.276846],[32.581907,60.277947],[32.582629,60.279148],[32.584321,60.280452],[32.584613,60.281055],[32.584654,60.28192],[32.584393,60.283008],[32.584054,60.283458],[32.581963,60.284377],[32.580586,60.285799],[32.580321,60.285922],[32.579557,60.286057],[32.579073,60.286467],[32.57807,60.286895],[32.577379,60.287351],[32.576923,60.288068],[32.576642,60.288884],[32.575137,60.290222],[32.575117,60.290502],[32.575378,60.290916]],[[32.575594,60.291149],[32.576705,60.292068],[32.576906,60.293021],[32.576755,60.294288],[32.575524,60.296696],[32.575071,60.297873],[32.575197,60.298114],[32.575925,60.298295]],[[32.576234,60.298606],[32.57688,60.2993],[32.578258,60.300224],[32.579027,60.300898],[32.579321,60.301308],[32.579371,60.301628],[32.579079,60.302012],[32.578127,60.302482],[32.575006,60.302902],[32.574788,60.303144],[32.574946,60.303706],[32.575414,60.303898],[32.575794,60.303731]],[[32.577418,60.499939],[32.578664,60.499983],[32.578989,60.500083],[32.57917,60.50025],[32.579372,60.504188],[32.578977,60.504757],[32.57641,60.505957],[32.57564,60.506605],[32.575574,60.506862],[32.575928,60.507284],[32.576067,60.507804],[32.575778,60.508866]],[[32.579467,60.260685],[32.579364,60.261156],[32.579474,60.262056],[32.57871,60.262883],[32.57864,60.263266],[32.578916,60.26363],[32.579828,60.264184],[32.580563,60.264873],[32.580715,60.265261],[32.580155,60.265682],[32.578642,60.26626],[32.577946,60.26678],[32.577764,60.267175],[32.577444,60.269366],[32.577053,60.27009],[32.57633,60.271],[32.57628,60.27149]],[[32.578361,60.495047],[32.57686,60.495716],[32.57644,60.496169],[32.576556,60.496749],[32.577588,60.497396],[32.577507,60.49821],[32.577002,60.498536],[32.576058,60.498947],[32.573701,60.499716],[32.572794,60.500532],[32.572833,60.500676],[32.57307,60.500758],[32.574625,60.500758],[32.575365,60.500571],[32.576317,60.500139]],[[32.577008,60.32539],[32.577794,60.324148],[32.577732,60.323706],[32.577041,60.322782],[32.577105,60.322231],[32.577339,60.322068],[32.577723,60.321991],[32.580085,60.322037],[32.580563,60.321898],[32.58094,60.321471],[32.580469,60.320501]],[[32.578112,60.494865],[32.579756,60.49382],[32.580196,60.493419],[32.580437,60.493005],[32.580563,60.492607],[32.580498,60.492067],[32.579401,60.490915]],[[32.588569,60.250656],[32.58837,60.250652],[32.588246,60.250806],[32.588076,60.251318],[32.587692,60.25176],[32.587534,60.252654],[32.587715,60.252909],[32.589119,60.253683],[32.589421,60.254062],[32.589231,60.25429],[32.588802,60.254442],[32.587256,60.254489],[32.586826,60.254839],[32.586639,60.256208],[32.586093,60.257317],[32.586183,60.257838],[32.586844,60.259001],[32.586703,60.259723],[32.586011,60.260161],[32.585185,60.260399],[32.5835,60.260413],[32.581401,60.260101],[32.580587,60.260083],[32.579558,60.26018],[32.579397,60.260297],[32.579465,60.26053]],[[32.587419,60.479556],[32.587529,60.480738],[32.586652,60.481624],[32.585628,60.482413],[32.58554,60.483008],[32.585806,60.483748],[32.585794,60.484464],[32.585287,60.484976],[32.585065,60.485591],[32.584376,60.486206],[32.584205,60.487031],[32.583831,60.487589],[32.583451,60.488692],[32.583027,60.489157],[32.582286,60.489681],[32.581654,60.489931],[32.580468,60.490191],[32.579987,60.490371],[32.579886,60.490529],[32.580009,60.490822]],[[32.581133,60.200773],[32.581131,60.201833],[32.581578,60.202665],[32.582076,60.203005],[32.583611,60.203667],[32.584261,60.204308],[32.584317,60.204703],[32.583906,60.206028],[32.583934,60.206818],[32.584289,60.207291],[32.584676,60.207481],[32.585405,60.207516],[32.58683,60.206966],[32.587145,60.206918],[32.587654,60.206965],[32.588737,60.207259],[32.589886,60.207704],[32.591019,60.20864],[32.591042,60.209105],[32.59044,60.210007],[32.590401,60.210935],[32.589816,60.211518],[32.589909,60.212141],[32.590142,60.212429],[32.591,60.212937],[32.591413,60.213418],[32.592336,60.213755],[32.593085,60.214191],[32.59384,60.214896],[32.594608,60.215844],[32.594715,60.216112],[32.594498,60.216579],[32.594881,60.217176],[32.594642,60.218509],[32.596455,60.22012],[32.596604,60.220432],[32.596494,60.223046],[32.596584,60.223648],[32.596452,60.224115],[32.597261,60.224599],[32.597609,60.225603],[32.59841,60.226468],[32.599851,60.227437],[32.600442,60.228476],[32.600541,60.229137],[32.600398,60.229643],[32.599688,60.229971],[32.598505,60.230065],[32.59797,60.230248],[32.597507,60.230579],[32.597334,60.231287],[32.598677,60.232535],[32.599043,60.233133],[32.598802,60.233864],[32.597884,60.234614],[32.597521,60.235143],[32.597512,60.235411],[32.59816,60.235866],[32.600608,60.236871],[32.600728,60.237232],[32.600326,60.237886],[32.599137,60.238314],[32.598817,60.23857],[32.598052,60.238842],[32.597679,60.239357],[32.596864,60.239649],[32.596141,60.239776],[32.59544,60.240048],[32.594565,60.240211],[32.592155,60.241879],[32.591928,60.243208],[32.592617,60.243942],[32.593311,60.245193],[32.593262,60.24583],[32.592773,60.246729]],[[32.582988,60.515722],[32.583584,60.516441],[32.58365,60.516752],[32.582752,60.51811],[32.582417,60.519023],[32.582529,60.519195],[32.583154,60.519497]],[[32.58708,60.479501],[32.58708,60.479099],[32.587233,60.478938],[32.588881,60.47808],[32.589573,60.477515]],[[32.587478,60.523315],[32.587738,60.523626],[32.589474,60.524129],[32.590074,60.524438],[32.590203,60.525059],[32.589836,60.525654],[32.590214,60.526118]],[[32.592681,60.247156],[32.591828,60.247911],[32.591175,60.248113],[32.590124,60.248605],[32.58862,60.249482],[32.588292,60.24981],[32.588148,60.250162],[32.588251,60.250279],[32.588605,60.250267]],[[32.591795,60.47446],[32.590759,60.475255],[32.590278,60.476342],[32.590327,60.477394]],[[32.599462,60.469363],[32.598858,60.469408],[32.597966,60.469833],[32.596767,60.470143],[32.595767,60.470605],[32.594934,60.471121],[32.594486,60.471508],[32.592617,60.473908],[32.591824,60.474306]],[[32.599569,60.46901],[32.600828,60.468513],[32.602118,60.468123],[32.605044,60.466856]],[[32.614278,60.461559],[32.61112,60.463342],[32.610186,60.464382],[32.60921,60.465247],[32.605495,60.466967]],[[32.606377,60.370477],[32.605934,60.370549],[32.605707,60.370785],[32.605694,60.371645],[32.605944,60.373],[32.605593,60.373449],[32.604937,60.375464],[32.604328,60.376032],[32.604251,60.376611],[32.603742,60.377257],[32.603404,60.378172],[32.603002,60.378765],[32.60291,60.379425],[32.603116,60.379731],[32.603505,60.379974],[32.605593,60.38062],[32.606264,60.381424],[32.607095,60.381904],[32.608514,60.382391],[32.609472,60.382589],[32.60983,60.382594],[32.610206,60.38244],[32.610458,60.381752],[32.611027,60.381004],[32.612142,60.380626],[32.612537,60.380401],[32.612699,60.38013],[32.612712,60.379378],[32.613247,60.378808],[32.614099,60.378452],[32.615325,60.378342],[32.615798,60.378161],[32.616136,60.377797],[32.616319,60.377341],[32.617205,60.376416],[32.617743,60.376256],[32.619634,60.375922],[32.620391,60.375631],[32.620621,60.374955],[32.621015,60.374477],[32.621158,60.373134],[32.621451,60.37277],[32.622018,60.372451],[32.624368,60.371689],[32.62658,60.371652],[32.62831,60.371865],[32.629786,60.3722],[32.630959,60.37276],[32.631592,60.373288],[32.631852,60.373752],[32.631794,60.374256],[32.631454,60.374999],[32.631486,60.376124],[32.632585,60.37707],[32.632806,60.377425],[32.632532,60.378045],[32.631241,60.379419],[32.631722,60.381445],[32.631739,60.382246],[32.63157,60.382795],[32.630979,60.383469],[32.630867,60.383762],[32.631102,60.384376],[32.632054,60.385492],[32.63215,60.386447],[32.631797,60.387381],[32.631501,60.38763],[32.630528,60.388095],[32.630023,60.388652],[32.630006,60.388968],[32.630284,60.389254],[32.630718,60.389465],[32.632302,60.389738],[32.63795,60.390109],[32.638895,60.389922]],[[32.617862,60.456306],[32.61744,60.456369],[32.61726,60.456506],[32.61683,60.457606],[32.615424,60.458834],[32.615206,60.459671],[32.614632,60.460277],[32.614495,60.461096]],[[32.632285,60.446381],[32.631767,60.446716],[32.630727,60.44702],[32.629756,60.447636],[32.628193,60.448076],[32.626886,60.448243],[32.62585,60.448497],[32.624482,60.448917],[32.623771,60.449264],[32.623126,60.449799],[32.622925,60.450347],[32.622276,60.450762],[32.62141,60.451796],[32.619177,60.453345],[32.618481,60.454212],[32.617952,60.455397],[32.617983,60.455881]],[[32.650984,60.432931],[32.650024,60.43316],[32.647389,60.434395],[32.645208,60.435879],[32.643904,60.436158],[32.642664,60.436784],[32.642217,60.437269],[32.642115,60.437563],[32.642553,60.438438],[32.64231,60.439008],[32.642653,60.439561],[32.642569,60.440279],[32.642313,60.440765],[32.640941,60.441751],[32.639856,60.442252],[32.639214,60.442666],[32.637432,60.443425],[32.636676,60.443936],[32.63591,60.444157],[32.635257,60.444514],[32.634372,60.444749],[32.633959,60.444962],[32.633184,60.445489],[32.63299,60.44595]],[[32.639524,60.390066],[32.640313,60.390225],[32.64236,60.390401],[32.64415,60.390308],[32.647553,60.390359],[32.648399,60.390313],[32.649895,60.389951],[32.651582,60.389787],[32.65333,60.389395],[32.654153,60.38912],[32.65581,60.388853],[32.658546,60.387918],[32.659494,60.387675],[32.659705,60.387545],[32.65971,60.387313]],[[32.644073,60.425192],[32.643646,60.425268],[32.643542,60.425385],[32.643614,60.425925],[32.643808,60.426092],[32.645295,60.426568],[32.648578,60.427092],[32.64918,60.427338],[32.649569,60.427698],[32.649528,60.428159],[32.649091,60.428469],[32.647944,60.428721],[32.646606,60.4288],[32.645728,60.429179],[32.64558,60.429446],[32.645601,60.429984],[32.645722,60.430142],[32.645957,60.4302],[32.646114,60.430156]],[[32.654692,60.420821],[32.654523,60.420587],[32.654108,60.420581],[32.653063,60.421091],[32.652451,60.421269],[32.65148,60.422276],[32.650043,60.42261],[32.648107,60.423663],[32.647416,60.423914],[32.646215,60.424548],[32.646133,60.424653],[32.646272,60.424718]],[[32.646574,60.430256],[32.647623,60.43048],[32.649591,60.430614],[32.650867,60.430967],[32.65122,60.431201],[32.651477,60.43158],[32.651531,60.432574]],[[32.661535,60.416874],[32.661149,60.417122],[32.660134,60.417516],[32.659749,60.417954],[32.658813,60.418601],[32.655662,60.420049],[32.655467,60.420202],[32.655589,60.420434]],[[32.661202,60.386824],[32.661837,60.38685],[32.664522,60.385749],[32.665913,60.385348],[32.666416,60.385408],[32.667068,60.385615],[32.667684,60.386227]],[[32.661983,60.411875],[32.661379,60.411861],[32.661122,60.412222],[32.661274,60.413386],[32.661278,60.416186],[32.661432,60.416642]],[[32.667864,60.386459],[32.668157,60.387275],[32.668158,60.387966],[32.667444,60.388903],[32.66588,60.389756],[32.663018,60.390809],[32.662331,60.391336],[32.662279,60.391805],[32.662566,60.39228],[32.663584,60.393092],[32.664185,60.393293]],[[32.664342,60.394506],[32.66389,60.394838],[32.663491,60.39546],[32.663387,60.396525],[32.66578,60.399434],[32.66613,60.399711],[32.666419,60.399806],[32.666612,60.399774]],[[32.667637,60.408291],[32.66741,60.408286],[32.667319,60.408481],[32.667199,60.40992],[32.66703,60.410203],[32.666067,60.410612],[32.665014,60.410664],[32.664653,60.410944]],[[32.666854,60.400148],[32.666447,60.400322],[32.666216,60.400563],[32.666348,60.401257],[32.666038,60.402162],[32.665465,60.402789],[32.665667,60.403101]],[[32.665815,60.403257],[32.665814,60.404435],[32.66676,60.405313],[32.667339,60.406034],[32.667699,60.406917],[32.667533,60.407566],[32.667673,60.407674],[32.668109,60.407741]]]}},{"type":"Feature","properties":{"depth_m":5,"source":"ГУНиО МО, навигационная карта № 25070 «Свирская губа», 1:50 000; скан ladoga-lake.ru (https://ladoga-lake.ru/maps/navi_su/navi-su-13.html)","chart":"25070","chart_sheet":"13","n_lines":17,"method":"граница голубой заливки 0–5 м (автоматически по цвету) + чёрные участки изобаты 5 м там, где заливки нет; привязка по картографической сетке","datum":"WGS84 (СК-42 → WGS84 по PROJ; поправка, напечатанная на карте, давала 8–9 м к востоку — research/alignment_report.md)","depth_datum":"от среднего многолетнего уровня Ладожского озера (+5,1 м БС)"},"geometry":{"type":"MultiLineString","coordinates":[[[32.58583,60.533158],[32.585808,60.533228],[32.585625,60.533406],[32.584672,60.533729],[32.58446,60.534119],[32.584589,60.534301],[32.585021,60.534535],[32.585595,60.534599],[32.586444,60.534501],[32.586881,60.534642],[32.586981,60.534789],[32.586904,60.535215],[32.587575,60.535707],[32.587676,60.536142],[32.588419,60.536481],[32.588974,60.536906],[32.589674,60.537184],[32.590212,60.537694],[32.59081,60.537994],[32.591543,60.538207],[32.592291,60.538314],[32.594474,60.538208],[32.595195,60.538494],[32.595535,60.538832],[32.596015,60.540169],[32.596367,60.540489],[32.597104,60.540828],[32.597427,60.541387],[32.597448,60.541771],[32.596911,60.542553],[32.597118,60.54324],[32.598611,60.544135],[32.599596,60.544542],[32.600707,60.544847],[32.600464,60.546092],[32.600298,60.546245],[32.598671,60.546425],[32.597401,60.546234],[32.59592,60.546412],[32.595693,60.546588],[32.595701,60.547168],[32.59635,60.547443],[32.597031,60.547519],[32.598207,60.547331],[32.599569,60.547377],[32.600555,60.547616],[32.602109,60.548407],[32.603,60.54842],[32.603139,60.548493],[32.60289,60.549],[32.602936,60.549666],[32.602826,60.549845],[32.601942,60.55045],[32.59987,60.551244],[32.599433,60.551709],[32.599432,60.552044],[32.599832,60.552149],[32.600611,60.552124],[32.602084,60.551801],[32.602991,60.551728],[32.604542,60.55138],[32.604867,60.551403],[32.606131,60.551775],[32.606252,60.552362],[32.606132,60.552642],[32.605437,60.553285],[32.604074,60.55416],[32.603776,60.554574],[32.60374,60.555083],[32.604055,60.55559],[32.604469,60.555919],[32.605644,60.556219],[32.606979,60.556683],[32.60973,60.556769],[32.612267,60.556953],[32.613231,60.556865],[32.614903,60.556842],[32.616172,60.556534],[32.617414,60.555919],[32.618387,60.555556],[32.620497,60.554221],[32.620806,60.554163],[32.621124,60.554206],[32.62179,60.554583],[32.622188,60.556674],[32.622843,60.557338],[32.622985,60.557765],[32.622756,60.558175],[32.621293,60.559371],[32.621108,60.559822],[32.621428,60.560122],[32.622189,60.560426],[32.622712,60.560518],[32.623402,60.560529],[32.623994,60.560812],[32.62495,60.561042],[32.625196,60.561192],[32.625275,60.561472],[32.625005,60.561683],[32.623991,60.561868],[32.61981,60.561926],[32.618835,60.562058],[32.618055,60.56208],[32.617545,60.562209],[32.617247,60.56246],[32.61708,60.562862],[32.617348,60.563801],[32.617192,60.564374],[32.616797,60.564603],[32.615724,60.56482],[32.615129,60.565072],[32.614639,60.565388],[32.614138,60.565997],[32.614151,60.567062],[32.614303,60.567522],[32.614014,60.567981]],[[32.591949,60.563707],[32.590952,60.563745],[32.590507,60.563919],[32.590186,60.564169],[32.590033,60.564551],[32.590346,60.565364],[32.589045,60.566078],[32.588562,60.566445],[32.588282,60.566813],[32.588287,60.567518],[32.587638,60.568123],[32.587333,60.568574],[32.586318,60.569271],[32.585868,60.569767],[32.585731,60.570229],[32.585871,60.570377],[32.58632,60.570506],[32.587773,60.570483],[32.5884,60.570299],[32.589106,60.569536],[32.589433,60.568969],[32.589985,60.568543],[32.590294,60.567458],[32.592169,60.566616],[32.592462,60.56633],[32.592621,60.565783],[32.593417,60.565379],[32.593502,60.565142],[32.593264,60.564377],[32.592633,60.563933],[32.592085,60.56373]],[[32.593311,60.579528],[32.593092,60.578962],[32.592388,60.57889],[32.591286,60.579258],[32.590584,60.579756],[32.590172,60.580349],[32.590228,60.580509],[32.590801,60.580756],[32.591687,60.58094],[32.591979,60.581201],[32.591313,60.581997],[32.590056,60.582725],[32.589956,60.582885],[32.590094,60.583037],[32.590979,60.583288],[32.592604,60.583257],[32.592843,60.58316],[32.593303,60.582664],[32.593746,60.582626],[32.594178,60.582892],[32.594483,60.583654],[32.594732,60.583761],[32.595264,60.583772],[32.596823,60.583361],[32.598136,60.582641],[32.59839,60.582229]],[[32.602096,60.570279],[32.601533,60.569842],[32.600927,60.569894],[32.599971,60.570497],[32.599844,60.570845],[32.599355,60.571378],[32.599379,60.571803],[32.599546,60.57192],[32.600291,60.571889],[32.601175,60.571718],[32.601501,60.571733],[32.601729,60.57185],[32.60161,60.57209],[32.600816,60.572601],[32.599843,60.573486],[32.600039,60.573938],[32.600854,60.574086],[32.601136,60.574281],[32.60101,60.574697],[32.601187,60.575526],[32.601073,60.575878],[32.600792,60.576106],[32.600079,60.57629],[32.599835,60.576445],[32.599387,60.577056],[32.598686,60.577494],[32.598462,60.577937],[32.598165,60.578171],[32.596876,60.578516],[32.595507,60.578648],[32.59526,60.578763],[32.59507,60.579212],[32.594148,60.579321],[32.593869,60.579528]],[[32.598081,60.583846],[32.597262,60.584473],[32.597301,60.584914],[32.597016,60.585343],[32.597175,60.585902],[32.596992,60.586049],[32.596138,60.586356],[32.595965,60.586527],[32.5959,60.586807],[32.596104,60.587076],[32.596536,60.587232],[32.596872,60.587226],[32.597885,60.586898],[32.597926,60.586366],[32.598224,60.585879],[32.599041,60.585582],[32.599654,60.585009],[32.59994,60.58497],[32.600249,60.585048],[32.600866,60.585317],[32.601067,60.585533],[32.60005,60.586129],[32.598689,60.587311],[32.598425,60.58789],[32.597966,60.58846],[32.598129,60.588817],[32.59855,60.588933],[32.600108,60.588415],[32.601243,60.588268],[32.601729,60.588112],[32.601904,60.587967],[32.601799,60.587223],[32.602835,60.586441],[32.603223,60.586359],[32.604399,60.586577],[32.604914,60.586536],[32.605431,60.586288],[32.605564,60.585784],[32.605838,60.585644],[32.607414,60.585593],[32.609599,60.585261],[32.610375,60.585293],[32.611848,60.58551],[32.612777,60.585353],[32.613046,60.58514],[32.61289,60.584792],[32.612586,60.584582],[32.611217,60.58415],[32.610513,60.583797],[32.610185,60.583372],[32.610148,60.582877],[32.612917,60.581302],[32.613645,60.580399],[32.614053,60.578719],[32.614246,60.578584],[32.61568,60.578125],[32.616188,60.577433]],[[32.60054,60.560055],[32.600384,60.559057],[32.600925,60.558038],[32.60231,60.55733],[32.603344,60.557154],[32.604241,60.556817]],[[32.611117,60.567279],[32.610791,60.567025],[32.609609,60.566644],[32.608142,60.566659],[32.607411,60.566816],[32.605997,60.567534],[32.604819,60.568547],[32.604502,60.569399],[32.604899,60.569715]],[[32.612072,60.565898],[32.61125,60.565937],[32.610604,60.566223],[32.610672,60.566537],[32.611115,60.566921],[32.612263,60.566971],[32.612639,60.566883],[32.612769,60.566661],[32.612719,60.566307],[32.612204,60.565929]],[[32.618819,60.57705],[32.619914,60.577023],[32.620305,60.5769],[32.620386,60.576637],[32.620034,60.576236],[32.620183,60.575613],[32.62079,60.575023],[32.622022,60.574215],[32.622987,60.573768],[32.62452,60.573469],[32.625135,60.573207],[32.625759,60.571755],[32.626058,60.571494],[32.627959,60.570979],[32.629118,60.570814],[32.629416,60.570672],[32.629688,60.570093],[32.62946,60.568979],[32.630071,60.568202],[32.630578,60.567891],[32.632456,60.567267],[32.633393,60.566724],[32.6339,60.566084],[32.634487,60.565715],[32.634888,60.564996],[32.635492,60.564405],[32.635659,60.563653],[32.636197,60.563025],[32.636327,60.562669],[32.636516,60.562563],[32.637369,60.562378],[32.639669,60.561513],[32.640453,60.561121],[32.645156,60.556739],[32.646637,60.556394],[32.649435,60.556497],[32.650902,60.556383],[32.651774,60.556114],[32.652894,60.555494],[32.654853,60.554751],[32.655743,60.554267],[32.656708,60.55409],[32.657398,60.553587],[32.657923,60.55269],[32.658481,60.552217],[32.659065,60.55189],[32.659973,60.551702],[32.660586,60.551484],[32.661177,60.55111],[32.661429,60.55059],[32.661092,60.549464],[32.661313,60.549221],[32.662112,60.548719],[32.663446,60.548301],[32.664058,60.548203],[32.665412,60.54835],[32.666653,60.548315],[32.666965,60.548221],[32.668058,60.547566],[32.668654,60.546988],[32.669777,60.546358],[32.670679,60.545469],[32.672241,60.544918],[32.673798,60.54465],[32.674986,60.544136],[32.675697,60.54369],[32.676563,60.543448],[32.677533,60.542993],[32.678293,60.542293],[32.679134,60.541887],[32.680095,60.54119],[32.680645,60.540592],[32.681448,60.540335],[32.68216,60.539954],[32.683065,60.539727],[32.684262,60.539217],[32.685087,60.538731],[32.685539,60.538284],[32.68628,60.537884],[32.686807,60.537456],[32.68781,60.537068],[32.688509,60.536588],[32.689695,60.536385],[32.691751,60.535788],[32.693544,60.535517],[32.696889,60.534727],[32.699448,60.533729],[32.700155,60.533253],[32.701018,60.533046],[32.70391,60.532049],[32.704775,60.531546],[32.70581,60.531372],[32.706791,60.530721],[32.707124,60.530352]],[[32.707819,60.530043],[32.708284,60.530096],[32.708583,60.530045],[32.709557,60.529516],[32.70999,60.529378],[32.711018,60.529459],[32.712846,60.529157],[32.714269,60.529189],[32.714796,60.529652],[32.714786,60.530579],[32.713929,60.530981],[32.713575,60.531457],[32.713664,60.531722],[32.714261,60.531932],[32.715797,60.53184],[32.717191,60.531943],[32.718937,60.531604],[32.719645,60.531299],[32.722193,60.531346],[32.72495,60.531139],[32.725321,60.531004]],[[32.729349,60.529786],[32.729937,60.529733],[32.730265,60.529779],[32.731237,60.530321],[32.732308,60.530625],[32.734581,60.530894],[32.735932,60.530788],[32.736523,60.530862],[32.738337,60.531321],[32.739718,60.531572],[32.739949,60.531714],[32.739975,60.53187],[32.739551,60.532168],[32.738841,60.532327],[32.735746,60.532342],[32.734616,60.532159],[32.733686,60.532338],[32.731901,60.532543],[32.73104,60.53281],[32.730253,60.533231],[32.729189,60.533399],[32.728696,60.533569],[32.727892,60.534073],[32.727403,60.534599],[32.726068,60.535162],[32.723989,60.536468],[32.72267,60.537615],[32.722344,60.538102],[32.722176,60.539016],[32.722301,60.539319],[32.722721,60.53952],[32.723897,60.539502],[32.725122,60.539037],[32.725936,60.538433],[32.726705,60.537285],[32.727247,60.536908],[32.729162,60.536268],[32.729886,60.535869],[32.730848,60.535731],[32.731529,60.53526],[32.732474,60.535094],[32.734327,60.534523],[32.735999,60.534285],[32.736756,60.53408],[32.737691,60.534038],[32.739471,60.533777],[32.740626,60.533702],[32.741581,60.533452],[32.742993,60.533286],[32.745729,60.533297],[32.748094,60.533493],[32.750025,60.533549],[32.751769,60.534074],[32.752272,60.534768],[32.753273,60.535244],[32.754466,60.535362],[32.755746,60.535652],[32.757704,60.535698],[32.759326,60.535942],[32.760126,60.535872],[32.761674,60.535569],[32.762052,60.535098],[32.762721,60.534769],[32.763407,60.534028],[32.763941,60.533811],[32.765306,60.533735],[32.767156,60.533768],[32.768665,60.534006],[32.770393,60.533984],[32.771432,60.534064],[32.772643,60.534344],[32.775174,60.534739],[32.77643,60.535144],[32.777179,60.535741],[32.778112,60.536154],[32.778388,60.536652],[32.779123,60.536936],[32.779432,60.537489],[32.779855,60.537817],[32.780198,60.538379],[32.780904,60.539005],[32.781714,60.539285],[32.782467,60.539667],[32.783169,60.539803],[32.784224,60.539645],[32.785225,60.539595],[32.787801,60.539179],[32.792364,60.538012],[32.794584,60.537671],[32.795132,60.537677],[32.795813,60.53783],[32.797836,60.538053],[32.799314,60.538073],[32.80027,60.537989],[32.802035,60.537608],[32.802786,60.537574],[32.80379,60.53741],[32.80759,60.537401],[32.808907,60.537322],[32.810322,60.537106],[32.812643,60.537466],[32.813554,60.537858],[32.814877,60.538053],[32.815883,60.538303],[32.819365,60.538363],[32.821077,60.538256],[32.82311,60.538389],[32.824579,60.538677],[32.825112,60.538908],[32.826,60.539],[32.826793,60.539295],[32.827549,60.539462],[32.829721,60.539763],[32.831074,60.53978],[32.831523,60.539981],[32.832208,60.540061],[32.83287,60.54027],[32.83374,60.540422],[32.835218,60.541013],[32.835904,60.5415],[32.835793,60.541844],[32.834793,60.542339],[32.834402,60.542757],[32.834449,60.542992],[32.835069,60.543555],[32.837386,60.543749],[32.838673,60.544039],[32.839237,60.544737],[32.840573,60.545403],[32.841329,60.545582],[32.843385,60.545695],[32.846868,60.547303],[32.85,60.548356],[32.85109,60.548511],[32.851764,60.548825],[32.85319,60.549247],[32.854368,60.549403],[32.855433,60.549705],[32.857916,60.550153],[32.859435,60.550251],[32.861501,60.550496],[32.862468,60.550471],[32.862993,60.550597],[32.863731,60.551143],[32.8641,60.551693],[32.864696,60.552197],[32.865818,60.552585],[32.866832,60.553334],[32.870745,60.555037],[32.873977,60.556622],[32.876352,60.55856],[32.876896,60.558895],[32.88029,60.560338],[32.881166,60.560533],[32.882065,60.560961],[32.884139,60.561479],[32.88528,60.562137],[32.885947,60.562808],[32.886656,60.563942],[32.886767,60.564427],[32.887516,60.56503],[32.889581,60.565689],[32.890854,60.566009],[32.891797,60.566451],[32.892376,60.566883],[32.89219,60.56808],[32.892358,60.568609],[32.892274,60.569114],[32.892881,60.5697],[32.894458,60.570395],[32.896061,60.570803],[32.897621,60.571027],[32.899089,60.571686],[32.89903,60.571993],[32.898099,60.572875],[32.897589,60.574355],[32.897014,60.574991],[32.897005,60.57517],[32.897727,60.575737],[32.898849,60.575871],[32.900003,60.576221],[32.90096,60.576706],[32.901679,60.577225],[32.901714,60.577401],[32.901366,60.577845],[32.900929,60.578887],[32.90076,60.579751],[32.901369,60.580645],[32.901822,60.580961],[32.902404,60.581899],[32.902762,60.583441],[32.903566,60.584429],[32.90479,60.585217],[32.905909,60.585839],[32.906803,60.586171],[32.907359,60.586595],[32.908535,60.587225],[32.90992,60.587861],[32.910757,60.588037],[32.911186,60.588579],[32.911863,60.589011],[32.912511,60.589258],[32.912729,60.589841],[32.913747,60.59052],[32.914213,60.590743],[32.915182,60.591028],[32.915778,60.591474],[32.91843,60.592877],[32.920118,60.593906],[32.920874,60.59509],[32.921249,60.596085],[32.922699,60.597962],[32.92342,60.59862],[32.923599,60.599207],[32.924097,60.599752],[32.924141,60.600241],[32.925208,60.601873],[32.925342,60.602429],[32.926105,60.603237],[32.926074,60.603701],[32.92652,60.604295],[32.926887,60.605216],[32.926841,60.605654],[32.927252,60.606726],[32.927211,60.607095],[32.927514,60.608056],[32.927614,60.610581],[32.927419,60.611133],[32.927719,60.611589],[32.927701,60.611957],[32.928046,60.612399],[32.928055,60.613112],[32.928331,60.61365],[32.929385,60.614468],[32.930055,60.614741],[32.93042,60.615155],[32.931576,60.615551],[32.934002,60.617279],[32.935586,60.61824],[32.936519,60.61901],[32.936991,60.619723],[32.937598,60.620251],[32.938235,60.621618],[32.938221,60.622141],[32.93858,60.622563],[32.938479,60.623136],[32.938622,60.623758],[32.93911,60.624283],[32.939179,60.624776],[32.939778,60.625638],[32.940433,60.626106],[32.940745,60.62664],[32.941873,60.627611],[32.942874,60.627992],[32.943147,60.628537],[32.94416,60.629142],[32.944306,60.62951],[32.944931,60.63009],[32.944795,60.630752],[32.944953,60.631665],[32.944539,60.63371],[32.944649,60.6342],[32.944294,60.634791],[32.94429,60.638619],[32.944436,60.639131],[32.944278,60.639862],[32.943546,60.64086],[32.942309,60.642157],[32.940161,60.64387],[32.939834,60.644257],[32.939681,60.644669],[32.939649,60.645615],[32.939929,60.646878],[32.938859,60.648518],[32.937598,60.649529],[32.935384,60.650554],[32.934932,60.651069],[32.934149,60.651594],[32.932374,60.653882],[32.932361,60.654547],[32.931669,60.655096],[32.931433,60.655591],[32.930608,60.656489],[32.928491,60.657648],[32.927116,60.657992],[32.924496,60.658908],[32.923703,60.659364],[32.922657,60.659613],[32.921137,60.660212],[32.919891,60.660903],[32.918387,60.662327],[32.917961,60.663516],[32.917968,60.664003],[32.918186,60.664469],[32.917946,60.664865],[32.917949,60.665306],[32.917445,60.665638],[32.917191,60.666043],[32.916564,60.66632],[32.916124,60.666763],[32.915256,60.667046],[32.91394,60.667676],[32.912942,60.668401],[32.912002,60.668785],[32.911488,60.669155],[32.910662,60.6695],[32.909759,60.670082],[32.90929,60.670516],[32.908507,60.670785],[32.906598,60.672302],[32.904889,60.673473],[32.904334,60.674071],[32.902952,60.674389],[32.898946,60.675788],[32.896801,60.676663],[32.894153,60.677899],[32.892459,60.678965],[32.890921,60.680772],[32.889456,60.681424],[32.888103,60.681648],[32.886711,60.681633],[32.885524,60.681525],[32.884665,60.681326],[32.88268,60.68108],[32.881564,60.681236],[32.880274,60.681308],[32.87927,60.681538],[32.878495,60.681585],[32.875213,60.682432],[32.874455,60.682779],[32.872326,60.683061],[32.871133,60.683382],[32.869382,60.683714],[32.866988,60.684457],[32.866135,60.684797],[32.865562,60.685166],[32.864525,60.685446],[32.862532,60.686265],[32.860316,60.686849],[32.859096,60.687026],[32.858024,60.687308],[32.85645,60.687402],[32.855403,60.687543],[32.85461,60.687745],[32.853704,60.68777],[32.85263,60.688014],[32.851358,60.688121],[32.849824,60.688498],[32.848343,60.68869],[32.847427,60.689076],[32.845417,60.689387],[32.843364,60.690759],[32.842765,60.69208],[32.842183,60.692526],[32.841521,60.692794],[32.840923,60.692887],[32.83963,60.692718],[32.837481,60.692776],[32.835866,60.693022],[32.834291,60.693538],[32.833261,60.69397],[32.831921,60.694705],[32.829182,60.696614],[32.828166,60.697194],[32.827168,60.697531],[32.826823,60.697882],[32.82413,60.698758],[32.822686,60.699122],[32.818389,60.70042],[32.816472,60.701087],[32.814433,60.701919],[32.811721,60.703238],[32.811359,60.703449],[32.811053,60.703874],[32.810296,60.704141],[32.809435,60.705139],[32.809253,60.706455],[32.809028,60.706939],[32.80926,60.707522],[32.808829,60.708075],[32.80868,60.70856],[32.807403,60.709318],[32.806407,60.709779],[32.806228,60.710659],[32.806157,60.712722],[32.805195,60.713515],[32.804594,60.713786],[32.803513,60.713952],[32.802761,60.713864],[32.802462,60.713761],[32.801565,60.712623],[32.799944,60.711753],[32.798659,60.711214],[32.798365,60.710964],[32.79815,60.710271],[32.797687,60.709683],[32.797327,60.709434],[32.796785,60.709326],[32.795489,60.709635],[32.794754,60.709954],[32.79409,60.71045],[32.793677,60.711103],[32.790336,60.711973],[32.789009,60.712593],[32.788939,60.71297],[32.788175,60.713869],[32.787406,60.715436],[32.787102,60.716269],[32.787093,60.716858],[32.786756,60.71747],[32.786812,60.718534],[32.786425,60.719102],[32.786598,60.719568],[32.786456,60.720025],[32.786519,60.720689],[32.787209,60.722017],[32.787317,60.72271],[32.787626,60.723101],[32.788281,60.723581],[32.788663,60.724105],[32.789158,60.724405],[32.790856,60.725122],[32.791784,60.725252],[32.792541,60.725202],[32.793432,60.725006],[32.79405,60.724758],[32.795081,60.724051],[32.79551,60.72352],[32.798116,60.7222],[32.798439,60.722133],[32.799922,60.722116],[32.801318,60.722348],[32.802718,60.723142],[32.802902,60.723559],[32.802883,60.724213],[32.801626,60.726049],[32.800965,60.726541],[32.799696,60.728032],[32.79925,60.729253],[32.799424,60.729625],[32.800208,60.729933],[32.801617,60.730192],[32.802587,60.730254],[32.803504,60.730475],[32.804376,60.730587],[32.805187,60.731442],[32.805551,60.73232],[32.805928,60.732715],[32.806205,60.732832],[32.807692,60.733065],[32.808213,60.733023],[32.809052,60.732747],[32.810079,60.732103],[32.810958,60.731853],[32.812769,60.73218],[32.813201,60.732361],[32.813922,60.73288],[32.81491,60.734188],[32.815015,60.734811],[32.814795,60.735329],[32.814768,60.735983],[32.815068,60.736953],[32.814963,60.73869],[32.813553,60.740422],[32.810167,60.742107],[32.809716,60.742545],[32.808992,60.743586],[32.809131,60.744149],[32.808923,60.745054],[32.809063,60.745406],[32.809564,60.746098],[32.810019,60.746421],[32.810485,60.746956],[32.812572,60.748415],[32.81306,60.748986],[32.813137,60.749487],[32.812764,60.750232],[32.812655,60.750819],[32.812174,60.751509],[32.812281,60.752859],[32.812027,60.753437],[32.8112,60.75407],[32.810018,60.755381],[32.808778,60.755898],[32.807693,60.756174],[32.80708,60.756558],[32.806854,60.757556],[32.807191,60.758551],[32.807113,60.759396],[32.807303,60.759641],[32.807798,60.759944]],[[32.800262,60.798765],[32.800433,60.799344],[32.801067,60.799622],[32.801978,60.800308],[32.802282,60.800934],[32.80419,60.803293],[32.804677,60.804166],[32.80462,60.805237],[32.803715,60.806537],[32.803007,60.806717],[32.802486,60.806982],[32.801535,60.807292],[32.800651,60.807748],[32.800337,60.808009],[32.80042,60.808997],[32.800192,60.809691],[32.800343,60.810737],[32.800092,60.812067],[32.799216,60.813225],[32.798707,60.813505],[32.798406,60.813833],[32.797118,60.814209],[32.796095,60.814946],[32.795961,60.815582],[32.796076,60.815697],[32.796823,60.815972],[32.797491,60.81646],[32.798911,60.816755],[32.800093,60.817608],[32.800306,60.817852],[32.800337,60.818456],[32.799924,60.819053],[32.799842,60.819422],[32.800185,60.819877],[32.800297,60.820679],[32.800564,60.821084],[32.801175,60.821608],[32.801923,60.821951],[32.80338,60.822181],[32.80499,60.822631],[32.805179,60.822886],[32.805222,60.823869],[32.80502,60.824104],[32.804419,60.824372],[32.80377,60.824591],[32.803216,60.824647],[32.800124,60.823866],[32.799137,60.823465],[32.797757,60.82315],[32.797231,60.823144],[32.796512,60.823271],[32.796247,60.823372],[32.796172,60.823506],[32.796714,60.824158],[32.799093,60.82463],[32.799947,60.825517],[32.800231,60.826618],[32.800804,60.827509],[32.800685,60.828975],[32.800952,60.8295],[32.801549,60.830125],[32.801726,60.830736],[32.802021,60.831109],[32.802141,60.831951],[32.802543,60.832343],[32.802658,60.832916],[32.803184,60.83385],[32.803584,60.835397],[32.803994,60.836376],[32.803209,60.83751],[32.803091,60.83797],[32.802326,60.838886],[32.802328,60.839263],[32.801679,60.839798],[32.801586,60.840385],[32.800999,60.84082],[32.799769,60.842425],[32.798659,60.842899],[32.797904,60.843374],[32.796691,60.843753],[32.795867,60.84418],[32.793066,60.845283],[32.79237,60.845418],[32.790511,60.845983],[32.788874,60.846175],[32.787095,60.846629],[32.786159,60.846717],[32.78493,60.846959],[32.784385,60.847243],[32.783555,60.847451],[32.782333,60.847944],[32.781739,60.848505],[32.781053,60.84886],[32.780643,60.849285]],[[32.807781,60.760095],[32.808014,60.760737],[32.808643,60.76141],[32.808673,60.761954],[32.808471,60.762221],[32.807855,60.762656],[32.80759,60.763107],[32.806116,60.763874],[32.80589,60.764104],[32.805797,60.76446],[32.805975,60.764753],[32.806476,60.765098],[32.808163,60.765792],[32.808974,60.766602],[32.809206,60.766997],[32.809207,60.767411],[32.808809,60.768127],[32.808817,60.768709],[32.808423,60.769296],[32.808381,60.770121],[32.809237,60.771669],[32.809847,60.772087],[32.810813,60.772442],[32.811666,60.773338],[32.811569,60.773718],[32.810788,60.774703],[32.810886,60.775428],[32.810635,60.776016],[32.810981,60.776943],[32.811426,60.777386],[32.811467,60.777568],[32.811268,60.778122],[32.811095,60.77825],[32.807726,60.779429],[32.806051,60.779766],[32.805268,60.780273],[32.805061,60.780545],[32.804856,60.781104],[32.804908,60.781376],[32.805613,60.782277],[32.806288,60.78276],[32.807241,60.783973],[32.807499,60.785078],[32.808127,60.785583],[32.808435,60.786082],[32.808361,60.786787],[32.808608,60.787532],[32.808491,60.78827],[32.808253,60.788624],[32.807653,60.789128],[32.807479,60.789607],[32.806833,60.790148],[32.806599,60.790599],[32.806041,60.790868],[32.804886,60.791007],[32.804047,60.791329],[32.803121,60.79152],[32.798947,60.791854],[32.79755,60.792164],[32.796871,60.792559],[32.796115,60.792772],[32.795809,60.793305],[32.795302,60.793739],[32.795187,60.795011],[32.795284,60.795283],[32.796416,60.796053],[32.796607,60.796497],[32.797827,60.797229],[32.798531,60.798083],[32.799255,60.798449],[32.800081,60.798539]],[[32.804228,60.800565],[32.805254,60.799433],[32.805253,60.798392],[32.80429,60.797217],[32.802817,60.79635]],[[32.804801,60.499963],[32.806755,60.500144],[32.808629,60.500042],[32.809141,60.500207],[32.809151,60.500367],[32.808261,60.501716],[32.808135,60.502339],[32.807587,60.502915],[32.807017,60.504369],[32.806083,60.50573],[32.804216,60.506435],[32.803754,60.506749],[32.802918,60.507868],[32.801768,60.509121],[32.801497,60.509683],[32.800939,60.510021],[32.800812,60.510582],[32.80035,60.510749],[32.799775,60.511233],[32.798662,60.511843],[32.797847,60.51216],[32.797517,60.512194],[32.797197,60.512124],[32.796257,60.511684],[32.795967,60.511431],[32.795938,60.509957],[32.796635,60.509544],[32.796796,60.509105],[32.797439,60.508606],[32.797985,60.507866],[32.798178,60.507261],[32.798542,60.506822],[32.798889,60.506078],[32.798932,60.505382],[32.799261,60.50458],[32.800287,60.503759],[32.801541,60.50254],[32.80171,60.501836],[32.801706,60.500434],[32.802042,60.500212],[32.803116,60.499989],[32.804634,60.499959]],[[32.815043,60.749105],[32.815575,60.748645],[32.815327,60.747276],[32.813654,60.744659],[32.8133,60.744294]],[[32.931158,60.586667],[32.929932,60.586118],[32.928364,60.585157],[32.927932,60.584796],[32.927483,60.584123],[32.922243,60.580222],[32.919796,60.578569],[32.919254,60.577992],[32.918973,60.577378],[32.918904,60.576539],[32.918649,60.575847],[32.917409,60.574473],[32.915957,60.573512],[32.914544,60.572836],[32.912395,60.572064],[32.911442,60.5715],[32.910942,60.57094],[32.910427,60.56957],[32.907943,60.567312],[32.907404,60.566578],[32.907144,60.565759],[32.907227,60.564546],[32.906791,60.563125],[32.905778,60.562073],[32.902169,60.559657],[32.900144,60.558152],[32.899434,60.556523],[32.898437,60.555258],[32.897467,60.554736],[32.895815,60.554248],[32.895032,60.553878],[32.893019,60.551815],[32.889867,60.549635],[32.888412,60.549073],[32.886103,60.548517],[32.884813,60.548084],[32.883855,60.547494],[32.882847,60.546481],[32.881986,60.545893],[32.880564,60.545218],[32.876412,60.543673],[32.874407,60.542617],[32.870607,60.540143],[32.869482,60.53977],[32.868335,60.538962],[32.864485,60.537064],[32.863166,60.536634],[32.861497,60.536315],[32.859215,60.535673],[32.857331,60.534858],[32.8555,60.534236],[32.854398,60.53377],[32.850963,60.531901],[32.849577,60.531429],[32.84773,60.530927],[32.846936,60.530502],[32.846614,60.530112],[32.846626,60.529798],[32.847523,60.528884],[32.847729,60.528452],[32.847689,60.528005],[32.847376,60.527412],[32.847513,60.526766],[32.848022,60.52623],[32.850055,60.524797]]]}},{"type":"Feature","properties":{"depth_m":10,"source":"ГУНиО МО, навигационная карта № 25068 «От маяка Кареджи до маяка Сухо», 1:50 000; скан ladoga-lake.ru (https://ladoga-lake.ru/maps/navi_su/navi-su-18.html)","chart":"25068","chart_sheet":"18","n_lines":25,"method":"полуавтоматическая векторизация чёрных изобат со скана (порог+скелетизация+сшивка), глубина подписана вручную по надписям на изобатах; привязка по картографической сетке","datum":"WGS84 (СК-42 → WGS84 по PROJ; поправка, напечатанная на карте, давала 8–9 м к востоку — research/alignment_report.md)","depth_datum":"от среднего многолетнего уровня Ладожского озера (+5,1 м БС)"},"geometry":{"type":"MultiLineString","coordinates":[[[31.318821,60.407796],[31.318976,60.407873],[31.319378,60.407857],[31.321026,60.407681],[31.322211,60.407474],[31.323119,60.407222],[31.324138,60.406698],[31.32423,60.406302],[31.32403,60.406036],[31.322063,60.405681],[31.320515,60.404887],[31.31985,60.404729],[31.318188,60.404773],[31.315568,60.405565]],[[31.315621,60.339958],[31.317446,60.339483],[31.31869,60.338934],[31.319602,60.338168],[31.320384,60.336893],[31.320878,60.33657],[31.321992,60.336119],[31.325667,60.335777],[31.330475,60.335775],[31.334105,60.336082],[31.334577,60.336244],[31.336008,60.337081],[31.336504,60.33808],[31.336505,60.339184],[31.336271,60.339904],[31.335871,60.340557],[31.334912,60.341633],[31.334268,60.342782],[31.334031,60.343493],[31.334045,60.344705],[31.334347,60.345399],[31.334614,60.346809],[31.334379,60.347549],[31.333881,60.34791],[31.333231,60.348199],[31.331437,60.348566],[31.330091,60.348414],[31.328972,60.348055],[31.328339,60.347673],[31.327893,60.34713],[31.327846,60.346502],[31.328322,60.345556],[31.32875,60.343904],[31.328616,60.342579]],[[31.31569,60.239664],[31.316281,60.239988],[31.316859,60.240474],[31.317563,60.241928],[31.318406,60.242802],[31.318956,60.243138],[31.320503,60.243677],[31.323259,60.243948],[31.324741,60.244213],[31.326004,60.244654],[31.326584,60.244945],[31.326877,60.245287],[31.327323,60.246941],[31.327477,60.247108],[31.327901,60.247273],[31.328421,60.247259],[31.329225,60.246964],[31.329538,60.246715],[31.329753,60.246218],[31.329672,60.245659],[31.328588,60.244926],[31.32828,60.24455],[31.328364,60.244049],[31.328545,60.243894],[31.32886,60.243819],[31.32985,60.243857],[31.331898,60.244371],[31.332386,60.244307],[31.333005,60.244012],[31.333531,60.243872],[31.334243,60.244012],[31.334551,60.244389],[31.334426,60.245099],[31.333931,60.24541],[31.332904,60.245754],[31.332684,60.246105],[31.334538,60.247037],[31.335281,60.247281],[31.335861,60.247351],[31.336395,60.247273],[31.336867,60.247092],[31.337812,60.246344],[31.338416,60.246093],[31.341493,60.245914],[31.344113,60.245076],[31.345066,60.245053],[31.346954,60.245531],[31.34739,60.245563],[31.347963,60.24547],[31.348552,60.245076],[31.348662,60.243975],[31.348817,60.243784],[31.349127,60.243676],[31.350122,60.243696],[31.351645,60.244114],[31.352923,60.244284],[31.353582,60.244154],[31.354109,60.243838]],[[31.341725,60.413478],[31.341571,60.413555],[31.340295,60.413415],[31.338337,60.412856],[31.336223,60.412075],[31.33445,60.411651],[31.332147,60.411296],[31.3227,60.411012],[31.320298,60.410668],[31.31759,60.409954]],[[31.341347,60.250534],[31.341384,60.250922],[31.3382,60.253538],[31.337706,60.254067],[31.337164,60.25439],[31.336545,60.25461],[31.336044,60.254575],[31.334394,60.254017],[31.331137,60.252406],[31.329747,60.251915],[31.328608,60.251856],[31.327886,60.251918],[31.327463,60.252094],[31.327421,60.252477]],[[31.343733,60.412398],[31.343639,60.41207],[31.343013,60.41116],[31.343198,60.410064],[31.343698,60.409462],[31.345201,60.40829],[31.346581,60.406803],[31.347123,60.406511],[31.347672,60.406406],[31.35032,60.406408],[31.351635,60.405705],[31.351792,60.405521],[31.351416,60.404781],[31.350226,60.403912],[31.349239,60.40294],[31.348901,60.402061],[31.349053,60.401352],[31.349328,60.400967],[31.349904,60.400532],[31.350883,60.400098],[31.352839,60.399692],[31.357614,60.399372],[31.364603,60.399436],[31.366063,60.399531],[31.368286,60.399732],[31.375197,60.400714],[31.381071,60.401999],[31.385989,60.402897],[31.391037,60.403427],[31.393632,60.403364],[31.395224,60.403095],[31.396944,60.402596],[31.398511,60.4018],[31.399386,60.400896],[31.399585,60.400344],[31.399708,60.39818],[31.39941,60.396886],[31.399113,60.394085],[31.398743,60.39278],[31.398193,60.391607],[31.396736,60.390184],[31.395215,60.389401],[31.393207,60.388542],[31.39148,60.38763],[31.386862,60.385546],[31.382988,60.383474],[31.381394,60.382175],[31.380483,60.380853],[31.379493,60.379791],[31.377701,60.378622],[31.376656,60.378329],[31.376113,60.377939],[31.375063,60.377545],[31.371294,60.376561],[31.364614,60.375415],[31.363209,60.37505],[31.361787,60.374443],[31.360627,60.373549],[31.359253,60.372701],[31.357367,60.372018],[31.356121,60.371732],[31.352624,60.371236],[31.346757,60.37084],[31.344261,60.370841],[31.342576,60.370951],[31.340756,60.371213],[31.336592,60.372177],[31.334896,60.372313],[31.333414,60.372539],[31.332262,60.372879],[31.331566,60.373227],[31.330291,60.37366],[31.328484,60.37414],[31.327238,60.374172],[31.326425,60.374079],[31.325496,60.373725],[31.324629,60.373517],[31.323656,60.372961],[31.322585,60.371805],[31.322151,60.37094],[31.322149,60.370154],[31.322448,60.369256],[31.323898,60.367404],[31.324263,60.366679],[31.324463,60.365849],[31.324425,60.364756],[31.323222,60.362414],[31.322911,60.361307],[31.323188,60.360324],[31.323713,60.359381],[31.324825,60.358145],[31.326942,60.357039],[31.3306,60.355639],[31.33169,60.354896],[31.331875,60.354299],[31.331642,60.3539],[31.331208,60.35366],[31.328974,60.352989],[31.324656,60.351519],[31.322773,60.350698],[31.321642,60.349865],[31.321402,60.349009],[31.321691,60.348531],[31.32286,60.347444],[31.323607,60.346239],[31.323943,60.344643],[31.324467,60.343593],[31.324882,60.343089],[31.325329,60.342736],[31.326361,60.342225],[31.326997,60.342127],[31.328152,60.342116]],[[31.354125,60.243085],[31.353601,60.242274],[31.353772,60.241881],[31.354218,60.241527],[31.355559,60.24081],[31.356822,60.239397],[31.357306,60.239038],[31.358551,60.238419],[31.359638,60.238035],[31.363252,60.237119],[31.3648,60.236832],[31.366596,60.236259],[31.367669,60.235764],[31.368745,60.235066],[31.369267,60.234557],[31.369747,60.233721],[31.370781,60.2329],[31.371724,60.232447],[31.372595,60.232156],[31.374946,60.231718],[31.376527,60.231187],[31.378,60.230469],[31.379185,60.229421],[31.379537,60.228952],[31.379768,60.22816],[31.37979,60.225949],[31.380549,60.224766],[31.380488,60.224359],[31.379952,60.223686],[31.380057,60.22324],[31.380408,60.222976],[31.381058,60.222742],[31.384719,60.222258],[31.385342,60.221999],[31.385692,60.221734],[31.385798,60.221413],[31.38571,60.220118],[31.386156,60.219735],[31.386108,60.219271],[31.386521,60.218923],[31.38694,60.217828],[31.387571,60.217135],[31.389007,60.216326],[31.389423,60.215754],[31.389488,60.21437],[31.389293,60.213675],[31.389398,60.212835],[31.390094,60.210407],[31.39068,60.209329],[31.391389,60.208771],[31.39182,60.207968],[31.392921,60.207143],[31.395084,60.205116],[31.396019,60.204415],[31.397079,60.203249],[31.39833,60.202222],[31.400797,60.199757],[31.401971,60.199001],[31.403183,60.19869],[31.40414,60.198029],[31.404591,60.197328],[31.404611,60.196194],[31.404269,60.19535],[31.403752,60.194644],[31.403847,60.194047],[31.404152,60.193778],[31.406018,60.192785],[31.407221,60.192294],[31.407886,60.191852],[31.408414,60.191097],[31.408617,60.189894],[31.410669,60.188302],[31.410788,60.187992],[31.410735,60.187103],[31.411841,60.185416],[31.412073,60.184604],[31.412076,60.183437],[31.412377,60.182811],[31.413628,60.181958],[31.416108,60.180998],[31.417659,60.180145],[31.420685,60.179427],[31.42117,60.179233],[31.421623,60.178908],[31.421803,60.17832],[31.421269,60.177279],[31.421384,60.176625],[31.421897,60.176052],[31.423998,60.174945],[31.424719,60.174425],[31.424929,60.174127],[31.424768,60.173713],[31.423771,60.173288],[31.423408,60.173022],[31.423409,60.172718],[31.423766,60.172319],[31.424495,60.171914],[31.425206,60.171657],[31.427813,60.171002],[31.429261,60.170729],[31.431312,60.170162],[31.432857,60.169419],[31.433954,60.168739],[31.435095,60.168347],[31.438148,60.168129],[31.439711,60.167873],[31.441866,60.16727],[31.443987,60.167086],[31.445938,60.167124],[31.448973,60.167535],[31.451165,60.167554],[31.452038,60.167492],[31.454521,60.167065],[31.455322,60.167009]],[[31.37747,60.416067],[31.37695,60.415147],[31.376371,60.414518],[31.37527,60.413855],[31.374215,60.413528],[31.373284,60.412805],[31.373172,60.412402],[31.373252,60.412112],[31.374225,60.411157],[31.374518,60.410536],[31.374377,60.409916],[31.37402,60.409692],[31.373499,60.40958],[31.3725,60.409563],[31.37193,60.409702],[31.371105,60.410213],[31.370477,60.410907],[31.369954,60.411037],[31.369412,60.410914],[31.36847,60.410225],[31.367708,60.410068],[31.367113,60.410123],[31.366827,60.410231],[31.3661,60.41099],[31.365352,60.411258],[31.364739,60.411257],[31.364117,60.41116],[31.361972,60.41057],[31.360707,60.410536],[31.360139,60.410629],[31.359849,60.410868],[31.359889,60.411153],[31.361576,60.412796],[31.362071,60.413595],[31.362131,60.414035],[31.361839,60.41477]],[[31.475101,60.184763],[31.473106,60.184361],[31.471714,60.183886],[31.468313,60.182417],[31.466762,60.181497],[31.466622,60.181128],[31.466963,60.180964],[31.467777,60.180957],[31.469194,60.181105],[31.470247,60.180996],[31.470682,60.180775],[31.47076,60.180358],[31.47023,60.179501],[31.469325,60.178632],[31.466311,60.17674],[31.46494,60.175589],[31.464748,60.174928],[31.465099,60.174425],[31.466932,60.173561],[31.471066,60.172135],[31.475167,60.170526],[31.478606,60.16961],[31.481183,60.169138],[31.484144,60.168898],[31.486313,60.168959],[31.489402,60.169209],[31.491102,60.169494],[31.493965,60.169797],[31.49549,60.170042],[31.496464,60.170003],[31.496984,60.169738]],[[31.475614,60.166388],[31.476017,60.166295],[31.477974,60.165432],[31.478946,60.165304],[31.48087,60.165267],[31.481349,60.165132],[31.482078,60.164753],[31.482264,60.164496],[31.482188,60.164118],[31.480944,60.162952],[31.480736,60.162338]],[[31.49829,60.210432],[31.499089,60.209818],[31.499625,60.209091],[31.499615,60.207699],[31.499102,60.207042],[31.498173,60.206405],[31.496556,60.205945],[31.494906,60.205767],[31.493787,60.205768],[31.493198,60.205798],[31.492512,60.205948],[31.491168,60.206466],[31.489146,60.207786],[31.488066,60.208328],[31.487427,60.208544],[31.486888,60.208613],[31.486367,60.208559],[31.485587,60.208236],[31.485234,60.207983],[31.484981,60.207441],[31.48497,60.206305],[31.485144,60.205776],[31.485261,60.204091],[31.484954,60.203423],[31.484676,60.20313],[31.484021,60.202745],[31.481305,60.201712],[31.480182,60.201093],[31.48001,60.200793],[31.479914,60.200032],[31.48046,60.199428],[31.480461,60.198886],[31.480183,60.198612],[31.479291,60.198136],[31.478926,60.197772],[31.479038,60.197492],[31.479457,60.197242],[31.481092,60.196742],[31.481366,60.196388],[31.481298,60.196105],[31.480335,60.19526],[31.477901,60.193865],[31.477272,60.193224],[31.477283,60.19304],[31.477574,60.192838],[31.479602,60.192646],[31.480454,60.192359],[31.480794,60.191964],[31.480772,60.191308],[31.480077,60.190424],[31.477081,60.187893],[31.476591,60.187055],[31.476688,60.18687],[31.477191,60.186724],[31.479612,60.186709],[31.480416,60.186631],[31.481124,60.18646],[31.481901,60.186145],[31.482674,60.18542],[31.48326,60.18445],[31.48343,60.183396],[31.483224,60.183128],[31.482799,60.182942],[31.480952,60.182935],[31.479561,60.183198],[31.476652,60.18414]],[[31.496994,60.165377],[31.496995,60.165299],[31.496335,60.1651],[31.495269,60.165065],[31.494638,60.165135],[31.493477,60.165462],[31.492015,60.165731],[31.490353,60.165636],[31.489844,60.165372],[31.489219,60.164535],[31.487729,60.164259],[31.486928,60.163952],[31.48475,60.162579],[31.483371,60.161902],[31.482372,60.161805],[31.481047,60.162027]],[[31.659175,60.32275],[31.65902,60.32275],[31.65876,60.322498],[31.658595,60.321856],[31.659293,60.320427],[31.659332,60.319966],[31.659183,60.31954],[31.657605,60.318193],[31.656246,60.317559],[31.654987,60.316801],[31.654368,60.31614],[31.654213,60.31573],[31.654645,60.314685],[31.658445,60.311019],[31.65925,60.309861],[31.659336,60.308975],[31.658871,60.306798],[31.659225,60.305969],[31.6603,60.304712],[31.660557,60.30381],[31.660417,60.3026],[31.660037,60.302057],[31.659665,60.30097],[31.65967,60.300285],[31.660524,60.298979],[31.661869,60.297471],[31.662601,60.295994],[31.662601,60.295116],[31.662458,60.294699],[31.661701,60.293782],[31.660879,60.293244],[31.66043,60.292117],[31.660575,60.290801],[31.660442,60.287766],[31.659921,60.285837],[31.658951,60.283728],[31.658976,60.28325],[31.658604,60.282702],[31.658418,60.281964],[31.65842,60.279408],[31.658081,60.277938],[31.657434,60.276942],[31.656342,60.276417],[31.654875,60.276231],[31.652026,60.276185],[31.651454,60.276062],[31.651222,60.27591],[31.651149,60.275634],[31.651352,60.27538],[31.653451,60.274525],[31.654574,60.273907],[31.654699,60.273054],[31.654556,60.272619],[31.653742,60.27151],[31.652513,60.270511],[31.648593,60.266585],[31.647855,60.265369],[31.644706,60.260994],[31.644312,60.25965],[31.644313,60.25886],[31.643867,60.257581],[31.64303,60.256561],[31.642422,60.255478],[31.641872,60.255253],[31.641956,60.254908],[31.641277,60.253826],[31.640267,60.251349],[31.639722,60.250436],[31.638624,60.248992],[31.636973,60.247338],[31.634224,60.245384],[31.633419,60.244611],[31.633,60.243674],[31.633001,60.242566],[31.632644,60.241661],[31.630866,60.239529],[31.629437,60.238149],[31.627576,60.237065],[31.625279,60.236203],[31.624171,60.235582],[31.622155,60.234113],[31.618717,60.231321],[31.614873,60.229464],[31.612373,60.228524],[31.60636,60.225731],[31.605627,60.225476],[31.603437,60.224934],[31.598555,60.224096],[31.597755,60.223894],[31.595333,60.222777],[31.593788,60.221688],[31.592348,60.220856],[31.590405,60.220279],[31.588475,60.219969],[31.586676,60.21956],[31.584822,60.218887],[31.58371,60.218347],[31.58274,60.217446],[31.582345,60.216552],[31.58217,60.215559],[31.582295,60.213842],[31.581868,60.212817],[31.580585,60.211756],[31.578133,60.21043],[31.577182,60.209813],[31.575153,60.208028],[31.572025,60.206338],[31.5711,60.205321],[31.570704,60.204457],[31.569611,60.202962],[31.567274,60.201493],[31.563725,60.199636],[31.562796,60.198985],[31.556305,60.195418],[31.554886,60.19442],[31.553555,60.19288],[31.551007,60.191307],[31.549632,60.190608],[31.548658,60.190298],[31.546719,60.1895],[31.544211,60.187953],[31.542533,60.187395],[31.541423,60.186864],[31.540927,60.186498],[31.540538,60.185738],[31.539938,60.185358],[31.538885,60.184319],[31.537702,60.183746],[31.536603,60.183448],[31.53484,60.183213],[31.532092,60.183247],[31.5309,60.183451],[31.528594,60.184008],[31.527004,60.18454],[31.523023,60.186509],[31.521441,60.187644],[31.519783,60.189084],[31.519124,60.190048],[31.518785,60.191047],[31.518819,60.191689],[31.519501,60.192979],[31.520617,60.194512],[31.52077,60.195106],[31.520593,60.196568],[31.520632,60.197523],[31.521079,60.198472],[31.521802,60.199267],[31.52327,60.200396],[31.527256,60.202822],[31.528319,60.203847],[31.528556,60.204257],[31.528678,60.205314],[31.528337,60.206384],[31.527652,60.207444],[31.526728,60.208445],[31.525104,60.209653],[31.522917,60.210493],[31.52171,60.210664],[31.520184,60.210648],[31.519476,60.210521],[31.51833,60.210174],[31.517228,60.209643],[31.515923,60.208503],[31.515253,60.207457],[31.514489,60.206569],[31.513602,60.206],[31.51311,60.205813],[31.512091,60.205634],[31.511265,60.205611],[31.509503,60.205887],[31.508415,60.206333],[31.507783,60.206779],[31.507373,60.207234],[31.506659,60.209954],[31.506874,60.211113],[31.507347,60.211704],[31.508902,60.212872],[31.509804,60.213904],[31.510553,60.21676],[31.511386,60.217985],[31.512226,60.218833],[31.514376,60.22014],[31.514656,60.220723],[31.514399,60.221514],[31.51417,60.221778],[31.511624,60.223032],[31.510556,60.223886],[31.509866,60.225419],[31.509718,60.226633],[31.50946,60.226906],[31.508607,60.227346],[31.507057,60.227669],[31.505723,60.228088],[31.504302,60.228834],[31.503527,60.229366],[31.503054,60.229544],[31.502519,60.229587],[31.501984,60.22947],[31.501056,60.229067],[31.499629,60.227998],[31.498229,60.227246],[31.496385,60.226861],[31.493779,60.226715],[31.493209,60.226566],[31.492949,60.226409],[31.492837,60.226209],[31.492922,60.225994],[31.4943,60.225029],[31.494701,60.224344],[31.494251,60.223427],[31.493208,60.222471],[31.492876,60.221733],[31.492707,60.217501],[31.492132,60.216011],[31.491236,60.215042],[31.490554,60.214539],[31.48937,60.213396],[31.488739,60.21252],[31.488633,60.211886],[31.488773,60.211341],[31.489084,60.210931],[31.490245,60.210357],[31.491494,60.210222],[31.493176,60.210386],[31.493641,60.210355]],[[31.681982,60.339671],[31.68455,60.339431],[31.686121,60.339087],[31.687258,60.338588],[31.688016,60.337706],[31.687997,60.336964],[31.687669,60.336443],[31.686928,60.335884],[31.686328,60.335575],[31.685656,60.335344],[31.684813,60.335181],[31.683992,60.334793],[31.682848,60.33456],[31.680026,60.334168],[31.677648,60.333639],[31.675777,60.332847],[31.673311,60.331169],[31.671899,60.330004],[31.669414,60.328482],[31.66832,60.327694],[31.665698,60.326308],[31.664916,60.325764]],[[31.736292,60.353252],[31.734674,60.353087],[31.732074,60.35248],[31.729923,60.351717],[31.728424,60.351293],[31.727334,60.350687],[31.726796,60.349841],[31.726498,60.349585],[31.724608,60.3489],[31.723258,60.348854],[31.721617,60.348997],[31.718912,60.349434],[31.718399,60.349708],[31.717318,60.35085],[31.717039,60.350999],[31.716677,60.351063],[31.715672,60.350984],[31.714049,60.350444],[31.712221,60.350114],[31.710152,60.350099],[31.709145,60.350263],[31.707796,60.350802],[31.70714,60.351449],[31.707248,60.352119],[31.708139,60.353027],[31.70808,60.353437],[31.707428,60.353805],[31.707071,60.353863],[31.70645,60.353813],[31.705721,60.353566],[31.705193,60.353227],[31.704517,60.352075],[31.703849,60.35148],[31.702145,60.350567],[31.701074,60.350167],[31.69998,60.34963],[31.698584,60.348626],[31.698072,60.348487],[31.697521,60.348518],[31.695919,60.349231],[31.694356,60.349642],[31.693579,60.349658],[31.69278,60.349507],[31.692089,60.349233],[31.690798,60.348487],[31.689653,60.34813],[31.688753,60.347663],[31.686441,60.347173],[31.68496,60.346694],[31.683932,60.346065],[31.683687,60.345798],[31.683377,60.345051],[31.681781,60.343775],[31.680128,60.342997],[31.677801,60.342293],[31.677181,60.341984],[31.676705,60.341603]],[[31.7425,60.353174],[31.744343,60.352616],[31.747064,60.351275],[31.748715,60.350879],[31.751078,60.350639],[31.752425,60.350235],[31.753143,60.349827],[31.754252,60.34874],[31.754716,60.347912],[31.754685,60.347016],[31.753744,60.346019],[31.753234,60.345849],[31.75193,60.345624],[31.750768,60.345284],[31.749937,60.344829],[31.749428,60.344336],[31.748448,60.342193],[31.747412,60.341023],[31.746708,60.339778],[31.746821,60.338786],[31.747318,60.338424],[31.748094,60.338192]],[[31.749491,60.338114],[31.750897,60.338665],[31.755728,60.341114],[31.758659,60.342194],[31.760924,60.342701],[31.762455,60.34294],[31.765745,60.343211],[31.770742,60.34297],[31.773928,60.342899],[31.775066,60.3427],[31.775827,60.342353],[31.776246,60.341908],[31.776494,60.341129],[31.776464,60.339777],[31.776056,60.338837],[31.775037,60.337138],[31.773982,60.33659],[31.772534,60.336343],[31.770537,60.336397],[31.767951,60.336704],[31.767495,60.336722],[31.76734,60.336645]],[[31.824002,60.319711],[31.825408,60.32041],[31.826112,60.321033],[31.826094,60.321629],[31.825357,60.322095],[31.824798,60.322208],[31.823694,60.322239],[31.821111,60.32191],[31.819616,60.321819],[31.817501,60.321974],[31.814804,60.322477],[31.812871,60.322991],[31.811582,60.323579],[31.811129,60.323947],[31.81029,60.325107],[31.809211,60.325625],[31.807697,60.32595],[31.805512,60.326117],[31.803957,60.326131],[31.801764,60.326353],[31.801022,60.326593],[31.798516,60.327665],[31.796176,60.328215],[31.795456,60.328465],[31.793818,60.329422],[31.792709,60.330416],[31.791581,60.331735],[31.791365,60.332152],[31.791266,60.333309],[31.790529,60.33431],[31.787976,60.335867],[31.786392,60.336606],[31.785649,60.336769],[31.785072,60.33679],[31.78449,60.33672],[31.783791,60.336488],[31.782964,60.335991],[31.781596,60.334491],[31.780688,60.333785]],[[31.899283,60.311973],[31.898517,60.312115],[31.897923,60.312364],[31.897383,60.312747],[31.897275,60.313014],[31.897376,60.313911],[31.89822,60.314751],[31.899525,60.315623],[31.899899,60.316454],[31.899898,60.317471],[31.899532,60.319238],[31.89881,60.319785],[31.897712,60.32006],[31.895022,60.319818],[31.892417,60.319327],[31.891644,60.31909],[31.889903,60.318208],[31.889059,60.317459],[31.888289,60.316442],[31.887461,60.315776],[31.886372,60.315249],[31.884919,60.31482],[31.882164,60.314186],[31.880502,60.313984],[31.879622,60.314049],[31.877408,60.31438],[31.876932,60.314526],[31.876528,60.314789],[31.876124,60.315315],[31.875844,60.316297],[31.875843,60.317861],[31.876192,60.319168],[31.87671,60.320188],[31.877393,60.320817],[31.87792,60.32161],[31.878881,60.322569],[31.880971,60.324423],[31.882837,60.325877],[31.883272,60.326615],[31.883155,60.32735],[31.88256,60.328333],[31.882135,60.328724],[31.880028,60.329685],[31.87904,60.329966],[31.878419,60.330059],[31.876986,60.329981],[31.875842,60.329676],[31.875513,60.32942],[31.875006,60.328297],[31.874403,60.325828],[31.873646,60.324965],[31.872395,60.3239],[31.871937,60.323254],[31.871494,60.321962],[31.871001,60.319013],[31.870454,60.318044],[31.869775,60.317481],[31.869414,60.316748],[31.868696,60.316222],[31.867464,60.315546],[31.862035,60.312897],[31.858775,60.311046],[31.857037,60.310203],[31.854663,60.309306],[31.853277,60.309024],[31.852452,60.308958],[31.85119,60.308989],[31.850271,60.309221],[31.848719,60.309987],[31.845373,60.31248],[31.844764,60.312817],[31.842467,60.31375],[31.839415,60.314778],[31.835812,60.316167],[31.834075,60.316605],[31.832074,60.31685]],[[31.928443,60.327749],[31.927954,60.327787],[31.924576,60.327529],[31.921536,60.327609],[31.917943,60.327429],[31.916118,60.327009],[31.915173,60.326643],[31.9149,60.326368],[31.91421,60.325117],[31.912812,60.319604],[31.911818,60.317238],[31.910734,60.316075],[31.9076,60.313705],[31.9058,60.312746]],[[31.926101,60.341737],[31.925945,60.341815],[31.9255,60.341795],[31.924292,60.341611],[31.922998,60.34127],[31.922222,60.340945],[31.9208,60.340043],[31.9194,60.338812],[31.917674,60.337822],[31.917291,60.337394],[31.917354,60.336815],[31.918043,60.336476],[31.918943,60.336288],[31.920614,60.336257],[31.922235,60.336464],[31.923507,60.336483],[31.927328,60.336184],[31.930005,60.336242],[31.931051,60.336168],[31.935282,60.336104],[31.936466,60.33623],[31.936967,60.336522],[31.937122,60.336942],[31.937121,60.338189],[31.936816,60.338919],[31.936266,60.339536],[31.935723,60.339883],[31.934791,60.340331],[31.932929,60.340888]],[[32.050286,60.374718],[32.050617,60.374409],[32.051341,60.374224],[32.055235,60.374159],[32.05754,60.373769],[32.058691,60.373178],[32.058972,60.372499],[32.058974,60.371851],[32.05882,60.371442],[32.058162,60.370732],[32.057406,60.370245],[32.055305,60.369229],[32.054817,60.368745],[32.054684,60.368447],[32.054913,60.367751],[32.05671,60.365945],[32.057391,60.364991],[32.057594,60.364225],[32.057596,60.363067],[32.057184,60.36202],[32.056029,60.361076],[32.05478,60.360534],[32.052942,60.360152],[32.050293,60.36],[32.049541,60.359849],[32.048828,60.359437],[32.048907,60.35892],[32.049709,60.358438],[32.051064,60.358032],[32.051871,60.357662],[32.053424,60.356504],[32.056371,60.355478],[32.058246,60.354421],[32.061458,60.352863],[32.063394,60.351117],[32.064386,60.3493],[32.065819,60.347672],[32.066309,60.347314],[32.067103,60.346947],[32.06804,60.346724],[32.071657,60.346691],[32.073244,60.34644],[32.073804,60.346158],[32.074063,60.345771],[32.07397,60.345331],[32.073279,60.344926],[32.072504,60.344704],[32.069013,60.344211],[32.066201,60.343583],[32.064438,60.343528],[32.063266,60.343682],[32.062656,60.343914],[32.062246,60.344254],[32.061755,60.345058],[32.061159,60.345326],[32.060393,60.345441],[32.05949,60.345459],[32.057581,60.345245],[32.056855,60.344981],[32.055512,60.34421],[32.054709,60.343062],[32.054172,60.34169],[32.053715,60.341378],[32.053218,60.341285],[32.05252,60.341409],[32.051822,60.341788],[32.051178,60.342601],[32.050774,60.343594],[32.050193,60.344149],[32.048648,60.345077],[32.047376,60.345989],[32.046619,60.346384],[32.045921,60.346616],[32.04513,60.346616],[32.044975,60.3465],[32.044932,60.346195],[32.045295,60.345705],[32.046324,60.345],[32.047833,60.344213],[32.048526,60.343606],[32.04861,60.342793],[32.048177,60.342444],[32.047547,60.342243],[32.04365,60.342057],[32.041997,60.341881],[32.040407,60.3415],[32.038448,60.340702],[32.038046,60.340369],[32.037529,60.339541],[32.035048,60.336819],[32.034695,60.336569],[32.033397,60.335985],[32.030568,60.335299],[32.029412,60.334864],[32.028619,60.334697],[32.027763,60.334723],[32.025239,60.335219],[32.02441,60.335201],[32.023687,60.33504],[32.022788,60.334621],[32.021552,60.333772],[32.01963,60.33209],[32.017023,60.330699],[32.014974,60.329857],[32.011775,60.328824],[32.010528,60.328214],[32.010047,60.327778],[32.009067,60.326309],[32.008034,60.325433],[32.006055,60.324801],[32.004193,60.324408],[32.002978,60.324257],[32.001577,60.323928],[31.99995,60.323277],[31.998254,60.32281],[31.995576,60.32227],[31.991213,60.321663],[31.98989,60.321359],[31.989455,60.321158],[31.989301,60.3209],[31.990233,60.320198],[31.99033,60.319357],[31.990082,60.31909],[31.989252,60.318631],[31.988794,60.318451],[31.988209,60.318349],[31.986512,60.31815],[31.984123,60.318094],[31.983316,60.318145],[31.982609,60.318325],[31.981835,60.318704],[31.980889,60.3195],[31.980582,60.320724],[31.980944,60.321435],[31.981546,60.321859],[31.982904,60.322423],[31.984613,60.323332],[31.98576,60.324418],[31.985774,60.325257],[31.985335,60.325586],[31.984666,60.325831],[31.983897,60.325849],[31.983253,60.325644],[31.982494,60.325114],[31.981745,60.324057],[31.9812,60.323729],[31.980462,60.323546],[31.97987,60.323519],[31.978969,60.323626],[31.978043,60.324487],[31.976847,60.32504],[31.97612,60.325111],[31.975024,60.324858],[31.973645,60.324157],[31.970058,60.321319],[31.968629,60.320493],[31.967471,60.320067],[31.965936,60.319877],[31.962909,60.320017],[31.960644,60.320009],[31.958706,60.319731],[31.957125,60.319684],[31.956417,60.3198],[31.95587,60.320094],[31.955631,60.320373],[31.955663,60.320702],[31.956595,60.321695],[31.957923,60.322654],[31.959038,60.323632],[31.959479,60.324947],[31.959478,60.325372],[31.959145,60.326093],[31.958777,60.326486],[31.957881,60.327116],[31.955371,60.327755],[31.953356,60.327818],[31.946865,60.326617],[31.944414,60.326524],[31.942347,60.326652],[31.939034,60.327458],[31.937598,60.327595]],[[32.050189,60.41402],[32.049037,60.412813],[32.048173,60.412179],[32.047057,60.411095],[32.046972,60.410204],[32.047221,60.409938],[32.048063,60.409487],[32.050952,60.408695],[32.05253,60.408159],[32.053135,60.407856],[32.053889,60.406936],[32.054057,60.405737],[32.053498,60.404765],[32.051033,60.403226],[32.050391,60.402281],[32.050379,60.400842],[32.050692,60.399542],[32.050694,60.398849],[32.051725,60.395983],[32.052092,60.395352],[32.052191,60.394078],[32.051568,60.393401],[32.047393,60.390481],[32.046884,60.389987],[32.046756,60.3896],[32.047168,60.389155],[32.047773,60.388885],[32.048313,60.388766],[32.04933,60.388827],[32.05108,60.389404],[32.053086,60.389735],[32.054255,60.38964],[32.056435,60.388967],[32.057538,60.388297],[32.058753,60.387135],[32.059116,60.386642],[32.059718,60.38521],[32.059722,60.383591],[32.059113,60.379771],[32.058617,60.378794],[32.058272,60.378401],[32.057556,60.377896],[32.056134,60.377301],[32.055169,60.377077],[32.05144,60.37645],[32.050321,60.376153],[32.049733,60.375782],[32.049665,60.37518]],[[32.08129,60.339507],[32.078821,60.339892],[32.077327,60.339872],[32.073665,60.339176],[32.071726,60.339047],[32.07088,60.339155],[32.069037,60.339927],[32.067086,60.340259],[32.06477,60.340282],[32.061075,60.340037],[32.059318,60.339985],[32.058507,60.340034],[32.057731,60.340173],[32.057215,60.340379],[32.056847,60.34065],[32.056707,60.341054]],[[32.056707,60.341209],[32.057046,60.342012],[32.057385,60.34227],[32.057906,60.342443],[32.058488,60.342426],[32.059667,60.342165],[32.060758,60.342137],[32.061389,60.342206],[32.062768,60.342572],[32.064076,60.342655],[32.067145,60.34207],[32.069648,60.342342],[32.071293,60.342836],[32.073524,60.343703],[32.074495,60.343935],[32.076161,60.344128],[32.078224,60.344643],[32.08129,60.345815]]]}},{"type":"Feature","properties":{"depth_m":10,"source":"ГУНиО МО, навигационная карта № 25069 «Волховская губа», 1:50 000; скан ladoga-lake.ru (https://ladoga-lake.ru/maps/navi_su/navi-su-16.html)","chart":"25069","chart_sheet":"16","n_lines":41,"method":"полуавтоматическая векторизация чёрных изобат со скана (порог+скелетизация+сшивка), глубина подписана вручную по надписям на изобатах; привязка по картографической сетке","datum":"WGS84 (СК-42 → WGS84 по PROJ; поправка, напечатанная на карте, давала 8–9 м к востоку — research/alignment_report.md)","depth_datum":"от среднего многолетнего уровня Ладожского озера (+5,1 м БС)"},"geometry":{"type":"MultiLineString","coordinates":[[[32.087992,60.348],[32.091894,60.348481],[32.094463,60.348622],[32.09786,60.348469],[32.100437,60.348134],[32.101363,60.347881],[32.101736,60.347665],[32.101835,60.347484],[32.101694,60.346902],[32.100543,60.346103],[32.098919,60.344737],[32.098175,60.343535],[32.097808,60.342218],[32.096846,60.34108],[32.096348,60.340727],[32.094436,60.339802],[32.092013,60.339065],[32.090142,60.338661],[32.088563,60.338465],[32.086727,60.338458],[32.084807,60.338652],[32.082321,60.339233]],[[32.094748,60.478237],[32.093714,60.477606],[32.093141,60.476261],[32.092098,60.474971],[32.09108,60.473953],[32.090847,60.473528],[32.09081,60.47289],[32.091026,60.472151],[32.091966,60.470763],[32.091779,60.468196],[32.092241,60.466429],[32.092243,60.465183],[32.092149,60.464855],[32.091747,60.464342],[32.090563,60.463539],[32.089946,60.462938],[32.08988,60.462021],[32.090184,60.461205],[32.090167,60.460754],[32.08982,60.460567],[32.089262,60.460651],[32.087101,60.461817],[32.086901,60.462121],[32.086895,60.462531],[32.087352,60.463177]],[[32.098699,60.475769],[32.09931,60.475394],[32.100165,60.474081],[32.102024,60.472772],[32.1052,60.469813],[32.107394,60.468553],[32.10914,60.468149],[32.111485,60.467989],[32.113315,60.468052],[32.117633,60.468518],[32.118688,60.468467],[32.118887,60.468333],[32.118919,60.468132]],[[32.105366,60.338695],[32.105839,60.338804],[32.106462,60.339088],[32.10766,60.34005],[32.108655,60.341643],[32.10897,60.342583],[32.108966,60.3435],[32.108832,60.344631],[32.108384,60.345452],[32.108257,60.346103],[32.108545,60.346601],[32.109523,60.346981],[32.110564,60.347074],[32.117666,60.347076],[32.118546,60.346988],[32.119533,60.346746],[32.120466,60.346291],[32.121122,60.345637],[32.12212,60.343905],[32.123548,60.342522],[32.123757,60.342054],[32.123631,60.341883],[32.123188,60.341666],[32.122644,60.341608],[32.122273,60.341674],[32.121182,60.342124],[32.119394,60.343437],[32.117954,60.344186],[32.11688,60.344361],[32.11546,60.344143],[32.114348,60.343582],[32.11396,60.343131],[32.114032,60.34032],[32.113682,60.339808],[32.112457,60.339238],[32.109871,60.338576],[32.109154,60.338308],[32.108599,60.33797],[32.107711,60.33708],[32.106752,60.336546],[32.105558,60.336368],[32.104933,60.336414],[32.104579,60.336523]],[[32.118762,60.467437],[32.118525,60.467128],[32.118069,60.466923],[32.114829,60.465957],[32.113861,60.465424],[32.113431,60.465072],[32.113242,60.464663],[32.113356,60.463607],[32.113194,60.463113],[32.112397,60.462358],[32.111284,60.461626],[32.110895,60.461073],[32.11115,60.460715],[32.111998,60.460306],[32.11294,60.460283],[32.113711,60.460489],[32.114983,60.461411],[32.116497,60.46203],[32.116812,60.462733],[32.117138,60.463091],[32.117608,60.463278],[32.118216,60.463305],[32.119174,60.463084],[32.119875,60.462572],[32.120822,60.462109],[32.121107,60.46184],[32.121108,60.460987],[32.120267,60.459548],[32.120196,60.458922],[32.120459,60.458529],[32.120872,60.458277],[32.121225,60.458187],[32.121857,60.458177],[32.122411,60.45827],[32.125771,60.459753],[32.127983,60.46016],[32.130718,60.46082],[32.133145,60.461167],[32.135503,60.461186],[32.139141,60.460824],[32.140996,60.460724],[32.14353,60.460859],[32.144865,60.460744],[32.145699,60.460541],[32.146922,60.460058],[32.148123,60.459738],[32.1491,60.459581],[32.150833,60.459448],[32.151915,60.459207],[32.153815,60.458235],[32.15612,60.45781],[32.157241,60.457331],[32.157431,60.457068],[32.157409,60.456555],[32.156659,60.455523],[32.15627,60.454055],[32.155917,60.453551],[32.155337,60.453297],[32.154523,60.453167],[32.152509,60.453295],[32.151244,60.453251],[32.150649,60.453156],[32.149759,60.452831],[32.149373,60.452585],[32.149108,60.452194],[32.149137,60.451771],[32.149453,60.45139],[32.150353,60.450915],[32.152985,60.450115],[32.15352,60.449828],[32.153606,60.449541],[32.153467,60.449219],[32.152272,60.44786],[32.152315,60.447213],[32.152916,60.446835],[32.153726,60.446675],[32.155094,60.446728],[32.156356,60.44713],[32.157971,60.447867],[32.159172,60.448059],[32.160067,60.44805],[32.160868,60.44792],[32.161562,60.447673],[32.162542,60.447101],[32.162831,60.446714],[32.162947,60.44608],[32.162386,60.445045],[32.162107,60.444008],[32.161264,60.442944],[32.158462,60.440932],[32.157912,60.439894],[32.157786,60.439013],[32.157882,60.438688],[32.15815,60.438406],[32.158829,60.438178],[32.160228,60.438173],[32.161531,60.438347],[32.163468,60.438474],[32.163625,60.438552]],[[32.164888,60.438397],[32.165614,60.438053],[32.165836,60.437633],[32.165836,60.437074],[32.165366,60.435698],[32.165367,60.434911],[32.165639,60.434209],[32.166142,60.433603],[32.167231,60.43266],[32.168541,60.43191],[32.171033,60.430811],[32.171723,60.430283],[32.171843,60.429029],[32.171686,60.428506],[32.171687,60.427489],[32.17193,60.426694],[32.173176,60.425052],[32.174741,60.423653],[32.175654,60.423017],[32.177532,60.422081],[32.179071,60.421603],[32.181334,60.421414],[32.183219,60.421482],[32.184543,60.421612],[32.185666,60.421608],[32.186305,60.42151],[32.186999,60.421232],[32.187774,60.420607],[32.188547,60.419352],[32.188958,60.418941],[32.192156,60.417117],[32.192549,60.41658],[32.192877,60.415589],[32.19325,60.415072],[32.196117,60.413088],[32.197328,60.411897],[32.198558,60.40936],[32.199137,60.407727],[32.199778,60.406894],[32.200442,60.406314],[32.200719,60.405674],[32.201351,60.405025],[32.201376,60.40427],[32.20076,60.402783],[32.200747,60.401795],[32.201071,60.401231],[32.201219,60.400604],[32.201887,60.399678],[32.202296,60.398829],[32.202487,60.398098],[32.202509,60.396968],[32.202949,60.39617],[32.205193,60.394306],[32.206733,60.393442],[32.208189,60.392448],[32.209409,60.391812],[32.211482,60.390344],[32.211874,60.389765],[32.21277,60.38898],[32.214057,60.387348],[32.21455,60.386501],[32.214646,60.385071],[32.214199,60.383306],[32.214335,60.382176],[32.215149,60.380587],[32.215757,60.379721],[32.218012,60.377283],[32.218284,60.376568],[32.218268,60.375899],[32.21767,60.374912],[32.217161,60.372695],[32.21705,60.371588],[32.216135,60.369262],[32.215533,60.368537],[32.214462,60.367668],[32.212901,60.366654],[32.210316,60.36532],[32.209476,60.364558],[32.208668,60.363364],[32.208521,60.362919],[32.208538,60.36133],[32.209335,60.360455],[32.20966,60.35986],[32.211381,60.358668],[32.213573,60.357565],[32.217135,60.35637],[32.219773,60.355753],[32.222098,60.355426],[32.226652,60.355257],[32.228574,60.354242],[32.228764,60.353995],[32.228704,60.353489],[32.228117,60.352297],[32.227959,60.351342],[32.228152,60.350677],[32.229139,60.34942],[32.22951,60.348532],[32.229039,60.34689],[32.229166,60.346291],[32.229408,60.345908],[32.230153,60.345399],[32.231486,60.345081],[32.232341,60.345003],[32.234415,60.345005],[32.237703,60.345238],[32.240247,60.345238],[32.241104,60.345161],[32.241656,60.345005]],[[32.223621,60.360628],[32.223957,60.361006],[32.223934,60.361524],[32.222965,60.362886],[32.22082,60.364949],[32.220318,60.365305],[32.219055,60.366003],[32.218532,60.366096],[32.218002,60.366043],[32.217197,60.365565],[32.21655,60.364741],[32.216405,60.364322],[32.216528,60.363614],[32.217696,60.362922],[32.2208,60.361746],[32.222741,60.360686],[32.223097,60.360577],[32.223463,60.360582]],[[32.238809,60.352607],[32.239677,60.35249],[32.240848,60.352134],[32.245177,60.350465],[32.245786,60.350369],[32.246742,60.350343],[32.247341,60.350549],[32.247551,60.351278],[32.247346,60.352696],[32.24698,60.353764],[32.246669,60.35427],[32.245346,60.355696],[32.245137,60.35639],[32.245245,60.357356],[32.244906,60.358269],[32.244469,60.358651],[32.243678,60.35899],[32.242433,60.359024],[32.239644,60.358618],[32.238259,60.358586],[32.236209,60.358958],[32.234358,60.35948],[32.23326,60.359563],[32.232526,60.359461],[32.232074,60.359094],[32.231866,60.358422],[32.232169,60.357619],[32.23223,60.356853],[32.232105,60.356218],[32.231436,60.355006],[32.231523,60.354211],[32.232028,60.353847],[32.232911,60.353552],[32.23621,60.353168],[32.237548,60.352917]],[[32.241973,60.343609],[32.241098,60.343524],[32.239486,60.343194],[32.236045,60.342755],[32.234653,60.342399],[32.234226,60.342175],[32.23235,60.340585],[32.23138,60.340131],[32.230147,60.339836],[32.22864,60.339812],[32.227498,60.340003],[32.225914,60.340523],[32.223943,60.341405],[32.222517,60.34179],[32.221665,60.341899],[32.220598,60.341832],[32.219206,60.341541],[32.218294,60.3412],[32.216368,60.340269],[32.215551,60.339408],[32.215705,60.338415],[32.216329,60.337592],[32.217519,60.336372],[32.218623,60.335448],[32.220291,60.333452],[32.220677,60.332118],[32.220698,60.330957],[32.22024,60.329677],[32.220281,60.328789],[32.22106,60.327868],[32.222028,60.327449],[32.223663,60.327244],[32.226044,60.327283],[32.2268,60.327155],[32.227473,60.326922],[32.228298,60.326186],[32.228848,60.325112],[32.229994,60.323879],[32.231609,60.322741],[32.233787,60.321726],[32.234855,60.321367],[32.236297,60.321079],[32.237965,60.320864],[32.240817,60.320715],[32.241524,60.320589],[32.242056,60.320401],[32.243776,60.319279],[32.244048,60.318735],[32.244211,60.317257],[32.245261,60.315739],[32.24547,60.314979],[32.245471,60.31387],[32.245816,60.312798],[32.246359,60.311967],[32.24768,60.310531],[32.250393,60.308784],[32.251752,60.308049],[32.253001,60.307181],[32.254812,60.305745],[32.255526,60.304949],[32.255693,60.304226],[32.255256,60.303203],[32.254611,60.302547],[32.25376,60.302193],[32.253304,60.301535],[32.252583,60.300997],[32.252437,60.300707],[32.252829,60.300148],[32.254438,60.299118],[32.255208,60.298263],[32.255249,60.297524],[32.25479,60.296492],[32.254902,60.295465],[32.255775,60.295016],[32.256684,60.294715],[32.257445,60.294578],[32.258891,60.294463],[32.26147,60.294509],[32.268038,60.295607],[32.270058,60.295602],[32.270832,60.295438],[32.271084,60.295296],[32.27117,60.294574],[32.270834,60.294083],[32.269747,60.293391],[32.266144,60.291522],[32.265089,60.290563],[32.264727,60.289658],[32.264728,60.288547],[32.264925,60.287795],[32.265952,60.28549],[32.266824,60.284524],[32.268958,60.283345],[32.270599,60.282057],[32.271513,60.28171],[32.273574,60.280645],[32.274789,60.280209],[32.275534,60.28001],[32.276132,60.279954],[32.277135,60.280013],[32.27764,60.280166],[32.277913,60.280404],[32.277976,60.280891],[32.277628,60.281705],[32.277568,60.282647],[32.277974,60.282964],[32.278455,60.283093],[32.278998,60.283003],[32.279486,60.282786],[32.280375,60.282045],[32.281148,60.280977],[32.282025,60.278358],[32.283091,60.277102],[32.284308,60.276067],[32.28513,60.275051],[32.285574,60.273805],[32.28568,60.272924],[32.286206,60.271617],[32.286934,60.270528],[32.287271,60.269076],[32.286519,60.267948],[32.285862,60.267497],[32.284482,60.266779],[32.283257,60.265544],[32.283311,60.262369],[32.282849,60.261553],[32.281817,60.260612],[32.281621,60.260195],[32.281668,60.259648],[32.281873,60.259362],[32.282252,60.259214],[32.282882,60.259328]],[[32.257231,60.346449],[32.25572,60.34614],[32.254403,60.346093],[32.253637,60.346222],[32.252796,60.34664],[32.251159,60.348219],[32.250954,60.348627],[32.250992,60.349034],[32.251214,60.349413],[32.252003,60.350169],[32.252419,60.350396],[32.253251,60.350485],[32.253884,60.350406],[32.255525,60.349692],[32.257864,60.349026],[32.259116,60.348343],[32.25931,60.347955],[32.259169,60.347397],[32.258673,60.347039],[32.25741,60.346492]],[[32.28241,60.259017],[32.282599,60.258714],[32.283198,60.258395],[32.284328,60.258109],[32.287197,60.257888],[32.29068,60.257383],[32.293592,60.257221],[32.297751,60.257111],[32.299677,60.25679],[32.301811,60.255846],[32.302425,60.255753],[32.302583,60.25583]],[[32.30211,60.255597],[32.302848,60.254729],[32.302806,60.253715],[32.302408,60.25303],[32.299692,60.25035],[32.298471,60.248351],[32.298357,60.247699],[32.298912,60.247012],[32.300878,60.245643],[32.308099,60.241834],[32.309267,60.240936],[32.309518,60.240393],[32.309456,60.239618],[32.309183,60.239189],[32.308114,60.238189],[32.307658,60.237434],[32.30769,60.236538],[32.308369,60.23556],[32.310188,60.23453],[32.31406,60.233399],[32.31564,60.2327],[32.31666,60.231833],[32.317751,60.229809],[32.318406,60.229153],[32.319158,60.228757],[32.320851,60.228195],[32.325763,60.227138],[32.328827,60.225674],[32.330353,60.22519],[32.333412,60.224495],[32.336038,60.223702],[32.338816,60.222675],[32.340756,60.221814],[32.341056,60.22131],[32.340741,60.220125],[32.340868,60.219151],[32.341906,60.218111],[32.343834,60.216818],[32.344544,60.215922],[32.344212,60.21418],[32.344557,60.213426],[32.34533,60.212734],[32.346545,60.211998],[32.349234,60.20999],[32.350176,60.208957],[32.350517,60.208305],[32.351709,60.206846],[32.352582,60.206187],[32.355127,60.204662],[32.356643,60.202924],[32.35905,60.199099],[32.360037,60.198104],[32.360843,60.197477],[32.362182,60.196757],[32.362711,60.19657],[32.364346,60.196258],[32.36814,60.195956],[32.369081,60.195714],[32.370045,60.195273],[32.371282,60.194079],[32.372698,60.191654],[32.37371,60.190455],[32.374247,60.190003],[32.376616,60.188784],[32.377833,60.187673],[32.379797,60.18623],[32.38038,60.185677],[32.382524,60.184234],[32.383956,60.183536],[32.385607,60.183178],[32.386939,60.183126],[32.388325,60.18324],[32.38927,60.18352],[32.389781,60.183859],[32.390303,60.184519],[32.390517,60.185373],[32.390396,60.186803],[32.390497,60.187118],[32.391077,60.187699],[32.392381,60.188371],[32.393317,60.189128],[32.394564,60.191057],[32.395048,60.192136]],[[32.392543,60.232579],[32.391669,60.232925],[32.391174,60.233441],[32.390656,60.23573],[32.388444,60.238357],[32.388286,60.238804],[32.388506,60.23924],[32.388978,60.239473],[32.389383,60.239544],[32.390809,60.23948],[32.392033,60.239173],[32.393468,60.238421],[32.394252,60.237672],[32.394702,60.236851],[32.394902,60.234992]],[[32.396826,60.194347],[32.397247,60.19499],[32.398121,60.19588],[32.39887,60.197074],[32.398748,60.198099],[32.398429,60.198747],[32.397241,60.200318],[32.397036,60.201008],[32.397763,60.203591],[32.39765,60.204307]],[[32.397563,60.253743],[32.396182,60.252797],[32.395612,60.252124],[32.395593,60.251578],[32.396177,60.25112],[32.397145,60.250968],[32.398659,60.25109],[32.401154,60.252273],[32.401775,60.252813],[32.402204,60.25364],[32.403252,60.254518],[32.404744,60.255484],[32.404961,60.255895],[32.404866,60.256287],[32.404447,60.256442],[32.403363,60.256465],[32.402546,60.256388],[32.401818,60.256213],[32.399811,60.255376],[32.399154,60.254972],[32.398507,60.254365]],[[32.406717,60.226043],[32.405653,60.225927],[32.404702,60.22549],[32.403987,60.224849],[32.403433,60.223938],[32.402941,60.222461],[32.402964,60.221647],[32.403426,60.221143],[32.404361,60.220827]],[[32.420105,60.216703],[32.419172,60.216466],[32.418486,60.215933],[32.414409,60.210248],[32.413631,60.209618],[32.412285,60.208828],[32.410905,60.207358],[32.410291,60.207077],[32.409696,60.206927],[32.40708,60.206866],[32.405963,60.206633],[32.405254,60.206243],[32.404846,60.205436]],[[32.421209,60.214523],[32.420872,60.214175],[32.420278,60.212672],[32.417656,60.209212],[32.417278,60.208419],[32.417123,60.207359]],[[32.428301,60.203934],[32.427986,60.203554],[32.42794,60.201995],[32.427516,60.201402],[32.42656,60.200834],[32.425982,60.20074],[32.425116,60.20074],[32.424484,60.200807],[32.423478,60.201079],[32.421706,60.201982],[32.420921,60.20279],[32.420406,60.203619],[32.419769,60.20433]],[[32.49704,60.227847],[32.495917,60.227397],[32.492139,60.226464],[32.489679,60.225732],[32.488635,60.225554],[32.487778,60.225278],[32.486116,60.225051],[32.484176,60.22498],[32.482514,60.225053],[32.480547,60.225449],[32.477796,60.226143],[32.475721,60.226432],[32.474404,60.226411],[32.47349,60.226186],[32.472771,60.225764],[32.472505,60.225475],[32.472384,60.224944],[32.472637,60.224322],[32.473186,60.223825],[32.473919,60.223458],[32.476136,60.222875],[32.477917,60.222504],[32.478611,60.222237],[32.479435,60.221769],[32.479852,60.221294],[32.479806,60.220745],[32.479271,60.220325],[32.478566,60.22015],[32.477383,60.220227],[32.475767,60.220956],[32.474777,60.22114],[32.473607,60.221149],[32.469499,60.220854],[32.46754,60.221024],[32.465503,60.222043],[32.463263,60.22429],[32.462747,60.224633],[32.46179,60.225034],[32.461205,60.225117],[32.460337,60.225055],[32.459317,60.22479],[32.45837,60.224324],[32.457226,60.22334],[32.456428,60.222861],[32.455196,60.222297],[32.454001,60.221894],[32.451972,60.220251],[32.45117,60.219313],[32.450164,60.218516],[32.448697,60.217954],[32.444092,60.217112],[32.442975,60.216612],[32.442346,60.215768],[32.4423,60.213355],[32.442132,60.212465],[32.441331,60.210954],[32.440707,60.210402],[32.439449,60.209631],[32.437428,60.208756],[32.435129,60.207503],[32.434547,60.206941],[32.43385,60.205681],[32.43343,60.205336]],[[32.486545,60.391291],[32.486251,60.390958],[32.486357,60.390583],[32.487028,60.390046],[32.488554,60.389183],[32.489247,60.388619],[32.49148,60.386077],[32.492168,60.385072],[32.494559,60.382767],[32.495188,60.3818],[32.495178,60.381345],[32.494942,60.381066],[32.494193,60.38071],[32.493548,60.380612],[32.492628,60.380639],[32.49175,60.380769],[32.489666,60.38134],[32.489289,60.381361],[32.488922,60.381284],[32.488691,60.381121],[32.488613,60.3808],[32.488925,60.380176],[32.489284,60.378842],[32.489742,60.378538],[32.490656,60.378382],[32.491687,60.378425],[32.493218,60.378657],[32.49444,60.378618],[32.495515,60.378347],[32.49678,60.37758],[32.496937,60.377657]],[[32.496147,60.38401],[32.495627,60.384607],[32.492037,60.386911],[32.491529,60.387483],[32.490878,60.388631],[32.490708,60.38923],[32.49015,60.390073],[32.489535,60.390439]],[[32.494116,60.358592],[32.493593,60.358186],[32.493344,60.357711],[32.493925,60.356309],[32.493706,60.354658],[32.493995,60.354405],[32.495929,60.353436],[32.496142,60.353137],[32.495939,60.352878],[32.495,60.352587],[32.493704,60.352358],[32.492413,60.352233],[32.491298,60.352264],[32.490691,60.352397],[32.489873,60.35272],[32.48767,60.353829],[32.487135,60.353929],[32.486516,60.353939],[32.485333,60.35377],[32.484209,60.353319],[32.483705,60.352957],[32.48358,60.35244],[32.483895,60.352078],[32.485468,60.351557],[32.486278,60.351105],[32.486763,60.350148],[32.487505,60.347758],[32.488812,60.345484],[32.490863,60.343418],[32.491267,60.342717],[32.491849,60.342148],[32.492051,60.341689],[32.492901,60.340755],[32.49649,60.337573]],[[32.496454,60.345517],[32.495642,60.346131],[32.495238,60.346841],[32.4953,60.347824],[32.495595,60.348175],[32.496011,60.348355]],[[32.498528,60.348434],[32.500092,60.348459],[32.502182,60.348813],[32.50257,60.348808],[32.503089,60.348688],[32.503845,60.348334],[32.504388,60.34784],[32.505231,60.346719],[32.505749,60.345417],[32.505627,60.343849],[32.505296,60.343004],[32.505297,60.341375],[32.505454,60.340599],[32.505344,60.340406],[32.505061,60.340316],[32.504511,60.340406],[32.504101,60.340634],[32.503675,60.341295],[32.502626,60.342313],[32.501006,60.343371],[32.498331,60.344583]],[[32.522569,60.393843],[32.522196,60.39406],[32.521688,60.394145],[32.521177,60.394053],[32.520823,60.393836],[32.520524,60.392527],[32.520588,60.391528],[32.521178,60.39099],[32.522125,60.390527],[32.523109,60.390237],[32.525937,60.389615],[32.526818,60.389274],[32.527548,60.388873],[32.528188,60.387873],[32.528084,60.38676],[32.527858,60.386413],[32.52682,60.385927],[32.526267,60.385789],[32.525163,60.385733],[32.524539,60.385789],[32.523978,60.385952],[32.522623,60.386564],[32.520307,60.388575],[32.519583,60.388891],[32.519111,60.388934],[32.518536,60.388715],[32.517988,60.388273],[32.517854,60.387493],[32.51809,60.387106],[32.518672,60.38685],[32.518716,60.386577],[32.519512,60.385665],[32.519716,60.384459],[32.519548,60.383768],[32.519242,60.383238],[32.518589,60.382641],[32.516865,60.381884],[32.515269,60.381614],[32.513053,60.381613],[32.510117,60.381886],[32.509457,60.382149],[32.507405,60.38238],[32.504301,60.382451],[32.502575,60.382383],[32.501378,60.382469],[32.499973,60.382731],[32.49835,60.383313]],[[32.498358,60.370141],[32.498515,60.369908],[32.500613,60.368307],[32.501739,60.366982],[32.501794,60.366077],[32.500873,60.365229],[32.500765,60.364608],[32.501114,60.364367],[32.502563,60.363863],[32.503211,60.363351],[32.503018,60.362807],[32.501361,60.361851],[32.500951,60.361458],[32.501008,60.360508],[32.500724,60.359444],[32.500735,60.358638],[32.500935,60.358272],[32.502356,60.357243],[32.503218,60.355867],[32.504055,60.355117],[32.504187,60.354831],[32.503925,60.354456],[32.503036,60.353865],[32.501706,60.353362],[32.501108,60.353254],[32.500192,60.353255],[32.499626,60.353375],[32.498729,60.35381],[32.498367,60.35425]],[[32.498852,60.333073],[32.501402,60.331701],[32.503232,60.331118],[32.506877,60.330205],[32.507946,60.32986],[32.5085,60.329426],[32.509816,60.328805],[32.511097,60.327568],[32.513133,60.325232],[32.514075,60.323445],[32.514618,60.321198],[32.515345,60.320143],[32.516184,60.319567],[32.522287,60.316622],[32.524677,60.31531],[32.527055,60.313775],[32.52771,60.313138],[32.527963,60.312389],[32.527901,60.312009],[32.526832,60.310394],[32.52672,60.309657],[32.527121,60.308893],[32.527936,60.308155],[32.528243,60.307689],[32.528425,60.307002],[32.528296,60.304885],[32.528408,60.304476],[32.529779,60.303237],[32.530468,60.302294],[32.530486,60.300929],[32.530313,60.300398],[32.530155,60.298381],[32.529874,60.297909],[32.529109,60.297267],[32.528262,60.296754],[32.525766,60.295882],[32.523442,60.294793],[32.52288,60.2942],[32.52288,60.29354],[32.523274,60.293171],[32.523767,60.29299],[32.524529,60.292882],[32.525355,60.292908],[32.528448,60.293408],[32.532601,60.29436],[32.534317,60.294488],[32.53586,60.294321],[32.536623,60.294121],[32.537473,60.293685],[32.537685,60.293187],[32.537512,60.292556],[32.537006,60.292102],[32.534906,60.290916],[32.53316,60.289767],[32.532254,60.28865],[32.531771,60.287306],[32.531231,60.28689],[32.530676,60.286796],[32.529361,60.286843],[32.525514,60.287668],[32.523576,60.287806]],[[32.525632,60.271098],[32.526616,60.270658],[32.529243,60.26985],[32.530684,60.26899],[32.532849,60.26792],[32.533276,60.267592],[32.533227,60.266967],[32.532831,60.266606],[32.532239,60.26633],[32.529994,60.265678],[32.528718,60.265112],[32.5281,60.264386],[32.526947,60.263543],[32.52648,60.26276],[32.525198,60.261364],[32.52249,60.259914],[32.520934,60.259269],[32.519664,60.258595],[32.517979,60.257145],[32.517318,60.256418],[32.516512,60.25522],[32.515907,60.253713],[32.515895,60.253135],[32.516147,60.252409],[32.517422,60.250638],[32.517359,60.250452],[32.516604,60.25016],[32.516081,60.24974],[32.516631,60.249542],[32.516715,60.249328],[32.516207,60.249075],[32.514605,60.248641],[32.513424,60.248136],[32.512362,60.24743],[32.511262,60.246238],[32.510013,60.245356],[32.507268,60.244033],[32.506593,60.243583],[32.50604,60.24271],[32.506133,60.241145],[32.505884,60.240288],[32.505158,60.239234],[32.505022,60.238702],[32.504111,60.238011],[32.503853,60.23739],[32.502645,60.235893],[32.501795,60.234204],[32.501125,60.233762],[32.500182,60.233529]],[[32.510138,60.401432],[32.509614,60.401008],[32.509367,60.400374],[32.509825,60.399633],[32.510906,60.398372],[32.510833,60.396096],[32.511906,60.395243],[32.513463,60.39456],[32.515287,60.394132],[32.516329,60.394077],[32.516801,60.394185],[32.516906,60.394567],[32.516771,60.394872],[32.515454,60.396069],[32.514679,60.397057],[32.51371,60.399733],[32.513285,60.400348]],[[32.52083,60.410331],[32.521444,60.409457],[32.522105,60.408876],[32.523254,60.407186],[32.523626,60.406293],[32.523752,60.405359],[32.523318,60.404511],[32.523016,60.404235],[32.522055,60.403748],[32.521409,60.403058],[32.521832,60.402384],[32.522264,60.402197],[32.522857,60.402127],[32.523967,60.402153],[32.525639,60.402427],[32.527975,60.402451],[32.52851,60.402596],[32.52873,60.402869],[32.528661,60.403665],[32.528257,60.404552],[32.526907,60.40589],[32.525446,60.406865],[32.524475,60.40771],[32.524,60.408471],[32.523592,60.409725],[32.523032,60.410254]],[[32.521374,60.287262],[32.520997,60.287073],[32.520924,60.286673],[32.521123,60.286361],[32.521854,60.285948],[32.523754,60.285489],[32.527751,60.285102],[32.529103,60.284783],[32.530336,60.284308],[32.530996,60.283857],[32.532359,60.283287],[32.533329,60.283037],[32.538325,60.281106],[32.538755,60.280852],[32.539046,60.280444],[32.539015,60.28006],[32.538623,60.279729],[32.535857,60.278783],[32.534485,60.278163],[32.53431,60.277969],[32.534276,60.277627],[32.534729,60.276813],[32.534714,60.276268],[32.534402,60.275995],[32.533227,60.275451],[32.532383,60.274755],[32.531501,60.274422],[32.529651,60.27424],[32.527296,60.273803],[32.526611,60.273579],[32.526416,60.273352]],[[32.522096,60.396244],[32.522961,60.395818],[32.525642,60.395293],[32.527227,60.394893],[32.52768,60.394694],[32.527924,60.394423],[32.527838,60.393769],[32.527392,60.393404],[32.52692,60.393195],[32.52632,60.393092],[32.525645,60.393081],[32.524142,60.393379]],[[32.58074,60.416355],[32.579303,60.414775],[32.579055,60.413575],[32.579246,60.412544],[32.579674,60.411837],[32.5805,60.410911],[32.581392,60.410182],[32.581977,60.409449],[32.581892,60.40666],[32.58174,60.406128],[32.581137,60.405466],[32.580535,60.405058],[32.579525,60.404572],[32.579091,60.404201],[32.578858,60.403588],[32.578821,60.402664],[32.578373,60.401379],[32.57756,60.400505],[32.576651,60.400035],[32.573501,60.399271],[32.571983,60.398713],[32.571178,60.398241],[32.570647,60.397794],[32.570115,60.396757],[32.569546,60.396179],[32.568643,60.395774],[32.566993,60.395405],[32.566492,60.395204],[32.56563,60.39455],[32.564925,60.393787],[32.564467,60.393571],[32.563445,60.393328],[32.562393,60.393326],[32.561368,60.393528],[32.55944,60.394171],[32.55882,60.394279],[32.557244,60.394229],[32.553734,60.393916],[32.551732,60.393924],[32.550473,60.394118],[32.549466,60.394613],[32.548872,60.395316],[32.548554,60.396306],[32.548422,60.397648],[32.548021,60.397962],[32.547651,60.397981],[32.54714,60.397854],[32.545686,60.396859],[32.545005,60.396627],[32.544249,60.396505],[32.543189,60.396578],[32.540518,60.397346],[32.538291,60.397686],[32.53703,60.397624],[32.533725,60.397189],[32.531709,60.397225],[32.530582,60.397796],[32.529941,60.398591],[32.529507,60.400098],[32.529599,60.401392],[32.529266,60.401538],[32.528577,60.401352],[32.526237,60.400176],[32.525603,60.399647],[32.525083,60.398721]],[[32.554614,60.499701],[32.555244,60.498328],[32.555149,60.49791],[32.552822,60.495414],[32.550331,60.494042],[32.549897,60.494043],[32.54889,60.494367],[32.548334,60.494321],[32.547034,60.493696],[32.545808,60.493329],[32.545249,60.493047],[32.544769,60.492119],[32.543945,60.491064],[32.543582,60.490302],[32.542676,60.48921],[32.542009,60.488139],[32.541265,60.487313],[32.539786,60.484891],[32.538549,60.483683],[32.538261,60.483056],[32.538261,60.481953],[32.538576,60.480897],[32.538576,60.480022],[32.538009,60.478185],[32.538473,60.477509],[32.539363,60.477102]],[[32.549583,60.492762],[32.549142,60.492585],[32.548167,60.491786],[32.547977,60.491387],[32.547636,60.489453],[32.547061,60.489037],[32.546784,60.488474],[32.545848,60.487633],[32.544459,60.485387],[32.542353,60.483121],[32.541701,60.482241],[32.541093,60.480424],[32.541093,60.478259],[32.540936,60.478182]],[[32.5477,60.47625],[32.547427,60.475883],[32.54705,60.475633],[32.54486,60.474638],[32.543553,60.474211],[32.542501,60.474043],[32.541175,60.474093],[32.54078,60.474277],[32.540675,60.47458],[32.540757,60.474985],[32.541269,60.475562],[32.546323,60.478335],[32.546787,60.478695],[32.546913,60.47901],[32.54686,60.479639],[32.545937,60.480774],[32.545717,60.481453],[32.545866,60.481946],[32.546254,60.482224],[32.546535,60.48227],[32.547059,60.482193],[32.547919,60.481781],[32.548501,60.481243],[32.549299,60.480113],[32.550216,60.47909],[32.551605,60.478094],[32.552421,60.477072],[32.55254,60.476455],[32.552306,60.475676],[32.552077,60.475415],[32.551789,60.475307],[32.551254,60.475313],[32.550931,60.475436],[32.550339,60.476153],[32.549848,60.476466],[32.549273,60.476559],[32.548486,60.476482]],[[32.581996,60.42561],[32.580456,60.42788],[32.580304,60.428942],[32.579597,60.430277],[32.576238,60.4334],[32.575628,60.434265],[32.575547,60.435387],[32.575854,60.43666],[32.576353,60.437848],[32.576442,60.439199],[32.576142,60.439461],[32.575013,60.439934],[32.575576,60.440203],[32.575356,60.44079],[32.573169,60.443031],[32.571794,60.444198],[32.571235,60.444936],[32.571141,60.44568],[32.571455,60.446891],[32.571392,60.448435],[32.571119,60.448674],[32.570348,60.449058],[32.568344,60.449773],[32.566168,60.450248],[32.564556,60.450783],[32.563757,60.451151],[32.56303,60.451667],[32.562742,60.45206],[32.56249,60.452874],[32.563358,60.455102],[32.563315,60.455726],[32.563145,60.456036],[32.562175,60.456788],[32.559525,60.457577],[32.558463,60.458133],[32.558257,60.458556],[32.558386,60.460661],[32.558195,60.461412],[32.55773,60.462235],[32.556826,60.462968],[32.555858,60.463409],[32.55416,60.463826],[32.55355,60.464132],[32.553321,60.464404],[32.553289,60.464894],[32.553549,60.465743],[32.554183,60.466954],[32.554293,60.467713],[32.553896,60.46828],[32.552473,60.468926],[32.552326,60.469147],[32.552783,60.469428],[32.55478,60.470073],[32.556163,60.470921],[32.556619,60.471477],[32.556666,60.472851],[32.556981,60.473237],[32.55768,60.473489],[32.559567,60.47382],[32.561378,60.474472],[32.562189,60.474937],[32.562774,60.475465],[32.562944,60.475829],[32.562929,60.47628],[32.562693,60.476581],[32.562284,60.476838],[32.561943,60.476954],[32.56155,60.476972],[32.560009,60.476604],[32.558331,60.475968],[32.557713,60.475872],[32.557178,60.475963],[32.556979,60.476248],[32.557105,60.47658],[32.558741,60.478015],[32.5594,60.478778],[32.559484,60.479526],[32.559274,60.479875],[32.558818,60.48006],[32.558409,60.48008],[32.555871,60.479594],[32.555001,60.479579],[32.554383,60.479684],[32.553656,60.479963],[32.548818,60.482337],[32.548516,60.482702],[32.548799,60.482918],[32.550459,60.483265],[32.551158,60.483504],[32.552608,60.484731],[32.553674,60.485338],[32.55604,60.486054],[32.557723,60.486835],[32.559218,60.488261],[32.559616,60.489016],[32.560407,60.489987],[32.561255,60.490593],[32.562885,60.4914],[32.563203,60.49176],[32.563266,60.492243],[32.563108,60.492642],[32.562773,60.492901],[32.559699,60.494172],[32.559269,60.494566],[32.558289,60.495961],[32.557918,60.49623],[32.557367,60.496353],[32.55699,60.496292],[32.556653,60.496039],[32.556312,60.495309],[32.555994,60.493391],[32.555418,60.492513],[32.554144,60.491044],[32.553124,60.488767],[32.552886,60.488642],[32.552595,60.488654],[32.552336,60.488789],[32.552123,60.489101],[32.552257,60.489746],[32.552257,60.49199]],[[32.552642,60.466467],[32.55272,60.467416],[32.552421,60.467937],[32.551925,60.468286],[32.54981,60.469256],[32.549382,60.469645],[32.548847,60.470501],[32.548488,60.47077],[32.547859,60.470924],[32.547073,60.470832],[32.545428,60.469713],[32.544946,60.468896],[32.545096,60.468499],[32.545393,60.468254],[32.546273,60.467977],[32.547722,60.467793],[32.548631,60.467581],[32.54942,60.467215],[32.550232,60.466603],[32.551025,60.466251],[32.551931,60.46618],[32.552547,60.466385]],[[32.552722,60.518123],[32.552984,60.517697],[32.552914,60.517036],[32.553212,60.515312],[32.553391,60.51514],[32.553988,60.514922],[32.553627,60.514353],[32.553825,60.510186]],[[32.566404,60.532675],[32.566508,60.532264],[32.567138,60.531443],[32.567221,60.530902],[32.565768,60.530065],[32.563323,60.528978],[32.563008,60.528459],[32.563206,60.528209],[32.563956,60.527855],[32.567432,60.527121],[32.567663,60.52676],[32.567537,60.526334],[32.567034,60.525974],[32.566028,60.525574],[32.56332,60.525151],[32.562339,60.524887],[32.560432,60.523973],[32.558856,60.523051]]]}},{"type":"Feature","properties":{"depth_m":10,"source":"ГУНиО МО, навигационная карта № 25070 «Свирская губа», 1:50 000; скан ladoga-lake.ru (https://ladoga-lake.ru/maps/navi_su/navi-su-13.html)","chart":"25070","chart_sheet":"13","n_lines":28,"method":"полуавтоматическая векторизация чёрных изобат со скана (порог+скелетизация+сшивка), глубина подписана вручную по надписям на изобатах; привязка по картографической сетке","datum":"WGS84 (СК-42 → WGS84 по PROJ; поправка, напечатанная на карте, давала 8–9 м к востоку — research/alignment_report.md)","depth_datum":"от среднего многолетнего уровня Ладожского озера (+5,1 м БС)"},"geometry":{"type":"MultiLineString","coordinates":[[[32.549408,60.62313],[32.549175,60.622637],[32.549081,60.62167],[32.549447,60.621064],[32.549973,60.620801]],[[32.551833,60.625813],[32.551175,60.625547],[32.549992,60.624176]],[[32.552442,60.609863],[32.552287,60.609787],[32.552441,60.608981],[32.553479,60.607634],[32.554423,60.606731],[32.558227,60.603819],[32.559789,60.602393],[32.560655,60.601431],[32.562153,60.600165],[32.563064,60.598914],[32.563532,60.59754],[32.564148,60.596317],[32.564837,60.595654],[32.566985,60.594218],[32.567659,60.593582],[32.568495,60.592302],[32.568957,60.59097],[32.569003,60.589155],[32.570099,60.587822],[32.57117,60.586837],[32.572996,60.58584],[32.575178,60.584476],[32.575793,60.584321]],[[32.557862,60.615407],[32.557233,60.61482],[32.557211,60.614511],[32.557533,60.614104],[32.558575,60.613274],[32.559015,60.612298],[32.558819,60.610971],[32.558323,60.610394]],[[32.569934,60.613505],[32.570273,60.612692],[32.570149,60.612153],[32.569716,60.612001],[32.569344,60.612031],[32.56854,60.612366],[32.5682,60.612767],[32.567921,60.612729],[32.567147,60.612307],[32.566868,60.612034],[32.566815,60.610665],[32.566516,60.610245],[32.566201,60.610072],[32.565374,60.610021],[32.564402,60.610203],[32.562933,60.611128],[32.562503,60.611304]],[[32.569562,60.539133],[32.568989,60.538298],[32.569016,60.537702],[32.56961,60.537321],[32.570944,60.536938],[32.571527,60.536687],[32.571712,60.536422],[32.571665,60.536019],[32.571263,60.535707],[32.570612,60.535429],[32.568021,60.534968],[32.567376,60.534634],[32.567081,60.534044],[32.56691,60.533158]],[[32.56944,60.575427],[32.569285,60.575351],[32.569502,60.574666],[32.5708,60.572799],[32.571412,60.572339],[32.571386,60.571675],[32.572625,60.569632],[32.573551,60.568566],[32.57456,60.567906],[32.575717,60.567358],[32.576655,60.566484],[32.577273,60.566063],[32.578295,60.563796],[32.57901,60.563022],[32.580088,60.562257],[32.580624,60.561676],[32.580858,60.560357],[32.580752,60.559919],[32.579912,60.558651],[32.579194,60.55799],[32.576962,60.556326],[32.576977,60.556137],[32.577183,60.555974],[32.578052,60.55557],[32.578899,60.555038],[32.579018,60.554429],[32.578662,60.553919],[32.576396,60.55275],[32.575983,60.552367],[32.575936,60.551189],[32.576647,60.550086],[32.5766,60.54935],[32.576135,60.549194],[32.575229,60.549185],[32.572359,60.549507],[32.571595,60.549718],[32.570657,60.550154],[32.570192,60.550246]],[[32.572565,60.613884],[32.573106,60.613618],[32.57429,60.612691],[32.574741,60.612509],[32.575298,60.61244],[32.576111,60.612458],[32.576865,60.612567],[32.579391,60.613341],[32.581454,60.613737],[32.58229,60.613806],[32.584044,60.613805],[32.585272,60.613683],[32.586334,60.613417],[32.587237,60.612862],[32.587376,60.61222],[32.586803,60.611905]],[[32.577648,60.58204],[32.577647,60.580963],[32.577446,60.580295],[32.57645,60.578836],[32.5763,60.578198],[32.57647,60.577899],[32.578084,60.576483],[32.57911,60.574921],[32.579654,60.573298],[32.579559,60.570845],[32.57915,60.570526],[32.578537,60.570481],[32.578136,60.570529],[32.575491,60.571766],[32.574662,60.572436],[32.574111,60.573607],[32.573565,60.574039],[32.572999,60.574285]],[[32.58417,60.609323],[32.586795,60.608555],[32.587697,60.607985],[32.588177,60.607083],[32.588191,60.605666],[32.588369,60.604866],[32.588833,60.604395],[32.589336,60.604247],[32.589878,60.604285],[32.591421,60.604925],[32.591935,60.605242],[32.592448,60.605295],[32.592821,60.605249],[32.595899,60.603926],[32.597214,60.603478],[32.600234,60.602249],[32.602704,60.60102],[32.606483,60.598465],[32.608439,60.597688],[32.611253,60.596776],[32.614011,60.595476],[32.616185,60.594111],[32.61776,60.592752],[32.619474,60.591544],[32.621505,60.590567],[32.623622,60.58985],[32.625925,60.588641],[32.626863,60.587951],[32.628352,60.586521],[32.629399,60.586074],[32.630659,60.585799],[32.632551,60.585492],[32.633687,60.58545]],[[32.636317,60.583017],[32.638051,60.58128],[32.639726,60.58037],[32.640982,60.580062],[32.643794,60.579765],[32.645605,60.579281],[32.650075,60.57716],[32.652585,60.57557],[32.654558,60.574649],[32.657061,60.573666],[32.660438,60.572648],[32.661297,60.572321],[32.662334,60.572092],[32.663248,60.572062],[32.6713,60.572593],[32.672435,60.572559],[32.674129,60.572343],[32.67457,60.572202],[32.678111,60.570082],[32.679216,60.56957],[32.680596,60.569101],[32.681538,60.568885],[32.683461,60.568734],[32.685936,60.568782]],[[32.688124,60.569193],[32.689353,60.569487],[32.691502,60.56986],[32.694714,60.570135],[32.696064,60.570471],[32.697313,60.570917]],[[32.71688,60.576467],[32.714245,60.576318],[32.712491,60.576101],[32.710926,60.576028],[32.708538,60.575795],[32.706452,60.575403]],[[32.721509,60.849446],[32.722158,60.849299],[32.724114,60.848618],[32.725297,60.848412],[32.726772,60.848484],[32.729638,60.848997],[32.73052,60.849046],[32.731135,60.84899],[32.731846,60.848745],[32.732202,60.848483],[32.73262,60.847856],[32.732697,60.847312],[32.732975,60.847109]],[[32.781887,60.583003],[32.781733,60.583079],[32.78067,60.583057],[32.77534,60.582254],[32.773986,60.581711],[32.772746,60.580968],[32.771804,60.580571],[32.771223,60.580444],[32.768824,60.580195],[32.76701,60.580461],[32.765589,60.58036],[32.764079,60.579953],[32.761426,60.578991],[32.75887,60.578412],[32.755318,60.578784],[32.752571,60.580096],[32.751853,60.580307],[32.751188,60.580317],[32.750219,60.580126],[32.74951,60.579887],[32.748281,60.579053],[32.74716,60.57845],[32.745943,60.577984],[32.742838,60.576549],[32.740312,60.575679],[32.737827,60.575337],[32.735227,60.57539],[32.734087,60.575559],[32.731376,60.575619],[32.728289,60.575477]],[[32.73282,60.846581],[32.732955,60.846193],[32.733923,60.845385],[32.734089,60.844969],[32.734089,60.844592],[32.733158,60.843658],[32.733108,60.843242],[32.73391,60.842743],[32.735721,60.842136],[32.736371,60.841753],[32.736534,60.841472],[32.736472,60.841159],[32.736192,60.840864],[32.733898,60.839592],[32.733505,60.839268],[32.733739,60.838825],[32.735059,60.83818],[32.736926,60.837923],[32.738723,60.837951],[32.739594,60.83815],[32.741025,60.838841],[32.741365,60.839192],[32.741676,60.841302],[32.742303,60.842353],[32.743981,60.843627],[32.745228,60.844161],[32.746481,60.844526],[32.747562,60.844653],[32.748193,60.844646],[32.749089,60.844394],[32.749442,60.844132],[32.749634,60.843821],[32.749862,60.842548],[32.750482,60.842134],[32.751039,60.841998],[32.752558,60.842043],[32.756785,60.842977],[32.757588,60.843063],[32.75834,60.843048],[32.758998,60.842863],[32.759486,60.842577],[32.759626,60.842283],[32.759543,60.841853],[32.758516,60.841232],[32.757002,60.84069],[32.75578,60.840098],[32.75546,60.839752],[32.755532,60.83945],[32.756224,60.839119],[32.757815,60.838892],[32.758785,60.838636],[32.761016,60.837671],[32.764239,60.837505],[32.7652,60.837293],[32.766161,60.836871],[32.766753,60.836736],[32.768028,60.836705],[32.769716,60.83678],[32.77029,60.836727],[32.770562,60.836622],[32.770758,60.836381],[32.770737,60.836096],[32.769773,60.834548],[32.769722,60.833946],[32.771122,60.832945],[32.772581,60.832169],[32.773294,60.831581],[32.773408,60.831202],[32.773406,60.829393],[32.773715,60.828677],[32.77418,60.828354],[32.775636,60.827825],[32.778054,60.827658],[32.780154,60.827807],[32.781495,60.828027],[32.782889,60.828327],[32.785158,60.829025],[32.786671,60.829277],[32.787114,60.829296],[32.787717,60.82919],[32.788227,60.828992],[32.788484,60.828723],[32.788509,60.82809],[32.788002,60.827412],[32.787034,60.826681],[32.784917,60.825599],[32.784552,60.825211],[32.784405,60.82483],[32.784776,60.824201],[32.787168,60.823123],[32.787524,60.822864],[32.78797,60.822278],[32.788398,60.82069],[32.788245,60.819968],[32.787667,60.818957],[32.787745,60.817333],[32.787372,60.816904],[32.786876,60.816572],[32.786054,60.816218],[32.783972,60.815581],[32.783458,60.815291],[32.783356,60.815042],[32.783794,60.814622],[32.78577,60.813776],[32.786577,60.813325],[32.787181,60.812688],[32.787546,60.812047],[32.788152,60.811614],[32.788908,60.811402],[32.791178,60.811184],[32.792139,60.81082],[32.792656,60.810487],[32.79338,60.809678],[32.793841,60.807972],[32.793039,60.8055],[32.792991,60.80436],[32.793739,60.803859],[32.79627,60.803435],[32.796857,60.803052],[32.796934,60.802665],[32.796727,60.802262],[32.795079,60.800464],[32.794761,60.799747],[32.794954,60.799177],[32.794411,60.798883],[32.794089,60.798263],[32.793158,60.797559],[32.792589,60.79737],[32.792125,60.797431],[32.791716,60.797643],[32.790978,60.798314],[32.79068,60.798404],[32.790335,60.798401],[32.789773,60.798105],[32.789067,60.797082],[32.788559,60.796729],[32.787851,60.79647],[32.782508,60.794989],[32.780678,60.794158],[32.779926,60.793486],[32.779678,60.79256],[32.780341,60.792049],[32.781208,60.791762],[32.783749,60.79152],[32.786074,60.791521],[32.790247,60.791276],[32.791456,60.791045],[32.792461,60.790539],[32.792736,60.790176],[32.792713,60.789438],[32.79123,60.787881],[32.791084,60.787288],[32.791436,60.786652],[32.793019,60.78507],[32.793324,60.784285],[32.79314,60.783224],[32.792232,60.782393],[32.790839,60.781713],[32.787646,60.780482],[32.786286,60.779724],[32.784914,60.778684],[32.783747,60.777568],[32.782985,60.776419],[32.782619,60.775294],[32.782136,60.774764],[32.781707,60.774545],[32.781155,60.774467],[32.780034,60.774757],[32.779456,60.774817],[32.778991,60.774651],[32.778812,60.774247],[32.778925,60.773733],[32.77945,60.77303],[32.780205,60.772566],[32.780874,60.772328],[32.782078,60.772111],[32.785207,60.771891],[32.789122,60.771477],[32.793581,60.770705],[32.794535,60.77043],[32.795911,60.769663],[32.796695,60.768857],[32.797017,60.768007],[32.798833,60.766973],[32.799042,60.766621],[32.798709,60.76624],[32.797039,60.765162],[32.796429,60.76488],[32.796079,60.764804],[32.794609,60.764731],[32.793137,60.764077],[32.79274,60.764026],[32.791702,60.764072],[32.791446,60.764],[32.791392,60.763838],[32.791539,60.76366],[32.792244,60.763271],[32.794211,60.762655],[32.794381,60.762318],[32.794065,60.762134],[32.79333,60.762101],[32.792258,60.762334],[32.791933,60.762326],[32.791189,60.762047],[32.790227,60.761306],[32.789716,60.76117],[32.789184,60.7612],[32.788597,60.761556],[32.788076,60.762717],[32.787543,60.7634],[32.786666,60.763747],[32.786371,60.763735],[32.786139,60.763609],[32.785782,60.763113],[32.785748,60.76233],[32.786159,60.761528],[32.786652,60.759896],[32.787774,60.758826],[32.789403,60.757981],[32.789589,60.757718],[32.789573,60.757412],[32.789418,60.757231],[32.788922,60.757028],[32.78731,60.756818],[32.786528,60.756524],[32.7857,60.755881],[32.784977,60.754944],[32.783979,60.754223],[32.783635,60.754088],[32.783008,60.753986],[32.781869,60.754005],[32.781126,60.754207],[32.780646,60.754518],[32.779829,60.755592],[32.779686,60.755991],[32.779879,60.756596],[32.781655,60.758511],[32.781801,60.759414],[32.781364,60.75986],[32.779302,60.760798],[32.778971,60.761162],[32.778947,60.761655],[32.779226,60.761912],[32.779908,60.762154],[32.780695,60.762281],[32.781781,60.762305],[32.782166,60.762479],[32.782276,60.763119],[32.781708,60.764395],[32.78205,60.765735],[32.783529,60.767056],[32.784096,60.768201],[32.784368,60.76848],[32.785288,60.768833],[32.78707,60.768912],[32.78726,60.769037],[32.78726,60.769218],[32.786982,60.769467],[32.786641,60.769593],[32.785226,60.769854],[32.783418,60.769997],[32.781794,60.769991],[32.779197,60.769647],[32.776649,60.769055],[32.776026,60.768777],[32.775374,60.767916],[32.775405,60.767368],[32.775807,60.766706],[32.775822,60.766144],[32.775294,60.765188],[32.775213,60.764751],[32.775457,60.764269],[32.776572,60.763087],[32.776406,60.761361],[32.77656,60.760979],[32.777078,60.760371],[32.777463,60.759221],[32.776889,60.758138],[32.776123,60.757403],[32.775968,60.757],[32.776092,60.756675],[32.776773,60.755964],[32.776897,60.755639],[32.776262,60.754137],[32.776132,60.752076],[32.77587,60.75077],[32.776272,60.750347]],[[32.738063,60.818239],[32.737024,60.817772],[32.736551,60.81725],[32.736385,60.816333],[32.736703,60.815533],[32.737167,60.815087],[32.738073,60.81469],[32.739321,60.814457],[32.740228,60.814392],[32.742052,60.814449],[32.744382,60.814763],[32.745466,60.815086],[32.747761,60.816295],[32.748652,60.81712],[32.748878,60.817679],[32.748421,60.817988],[32.747861,60.818119],[32.746461,60.818275],[32.74597,60.818565],[32.745889,60.819143],[32.746767,60.820028],[32.747197,60.820929],[32.747084,60.821178],[32.746743,60.821405],[32.746062,60.821676],[32.745468,60.821772],[32.744899,60.821722],[32.744614,60.821603],[32.743995,60.820949],[32.743725,60.820016],[32.74279,60.818419],[32.742845,60.816795],[32.742648,60.816428],[32.742368,60.816224],[32.742074,60.816119],[32.74147,60.816051],[32.740586,60.816074],[32.740257,60.816156],[32.739507,60.816742],[32.73907,60.817993],[32.738838,60.818148],[32.738373,60.818239]],[[32.747837,60.83113],[32.746665,60.830986],[32.745336,60.831034],[32.744434,60.831288],[32.7429,60.832036],[32.741618,60.833117],[32.741068,60.834071],[32.741115,60.834547],[32.741642,60.835232],[32.741968,60.835498],[32.742883,60.835945],[32.745329,60.836725],[32.746262,60.837175],[32.746883,60.837767],[32.747657,60.839126],[32.748443,60.839831],[32.748864,60.839971],[32.749652,60.839996],[32.750604,60.839903],[32.751087,60.839719],[32.751533,60.839376],[32.752056,60.838311],[32.752154,60.837592],[32.752549,60.836561],[32.752491,60.836331]],[[32.754011,60.805865],[32.753225,60.805678],[32.751958,60.805695],[32.751419,60.805616],[32.751253,60.805452],[32.751242,60.805147],[32.751717,60.804582],[32.752474,60.804311],[32.754182,60.80428],[32.755548,60.804114],[32.755868,60.803865],[32.756024,60.803455],[32.756043,60.802129],[32.756497,60.801644],[32.757676,60.801166],[32.760216,60.800843],[32.76098,60.800808],[32.761135,60.800732]],[[32.766712,60.799599],[32.766867,60.799952],[32.766756,60.800425],[32.765053,60.801271],[32.764351,60.801923],[32.764236,60.803003],[32.764577,60.804201],[32.765016,60.804986],[32.765239,60.806004],[32.767235,60.807422],[32.767666,60.807913],[32.767682,60.808293],[32.766877,60.808483],[32.766162,60.808368],[32.765464,60.808126],[32.762844,60.806926],[32.760685,60.806385],[32.759682,60.805766],[32.759331,60.805713],[32.758536,60.805758],[32.75742,60.806241],[32.757111,60.806573],[32.757183,60.807177],[32.757919,60.808641],[32.758012,60.809274],[32.757786,60.809963],[32.757554,60.810235],[32.757092,60.810432],[32.756542,60.810519],[32.756015,60.810504],[32.755307,60.810291],[32.754888,60.810064],[32.75448,60.809599],[32.754324,60.809184],[32.754673,60.806514],[32.755045,60.806302],[32.755871,60.806242]],[[32.75985,60.750424],[32.760075,60.75079],[32.760935,60.751255],[32.761214,60.751521],[32.761215,60.752143],[32.760915,60.752465],[32.759984,60.752907],[32.757683,60.753691],[32.754586,60.755232],[32.750723,60.755889],[32.749036,60.756727],[32.748753,60.757178],[32.749016,60.758097],[32.749906,60.759177],[32.750551,60.760437],[32.750526,60.762062],[32.749533,60.763801],[32.74976,60.764634],[32.750101,60.764845],[32.751394,60.765354],[32.755633,60.766132],[32.757022,60.766222],[32.757993,60.766192],[32.759698,60.765764],[32.761319,60.764892],[32.762774,60.763466],[32.763184,60.762908],[32.764258,60.761942],[32.767339,60.760046],[32.768129,60.759321],[32.768493,60.758734],[32.768642,60.757918],[32.768531,60.75691],[32.768065,60.755201],[32.768412,60.754206],[32.76913,60.753437],[32.770758,60.752449],[32.772067,60.751136],[32.773072,60.749397],[32.773017,60.748911],[32.773404,60.747676],[32.773968,60.74687],[32.775378,60.745513],[32.775461,60.74516],[32.776246,60.744878],[32.777513,60.743995],[32.780899,60.742247],[32.782475,60.741139],[32.783081,60.740516]],[[32.766046,60.749668],[32.766082,60.748242],[32.766572,60.747625],[32.772842,60.744601],[32.774072,60.743756],[32.774785,60.742816],[32.775248,60.741545],[32.775985,60.740395],[32.776866,60.739517],[32.778414,60.738409],[32.780951,60.73595],[32.781623,60.734972],[32.784228,60.732055],[32.785541,60.730903],[32.787838,60.729468],[32.788245,60.729028],[32.788338,60.728563]],[[32.783089,60.750422],[32.784059,60.751765],[32.785154,60.752351],[32.785969,60.752433],[32.787399,60.752206],[32.788238,60.752208],[32.789075,60.75234],[32.7911,60.752853],[32.791691,60.752916],[32.792195,60.752821],[32.792388,60.752575],[32.792255,60.752302],[32.791592,60.751782],[32.787276,60.749149],[32.78676,60.748568],[32.786141,60.747386],[32.785855,60.747101],[32.785038,60.746777],[32.783318,60.746452],[32.782682,60.746112],[32.782713,60.744993],[32.783085,60.744751],[32.784117,60.744373],[32.784479,60.744141],[32.784664,60.743873],[32.784788,60.743503],[32.784632,60.743011],[32.784644,60.741995],[32.784941,60.741423]],[[32.784294,60.710851],[32.784535,60.710439],[32.785688,60.709639],[32.787427,60.708819],[32.791258,60.707441],[32.793395,60.706285],[32.794929,60.704919],[32.795919,60.703742],[32.796838,60.703253],[32.797799,60.703126],[32.798687,60.703305],[32.799114,60.703654],[32.799527,60.704535],[32.8,60.704853],[32.800558,60.704945]],[[32.812415,60.59205],[32.804719,60.590348],[32.8004,60.589192],[32.796274,60.587871],[32.794299,60.587106],[32.793049,60.586499],[32.790409,60.584753]],[[32.802108,60.704944],[32.802263,60.704944],[32.802779,60.704641],[32.803037,60.704288],[32.80293,60.703781],[32.801813,60.702335],[32.801857,60.701618],[32.802328,60.701099],[32.803224,60.700571],[32.804872,60.700158],[32.806125,60.69963],[32.808629,60.69784],[32.810817,60.696764],[32.812327,60.695771],[32.815746,60.693827],[32.816713,60.692993],[32.81741,60.691974],[32.818234,60.691321],[32.818691,60.691097],[32.819574,60.69084],[32.820572,60.690658],[32.821815,60.690576],[32.822987,60.690305],[32.824578,60.68896],[32.829976,60.686241],[32.834312,60.684333],[32.836783,60.68342],[32.838132,60.683024],[32.83866,60.682747]],[[32.85496,60.623107],[32.854897,60.620616],[32.85524,60.619559],[32.855804,60.618846],[32.857215,60.617975],[32.857939,60.617707],[32.858992,60.617504],[32.861152,60.617368],[32.86202,60.617125],[32.862528,60.616803],[32.862757,60.616427],[32.862738,60.615999],[32.86241,60.615626],[32.861219,60.615083],[32.858487,60.614375],[32.857044,60.614185],[32.85537,60.614086],[32.851809,60.614061],[32.850104,60.613686],[32.849804,60.613448],[32.849225,60.612188],[32.849891,60.610817],[32.850067,60.60896],[32.849672,60.608197],[32.849127,60.607717],[32.848351,60.607337],[32.847212,60.606984],[32.845171,60.606605],[32.842485,60.606414],[32.837619,60.606398],[32.835679,60.606236],[32.834145,60.605801],[32.833196,60.605274],[32.832677,60.604679],[32.832565,60.604381],[32.832698,60.603537],[32.834009,60.601947],[32.834143,60.601634],[32.834192,60.600543],[32.833489,60.599566],[32.832074,60.598687],[32.831439,60.598398],[32.828559,60.597504],[32.824387,60.596421],[32.822046,60.59546],[32.81938,60.594186],[32.81848,60.593869],[32.817684,60.593723]],[[32.840209,60.682368],[32.840922,60.68203],[32.841387,60.681534],[32.841337,60.681142],[32.840932,60.680798],[32.839716,60.680415],[32.837966,60.68019],[32.835041,60.679665],[32.834363,60.679412],[32.833601,60.678927],[32.833331,60.678519],[32.833343,60.677886],[32.83362,60.677498],[32.834219,60.677079],[32.834939,60.676853],[32.837659,60.67651],[32.839842,60.675972],[32.84067,60.675695],[32.842235,60.675349],[32.844978,60.675092],[32.84649,60.675098],[32.84807,60.675243],[32.849566,60.675207],[32.851781,60.674894],[32.853532,60.674248],[32.857263,60.672224],[32.858201,60.671615],[32.859398,60.670543],[32.860375,60.669257],[32.860976,60.668803],[32.862921,60.667935],[32.865392,60.66749],[32.866953,60.667097],[32.867399,60.666885],[32.868329,60.666184],[32.86895,60.665408],[32.869141,60.664686],[32.868838,60.663917],[32.867346,60.662781],[32.867459,60.661843],[32.867674,60.661611],[32.869046,60.661327],[32.873034,60.660748],[32.87427,60.660362],[32.875719,60.659786],[32.876924,60.659485],[32.87895,60.659177],[32.881516,60.658953],[32.882528,60.658733],[32.884507,60.658097],[32.886692,60.657046],[32.887135,60.6567],[32.887559,60.655939],[32.887481,60.655477],[32.886993,60.655154],[32.885287,60.654628],[32.883434,60.654265],[32.881647,60.654089],[32.878464,60.654021],[32.877394,60.653936],[32.872576,60.653936],[32.867282,60.65424],[32.865091,60.653987],[32.864217,60.653703],[32.863514,60.653291],[32.863305,60.652993],[32.863126,60.652217],[32.863141,60.651531],[32.86343,60.651205],[32.864913,60.65048],[32.872543,60.648161],[32.873501,60.647635],[32.873911,60.646972],[32.874251,60.646048],[32.873481,60.645301],[32.87237,60.644782],[32.868701,60.643694],[32.867845,60.643221],[32.867367,60.642587],[32.867733,60.64163],[32.870263,60.639142],[32.870945,60.638603],[32.871775,60.637052],[32.871951,60.636416],[32.871951,60.635644],[32.871563,60.634854],[32.870989,60.634512],[32.869616,60.633923],[32.868678,60.633699],[32.867214,60.633602],[32.865355,60.633263],[32.863792,60.632817],[32.862067,60.632064],[32.860185,60.631468],[32.85601,60.630484],[32.855001,60.630032],[32.854721,60.629804],[32.854587,60.629437],[32.854586,60.628577],[32.855044,60.626389],[32.854992,60.624352]]]}},{"type":"Feature","properties":{"depth_m":15,"source":"ГУНиО МО, навигационная карта № 25068 «От маяка Кареджи до маяка Сухо», 1:50 000; скан ladoga-lake.ru (https://ladoga-lake.ru/maps/navi_su/navi-su-18.html)","chart":"25068","chart_sheet":"18","n_lines":12,"method":"полуавтоматическая векторизация чёрных изобат со скана (порог+скелетизация+сшивка), глубина подписана вручную по надписям на изобатах; привязка по картографической сетке","datum":"WGS84 (СК-42 → WGS84 по PROJ; поправка, напечатанная на карте, давала 8–9 м к востоку — research/alignment_report.md)","depth_datum":"от среднего многолетнего уровня Ладожского озера (+5,1 м БС)"},"geometry":{"type":"MultiLineString","coordinates":[[[31.401615,60.416126],[31.401113,60.415829],[31.399803,60.415349],[31.399627,60.414919],[31.399865,60.414665],[31.400548,60.414283],[31.402867,60.413294],[31.404251,60.412985],[31.408599,60.412413],[31.416889,60.411576],[31.418362,60.411352],[31.419524,60.411014],[31.420495,60.410424],[31.421448,60.409445],[31.422217,60.407567],[31.422736,60.406826],[31.423474,60.406126],[31.424758,60.405225],[31.425743,60.404079],[31.426331,60.403574],[31.42667,60.402634],[31.426666,60.400554],[31.427039,60.399814],[31.429428,60.398618],[31.430192,60.398077],[31.430749,60.397345],[31.431033,60.396153],[31.431342,60.395629],[31.433319,60.393678],[31.434385,60.392932],[31.435812,60.391075],[31.437114,60.389947],[31.438109,60.389373],[31.438805,60.389103],[31.440058,60.38887],[31.441697,60.388776],[31.442896,60.388364],[31.443505,60.387796],[31.444438,60.386492],[31.445515,60.38581],[31.446291,60.385039],[31.448887,60.383095],[31.449346,60.382598],[31.449283,60.382359],[31.449903,60.382081],[31.451713,60.380266],[31.454454,60.376293],[31.458481,60.372397],[31.458801,60.371837],[31.459425,60.371165],[31.461329,60.368063],[31.461977,60.36739],[31.463186,60.36677],[31.464652,60.366352],[31.465967,60.366164],[31.467074,60.366143],[31.468527,60.366289],[31.469686,60.366525],[31.471273,60.367287],[31.473251,60.36807]],[[31.405695,60.292943],[31.40585,60.293021],[31.406469,60.29299],[31.407687,60.292704],[31.411095,60.291609],[31.412068,60.291038],[31.412493,60.29042],[31.412512,60.289377],[31.411584,60.287053]],[[31.465795,60.333087],[31.465231,60.33276],[31.464364,60.332019],[31.463518,60.330567],[31.463086,60.330092],[31.46269,60.329847],[31.460092,60.328832],[31.459252,60.328374],[31.458821,60.328026],[31.458403,60.32744],[31.458444,60.326485],[31.459662,60.324618],[31.460371,60.322666],[31.460355,60.321914],[31.459906,60.320408],[31.459905,60.318783],[31.459565,60.317808],[31.458619,60.316949],[31.455825,60.315096],[31.454582,60.314083],[31.451952,60.312389],[31.451223,60.311686],[31.450569,60.310857],[31.449567,60.30878],[31.448541,60.307752],[31.447615,60.30705],[31.445793,60.30516],[31.445467,60.304656],[31.443906,60.302945],[31.443652,60.302321],[31.442649,60.300755],[31.441178,60.299276],[31.440065,60.298588],[31.436151,60.296758],[31.43396,60.296228],[31.433223,60.296196],[31.431753,60.296295],[31.430308,60.296665],[31.427877,60.29774],[31.424287,60.299689],[31.421655,60.301295],[31.419409,60.303495],[31.418828,60.303931],[31.418069,60.30432],[31.417099,60.304608],[31.416299,60.304712],[31.414703,60.304573],[31.413227,60.304274],[31.411585,60.303698],[31.408027,60.301933],[31.406819,60.301441],[31.404815,60.300921],[31.401629,60.300506],[31.400272,60.300195],[31.399074,60.299594],[31.398468,60.2989],[31.39826,60.298136],[31.398261,60.296741],[31.397921,60.29558],[31.397178,60.294201],[31.397281,60.293784],[31.398121,60.292777],[31.400751,60.291095],[31.402313,60.289863],[31.403764,60.289276],[31.405281,60.289076],[31.4061,60.289077],[31.406626,60.28917],[31.407338,60.289617],[31.4074,60.290541]],[[31.408491,60.280001],[31.40844,60.279654],[31.409076,60.278686],[31.409564,60.277014],[31.410208,60.275466],[31.410355,60.274693],[31.410644,60.274248],[31.410976,60.272635],[31.410978,60.270774],[31.410675,60.269865],[31.409768,60.268058],[31.409433,60.266742],[31.409435,60.265113],[31.409972,60.263159],[31.411126,60.261656],[31.41226,60.260927],[31.413578,60.260519],[31.415145,60.260284],[31.416844,60.259882],[31.418549,60.259049],[31.419474,60.258203],[31.42055,60.25653],[31.421496,60.255365],[31.422483,60.254649],[31.42381,60.253916],[31.424637,60.253253],[31.424782,60.252947],[31.42466,60.252121],[31.424227,60.251655],[31.422804,60.250709],[31.422637,60.25044],[31.422619,60.249901],[31.422763,60.249452],[31.424662,60.24665],[31.42651,60.245162],[31.433441,60.241578],[31.433784,60.241132],[31.434573,60.240541],[31.435241,60.239747],[31.43582,60.238184],[31.436211,60.237577],[31.436756,60.2371],[31.437818,60.236545],[31.438531,60.236312],[31.440969,60.235845],[31.444502,60.235401],[31.450864,60.234275],[31.451763,60.234213],[31.453799,60.234269],[31.454721,60.23453],[31.455755,60.234989],[31.456459,60.235521],[31.456851,60.236501],[31.457387,60.237267],[31.457993,60.237859],[31.458496,60.238056],[31.462954,60.238641],[31.463953,60.238713],[31.466634,60.239125],[31.468435,60.239598],[31.469847,60.240191],[31.471417,60.241211],[31.472771,60.242546],[31.473915,60.244098],[31.474412,60.244991],[31.475676,60.246134],[31.477163,60.246936],[31.479811,60.247791],[31.482997,60.248646],[31.486139,60.249182],[31.488776,60.24948],[31.491393,60.249664],[31.496987,60.249755],[31.501044,60.250386],[31.503958,60.251138],[31.508119,60.252535],[31.510477,60.252973],[31.512964,60.253058],[31.518988,60.252676],[31.525364,60.252607],[31.528385,60.252832],[31.530532,60.25316],[31.5314,60.253438],[31.532536,60.254004],[31.532949,60.255084],[31.53301,60.255774],[31.533797,60.256929],[31.535117,60.257706],[31.536357,60.258186],[31.537581,60.258817],[31.540851,60.261133],[31.542279,60.261805],[31.544116,60.262358],[31.54592,60.262647],[31.54799,60.262775],[31.549532,60.262993]],[[31.482238,60.366137],[31.482764,60.365885],[31.48312,60.365435],[31.483156,60.364933],[31.482949,60.364599],[31.481743,60.364076],[31.478252,60.363395],[31.477387,60.362919],[31.476997,60.362558],[31.476655,60.361431],[31.476655,60.360505],[31.476344,60.359116],[31.476389,60.357732],[31.477106,60.356805],[31.478366,60.355954],[31.47913,60.355563],[31.480571,60.355057],[31.483914,60.354157],[31.485066,60.35362],[31.485174,60.353321],[31.485019,60.352909],[31.483517,60.351541],[31.483357,60.350994],[31.48342,60.350672],[31.483915,60.350053],[31.484397,60.349692],[31.4855,60.34916],[31.48749,60.348452],[31.488527,60.347887],[31.489133,60.347293],[31.489107,60.346582],[31.488688,60.346137],[31.486161,60.344825],[31.484223,60.343126],[31.483255,60.341908],[31.482302,60.340295],[31.481985,60.339384],[31.480757,60.337519],[31.480363,60.336347],[31.480362,60.335922],[31.481196,60.333991],[31.481205,60.333667],[31.480467,60.332392],[31.479698,60.331826],[31.479515,60.331456],[31.479672,60.331169],[31.480802,60.330124],[31.480857,60.329572],[31.480497,60.329219],[31.479296,60.328812],[31.477261,60.328599],[31.473849,60.328775],[31.472307,60.328967],[31.470609,60.329011],[31.469676,60.329209],[31.469067,60.329471],[31.468571,60.329827],[31.46815,60.330659],[31.468119,60.331695],[31.468584,60.333009]],[[31.503191,60.337016],[31.502694,60.337329],[31.502604,60.337595],[31.50286,60.337849],[31.503809,60.338338],[31.503878,60.338627],[31.503698,60.339164],[31.502557,60.33996],[31.500186,60.342102],[31.49925,60.342655],[31.498343,60.343044]],[[31.502994,60.344588],[31.504402,60.344799],[31.505915,60.344787],[31.507009,60.344493],[31.507696,60.344071],[31.508295,60.34338],[31.508573,60.342515],[31.508489,60.342086],[31.50784,60.341026],[31.507818,60.340161],[31.510322,60.33826],[31.510311,60.337554],[31.509026,60.336813],[31.508064,60.336519],[31.507656,60.336473],[31.506077,60.336474],[31.505239,60.336551]],[[31.599918,60.298315],[31.59899,60.297302],[31.596033,60.295462],[31.595233,60.294841],[31.594459,60.293966],[31.59418,60.292794],[31.594522,60.291844],[31.595778,60.290501],[31.599363,60.288125],[31.600284,60.287111],[31.600543,60.286468],[31.600543,60.285771],[31.600415,60.285241],[31.600519,60.284363],[31.600235,60.283369]],[[31.676702,60.366149],[31.67749,60.366291],[31.678556,60.36662],[31.679138,60.366652],[31.680053,60.366284],[31.68056,60.365728],[31.680737,60.365002],[31.680737,60.3639],[31.680535,60.363155],[31.679897,60.362169],[31.678473,60.360871],[31.677916,60.360531],[31.676073,60.359856],[31.674537,60.359927],[31.67227,60.360562],[31.67167,60.360662],[31.670633,60.360596],[31.669767,60.360272],[31.669307,60.359927],[31.668552,60.358925],[31.666493,60.357884],[31.66602,60.357414],[31.66609,60.357028],[31.666354,60.356745],[31.668185,60.355598],[31.668324,60.355297],[31.668211,60.354816],[31.667814,60.354599],[31.666486,60.35416],[31.663396,60.352793],[31.663084,60.352547],[31.662801,60.352031],[31.662351,60.351761],[31.661575,60.351645],[31.660877,60.35178],[31.659977,60.352207],[31.658953,60.353035],[31.658146,60.353329],[31.657091,60.353414],[31.656605,60.35335],[31.656408,60.353236],[31.655974,60.352797],[31.655912,60.352393],[31.656093,60.351994],[31.65693,60.35102],[31.656776,60.350276],[31.656032,60.349799],[31.653765,60.349159],[31.652809,60.348713],[31.652453,60.348449],[31.651393,60.346785],[31.649428,60.344636],[31.649254,60.344209],[31.649296,60.343749],[31.649004,60.3422],[31.648138,60.340724],[31.646976,60.339569],[31.64424,60.337534],[31.642527,60.33668],[31.640434,60.335963],[31.638916,60.335594],[31.636261,60.335199],[31.634205,60.3348],[31.63328,60.334495],[31.632496,60.334113],[31.630805,60.332509],[31.630237,60.331526],[31.6297,60.329751],[31.629194,60.328635],[31.628167,60.327459],[31.627517,60.327012],[31.626724,60.326635],[31.622117,60.325221],[31.620542,60.324035],[31.620435,60.323615],[31.620684,60.322489],[31.622367,60.318582],[31.622405,60.317487],[31.622207,60.316799],[31.621438,60.315654],[31.619135,60.31403],[31.617986,60.313066],[31.617301,60.312283],[31.616626,60.310776],[31.616308,60.309307],[31.615561,60.307996],[31.613783,60.305543],[31.612591,60.304516],[31.610909,60.303751],[31.607873,60.303082],[31.60369,60.302391],[31.602718,60.302103],[31.601622,60.301566]],[[31.73336,60.372739],[31.732422,60.373875],[31.731607,60.374534],[31.730482,60.375055],[31.729519,60.37524],[31.728774,60.375179],[31.728138,60.374932],[31.72753,60.374264],[31.727286,60.373341],[31.727079,60.373056],[31.726453,60.372645],[31.725457,60.372434],[31.72416,60.372388],[31.72332,60.372461],[31.720118,60.373263],[31.718181,60.373469],[31.71567,60.373284],[31.713971,60.373048],[31.712776,60.372688],[31.710811,60.372506],[31.70892,60.372587],[31.706584,60.372924],[31.705158,60.372839],[31.703699,60.372298],[31.703197,60.371954],[31.702799,60.371124],[31.702644,60.370171],[31.702347,60.369776],[31.701976,60.369547],[31.701256,60.369356],[31.700065,60.369363],[31.698476,60.369771],[31.697726,60.369848],[31.697159,60.369787],[31.696441,60.369586],[31.694911,60.368743],[31.692585,60.366576],[31.692063,60.366209],[31.690434,60.365415],[31.68896,60.365222],[31.688076,60.365253],[31.687098,60.365468],[31.686679,60.365696],[31.686082,60.366236],[31.685935,60.366417],[31.686011,60.367781],[31.685781,60.368554],[31.685313,60.369118],[31.68477,60.369465],[31.68395,60.369806],[31.682875,60.370108],[31.67951,60.370422],[31.678408,60.3707]],[[31.953608,60.412066],[31.953065,60.411807],[31.951687,60.41048],[31.94989,60.409461],[31.943722,60.407276],[31.942505,60.406949],[31.941395,60.406031],[31.938345,60.404153],[31.93803,60.403765],[31.937452,60.402372],[31.935807,60.400973],[31.935195,60.400281],[31.934484,60.399222],[31.933539,60.397269],[31.932129,60.395389],[31.931108,60.394592],[31.929289,60.393592],[31.92863,60.393311],[31.927211,60.392902],[31.926411,60.392816],[31.925034,60.392816],[31.924233,60.392902],[31.922731,60.393271],[31.919861,60.394205],[31.918262,60.394558],[31.915649,60.394634],[31.913931,60.394311],[31.913435,60.393979],[31.912768,60.393733],[31.912381,60.393386],[31.911918,60.392699],[31.911787,60.391635],[31.911423,60.390712],[31.911067,60.390304],[31.910369,60.389926],[31.909501,60.389711],[31.907892,60.389577],[31.901677,60.389643],[31.900829,60.389571],[31.900385,60.389405],[31.899552,60.388453],[31.899637,60.3866],[31.898992,60.385899],[31.895527,60.3844],[31.891907,60.383016],[31.889735,60.382026],[31.885437,60.380475],[31.884493,60.379928],[31.883976,60.37948],[31.883563,60.378738],[31.883514,60.377592],[31.883235,60.377314],[31.882682,60.377165],[31.881373,60.377005],[31.879282,60.377012],[31.878189,60.377135],[31.877338,60.377417],[31.876748,60.377823],[31.876561,60.378228],[31.876607,60.378767],[31.87701,60.379434],[31.876947,60.380308],[31.876072,60.380919],[31.875472,60.381014],[31.874634,60.380953],[31.872749,60.38044],[31.87065,60.379565],[31.868725,60.379035],[31.866134,60.378578],[31.863424,60.37823],[31.861599,60.377809],[31.859182,60.376997],[31.855738,60.375327],[31.853348,60.374509],[31.852576,60.374322],[31.850967,60.374094],[31.846768,60.373898],[31.843325,60.373304],[31.842448,60.373227],[31.838611,60.373262],[31.836479,60.373499],[31.833588,60.373983],[31.831994,60.374026],[31.830169,60.373827],[31.827158,60.373095],[31.822706,60.371469],[31.819553,60.37083],[31.818698,60.370763],[31.808437,60.370834],[31.806296,60.370694],[31.804984,60.370474],[31.803962,60.370209],[31.797889,60.36799],[31.796374,60.367509],[31.794696,60.367179],[31.792403,60.366943],[31.789633,60.366467],[31.787661,60.365968],[31.784855,60.364991],[31.783084,60.364598],[31.781192,60.364328],[31.779593,60.364191],[31.775698,60.364066],[31.773132,60.363828],[31.770332,60.363252],[31.766653,60.362327],[31.764378,60.361984],[31.761903,60.361816],[31.758473,60.361816],[31.756588,60.361986],[31.75368,60.362817],[31.75163,60.363572],[31.750568,60.363733],[31.748659,60.363868],[31.746695,60.364294],[31.745082,60.365265],[31.743159,60.365771],[31.742253,60.366312],[31.741859,60.366791],[31.741377,60.368523],[31.740942,60.369109],[31.740476,60.369473],[31.739079,60.370189],[31.735579,60.371109],[31.73401,60.371872]],[[31.970657,60.415995],[31.970659,60.415217],[31.970948,60.41377],[31.970742,60.41243],[31.969667,60.410873],[31.968513,60.409918],[31.967203,60.409263],[31.965743,60.408826],[31.964072,60.408536],[31.962206,60.408455],[31.959868,60.408757],[31.958302,60.40916],[31.956791,60.40995],[31.956477,60.410462],[31.956556,60.41122]]]}},{"type":"Feature","properties":{"depth_m":15,"source":"ГУНиО МО, навигационная карта № 25069 «Волховская губа», 1:50 000; скан ladoga-lake.ru (https://ladoga-lake.ru/maps/navi_su/navi-su-16.html)","chart":"25069","chart_sheet":"16","n_lines":18,"method":"полуавтоматическая векторизация чёрных изобат со скана (порог+скелетизация+сшивка), глубина подписана вручную по надписям на изобатах; привязка по картографической сетке","datum":"WGS84 (СК-42 → WGS84 по PROJ; поправка, напечатанная на карте, давала 8–9 м к востоку — research/alignment_report.md)","depth_datum":"от среднего многолетнего уровня Ладожского озера (+5,1 м БС)"},"geometry":{"type":"MultiLineString","coordinates":[[[32.082418,60.486953],[32.083228,60.486974],[32.085722,60.4868],[32.088245,60.48682],[32.089902,60.487049],[32.091812,60.487555],[32.092628,60.487641],[32.093439,60.487488],[32.094931,60.486935],[32.095487,60.486857],[32.096077,60.486882],[32.096535,60.487036],[32.097682,60.487822],[32.098705,60.489106],[32.099782,60.489686],[32.100466,60.489892],[32.10145,60.490039],[32.102855,60.49004],[32.103939,60.489894],[32.106542,60.489031],[32.108492,60.487978],[32.113163,60.484716],[32.114517,60.483591],[32.115749,60.482823],[32.116222,60.482633],[32.118155,60.482205],[32.11992,60.482158],[32.120734,60.482288],[32.121271,60.482577],[32.121422,60.482878],[32.121231,60.483704],[32.120716,60.484828],[32.120748,60.485106],[32.121102,60.485309],[32.121813,60.485425],[32.123422,60.485157],[32.125492,60.484486],[32.127928,60.483534],[32.129088,60.483279],[32.130998,60.483011],[32.13309,60.482341],[32.134516,60.481715],[32.135959,60.480872],[32.140222,60.478718],[32.143064,60.477408],[32.146667,60.475942],[32.149327,60.475048],[32.151942,60.474571],[32.153581,60.474139],[32.158714,60.47195],[32.160719,60.471298],[32.163582,60.47054]],[[32.169261,60.472086],[32.170515,60.472063],[32.171294,60.471909],[32.174626,60.47042],[32.175904,60.470156],[32.176961,60.469754],[32.179971,60.468281],[32.181415,60.46739],[32.182001,60.466757],[32.182002,60.466386],[32.181497,60.466104],[32.180858,60.466],[32.179683,60.465988],[32.178775,60.466078],[32.174216,60.467015],[32.171333,60.467112],[32.170719,60.466905],[32.170549,60.466493],[32.170922,60.466008],[32.171636,60.465677]],[[32.173057,60.46506],[32.173594,60.464905],[32.175242,60.464743],[32.178606,60.464683],[32.179666,60.464598],[32.182388,60.464599],[32.184512,60.464445],[32.186433,60.463954],[32.187885,60.463283],[32.189133,60.462354],[32.190136,60.461213],[32.191464,60.460331],[32.192503,60.459365],[32.19263,60.458634],[32.192206,60.457807],[32.192215,60.457419],[32.192803,60.456871],[32.194337,60.456034],[32.19497,60.455377],[32.195477,60.453946],[32.195605,60.452549],[32.195968,60.452333],[32.196542,60.452213],[32.197309,60.45221],[32.198555,60.452395],[32.199099,60.452342],[32.199407,60.45223],[32.199849,60.451769],[32.199993,60.450794],[32.200617,60.450138],[32.201556,60.449436],[32.202252,60.448652],[32.202425,60.448238],[32.202299,60.447728],[32.200251,60.445718],[32.200062,60.445054],[32.200252,60.444752],[32.200545,60.444601],[32.201902,60.444369],[32.20254,60.444126],[32.202747,60.443755],[32.202605,60.443336],[32.202109,60.442971],[32.200234,60.442034],[32.198964,60.441111],[32.198175,60.440832],[32.197159,60.440621],[32.195659,60.440177],[32.194927,60.439765],[32.194707,60.43937],[32.194971,60.438746],[32.196286,60.437451],[32.19643,60.436546],[32.196966,60.43602],[32.196604,60.435654],[32.196505,60.435349],[32.196733,60.434604],[32.197748,60.433774],[32.199419,60.432987],[32.199857,60.432605],[32.199858,60.431987],[32.199102,60.431161],[32.198976,60.430517]],[[32.198978,60.429898],[32.199487,60.429589],[32.200704,60.429071],[32.201259,60.428978],[32.202331,60.428971],[32.202911,60.429051],[32.203686,60.429374],[32.204171,60.429974],[32.204552,60.430193],[32.20513,60.430286],[32.205571,60.430248],[32.207796,60.429506],[32.20969,60.428582],[32.210022,60.428315],[32.210164,60.428002],[32.210181,60.427193],[32.209867,60.425646],[32.2105,60.423506],[32.209907,60.42152],[32.209998,60.421128],[32.210245,60.420859],[32.211024,60.420509],[32.212381,60.420494],[32.213174,60.420701],[32.214477,60.421299],[32.215918,60.421676],[32.21678,60.421779],[32.218105,60.421687],[32.218901,60.421509],[32.219955,60.421145],[32.224995,60.418678],[32.227605,60.416945],[32.228521,60.416156],[32.228958,60.415471],[32.229232,60.41496],[32.229248,60.414531],[32.22908,60.41427],[32.228092,60.413483],[32.228051,60.413161],[32.228335,60.412882],[32.229045,60.41265],[32.229881,60.412573],[32.23226,60.412728],[32.233613,60.412716],[32.234486,60.412471],[32.23477,60.412232],[32.234707,60.411739],[32.234133,60.411468],[32.230292,60.41111],[32.229176,60.410844],[32.228574,60.410321],[32.228602,60.409915],[32.228812,60.409637],[32.229634,60.409195],[32.230169,60.409075],[32.23165,60.408927],[32.23431,60.407923],[32.235237,60.406747],[32.238959,60.403057],[32.240843,60.402085],[32.243896,60.401393],[32.24459,60.401166],[32.245436,60.400212],[32.245834,60.399398],[32.246699,60.398746],[32.247485,60.398513],[32.248134,60.39842],[32.250608,60.39841],[32.252218,60.398281],[32.254082,60.39788],[32.255466,60.397324],[32.256367,60.396616],[32.256977,60.394814],[32.257392,60.394164],[32.258032,60.393613],[32.259623,60.392663],[32.259998,60.391886],[32.260766,60.391],[32.262303,60.390067],[32.263063,60.389844],[32.263681,60.389776]],[[32.266204,60.38935],[32.266936,60.388945],[32.267244,60.38842],[32.266966,60.387655],[32.266351,60.386968]],[[32.267312,60.38478],[32.268594,60.38417],[32.271388,60.383211],[32.273276,60.3819],[32.274602,60.381157],[32.277395,60.380445],[32.278317,60.380037],[32.278944,60.379474],[32.279419,60.378653],[32.279584,60.377792],[32.280225,60.376291],[32.280675,60.375689],[32.281541,60.374874],[32.28326,60.373935],[32.285871,60.37283],[32.288881,60.371367],[32.29,60.370592],[32.29096,60.369486],[32.291445,60.369129],[32.292607,60.368615],[32.295042,60.367948],[32.296617,60.367122],[32.297437,60.366364],[32.297708,60.36563],[32.29747,60.364757],[32.296651,60.363955],[32.296237,60.363317],[32.29646,60.362281],[32.296968,60.361919],[32.298135,60.361439],[32.301844,60.360783],[32.302446,60.360524],[32.303341,60.359958],[32.303574,60.359558],[32.30352,60.358904],[32.301843,60.357438],[32.301623,60.357027],[32.301691,60.356518],[32.302185,60.356032],[32.303604,60.355334],[32.307662,60.354236],[32.308843,60.353692],[32.308954,60.353298],[32.308828,60.352978],[32.307221,60.352089],[32.306906,60.351684],[32.307123,60.351408],[32.308168,60.351064]],[[32.30947,60.348233],[32.306773,60.347254],[32.305622,60.346741],[32.303453,60.346011],[32.30142,60.34509],[32.300846,60.344741],[32.300296,60.343927]],[[32.300769,60.342685],[32.301563,60.342367],[32.303134,60.34191],[32.304406,60.340984],[32.305221,60.340628],[32.306202,60.340437],[32.308795,60.340329],[32.309565,60.34004],[32.309754,60.339738],[32.309439,60.339389],[32.308872,60.339284],[32.306423,60.339139],[32.305721,60.338962],[32.305343,60.338535],[32.30557,60.338286],[32.305911,60.338155],[32.306516,60.338043],[32.307991,60.337953],[32.309315,60.337953],[32.311131,60.338137],[32.316036,60.338419],[32.318287,60.33842],[32.320054,60.338299],[32.32224,60.337948],[32.32264,60.337852],[32.323191,60.337551],[32.324085,60.337473],[32.325357,60.336868],[32.327763,60.335034],[32.330243,60.333687]],[[32.331667,60.3274],[32.337193,60.327329],[32.339935,60.327203],[32.341636,60.326932],[32.343301,60.326784],[32.346659,60.326233],[32.348176,60.325843],[32.348728,60.325539],[32.348971,60.325269],[32.348967,60.324957],[32.348683,60.324704],[32.347572,60.324302],[32.345417,60.323882],[32.344147,60.323769],[32.343092,60.323559],[32.342612,60.323361],[32.342446,60.323198],[32.342405,60.322922],[32.342573,60.322666],[32.343033,60.322283],[32.345977,60.321028],[32.348862,60.320189],[32.351357,60.319242],[32.354344,60.317784],[32.354718,60.317525],[32.354991,60.317155]],[[32.356724,60.315912],[32.359721,60.314137],[32.361515,60.312838],[32.363186,60.311196],[32.364762,60.30906],[32.365093,60.308775],[32.36659,60.308117],[32.370334,60.307182],[32.371999,60.306659],[32.377192,60.304185],[32.378311,60.3035],[32.379906,60.302258],[32.380707,60.301324],[32.382537,60.299824],[32.385405,60.298287],[32.388705,60.296959],[32.391365,60.295713],[32.392548,60.294896],[32.393937,60.293547],[32.396135,60.29191],[32.398634,60.290602],[32.399726,60.290201],[32.400461,60.289817],[32.400682,60.28944],[32.400661,60.288997],[32.400462,60.288685],[32.39957,60.288253],[32.398017,60.287792],[32.397157,60.287307],[32.397144,60.286888],[32.397739,60.286476],[32.401027,60.285628],[32.404905,60.2843],[32.406903,60.283805],[32.408251,60.283621],[32.409409,60.283617],[32.411455,60.283866],[32.412954,60.284315],[32.415148,60.285311],[32.415906,60.28556],[32.417178,60.285599],[32.417992,60.285306],[32.418353,60.285026],[32.418507,60.284705],[32.418602,60.284053],[32.418336,60.283323],[32.417472,60.282387],[32.415933,60.281374],[32.415645,60.280998],[32.415907,60.280648],[32.416642,60.280306],[32.418447,60.280104],[32.420355,60.28005],[32.420977,60.279788],[32.421836,60.279041],[32.423195,60.278671],[32.424145,60.278731],[32.425984,60.279289],[32.426792,60.279405],[32.427629,60.279328],[32.429478,60.27883],[32.430869,60.278831],[32.431687,60.279266],[32.432814,60.280256],[32.433853,60.28065],[32.434933,60.280797],[32.437029,60.28084],[32.439136,60.281468],[32.439759,60.281552],[32.440629,60.281512],[32.442567,60.281223],[32.443685,60.281251],[32.444278,60.281349],[32.446322,60.282141],[32.449021,60.283678],[32.452297,60.285241],[32.453282,60.285995],[32.453871,60.286883],[32.454522,60.287301],[32.455271,60.287403],[32.457694,60.287346],[32.458454,60.287394],[32.461386,60.288294],[32.463274,60.288755],[32.464725,60.288986],[32.465642,60.289245],[32.466001,60.289551],[32.465659,60.289874],[32.464469,60.290093],[32.462574,60.290149],[32.461847,60.290268],[32.461123,60.290522],[32.459698,60.291213],[32.458952,60.291409],[32.456092,60.291609],[32.45073,60.291609],[32.449446,60.291686],[32.447522,60.291908],[32.446959,60.292152]],[[32.429905,60.28206],[32.430779,60.281675],[32.431755,60.281502],[32.433012,60.281444],[32.435194,60.281551],[32.436374,60.281784],[32.437035,60.282054],[32.437585,60.282624],[32.437491,60.283028],[32.436883,60.283441],[32.435519,60.283783],[32.434909,60.283821],[32.433115,60.283667],[32.431702,60.283432],[32.430789,60.283133],[32.429916,60.282588],[32.429842,60.28214]],[[32.472572,60.342539],[32.47509,60.341763],[32.476098,60.341204],[32.476492,60.340642],[32.476492,60.339779],[32.476146,60.3393],[32.475055,60.338868],[32.473257,60.33866],[32.472103,60.33835],[32.471443,60.33791],[32.471205,60.337197],[32.471408,60.336537],[32.472541,60.334938],[32.472735,60.334108],[32.473203,60.333182],[32.475346,60.331366],[32.47544,60.330899],[32.475257,60.330079],[32.474255,60.329137],[32.473204,60.328643],[32.47169,60.328271],[32.470226,60.328044],[32.468805,60.327932],[32.467794,60.32773],[32.467154,60.327486],[32.466918,60.327098],[32.467107,60.326795],[32.467706,60.326477],[32.46941,60.325921],[32.470539,60.325391],[32.471494,60.324537],[32.472457,60.323998],[32.475528,60.323111],[32.476992,60.322441],[32.477503,60.322092],[32.478105,60.321397],[32.478251,60.320973],[32.478252,60.320183],[32.478,60.319549],[32.47728,60.318642],[32.476126,60.317715],[32.475636,60.317071],[32.475467,60.31642],[32.47599,60.315481],[32.477023,60.314467],[32.477124,60.313939],[32.476684,60.313591],[32.474649,60.312732],[32.474293,60.312452],[32.474167,60.312142],[32.474188,60.311836],[32.474388,60.311574],[32.475589,60.311022],[32.476808,60.310625],[32.477397,60.310229],[32.477441,60.309911],[32.477149,60.309642],[32.475612,60.309365],[32.475337,60.309128],[32.47562,60.308872],[32.476655,60.308451],[32.477039,60.308181],[32.477254,60.307752],[32.477182,60.307335],[32.476609,60.306654],[32.474706,60.305336],[32.473399,60.304186],[32.472399,60.303594],[32.47182,60.303448],[32.470416,60.303349],[32.467275,60.303383],[32.466164,60.303091],[32.465456,60.302695],[32.465221,60.302303],[32.465246,60.301788],[32.466464,60.300193],[32.466595,60.299293],[32.466494,60.298866],[32.466113,60.298608],[32.462574,60.297119],[32.45986,60.296212],[32.459097,60.295867],[32.458837,60.29561],[32.459074,60.2953],[32.460915,60.294831],[32.461644,60.294484],[32.461907,60.294134],[32.461797,60.293869],[32.461577,60.293726],[32.461106,60.293547],[32.460505,60.29346],[32.453873,60.29325],[32.448689,60.292929]],[[32.469868,60.38773],[32.469107,60.387555],[32.468829,60.38739],[32.468175,60.385857],[32.467446,60.385195],[32.466722,60.384786],[32.465023,60.384236],[32.463437,60.383963],[32.460504,60.383645],[32.459175,60.38334],[32.458072,60.382766],[32.45791,60.382474],[32.457911,60.381941],[32.458031,60.381611],[32.458593,60.381223],[32.459056,60.381047],[32.459615,60.380958],[32.460838,60.381115],[32.462034,60.381595],[32.463054,60.381858],[32.464143,60.381914],[32.465232,60.381789],[32.466094,60.381507],[32.466504,60.381267],[32.467008,60.380253],[32.467039,60.379817],[32.466594,60.378052],[32.466725,60.376922],[32.467232,60.376001],[32.46841,60.374701],[32.468751,60.373713],[32.468147,60.370665],[32.468737,60.369294],[32.468778,60.368876],[32.468435,60.367821],[32.467877,60.366887],[32.467992,60.366306],[32.467758,60.365666],[32.468027,60.36503],[32.46875,60.36422],[32.471419,60.361964],[32.471678,60.361555],[32.471773,60.360907],[32.471486,60.360282],[32.470002,60.358919],[32.469446,60.358052],[32.469286,60.357098],[32.469718,60.355457],[32.46965,60.354813],[32.468753,60.354266],[32.466753,60.353625],[32.466333,60.353239],[32.466318,60.352706],[32.466949,60.351931],[32.46868,60.351018],[32.469695,60.35078],[32.472715,60.350356],[32.474527,60.349865],[32.475198,60.349597],[32.475926,60.349098],[32.476955,60.347645],[32.478473,60.346476],[32.478864,60.345652],[32.478707,60.344905],[32.478366,60.344645],[32.478015,60.344524],[32.476735,60.344331],[32.474616,60.344323],[32.473197,60.344212],[32.472006,60.343903],[32.47147,60.343547]],[[32.490942,60.405691],[32.49016,60.405664],[32.489407,60.4055],[32.48874,60.405227],[32.488362,60.40486],[32.488268,60.404569],[32.488426,60.404071],[32.488413,60.402478],[32.487688,60.40124],[32.48779,60.400697],[32.488229,60.400112],[32.488585,60.399228],[32.488397,60.398756],[32.488063,60.398511],[32.486603,60.398044],[32.483407,60.397397],[32.481884,60.396976],[32.480272,60.396639],[32.476473,60.396041],[32.473204,60.39606],[32.472718,60.395924],[32.472253,60.395616],[32.471886,60.395132],[32.471751,60.3947],[32.472065,60.392721],[32.473094,60.390494],[32.473969,60.389253],[32.474822,60.387675],[32.475206,60.386532],[32.475219,60.385632],[32.474943,60.38504],[32.473986,60.384626],[32.473237,60.384461],[32.472419,60.3844],[32.471991,60.384415],[32.471443,60.384555],[32.470852,60.385102],[32.470694,60.386152],[32.471624,60.387165],[32.471756,60.387575]],[[32.498181,60.403291],[32.499005,60.403007],[32.500659,60.402826],[32.501921,60.402857],[32.502334,60.403012],[32.502394,60.403182],[32.502079,60.403445],[32.499339,60.404696],[32.499124,60.404878],[32.499077,60.40516],[32.499378,60.40552],[32.499784,60.405768],[32.502899,60.407083],[32.503905,60.407827],[32.504157,60.408238],[32.504156,60.410264],[32.503983,60.410787],[32.503759,60.412998],[32.502976,60.414031],[32.500859,60.415206],[32.500272,60.415648],[32.500083,60.416115],[32.500376,60.416448],[32.500533,60.416448]],[[32.498959,60.419465],[32.499663,60.419972],[32.501933,60.420498],[32.502982,60.421525],[32.503973,60.42194],[32.50459,60.422017],[32.505239,60.421992],[32.507459,60.42157],[32.508704,60.421506],[32.509463,60.421653],[32.510611,60.422232],[32.511476,60.422491],[32.512507,60.422685],[32.514132,60.422705],[32.515386,60.422545],[32.516105,60.422324],[32.516835,60.42191],[32.517865,60.421031],[32.518812,60.420661],[32.520035,60.42064],[32.522555,60.420931],[32.523943,60.420912],[32.524896,60.420754],[32.526016,60.420301],[32.527747,60.419394],[32.52932,60.418377],[32.529855,60.418237],[32.530861,60.418245],[32.531493,60.418468],[32.533251,60.419603],[32.537293,60.42104],[32.538317,60.421767],[32.539689,60.422389],[32.541371,60.422739],[32.543118,60.422888],[32.543599,60.423044],[32.543787,60.423418],[32.543462,60.423781],[32.541653,60.42415],[32.540904,60.424485]],[[32.550832,60.530294],[32.550218,60.530214],[32.549083,60.529787],[32.547791,60.529551],[32.547277,60.52935],[32.547093,60.529178],[32.547151,60.52878],[32.548347,60.528137],[32.548473,60.527754],[32.547886,60.526591],[32.547718,60.52549],[32.547325,60.525069],[32.546743,60.524936],[32.546151,60.525069],[32.544178,60.526747],[32.543675,60.526878],[32.543334,60.526724],[32.543432,60.526011],[32.543871,60.525216],[32.544357,60.523686],[32.544253,60.522813],[32.543841,60.521428],[32.542408,60.519472],[32.541475,60.518801],[32.540872,60.518143],[32.540451,60.517251],[32.540297,60.516309],[32.539887,60.515343],[32.538383,60.512816],[32.53748,60.511672],[32.536112,60.509437],[32.535421,60.508632],[32.535107,60.507906],[32.532137,60.504949],[32.53108,60.503597],[32.530813,60.503462],[32.530448,60.503422],[32.528836,60.503878],[32.528343,60.503904],[32.52806,60.503688],[32.528217,60.503416],[32.52972,60.502689],[32.529728,60.502508],[32.529434,60.502261],[32.528017,60.501965],[32.5255,60.501881],[32.522965,60.501594],[32.521628,60.50129],[32.520477,60.500853],[32.519691,60.500329]],[[32.519849,60.497476],[32.52096,60.497576],[32.523058,60.498436],[32.525317,60.499103],[32.526494,60.499277],[32.527363,60.499084],[32.527885,60.498778],[32.528156,60.498491],[32.528332,60.498066],[32.528062,60.49691],[32.527536,60.495662],[32.527109,60.494116],[32.526599,60.493283],[32.523608,60.490706],[32.523317,60.490016],[32.522952,60.489639],[32.522495,60.489477],[32.521688,60.489454],[32.519037,60.489745],[32.517697,60.489748],[32.51702,60.489599],[32.516328,60.489209],[32.516244,60.488715],[32.516454,60.488375],[32.517241,60.488051],[32.519045,60.487063],[32.520916,60.485815],[32.52149,60.485086],[32.521563,60.484465],[32.521364,60.484164],[32.520641,60.483796],[32.517821,60.482816],[32.516251,60.48242],[32.515011,60.48196],[32.514631,60.48174],[32.514568,60.481431],[32.514862,60.4812],[32.516453,60.480412],[32.517204,60.479237],[32.517529,60.478969],[32.521569,60.477179],[32.523672,60.475891],[32.52433,60.475265],[32.524803,60.474283],[32.526873,60.473389],[32.527934,60.472456],[32.528159,60.472086],[32.528206,60.471521],[32.528691,60.471026],[32.528826,60.470698],[32.528814,60.469889],[32.528512,60.469],[32.528648,60.468209],[32.529454,60.467531],[32.531326,60.466457],[32.533649,60.464653],[32.534783,60.463589],[32.535554,60.462351],[32.535594,60.460653],[32.535833,60.459932],[32.537188,60.457783],[32.537892,60.457128],[32.53827,60.456872],[32.539737,60.456219],[32.541745,60.455795],[32.545083,60.45527],[32.545781,60.455016],[32.546534,60.454537],[32.546711,60.453734],[32.546012,60.451968],[32.546196,60.451085],[32.547256,60.45023],[32.549874,60.448974],[32.550225,60.448464],[32.550014,60.447985],[32.548046,60.447058],[32.547516,60.446696],[32.54714,60.445859],[32.547282,60.445209],[32.548458,60.444025],[32.550406,60.442813],[32.553499,60.441415],[32.553845,60.441044],[32.553641,60.440562],[32.550753,60.438994],[32.549468,60.437782],[32.548972,60.43671],[32.548925,60.435937],[32.548286,60.435167],[32.546396,60.434351],[32.545346,60.434167],[32.544021,60.434072],[32.543639,60.433983],[32.543405,60.433819],[32.543374,60.433633],[32.543676,60.433397],[32.545042,60.433071],[32.545766,60.432756],[32.545965,60.432504],[32.545923,60.432229],[32.545357,60.43187],[32.542527,60.431059],[32.541654,60.430583],[32.541497,60.430135],[32.542055,60.42976],[32.544215,60.429175],[32.545088,60.428738],[32.545453,60.428421],[32.545496,60.427544],[32.544926,60.426844],[32.544415,60.426496],[32.543094,60.425908],[32.541899,60.425646]]]}},{"type":"Feature","properties":{"depth_m":15,"source":"ГУНиО МО, навигационная карта № 25070 «Свирская губа», 1:50 000; скан ladoga-lake.ru (https://ladoga-lake.ru/maps/navi_su/navi-su-13.html)","chart":"25070","chart_sheet":"13","n_lines":25,"method":"полуавтоматическая векторизация чёрных изобат со скана (порог+скелетизация+сшивка), глубина подписана вручную по надписям на изобатах; привязка по картографической сетке","datum":"WGS84 (СК-42 → WGS84 по PROJ; поправка, напечатанная на карте, давала 8–9 м к востоку — research/alignment_report.md)","depth_datum":"от среднего многолетнего уровня Ладожского озера (+5,1 м БС)"},"geometry":{"type":"MultiLineString","coordinates":[[[32.539141,60.623082],[32.538598,60.622361],[32.536849,60.621214],[32.536424,60.620332],[32.53666,60.616241],[32.537043,60.614774],[32.538089,60.613095],[32.538958,60.612348],[32.542971,60.609859],[32.544129,60.608673],[32.544681,60.607639],[32.544239,60.605491],[32.543864,60.604699],[32.543349,60.604088],[32.542458,60.602524],[32.542249,60.601488],[32.542671,60.600244],[32.543277,60.599429],[32.544244,60.598551],[32.546152,60.597208],[32.546736,60.596522],[32.546859,60.594972],[32.546237,60.59164],[32.546236,60.590779],[32.546948,60.589154],[32.548831,60.587197],[32.549387,60.585996],[32.549884,60.585431],[32.549717,60.584165],[32.548445,60.582044],[32.548117,60.581096],[32.548084,60.579455],[32.548648,60.578207],[32.549288,60.577386],[32.550214,60.576496],[32.550965,60.575426],[32.550982,60.575242],[32.550506,60.575005],[32.550448,60.574881],[32.551167,60.574379],[32.551639,60.573881],[32.552375,60.571858],[32.55272,60.570339],[32.552717,60.56752],[32.552247,60.566345],[32.552131,60.565688],[32.552312,60.565008],[32.553498,60.562541],[32.553908,60.560361],[32.554224,60.559497],[32.553916,60.557713],[32.552439,60.55542],[32.552262,60.55467],[32.552395,60.553219]],[[32.561742,60.6312],[32.560907,60.631383],[32.560148,60.631373],[32.558983,60.631117],[32.558027,60.630746],[32.557129,60.630283],[32.556603,60.62985],[32.555496,60.628109],[32.555229,60.627953],[32.55469,60.627877],[32.554234,60.628014],[32.55374,60.628703],[32.553229,60.630317],[32.552688,60.630823],[32.552069,60.631089],[32.549923,60.631444],[32.543666,60.632131],[32.541336,60.632225],[32.539882,60.632003],[32.538718,60.631581],[32.537857,60.631004],[32.536692,60.629775],[32.536204,60.628549],[32.536203,60.627411],[32.53645,60.626583],[32.537234,60.625689],[32.538801,60.624742],[32.539142,60.624335]],[[32.554867,60.549642],[32.557373,60.547],[32.558539,60.544996],[32.558876,60.543625],[32.558884,60.540805],[32.559016,60.540289],[32.558904,60.539201],[32.55871,60.53878],[32.558169,60.538182],[32.557023,60.537639],[32.556196,60.537359],[32.555,60.537177],[32.553277,60.537158],[32.551373,60.537596],[32.550615,60.537661],[32.549756,60.537509],[32.549198,60.537136],[32.549138,60.536367],[32.54933,60.53601],[32.550861,60.534965],[32.552489,60.534181],[32.553088,60.533648],[32.553062,60.533157]],[[32.563596,60.626872],[32.56256,60.627427],[32.562142,60.627918],[32.56205,60.628416],[32.562515,60.62953]],[[32.562676,60.640005],[32.561902,60.639884],[32.561357,60.639604],[32.560992,60.639143],[32.561097,60.638857],[32.561633,60.638419],[32.563229,60.637637],[32.563882,60.637014],[32.564049,60.636518],[32.563957,60.634845],[32.564495,60.633989],[32.565424,60.633232],[32.567129,60.632328],[32.568475,60.631224],[32.569665,60.629634],[32.569788,60.628376],[32.569602,60.627888],[32.569284,60.627633],[32.568274,60.627175],[32.567078,60.626871]],[[32.599054,60.647965],[32.599208,60.648041],[32.599209,60.64926],[32.599086,60.649664],[32.598469,60.650809],[32.597182,60.652467],[32.594869,60.654564],[32.592954,60.65605],[32.592088,60.656527],[32.591382,60.65666],[32.590673,60.656553],[32.589327,60.655998],[32.587274,60.654816],[32.58134,60.650667],[32.580583,60.649742],[32.580481,60.649234],[32.580759,60.648639],[32.581563,60.647893]],[[32.60354,60.642424],[32.604917,60.641733],[32.605912,60.641007],[32.606595,60.640303],[32.607742,60.638591],[32.608567,60.637741],[32.610377,60.636822],[32.611587,60.636512],[32.613697,60.636162],[32.617863,60.635898],[32.620083,60.635569],[32.623589,60.634341],[32.624168,60.634222],[32.625763,60.634086],[32.627571,60.633784],[32.628748,60.63345],[32.630489,60.632719],[32.631721,60.63243],[32.633517,60.632414],[32.634338,60.632627],[32.634976,60.633054],[32.636444,60.63463],[32.637126,60.635055],[32.638391,60.635649],[32.639929,60.636116],[32.642769,60.637189],[32.644316,60.637475],[32.644948,60.637476],[32.645464,60.637385],[32.645812,60.637174],[32.645951,60.636895],[32.645889,60.636271],[32.645537,60.635864],[32.644086,60.635059],[32.641932,60.634359],[32.640267,60.633603],[32.639798,60.633153],[32.639446,60.632208],[32.64036,60.630695],[32.640361,60.630153],[32.640063,60.629304],[32.640186,60.628529],[32.640682,60.628268],[32.641216,60.628158],[32.643262,60.628197],[32.644195,60.628057],[32.644558,60.627838],[32.644707,60.627576],[32.644242,60.626855]],[[32.643777,60.626153],[32.644086,60.625514],[32.644829,60.625177],[32.646408,60.625108],[32.648699,60.625229],[32.649492,60.625096],[32.650092,60.624705],[32.649968,60.624234]],[[32.648522,60.623125],[32.648233,60.622843],[32.648078,60.62242],[32.648121,60.621642],[32.648371,60.621177],[32.649681,60.620411],[32.651972,60.619636],[32.65233,60.619394],[32.652547,60.619024],[32.652479,60.618406],[32.652255,60.617923],[32.650396,60.616025],[32.650272,60.615615],[32.650473,60.615235],[32.651092,60.615022],[32.651981,60.615107],[32.657116,60.617498]],[[32.662206,60.636722],[32.662126,60.635904],[32.661542,60.635507],[32.660915,60.635229],[32.658257,60.634471],[32.656173,60.634127],[32.65415,60.633643],[32.653565,60.633641],[32.653101,60.633786],[32.652915,60.634067],[32.653039,60.634393],[32.653535,60.63475],[32.656478,60.636116]],[[32.659089,60.618277],[32.660922,60.618882],[32.662552,60.619286],[32.663546,60.619448],[32.664978,60.619467],[32.666559,60.619192],[32.668698,60.618423],[32.669821,60.617589],[32.669917,60.616706],[32.669421,60.616013],[32.66916,60.615334],[32.669191,60.615035],[32.669485,60.614792],[32.670088,60.614701],[32.670692,60.614752],[32.672605,60.615498],[32.674084,60.6159],[32.674951,60.615967],[32.675987,60.615853],[32.67703,60.615522],[32.677967,60.614988],[32.680625,60.612502],[32.681451,60.612147],[32.682937,60.611889]],[[32.666811,60.838907],[32.666346,60.838329],[32.666392,60.837931],[32.666594,60.837648],[32.66836,60.836721],[32.67016,60.835939],[32.671801,60.834481],[32.672231,60.833781]],[[32.670839,60.837097],[32.671283,60.836924],[32.672728,60.836048],[32.675691,60.835313],[32.676537,60.834984],[32.677315,60.834524],[32.678023,60.833793],[32.678497,60.832718],[32.679177,60.831952],[32.682356,60.828908],[32.684259,60.827422],[32.685821,60.82594],[32.686488,60.824858],[32.686632,60.824184],[32.686631,60.823442],[32.686429,60.822766],[32.685832,60.821948],[32.684771,60.821264],[32.683438,60.820872],[32.682875,60.820811],[32.681834,60.820842],[32.680898,60.821113],[32.678787,60.822499],[32.677449,60.823802],[32.677065,60.82437],[32.677152,60.825133],[32.677668,60.825629],[32.678667,60.826326],[32.678779,60.826905],[32.678423,60.827146],[32.677526,60.827459],[32.675382,60.82771],[32.674628,60.828127],[32.674625,60.828278],[32.675252,60.828756],[32.675738,60.829335],[32.675946,60.829936],[32.675947,60.830614],[32.675792,60.83069]],[[32.694745,60.674039],[32.69459,60.674115],[32.690573,60.674343],[32.687613,60.674343],[32.68655,60.674419],[32.684514,60.67442],[32.680655,60.674254],[32.678501,60.673956],[32.676961,60.67357],[32.67591,60.673047],[32.675618,60.672696],[32.675638,60.672523],[32.676356,60.672014],[32.67686,60.671824],[32.677928,60.671698],[32.679445,60.671691],[32.684463,60.671993],[32.685818,60.672292],[32.686537,60.672145],[32.68978,60.672296],[32.693203,60.672296],[32.694885,60.672394],[32.695673,60.672523]],[[32.715323,60.615664],[32.712187,60.615262],[32.710387,60.61517],[32.709117,60.615248],[32.707742,60.615551],[32.705551,60.616597],[32.704429,60.617262],[32.702271,60.618784],[32.700258,60.620463],[32.698892,60.621214],[32.698227,60.621426],[32.697731,60.621335],[32.697542,60.621048],[32.697923,60.61975],[32.697687,60.619013],[32.696846,60.618272],[32.695328,60.617432]],[[32.704316,60.628518],[32.703164,60.628291],[32.701652,60.62823],[32.689606,60.628823],[32.682628,60.628824],[32.67877,60.628654],[32.677456,60.62853],[32.672253,60.628592],[32.669029,60.628439],[32.664785,60.628356],[32.661906,60.628144],[32.660329,60.628144],[32.658873,60.628296],[32.657885,60.628679],[32.657588,60.628934],[32.657415,60.629303],[32.657558,60.629701],[32.657775,60.629872],[32.658435,60.630143],[32.659199,60.630285],[32.663319,60.630391],[32.665624,60.630694],[32.666538,60.630887],[32.668691,60.631574],[32.67041,60.632458],[32.670897,60.632817],[32.671884,60.633886],[32.672579,60.634286],[32.673366,60.634511],[32.675063,60.634588],[32.675585,60.634485],[32.675929,60.634125],[32.675984,60.632772],[32.676169,60.632362],[32.676757,60.631937],[32.677918,60.631482],[32.678759,60.631406],[32.684663,60.631405],[32.688834,60.631252],[32.691156,60.631252],[32.692233,60.631328],[32.700919,60.631328],[32.702181,60.631251],[32.703722,60.63113],[32.704777,60.630864],[32.705841,60.630334],[32.706175,60.629733],[32.70633,60.629657]],[[32.710815,60.845681],[32.71345,60.845907],[32.716211,60.845888],[32.717317,60.845671],[32.718149,60.845203],[32.719789,60.843512],[32.72136,60.841217],[32.7218,60.840068],[32.721812,60.839641],[32.72147,60.838506],[32.720868,60.837825],[32.719544,60.836912],[32.719361,60.83652],[32.719639,60.836291],[32.720339,60.836109],[32.723163,60.835929],[32.723791,60.835714],[32.723977,60.835506]],[[32.732438,60.623025],[32.732296,60.622145],[32.731616,60.621382],[32.727863,60.619553],[32.726845,60.618856],[32.726765,60.618644],[32.726889,60.618318],[32.727797,60.617404],[32.728003,60.616982],[32.727947,60.616225],[32.727724,60.61594],[32.727228,60.615606],[32.72671,60.615431],[32.725922,60.615292],[32.724418,60.615227],[32.719622,60.615964],[32.717446,60.615949]],[[32.725673,60.824877],[32.725672,60.824114],[32.72618,60.822859],[32.728056,60.820691],[32.729877,60.819085],[32.730084,60.818557],[32.730703,60.818006],[32.731469,60.816683],[32.731686,60.815848],[32.732427,60.814724],[32.733262,60.814094],[32.735864,60.812957],[32.736891,60.812336],[32.736973,60.811593],[32.736725,60.81099],[32.736321,60.810553],[32.735164,60.80969],[32.734916,60.809419],[32.73492,60.809188],[32.735499,60.809037],[32.736033,60.809104],[32.737618,60.809851],[32.7387,60.810125],[32.740178,60.809984],[32.740612,60.80979],[32.740821,60.809525],[32.740704,60.808793],[32.739246,60.807767],[32.738719,60.806615],[32.738626,60.806104],[32.738095,60.805241],[32.736392,60.803287],[32.736431,60.802527],[32.737242,60.801236],[32.736975,60.799914],[32.737035,60.797201],[32.736599,60.796837],[32.735783,60.796608],[32.735256,60.796214],[32.734194,60.795737],[32.733845,60.795471],[32.733705,60.795177],[32.73373,60.79488],[32.733953,60.794623],[32.734383,60.794448],[32.734767,60.794418],[32.736067,60.794535],[32.740638,60.795771],[32.743028,60.796144],[32.743909,60.796185],[32.745007,60.796107],[32.7461,60.795753],[32.746645,60.795235],[32.746719,60.794923],[32.746533,60.794619],[32.745479,60.794037],[32.742259,60.793018],[32.740397,60.792203],[32.740054,60.791942],[32.739899,60.791565],[32.739992,60.79141],[32.740209,60.791338],[32.740364,60.791376]],[[32.770457,60.642404],[32.771194,60.641935],[32.771657,60.641259],[32.771696,60.640723],[32.771346,60.639825],[32.770316,60.638752],[32.767731,60.636995],[32.766575,60.635816],[32.766385,60.635451],[32.766013,60.635261],[32.757492,60.6332],[32.754948,60.632709],[32.750909,60.632247],[32.745997,60.632006],[32.743326,60.632006],[32.742285,60.63209],[32.738777,60.632154],[32.734982,60.632159],[32.732782,60.631916],[32.731132,60.631537],[32.729589,60.630869],[32.729034,60.63052],[32.728166,60.62973]],[[32.737456,60.626389],[32.738503,60.626486],[32.742198,60.627117],[32.744841,60.627698],[32.745263,60.627907],[32.745506,60.628165],[32.745687,60.628954],[32.745449,60.629167],[32.744199,60.629415],[32.740385,60.629425],[32.738106,60.629344],[32.736534,60.629193],[32.730334,60.629123]],[[32.739743,60.790697],[32.739598,60.790356],[32.739612,60.789826],[32.739835,60.789534],[32.740225,60.789301],[32.740913,60.789198],[32.743625,60.789251],[32.744441,60.789186],[32.745754,60.788793],[32.745939,60.788544],[32.745753,60.788283],[32.74525,60.788099],[32.743408,60.787726],[32.742535,60.787445],[32.741621,60.786982],[32.739403,60.785581],[32.738333,60.785221],[32.737519,60.785184],[32.736703,60.78529],[32.735216,60.785925],[32.734303,60.786204],[32.733492,60.786242],[32.731801,60.786157],[32.731038,60.786689],[32.730569,60.787367],[32.730071,60.787813],[32.726445,60.789494],[32.725251,60.79043],[32.725168,60.79061],[32.725398,60.790849],[32.727036,60.791457],[32.727692,60.79186],[32.727952,60.792245],[32.727971,60.792895],[32.727593,60.793937],[32.72671,60.794687],[32.72503,60.795514],[32.724054,60.795726],[32.723693,60.795711],[32.722421,60.795063],[32.72104,60.79369],[32.720645,60.793438],[32.71902,60.792887],[32.716883,60.792405],[32.715608,60.791744],[32.714685,60.790691],[32.714377,60.78926],[32.713468,60.787884],[32.713405,60.787453],[32.71356,60.787038],[32.713788,60.786873],[32.715329,60.786464],[32.717454,60.78632],[32.719511,60.78654],[32.721236,60.78654],[32.722197,60.786421],[32.722982,60.786163],[32.723937,60.785507],[32.724355,60.784878],[32.724849,60.783241],[32.725819,60.781942],[32.726874,60.781022],[32.728753,60.779898],[32.732427,60.778167],[32.733226,60.777576],[32.736006,60.776571],[32.738987,60.775215],[32.739098,60.774975],[32.738815,60.773944],[32.736962,60.772225],[32.735905,60.770186],[32.735853,60.768793],[32.736232,60.767572],[32.736703,60.767055],[32.737191,60.766919],[32.7383,60.766937],[32.740373,60.767475],[32.742054,60.767712],[32.74374,60.767787],[32.746409,60.767606],[32.747309,60.76735],[32.747656,60.767129],[32.747695,60.766866],[32.747513,60.766561],[32.746673,60.766087],[32.745175,60.765672],[32.742668,60.765231],[32.7406,60.764737],[32.739303,60.764167],[32.738884,60.763738],[32.738831,60.762978],[32.73928,60.762228],[32.743596,60.758608],[32.744343,60.757716],[32.744317,60.757177],[32.744038,60.756927],[32.743372,60.756663],[32.740965,60.75609],[32.740675,60.755847],[32.740714,60.755567],[32.741,60.755287],[32.74158,60.754967],[32.743825,60.754311],[32.744743,60.753934],[32.745899,60.75376],[32.748382,60.753129],[32.74944,60.752552],[32.750039,60.751962],[32.750805,60.750535],[32.751113,60.75044],[32.751993,60.750405],[32.752391,60.75023],[32.752577,60.749774],[32.752333,60.749697],[32.751253,60.749716],[32.750902,60.749648],[32.750374,60.749077],[32.749324,60.748598],[32.748746,60.748182],[32.748583,60.747898],[32.748695,60.74728],[32.749331,60.746729],[32.750102,60.746357],[32.751163,60.746039],[32.755952,60.745493],[32.757397,60.745207],[32.758187,60.744874],[32.758295,60.744677],[32.758202,60.74448],[32.757506,60.744145],[32.756912,60.744049],[32.754449,60.743906],[32.753187,60.743611],[32.752748,60.743271],[32.752903,60.742893],[32.753844,60.742651],[32.757166,60.742635],[32.758909,60.742459],[32.760262,60.742093],[32.760678,60.741879],[32.760901,60.741606],[32.760857,60.741296],[32.760561,60.741055],[32.757656,60.740447],[32.756438,60.739986],[32.75522,60.73937],[32.754409,60.738594],[32.754135,60.73741],[32.754913,60.735604],[32.756483,60.733592],[32.758919,60.73137],[32.761644,60.729525],[32.762989,60.728386],[32.763466,60.727681],[32.764291,60.725719],[32.764298,60.724822],[32.76359,60.724024],[32.762901,60.723651],[32.761701,60.723185],[32.758174,60.722183],[32.757348,60.72183],[32.756976,60.721573],[32.756665,60.721173],[32.756572,60.720449],[32.756726,60.720064],[32.757206,60.719638],[32.758281,60.719111],[32.759507,60.71872],[32.760241,60.718348],[32.760575,60.717507],[32.761243,60.716992],[32.761743,60.716788],[32.763353,60.716364],[32.764297,60.71592],[32.76461,60.715643],[32.765211,60.71471],[32.765706,60.712681],[32.765705,60.711599],[32.765361,60.710622],[32.764929,60.710001],[32.7631,60.708426],[32.762523,60.707542],[32.762447,60.706228],[32.762732,60.704714],[32.762409,60.703506],[32.761872,60.702673],[32.761825,60.702134],[32.761987,60.701848],[32.762786,60.701393],[32.765052,60.700765],[32.766108,60.700232],[32.766612,60.699379],[32.7665,60.698403],[32.766262,60.698021],[32.765746,60.697558],[32.76476,60.696998],[32.763543,60.696601],[32.761407,60.69617],[32.758192,60.695775],[32.750075,60.695234],[32.74814,60.695065],[32.74654,60.694819],[32.744935,60.694374],[32.743806,60.69376],[32.743432,60.693418],[32.743413,60.69271],[32.743664,60.692435],[32.74515,60.691647],[32.746655,60.691175],[32.748587,60.690825],[32.753754,60.690346],[32.758908,60.690111],[32.764297,60.689709],[32.766909,60.689331],[32.76861,60.688872],[32.769715,60.688357],[32.770078,60.688097],[32.770658,60.687276],[32.770798,60.686842],[32.770385,60.685916],[32.769415,60.684868],[32.768823,60.683959],[32.768861,60.683336],[32.769299,60.682763],[32.77004,60.682219],[32.770639,60.681916],[32.77211,60.68148],[32.773363,60.68127],[32.776681,60.680991],[32.778528,60.680634],[32.779295,60.680307],[32.779785,60.679956],[32.779933,60.679652],[32.779933,60.679111]],[[32.778848,60.678353],[32.773298,60.677881],[32.770455,60.677765],[32.767083,60.677434],[32.765274,60.677123],[32.7629,60.676559],[32.761804,60.675997],[32.761589,60.675716],[32.761595,60.675312],[32.761774,60.674917],[32.76218,60.674518],[32.763834,60.673755],[32.764814,60.673567],[32.765665,60.673513],[32.767702,60.673566],[32.769165,60.673721],[32.773591,60.674465],[32.775709,60.674465],[32.778201,60.67408],[32.77968,60.67353],[32.78172,60.673057],[32.786853,60.672403],[32.788258,60.672296],[32.79168,60.671747],[32.792769,60.671444],[32.794015,60.670908],[32.794593,60.670443],[32.794799,60.670032],[32.794752,60.669416],[32.794392,60.668967],[32.793128,60.668345],[32.792375,60.66809],[32.784087,60.666006],[32.781093,60.665436],[32.774709,60.664377],[32.767656,60.663663],[32.761653,60.663266],[32.75552,60.663273],[32.752885,60.663621],[32.751935,60.663899],[32.751308,60.664199],[32.75056,60.664733],[32.749679,60.665604],[32.74878,60.666069],[32.747842,60.666342],[32.746323,60.66635],[32.744749,60.665991],[32.741986,60.664787],[32.74107,60.664469],[32.737212,60.663578],[32.735523,60.663307],[32.732516,60.662985],[32.724024,60.662425],[32.721353,60.662368],[32.718236,60.662151],[32.716577,60.661959],[32.715745,60.661778],[32.715061,60.661525],[32.714329,60.661059],[32.714268,60.660785],[32.71446,60.660494],[32.715517,60.659875],[32.716427,60.659649],[32.718265,60.65948],[32.73036,60.65955],[32.73467,60.659401],[32.737342,60.6594],[32.74076,60.659258],[32.747988,60.658786],[32.752211,60.658723],[32.753268,60.65864],[32.76242,60.65864],[32.766746,60.658791],[32.772952,60.658791],[32.773845,60.658715],[32.775351,60.658442],[32.776503,60.657953],[32.777209,60.657417],[32.777259,60.656697],[32.776779,60.65623],[32.775709,60.655857],[32.774005,60.65564],[32.772337,60.655529],[32.770299,60.655529],[32.766738,60.655388],[32.763766,60.655169],[32.759653,60.654741],[32.758033,60.654479],[32.755927,60.65385],[32.75531,60.653546],[32.754032,60.652509],[32.753102,60.65197],[32.751689,60.651368],[32.750068,60.650957],[32.748209,60.65064],[32.746144,60.650524],[32.739198,60.650502],[32.737827,60.650254],[32.736862,60.649898],[32.736115,60.649272],[32.73594,60.648965],[32.735941,60.648516],[32.736261,60.648112],[32.737801,60.647344],[32.740241,60.6465],[32.742562,60.645509],[32.74442,60.644295],[32.74615,60.642714],[32.74713,60.642284],[32.748152,60.642178]],[[32.749587,60.701539],[32.748537,60.701282],[32.746856,60.701243],[32.742985,60.701804],[32.739079,60.702018],[32.738005,60.702245],[32.737228,60.702783],[32.736887,60.703649],[32.736959,60.704709],[32.737389,60.705543],[32.73795,60.706039],[32.738361,60.70616],[32.73897,60.70621],[32.739975,60.706087],[32.740738,60.705762],[32.741853,60.704943],[32.74344,60.704139],[32.749392,60.702939],[32.750362,60.702525],[32.750826,60.70207]],[[32.771542,60.643618],[32.771697,60.643694],[32.77211,60.643684],[32.773163,60.643541],[32.774865,60.643128],[32.776809,60.642806],[32.778544,60.642783],[32.7798,60.64295],[32.781576,60.643783],[32.782567,60.64466],[32.783193,60.645787],[32.783442,60.647381],[32.782467,60.648435],[32.78113,60.64923],[32.779558,60.649901],[32.776494,60.650894],[32.772332,60.651858],[32.768915,60.652192],[32.766127,60.652192],[32.762429,60.651955],[32.759756,60.651898],[32.756228,60.65157],[32.751634,60.650111],[32.748321,60.649185],[32.746815,60.648526],[32.746338,60.648171],[32.746069,60.647805],[32.746266,60.647004],[32.746708,60.646553],[32.749587,60.644492],[32.750291,60.64371],[32.750476,60.643088]]]}},{"type":"Feature","properties":{"depth_m":20,"source":"ГУНиО МО, навигационная карта № 25068 «От маяка Кареджи до маяка Сухо», 1:50 000; скан ladoga-lake.ru (https://ladoga-lake.ru/maps/navi_su/navi-su-18.html)","chart":"25068","chart_sheet":"18","n_lines":12,"method":"полуавтоматическая векторизация чёрных изобат со скана (порог+скелетизация+сшивка), глубина подписана вручную по надписям на изобатах; привязка по картографической сетке","datum":"WGS84 (СК-42 → WGS84 по PROJ; поправка, напечатанная на карте, давала 8–9 м к востоку — research/alignment_report.md)","depth_datum":"от среднего многолетнего уровня Ладожского озера (+5,1 м БС)"},"geometry":{"type":"MultiLineString","coordinates":[[[31.429482,60.416106],[31.429626,60.415598],[31.430962,60.413008],[31.431693,60.411903],[31.433868,60.409818],[31.438379,60.406841],[31.439507,60.405802],[31.440709,60.403891],[31.441754,60.403102],[31.442163,60.402887],[31.442683,60.402788],[31.443498,60.402787],[31.444103,60.402887],[31.444842,60.40329],[31.445646,60.404286],[31.446341,60.404625]],[[31.447885,60.401927],[31.44702,60.401212],[31.4459,60.400044],[31.445732,60.399729],[31.445737,60.399279],[31.446073,60.398928],[31.447546,60.398372],[31.44834,60.397921],[31.448746,60.397443],[31.449186,60.396195],[31.449557,60.395682],[31.450542,60.395004],[31.451752,60.394541],[31.452892,60.394281],[31.455204,60.394008],[31.456496,60.393602],[31.457106,60.39319],[31.458624,60.391702],[31.459828,60.391104],[31.460368,60.390405],[31.462258,60.388902],[31.463512,60.38797],[31.465657,60.386727],[31.467563,60.385055],[31.468619,60.384501],[31.469363,60.384269],[31.470881,60.384006],[31.473048,60.383967],[31.474486,60.384213],[31.475869,60.384808],[31.477034,60.385684],[31.477687,60.386708],[31.477906,60.38897],[31.478263,60.390076],[31.47876,60.3905],[31.479481,60.390816],[31.480015,60.390892],[31.480697,60.390784],[31.481409,60.390267],[31.482078,60.388692],[31.482754,60.388047],[31.483393,60.387764],[31.485156,60.387313],[31.486255,60.386943],[31.486874,60.386642],[31.487401,60.386195],[31.487524,60.385879],[31.487456,60.385431],[31.486418,60.384503],[31.486009,60.383632],[31.485971,60.382635],[31.486269,60.38174],[31.486589,60.381279],[31.487848,60.380027],[31.48875,60.379479],[31.490534,60.377656],[31.491416,60.377025],[31.49248,60.37654],[31.493575,60.376266],[31.494837,60.376237],[31.496245,60.376365],[31.499155,60.376836],[31.500886,60.376982],[31.50302,60.377436],[31.505351,60.378459],[31.50648,60.378795],[31.507199,60.378815],[31.507819,60.378596],[31.508408,60.37819],[31.509016,60.377295],[31.509742,60.376636],[31.5115,60.37576],[31.512187,60.375232],[31.513223,60.373015],[31.513814,60.372192],[31.514665,60.371389],[31.515882,60.370825],[31.518198,60.370195],[31.519577,60.369731],[31.520367,60.369361],[31.522368,60.367809],[31.524419,60.366515],[31.531068,60.363193],[31.532666,60.362602],[31.537162,60.361577],[31.53817,60.361234],[31.539373,60.360311],[31.54036,60.357972],[31.540848,60.357398],[31.54253,60.355951],[31.543338,60.354],[31.54395,60.353313],[31.544732,60.352841],[31.545578,60.352553],[31.547506,60.352171],[31.548886,60.35214],[31.549041,60.352063]],[[31.507667,60.381552],[31.507667,60.381436],[31.508224,60.381135],[31.511574,60.38048],[31.513549,60.379848],[31.515218,60.378983],[31.516609,60.377769],[31.51715,60.377467],[31.517831,60.377244],[31.518444,60.377161],[31.519588,60.37717],[31.521749,60.377478],[31.522816,60.377863],[31.52343,60.378464],[31.523785,60.379284],[31.523656,60.379795],[31.522369,60.380995],[31.52055,60.382087],[31.519587,60.383005],[31.519108,60.383829],[31.518868,60.38465],[31.519006,60.385224],[31.51944,60.385807],[31.520242,60.386465],[31.520485,60.386968],[31.52032,60.387372],[31.519286,60.387867],[31.518728,60.387962],[31.517499,60.387999],[31.516507,60.387693],[31.515845,60.387181],[31.515625,60.386307],[31.514942,60.385639],[31.51313,60.385089],[31.512479,60.38471],[31.512098,60.384303],[31.511359,60.383788],[31.510165,60.383251],[31.508789,60.382771],[31.508288,60.382476]],[[31.554004,60.353837],[31.554489,60.353754],[31.556422,60.353079],[31.558081,60.35297],[31.558981,60.353082],[31.561142,60.3539],[31.562859,60.354362],[31.564133,60.354522],[31.565375,60.354481],[31.566554,60.354221],[31.567781,60.353672],[31.568918,60.352687],[31.569854,60.352141],[31.570389,60.351987],[31.572065,60.351753],[31.575884,60.351745],[31.577316,60.351821],[31.579396,60.351999],[31.582553,60.352566],[31.58448,60.352595],[31.585768,60.352255],[31.58719,60.351586],[31.590157,60.349353],[31.591533,60.348588],[31.592153,60.348419]],[[31.651258,60.372558],[31.64751,60.37249],[31.642261,60.372232],[31.639899,60.371805],[31.639165,60.371554],[31.638576,60.371237],[31.638023,60.370654],[31.637957,60.370243],[31.63849,60.369374],[31.640958,60.366769],[31.641018,60.365619],[31.640708,60.365156]],[[31.641329,60.374103],[31.64208,60.373868],[31.642694,60.373794],[31.644208,60.373799],[31.645605,60.373941],[31.648298,60.374023],[31.650339,60.374023],[31.651971,60.373868],[31.652654,60.373637]],[[31.692216,60.382571],[31.690975,60.382879],[31.688911,60.384406],[31.687121,60.38498],[31.685399,60.385255],[31.68293,60.385424],[31.680883,60.385317],[31.679417,60.385078],[31.677866,60.384616],[31.677219,60.384321],[31.676742,60.383951],[31.676236,60.382806],[31.676236,60.38165],[31.676009,60.380774],[31.675424,60.379704],[31.674995,60.379336],[31.674204,60.379059],[31.673,60.378973],[31.671697,60.378987],[31.670349,60.37873],[31.669608,60.378395],[31.668134,60.377347],[31.666721,60.376838],[31.664497,60.376461],[31.6621,60.37641],[31.661209,60.376476],[31.659737,60.37678],[31.65462,60.378677],[31.652187,60.379095],[31.650545,60.379163],[31.648753,60.37897],[31.647107,60.378467],[31.645352,60.37742],[31.642119,60.375876],[31.641795,60.37549]],[[31.717816,60.391427],[31.717661,60.39135],[31.717074,60.391306],[31.715965,60.391592],[31.715334,60.391658],[31.713939,60.391489],[31.711937,60.390872],[31.709903,60.38982],[31.708662,60.3893],[31.707421,60.389117]],[[31.728057,60.388575],[31.730244,60.387589],[31.732309,60.387049],[31.734092,60.386871],[31.737663,60.386784],[31.739048,60.386544],[31.739683,60.386259],[31.74013,60.385907],[31.741123,60.38434],[31.742197,60.383805],[31.745804,60.382749],[31.751109,60.381513],[31.751644,60.381328]],[[31.801591,60.409666],[31.801746,60.409589],[31.801654,60.409108],[31.800839,60.407291],[31.800387,60.406652],[31.798792,60.405349],[31.795094,60.403284],[31.794195,60.402191],[31.793994,60.40143],[31.794108,60.400809],[31.794626,60.400357],[31.796261,60.399505],[31.796715,60.398919],[31.79679,60.397574],[31.796421,60.396662],[31.795841,60.396203],[31.794755,60.395663],[31.79065,60.394243],[31.7889,60.393509],[31.786407,60.392646],[31.784985,60.391817],[31.784536,60.391368],[31.784381,60.390957],[31.784673,60.389349],[31.784557,60.38802],[31.78425,60.387394],[31.783572,60.38681],[31.781917,60.386036],[31.77928,60.385095],[31.775814,60.383339],[31.774137,60.382721],[31.772943,60.382386],[31.771198,60.382116],[31.768998,60.382096],[31.765837,60.382472],[31.764694,60.382451],[31.763925,60.382234],[31.76188,60.381032],[31.76077,60.380599],[31.759627,60.380409],[31.758256,60.380407],[31.757541,60.380479]],[[31.824548,60.415053],[31.825324,60.414899],[31.828759,60.413063],[31.829949,60.412575],[31.830725,60.412391],[31.832243,60.412241],[31.833482,60.412406],[31.834368,60.412821],[31.835145,60.413506],[31.835874,60.413899],[31.836595,60.414145],[31.837192,60.414206],[31.837765,60.414151],[31.838499,60.413957],[31.840681,60.412981],[31.841876,60.412646],[31.844034,60.412318],[31.846357,60.412207],[31.848179,60.411951]],[[31.850459,60.411514],[31.852245,60.411289],[31.855269,60.411283],[31.856174,60.411347],[31.858555,60.411723],[31.860542,60.412212],[31.861806,60.412716],[31.864931,60.413447],[31.867326,60.413922],[31.872102,60.414583],[31.874159,60.414694],[31.876279,60.414664],[31.879978,60.414128],[31.881544,60.413994],[31.882351,60.413989],[31.883033,60.414133]]]}},{"type":"Feature","properties":{"depth_m":20,"source":"ГУНиО МО, навигационная карта № 25069 «Волховская губа», 1:50 000; скан ladoga-lake.ru (https://ladoga-lake.ru/maps/navi_su/navi-su-16.html)","chart":"25069","chart_sheet":"16","n_lines":10,"method":"полуавтоматическая векторизация чёрных изобат со скана (порог+скелетизация+сшивка), глубина подписана вручную по надписям на изобатах; привязка по картографической сетке","datum":"WGS84 (СК-42 → WGS84 по PROJ; поправка, напечатанная на карте, давала 8–9 м к востоку — research/alignment_report.md)","depth_datum":"от среднего многолетнего уровня Ладожского озера (+5,1 м БС)"},"geometry":{"type":"MultiLineString","coordinates":[[[32.245199,60.421166],[32.245042,60.421088],[32.244632,60.421104],[32.244095,60.421243],[32.241713,60.422855],[32.23875,60.426128],[32.237857,60.427552],[32.2375,60.429301],[32.237777,60.430598],[32.237759,60.432418],[32.237332,60.433239],[32.236077,60.43471],[32.235721,60.435764],[32.235809,60.436506],[32.236935,60.438184],[32.236907,60.43894],[32.235852,60.439725],[32.231484,60.441741],[32.230299,60.442612],[32.229739,60.443517],[32.22946,60.444463],[32.228415,60.446828],[32.227501,60.447855],[32.225915,60.448913],[32.225383,60.449456],[32.224821,60.450469],[32.224883,60.451173],[32.224693,60.452154],[32.224166,60.453013],[32.222946,60.454346],[32.220871,60.456249],[32.218249,60.459014],[32.215843,60.461324],[32.214554,60.462306],[32.211839,60.463747],[32.207929,60.465235],[32.206175,60.466455],[32.203663,60.467686],[32.200973,60.468616],[32.197809,60.469861],[32.194047,60.47171],[32.191788,60.473079],[32.190662,60.474387],[32.189573,60.477098],[32.188957,60.477643],[32.188006,60.478191],[32.186332,60.478675],[32.184316,60.478859],[32.182962,60.478825],[32.180402,60.478523],[32.177758,60.478573],[32.176094,60.478725],[32.175505,60.478854],[32.17336,60.479657],[32.172152,60.480353],[32.168576,60.482885],[32.165131,60.484655],[32.162857,60.485163],[32.160684,60.485521],[32.157991,60.485706],[32.155468,60.486029],[32.151959,60.486794],[32.148256,60.487988],[32.144655,60.489755],[32.143011,60.490832],[32.140992,60.491755],[32.139383,60.49229],[32.137718,60.492636],[32.13538,60.492899],[32.133895,60.492986],[32.128431,60.492922],[32.125337,60.493274],[32.123072,60.493279],[32.122511,60.493142],[32.121967,60.492816],[32.121753,60.491886],[32.121538,60.491604],[32.121018,60.491459],[32.120372,60.491455],[32.119751,60.491559],[32.118403,60.491986],[32.113652,60.494286],[32.110701,60.495369],[32.108719,60.495764],[32.107061,60.495912],[32.105272,60.495911],[32.102992,60.496062],[32.100758,60.496476],[32.100119,60.496526],[32.09931,60.496472],[32.098845,60.496294],[32.098541,60.495986],[32.098661,60.495736],[32.099932,60.494984],[32.102425,60.493975],[32.103144,60.493596],[32.103747,60.492946],[32.103725,60.492555],[32.103409,60.492293],[32.103081,60.492185],[32.101869,60.492161],[32.100379,60.492431],[32.098103,60.493162],[32.097408,60.493286]],[[32.188654,60.482437],[32.189853,60.482581],[32.191179,60.482283],[32.192262,60.481726],[32.194347,60.480366],[32.194947,60.479781],[32.195128,60.479351],[32.194813,60.478995],[32.194277,60.478898],[32.193251,60.478918],[32.192499,60.479093],[32.190868,60.479747],[32.189446,60.480492],[32.18894,60.480823],[32.188814,60.481124]],[[32.244884,60.420933],[32.2452,60.420613],[32.246778,60.419784],[32.249781,60.417922],[32.251061,60.417309],[32.252141,60.417066]],[[32.257188,60.416447],[32.258659,60.416393],[32.261144,60.415845],[32.262188,60.415492],[32.262901,60.414935],[32.265284,60.414127],[32.266241,60.413963],[32.267955,60.413845],[32.270091,60.413564],[32.271534,60.413113],[32.27397,60.412154],[32.276525,60.411627],[32.27854,60.411415],[32.280652,60.411254],[32.283299,60.411195],[32.287047,60.411389],[32.290236,60.412002],[32.291357,60.412317],[32.294237,60.413735],[32.295025,60.413898],[32.295703,60.413836],[32.296276,60.413661],[32.297214,60.413197],[32.298658,60.412275],[32.299914,60.411654],[32.300645,60.4114],[32.301428,60.411252],[32.30336,60.411113],[32.305611,60.411113],[32.308452,60.411255],[32.312334,60.411578],[32.313195,60.411538],[32.314387,60.411319],[32.315013,60.411036],[32.315928,60.410179],[32.315976,60.409596],[32.315661,60.409266],[32.314731,60.408851],[32.313975,60.408631],[32.311332,60.408142],[32.309277,60.407945],[32.306819,60.407481],[32.304691,60.406764],[32.303702,60.406313],[32.303192,60.405951],[32.302978,60.405524],[32.303047,60.405205],[32.303704,60.40461],[32.304252,60.404452],[32.305084,60.404372],[32.306477,60.404456],[32.309752,60.405151],[32.311468,60.405216],[32.312308,60.405122],[32.313399,60.404592],[32.313979,60.403899],[32.314085,60.402937],[32.313624,60.402448],[32.313098,60.402257],[32.312046,60.402072],[32.308863,60.401846],[32.30376,60.400639],[32.301648,60.400295],[32.299625,60.400294],[32.29719,60.400737],[32.295527,60.400771],[32.294605,60.400486],[32.294078,60.400141],[32.293705,60.399395],[32.294,60.398906],[32.294608,60.398675],[32.296762,60.398486],[32.302053,60.398426],[32.303206,60.398605],[32.304811,60.399431],[32.30641,60.399666],[32.307306,60.39972],[32.309094,60.399668],[32.312459,60.399882],[32.31411,60.399888],[32.316463,60.399643],[32.321523,60.398351],[32.324593,60.397873],[32.327809,60.397631],[32.33415,60.397489],[32.338496,60.397257],[32.339761,60.397009],[32.340566,60.396696],[32.340982,60.396263],[32.341047,60.395661],[32.340866,60.395307],[32.340019,60.394515],[32.338251,60.393304],[32.337634,60.392726],[32.337466,60.392105],[32.337719,60.391835],[32.338737,60.391307],[32.339712,60.391017],[32.340568,60.390884],[32.342284,60.390751],[32.343744,60.390754],[32.34801,60.39103],[32.34948,60.391338],[32.349995,60.391627],[32.3499,60.392161],[32.348292,60.393522],[32.347768,60.394444],[32.347448,60.395737],[32.346375,60.397662],[32.345744,60.399188],[32.345502,60.400668],[32.345112,60.401506],[32.344629,60.401971],[32.342925,60.402728],[32.34151,60.402967],[32.33694,60.403017],[32.329941,60.402915],[32.324816,60.40298],[32.321865,60.403274],[32.321197,60.403528],[32.320819,60.403868],[32.320881,60.40434],[32.321669,60.404844],[32.322378,60.405076],[32.323788,60.405308],[32.325792,60.405373],[32.327696,60.405308],[32.332659,60.404999],[32.336782,60.404858],[32.338825,60.404941],[32.339427,60.405046],[32.339922,60.405235],[32.340199,60.405588],[32.340016,60.405945],[32.338976,60.406623],[32.335283,60.408343],[32.334788,60.408803],[32.334368,60.409857],[32.333902,60.410185],[32.333401,60.410325],[32.332763,60.410328],[32.331591,60.41003]],[[32.330328,60.413359],[32.328386,60.413146],[32.32591,60.41251],[32.324216,60.411795],[32.323187,60.410926],[32.322962,60.410496],[32.322925,60.409856],[32.323039,60.409553],[32.323436,60.409196],[32.324194,60.408861],[32.324938,60.408683],[32.325973,60.408637],[32.326708,60.408792]],[[32.336631,60.413281],[32.336788,60.413204],[32.34766,60.413205],[32.349038,60.41307],[32.352126,60.413252],[32.354769,60.413656],[32.360167,60.415047],[32.36484,60.415675],[32.367271,60.415901],[32.370487,60.416415],[32.37221,60.416923],[32.375933,60.417752],[32.378236,60.418061],[32.381051,60.41808],[32.383106,60.417911],[32.385459,60.417529],[32.387509,60.416997]],[[32.390348,60.413592],[32.39019,60.413515],[32.390048,60.412762],[32.389194,60.411606],[32.38846,60.411023],[32.387005,60.410284],[32.386041,60.409993],[32.384571,60.409697],[32.383038,60.409485],[32.380366,60.409301],[32.378419,60.409013],[32.377647,60.408716],[32.377117,60.408291],[32.377059,60.407818],[32.377438,60.407478],[32.379775,60.406687],[32.381334,60.405765],[32.382235,60.40456],[32.38248,60.40353],[32.382075,60.401431],[32.380395,60.399196],[32.379474,60.398358],[32.379411,60.397794],[32.378927,60.397181],[32.378927,60.396871],[32.379337,60.396479],[32.381831,60.395002],[32.382677,60.394186],[32.382947,60.393471],[32.38282,60.391443],[32.383172,60.39029],[32.383831,60.38932],[32.385977,60.388133],[32.387124,60.38778],[32.388837,60.387493],[32.391921,60.38719],[32.393676,60.387112],[32.39651,60.387112],[32.401706,60.387345],[32.403769,60.387298],[32.404683,60.387089],[32.405478,60.386721],[32.405974,60.386353],[32.406205,60.385836],[32.406128,60.385523],[32.405854,60.385253],[32.405283,60.384959],[32.404684,60.384819],[32.402811,60.384788],[32.399056,60.38509],[32.3957,60.385029],[32.392292,60.38468],[32.390924,60.384423],[32.390161,60.384091],[32.389925,60.383812],[32.390208,60.383027],[32.390529,60.382796],[32.39117,60.382536],[32.392372,60.382278],[32.398396,60.381999],[32.402348,60.381999],[32.404649,60.382152],[32.407518,60.3825],[32.410991,60.383401],[32.412409,60.384094],[32.413542,60.384788],[32.415428,60.38562],[32.417877,60.386137],[32.419959,60.386356],[32.422443,60.386795],[32.423537,60.387132],[32.424855,60.387376],[32.426652,60.388228],[32.427194,60.388842],[32.427369,60.389266],[32.427316,60.39013],[32.426756,60.390856],[32.42638,60.391121],[32.424233,60.391922],[32.422663,60.392699],[32.422165,60.393058],[32.421597,60.393885],[32.421837,60.394401],[32.423237,60.395479],[32.423573,60.396059],[32.423584,60.397418],[32.423269,60.398568],[32.423268,60.399587],[32.424392,60.402517],[32.424525,60.403994],[32.424523,60.405852],[32.424165,60.406925],[32.423593,60.407655],[32.422948,60.408096],[32.42207,60.408417],[32.420839,60.408641],[32.419132,60.408667],[32.418293,60.408518],[32.415283,60.407613],[32.41233,60.406463],[32.410769,60.406171],[32.409414,60.406224],[32.408872,60.406472],[32.408525,60.406789],[32.408461,60.408566],[32.407969,60.409791],[32.407345,60.410345],[32.40507,60.411598],[32.40427,60.412447],[32.404071,60.41304],[32.404297,60.414468],[32.404803,60.415081],[32.405315,60.415446],[32.406141,60.41579],[32.407317,60.416022],[32.408351,60.416068],[32.40918,60.415991],[32.410604,60.415712],[32.412212,60.415125],[32.414447,60.413988],[32.416488,60.413127],[32.41702,60.412769],[32.418566,60.411358],[32.420292,60.410434],[32.422221,60.409892],[32.423386,60.409773],[32.424048,60.409799]],[[32.407047,60.404924],[32.405543,60.404842],[32.404063,60.404451],[32.403017,60.403897],[32.402112,60.403032],[32.40189,60.402602],[32.401821,60.401862],[32.401971,60.399547],[32.401745,60.398857],[32.400937,60.397929],[32.400754,60.39749],[32.400899,60.397043],[32.401656,60.395859],[32.401653,60.394946],[32.40091,60.394081],[32.398626,60.392749],[32.398238,60.392147]],[[32.407836,60.403066],[32.4077,60.401589],[32.407995,60.400464],[32.408405,60.399969],[32.410623,60.398255],[32.410944,60.397447],[32.410782,60.396947],[32.409864,60.396031],[32.408172,60.395005],[32.40685,60.393951],[32.404661,60.392549],[32.402037,60.391295],[32.401074,60.391063]],[[32.524085,60.532692],[32.523839,60.531904],[32.520406,60.526852],[32.520023,60.525852],[32.519446,60.524872],[32.518756,60.522873],[32.517743,60.521147],[32.516883,60.520031],[32.515582,60.518835],[32.514334,60.518245],[32.513547,60.51806],[32.511502,60.517367],[32.511,60.517059],[32.510481,60.516379],[32.51052,60.515653],[32.510694,60.515243],[32.511144,60.514644],[32.512582,60.513202],[32.513578,60.511573],[32.513865,60.510662],[32.513866,60.509506],[32.513108,60.50761],[32.512395,60.506658],[32.51089,60.505572],[32.509679,60.504532],[32.508997,60.50414],[32.507675,60.502701],[32.5073,60.502097],[32.507131,60.501357],[32.507418,60.499315],[32.507733,60.498174],[32.507735,60.494472],[32.506435,60.491469],[32.506138,60.490001],[32.505501,60.48911],[32.505247,60.488476],[32.50522,60.48775],[32.505655,60.486513],[32.505693,60.485832],[32.505347,60.484914],[32.504,60.482814],[32.503451,60.480581],[32.502968,60.47951],[32.501089,60.476968],[32.500395,60.475491],[32.500217,60.474809],[32.500322,60.473934],[32.500758,60.472926],[32.501246,60.472237],[32.501249,60.47087],[32.50107,60.470208],[32.500241,60.468656],[32.498952,60.467334],[32.498547,60.466713],[32.498306,60.466084],[32.49827,60.464881],[32.49809,60.464716],[32.497005,60.464287],[32.496812,60.463609],[32.496088,60.463074],[32.49431,60.462227],[32.491228,60.461054],[32.489821,60.460355],[32.488702,60.459514],[32.487704,60.459078],[32.486822,60.45897],[32.485558,60.459029],[32.484493,60.459372],[32.483328,60.459882],[32.482714,60.460021],[32.482116,60.459959],[32.481361,60.459581],[32.480858,60.458931],[32.480788,60.457586],[32.47976,60.456231],[32.479702,60.455341],[32.479284,60.454456],[32.479271,60.453013],[32.478884,60.45173],[32.477827,60.451099],[32.474457,60.450123],[32.473437,60.449617],[32.472323,60.448121],[32.472002,60.447391],[32.471342,60.446609],[32.470956,60.446289],[32.469358,60.445376],[32.468613,60.444716],[32.46826,60.443988],[32.468166,60.442644],[32.467757,60.442142],[32.467264,60.441818],[32.466648,60.441547],[32.465208,60.441138],[32.461192,60.4408],[32.458436,60.440361],[32.456206,60.439485],[32.452846,60.438426],[32.451642,60.437855],[32.450553,60.436736],[32.450356,60.43597],[32.450443,60.435455],[32.451318,60.434246],[32.452503,60.433309],[32.453209,60.432489],[32.453293,60.431955],[32.452831,60.431465],[32.452181,60.431197],[32.450324,60.430725],[32.447759,60.429474],[32.445136,60.428893],[32.44129,60.427501],[32.438326,60.426969],[32.43397,60.426419],[32.430307,60.425582],[32.428288,60.42481],[32.426959,60.423976],[32.426651,60.423587],[32.426651,60.423281],[32.426935,60.42303],[32.427431,60.422847],[32.431423,60.422172],[32.439784,60.420369],[32.440414,60.420091],[32.44076,60.419827],[32.441017,60.418816],[32.440482,60.418255],[32.43978,60.417908],[32.438699,60.41766],[32.436975,60.417537],[32.434101,60.417674],[32.428499,60.418351],[32.426893,60.418466],[32.425127,60.418404],[32.423727,60.417925],[32.423054,60.417394],[32.422824,60.416474],[32.423715,60.413989],[32.423626,60.411892],[32.424677,60.410418]]]}},{"type":"Feature","properties":{"depth_m":20,"source":"ГУНиО МО, навигационная карта № 25070 «Свирская губа», 1:50 000; скан ladoga-lake.ru (https://ladoga-lake.ru/maps/navi_su/navi-su-13.html)","chart":"25070","chart_sheet":"13","n_lines":7,"method":"полуавтоматическая векторизация чёрных изобат со скана (порог+скелетизация+сшивка), глубина подписана вручную по надписям на изобатах; привязка по картографической сетке","datum":"WGS84 (СК-42 → WGS84 по PROJ; поправка, напечатанная на карте, давала 8–9 м к востоку — research/alignment_report.md)","depth_datum":"от среднего многолетнего уровня Ладожского озера (+5,1 м БС)"},"geometry":{"type":"MultiLineString","coordinates":[[[32.532177,60.62316],[32.531337,60.622249],[32.529455,60.621308],[32.529358,60.620898],[32.530905,60.618896],[32.532223,60.61573],[32.532429,60.614869],[32.534057,60.611771],[32.535039,60.61058],[32.535897,60.610122],[32.536252,60.609191],[32.536945,60.60796],[32.538032,60.60467],[32.538197,60.601879],[32.538398,60.601141],[32.539232,60.599378],[32.539878,60.596905],[32.5403,60.596148],[32.541249,60.595129],[32.541906,60.594072],[32.541781,60.593347],[32.540615,60.59213],[32.539927,60.590876],[32.539424,60.587844],[32.539578,60.587221],[32.539576,60.585168],[32.538904,60.583319],[32.537997,60.582321],[32.537407,60.580919],[32.537405,60.579155],[32.537559,60.578231],[32.537893,60.577108],[32.53872,60.57562],[32.539566,60.573307],[32.539565,60.572394],[32.538614,60.570128],[32.538507,60.56885],[32.539098,60.567892],[32.540374,60.566715],[32.54083,60.56593],[32.541513,60.565156],[32.542033,60.563045],[32.542032,60.56128],[32.541864,60.560414],[32.541152,60.559035],[32.539334,60.556879],[32.53524,60.55264],[32.534454,60.5512],[32.534592,60.549711],[32.534312,60.549013],[32.534065,60.548871],[32.533716,60.548822],[32.533121,60.548925],[32.521516,60.552024],[32.519249,60.552575],[32.518499,60.552621]],[[32.533971,60.548582],[32.533479,60.547989],[32.532474,60.547187],[32.531489,60.545892],[32.531181,60.544778],[32.531179,60.541809],[32.530717,60.540846],[32.527815,60.53782],[32.526194,60.536444],[32.524901,60.534903],[32.524515,60.533753],[32.524574,60.533157]],[[32.54039,60.639745],[32.539044,60.637988],[32.536849,60.636051],[32.53403,60.63403],[32.533309,60.633255],[32.531447,60.630289],[32.531278,60.629221],[32.530892,60.628113],[32.530426,60.627454],[32.529006,60.626114],[32.528929,60.625717],[32.52916,60.625363],[32.531713,60.624147]],[[32.588593,60.827462],[32.589119,60.827201],[32.591532,60.826475],[32.59746,60.8244],[32.603572,60.82284],[32.607485,60.821342],[32.609629,60.820203],[32.612615,60.818201],[32.615752,60.81629],[32.6162,60.815918],[32.619249,60.814118],[32.620232,60.813149],[32.620788,60.811737],[32.621265,60.811416],[32.621803,60.811344],[32.622434,60.811388],[32.623954,60.811803],[32.624993,60.811974],[32.629486,60.811995],[32.633184,60.81175],[32.636437,60.811441],[32.637981,60.811009],[32.638578,60.810606],[32.638702,60.810153],[32.638392,60.809685],[32.637669,60.809283],[32.636698,60.809002],[32.633192,60.808465],[32.628968,60.808299],[32.626028,60.80803],[32.62498,60.807696],[32.624639,60.80747],[32.624525,60.807213],[32.624639,60.806836],[32.625031,60.806363],[32.628494,60.802987],[32.631361,60.800627],[32.632685,60.799218],[32.63311,60.798596],[32.633339,60.797819],[32.633338,60.796741],[32.633113,60.796014],[32.63269,60.795092],[32.631957,60.794165],[32.631403,60.793147],[32.631168,60.792303],[32.631167,60.78852],[32.631001,60.788001],[32.630867,60.785346],[32.630545,60.783615],[32.630545,60.782029],[32.63039,60.781508],[32.630389,60.779981],[32.630853,60.776666],[32.630852,60.77508],[32.63116,60.772517],[32.631159,60.770314],[32.631296,60.769804],[32.631177,60.768418],[32.630848,60.767392],[32.630811,60.766777],[32.630429,60.765839],[32.629031,60.764269],[32.628648,60.762803],[32.628318,60.762096],[32.627548,60.761491],[32.626402,60.760864],[32.626139,60.76059],[32.625891,60.759902],[32.62589,60.758598],[32.626014,60.758199],[32.625889,60.756406],[32.625346,60.75496],[32.624124,60.753352],[32.621906,60.751348],[32.621593,60.750542],[32.621505,60.749775],[32.620902,60.74901],[32.619378,60.747963],[32.618279,60.7475],[32.616448,60.746888],[32.614946,60.746122],[32.614406,60.745687],[32.613702,60.744674],[32.612554,60.743492],[32.609442,60.741084],[32.60782,60.739682],[32.605748,60.738272],[32.602939,60.736552],[32.60004,60.7344],[32.594901,60.731022],[32.592703,60.729216],[32.590544,60.727784],[32.589961,60.727228],[32.589032,60.726774],[32.588397,60.726244],[32.585392,60.72478],[32.584569,60.723894],[32.583962,60.72274],[32.583137,60.721937],[32.582043,60.721106],[32.580221,60.720112],[32.579472,60.719575],[32.579147,60.719057],[32.578775,60.717627],[32.578553,60.717253],[32.575482,60.714641],[32.574283,60.71308],[32.573625,60.712508],[32.573035,60.712179],[32.571246,60.711491],[32.56889,60.711059],[32.56625,60.711034],[32.563631,60.711243],[32.562248,60.711262],[32.560607,60.711171],[32.558106,60.710852],[32.556507,60.710432],[32.554834,60.709741],[32.553122,60.708772],[32.551174,60.707231],[32.550111,60.706094],[32.549141,60.704358],[32.548146,60.703204],[32.548043,60.702803],[32.548209,60.702188],[32.548943,60.701575],[32.550232,60.700996],[32.551686,60.700709],[32.554118,60.700722],[32.554737,60.700662],[32.555718,60.700277],[32.556,60.699785],[32.555897,60.699488],[32.555682,60.699317],[32.552646,60.698087],[32.551494,60.697347],[32.551115,60.696976],[32.550633,60.696047],[32.550633,60.694825],[32.550894,60.6935],[32.550654,60.692994],[32.550111,60.692508],[32.548438,60.691761],[32.547212,60.691613],[32.546231,60.691628],[32.544458,60.691972],[32.542736,60.692699],[32.541511,60.693104],[32.539397,60.693497],[32.537696,60.693468],[32.535285,60.69275],[32.533802,60.692749],[32.533153,60.692961],[32.532205,60.693619],[32.531431,60.693996],[32.530675,60.694198],[32.529917,60.694215],[32.529429,60.694094],[32.528381,60.693604],[32.526875,60.692146],[32.524166,60.690114],[32.52367,60.689442],[32.523546,60.689014],[32.524009,60.687279],[32.523978,60.686764],[32.523648,60.686054],[32.522032,60.6842],[32.521885,60.683785],[32.522047,60.683255],[32.522949,60.682422],[32.523078,60.682115],[32.523037,60.681353],[32.522347,60.680206],[32.522364,60.67954],[32.524073,60.677754],[32.525228,60.675931],[32.525206,60.674606],[32.524493,60.673241],[32.524409,60.672231],[32.525119,60.67135],[32.526924,60.670124],[32.528469,60.668685],[32.52903,60.66788],[32.529351,60.666901],[32.529788,60.666125],[32.531896,60.665051],[32.534662,60.66398],[32.536013,60.663082]],[[32.539163,60.658979],[32.539627,60.657543],[32.539626,60.656545],[32.53916,60.65329],[32.539393,60.652203],[32.540241,60.650748]],[[32.610743,60.849464],[32.610944,60.848481],[32.611465,60.847555],[32.613746,60.844658],[32.613818,60.843784],[32.613343,60.843211],[32.612152,60.84288],[32.610414,60.842835],[32.608577,60.843004],[32.606996,60.843297],[32.603586,60.84359],[32.602732,60.843504],[32.599986,60.842983],[32.598049,60.842845],[32.594407,60.842901],[32.593101,60.842665],[32.592336,60.842308],[32.592059,60.841872],[32.592497,60.841075],[32.593786,60.840178],[32.594734,60.839137],[32.594747,60.838171],[32.594168,60.837261]],[[32.614841,60.796005],[32.614392,60.795713],[32.613599,60.795547],[32.612261,60.795489],[32.610093,60.795606],[32.608709,60.795729],[32.607261,60.795971],[32.606518,60.796303],[32.606456,60.796635],[32.607018,60.797054],[32.608609,60.797549],[32.610383,60.797914],[32.6119,60.797955],[32.613332,60.797721],[32.614261,60.797343],[32.614849,60.796822],[32.614887,60.79609]]]}},{"type":"Feature","properties":{"depth_m":30,"source":"ГУНиО МО, навигационная карта № 25069 «Волховская губа», 1:50 000; скан ladoga-lake.ru (https://ladoga-lake.ru/maps/navi_su/navi-su-16.html)","chart":"25069","chart_sheet":"16","n_lines":8,"method":"полуавтоматическая векторизация чёрных изобат со скана (порог+скелетизация+сшивка), глубина подписана вручную по надписям на изобатах; привязка по картографической сетке","datum":"WGS84 (СК-42 → WGS84 по PROJ; поправка, напечатанная на карте, давала 8–9 м к востоку — research/alignment_report.md)","depth_datum":"от среднего многолетнего уровня Ладожского озера (+5,1 м БС)"},"geometry":{"type":"MultiLineString","coordinates":[[[32.097034,60.527358],[32.097719,60.52723],[32.099583,60.526604],[32.104302,60.52558],[32.106189,60.524964],[32.107778,60.524281]],[[32.160926,60.5187],[32.158522,60.518963],[32.156559,60.519273],[32.154076,60.519352],[32.153489,60.519252],[32.152338,60.518885],[32.150869,60.518003],[32.149098,60.517208],[32.148134,60.517073],[32.145489,60.517186],[32.144105,60.517381],[32.142627,60.51787],[32.136572,60.519455],[32.133419,60.520164],[32.130623,60.520951],[32.128891,60.521254],[32.126807,60.521515],[32.124611,60.521314],[32.12285,60.52102],[32.121203,60.520896],[32.120098,60.52105]],[[32.216371,60.521158],[32.214005,60.521157],[32.212072,60.521022],[32.209724,60.520708],[32.207502,60.52],[32.203896,60.518234],[32.201651,60.517326],[32.200437,60.517004],[32.198757,60.516723],[32.195719,60.516539],[32.193173,60.516594],[32.187802,60.517189],[32.184662,60.517373],[32.181371,60.517149],[32.177537,60.51721],[32.174005,60.51744],[32.171615,60.517695],[32.163081,60.518379]],[[32.222524,60.52062],[32.223234,60.520504],[32.225846,60.519645],[32.228785,60.519116],[32.231559,60.518794],[32.23336,60.518353],[32.234043,60.518079],[32.234422,60.517824],[32.234627,60.517531],[32.234692,60.515882],[32.234835,60.515587],[32.235324,60.515146],[32.237049,60.514236],[32.239255,60.513378],[32.240865,60.512085],[32.242107,60.511523],[32.243727,60.511092],[32.24807,60.510265],[32.24949,60.509679],[32.250332,60.508862],[32.250852,60.50726],[32.251437,60.506292],[32.252224,60.505612],[32.253474,60.505052],[32.254745,60.504812],[32.255669,60.504746],[32.258507,60.504746],[32.260356,60.504897],[32.260962,60.505011],[32.261451,60.505235],[32.261989,60.505708],[32.262723,60.507747],[32.263565,60.508142],[32.26418,60.508216],[32.264606,60.508178],[32.265563,60.50781],[32.266575,60.506844],[32.268009,60.506077],[32.269151,60.505731],[32.272918,60.504855],[32.275075,60.50416],[32.276014,60.504033],[32.277985,60.50361],[32.283277,60.503735],[32.285192,60.503624],[32.286553,60.503344],[32.28783,60.502807],[32.288656,60.502148],[32.289137,60.501211],[32.289555,60.499517],[32.290022,60.498872],[32.290682,60.498443],[32.291821,60.497981],[32.293532,60.497678],[32.29825,60.497655],[32.300761,60.497472],[32.301694,60.497109],[32.302035,60.496498]],[[32.30172,60.496036],[32.301294,60.495943],[32.299377,60.495177],[32.29818,60.494469],[32.298127,60.494156],[32.298411,60.493906],[32.299279,60.493644],[32.299912,60.493575],[32.303622,60.493567],[32.306645,60.49371],[32.321582,60.494879],[32.324892,60.494879],[32.326403,60.494792],[32.329202,60.494409],[32.33041,60.494109]],[[32.398944,60.49966],[32.398143,60.498893],[32.396985,60.498383],[32.395217,60.497895],[32.393952,60.497696],[32.392802,60.497655],[32.39192,60.497748],[32.39011,60.498178],[32.385765,60.499677],[32.385131,60.499738],[32.382062,60.499683],[32.381123,60.499437],[32.378768,60.498595],[32.37671,60.498064],[32.374891,60.497717],[32.371082,60.497251],[32.366914,60.497039],[32.365088,60.496806],[32.36398,60.496332],[32.363438,60.49599],[32.362331,60.494758],[32.361454,60.494108],[32.360619,60.493757],[32.359643,60.49351],[32.357974,60.493283],[32.34978,60.492965],[32.347851,60.493071],[32.347026,60.493194],[32.345634,60.493538],[32.342166,60.494896],[32.34158,60.495007],[32.340729,60.495035],[32.339944,60.494957],[32.339235,60.494726],[32.337849,60.494016],[32.336825,60.493195],[32.33623,60.492884],[32.335209,60.492686],[32.334036,60.492797]],[[32.389152,60.532801],[32.389571,60.532613],[32.39003,60.532229],[32.390257,60.531815],[32.390131,60.53139],[32.389438,60.530667],[32.389013,60.529843],[32.388998,60.529316],[32.389351,60.528106],[32.39008,60.52724],[32.390739,60.526796],[32.392271,60.526013],[32.392668,60.525649],[32.392782,60.525344],[32.392706,60.524913],[32.392439,60.524486],[32.390329,60.522477],[32.390276,60.521964],[32.390535,60.521437],[32.391383,60.52055],[32.393474,60.518834],[32.394555,60.516782],[32.395814,60.515554],[32.397528,60.514628],[32.400187,60.513612],[32.402703,60.512529],[32.405388,60.51115],[32.409509,60.508234],[32.410576,60.507035],[32.410563,60.506629],[32.410036,60.506147],[32.409105,60.505877],[32.407763,60.505693],[32.406028,60.505597],[32.398952,60.50606],[32.393887,60.506061],[32.390591,60.505807],[32.389993,60.50566],[32.38919,60.50529],[32.388913,60.504945],[32.389093,60.504534],[32.3906,60.503683],[32.393634,60.502698],[32.396064,60.502103],[32.398302,60.501656],[32.399302,60.501107],[32.399574,60.500431]],[[32.476241,60.532785],[32.472241,60.531989],[32.467854,60.531351],[32.466038,60.530927],[32.465075,60.530536],[32.464614,60.530051],[32.464593,60.529245],[32.46523,60.527903],[32.465325,60.526953],[32.465177,60.526796],[32.464232,60.526341],[32.463681,60.526211],[32.46302,60.526164],[32.460659,60.526164],[32.455954,60.526492],[32.453926,60.526687],[32.446164,60.527691],[32.443256,60.527786],[32.44227,60.527919],[32.440533,60.528643],[32.439683,60.529373],[32.439399,60.530169],[32.439556,60.532023]]]}},{"type":"Feature","properties":{"depth_m":30,"source":"ГУНиО МО, навигационная карта № 25070 «Свирская губа», 1:50 000; скан ladoga-lake.ru (https://ladoga-lake.ru/maps/navi_su/navi-su-13.html)","chart":"25070","chart_sheet":"13","n_lines":10,"method":"полуавтоматическая векторизация чёрных изобат со скана (порог+скелетизация+сшивка), глубина подписана вручную по надписям на изобатах; привязка по картографической сетке","datum":"WGS84 (СК-42 → WGS84 по PROJ; поправка, напечатанная на карте, давала 8–9 м к востоку — research/alignment_report.md)","depth_datum":"от среднего многолетнего уровня Ладожского озера (+5,1 м БС)"},"geometry":{"type":"MultiLineString","coordinates":[[[32.387564,60.547123],[32.387291,60.546591],[32.387271,60.546166],[32.387917,60.545386],[32.39034,60.544234],[32.393093,60.543367],[32.394058,60.542934],[32.394779,60.542426],[32.395139,60.541724],[32.395124,60.541071],[32.394928,60.540802],[32.393423,60.540137],[32.390966,60.539504],[32.390076,60.539043],[32.389766,60.538663],[32.389843,60.538362],[32.390248,60.538005],[32.392009,60.537225],[32.392769,60.53676],[32.393046,60.536399],[32.393151,60.535977],[32.393151,60.535597],[32.392902,60.535249],[32.390177,60.534106],[32.389836,60.533878],[32.389722,60.533616],[32.389768,60.533154]],[[32.394064,60.547197],[32.394874,60.547139],[32.396207,60.546795],[32.398383,60.545674],[32.399902,60.544197],[32.400266,60.543566],[32.4011,60.542665],[32.401958,60.542013],[32.403512,60.541199],[32.404402,60.540931],[32.407003,60.540398],[32.408658,60.540213],[32.411354,60.539642],[32.414627,60.538654],[32.417729,60.537366],[32.419108,60.536673],[32.420025,60.536061],[32.422713,60.533192],[32.422789,60.533155]],[[32.512823,60.573497],[32.512116,60.572963],[32.510426,60.571362],[32.509106,60.569512],[32.508763,60.568373],[32.508914,60.564338],[32.508744,60.56347],[32.508059,60.561878],[32.507041,60.560388],[32.505282,60.558438],[32.503884,60.557367],[32.50162,60.555988],[32.49933,60.554825],[32.498466,60.554184],[32.497162,60.552825],[32.496882,60.552223],[32.496283,60.551517],[32.494494,60.549972],[32.492142,60.548244],[32.490494,60.546538],[32.488524,60.543706],[32.487858,60.542932],[32.487117,60.541651],[32.486324,60.540757],[32.485412,60.538912],[32.484084,60.537034],[32.483386,60.536174],[32.482469,60.535318],[32.481005,60.534312],[32.479281,60.533476],[32.478306,60.533156]],[[32.54198,60.849401],[32.541732,60.84916],[32.541516,60.848573],[32.542213,60.847348],[32.543072,60.846766],[32.54462,60.846014],[32.54738,60.845101],[32.54863,60.844566],[32.549436,60.843981],[32.549568,60.843448],[32.549207,60.843096],[32.548273,60.842843],[32.543586,60.842477],[32.542482,60.842274],[32.542032,60.842093],[32.54148,60.841717],[32.541417,60.840901],[32.541863,60.84045],[32.542755,60.84004],[32.544916,60.839464],[32.54579,60.839046],[32.545987,60.838748],[32.546008,60.838231],[32.545557,60.83724],[32.54566,60.836362],[32.546651,60.835544],[32.550004,60.8337],[32.550561,60.833234],[32.551351,60.832784],[32.552644,60.831461],[32.554308,60.828977],[32.555124,60.827396],[32.555644,60.825986],[32.55593,60.824988],[32.556064,60.822258],[32.55699,60.819199],[32.558998,60.816795],[32.558974,60.816014],[32.558429,60.815098],[32.558273,60.814256],[32.558544,60.813244],[32.558983,60.812538],[32.559478,60.811294],[32.559619,60.809582],[32.55979,60.80908],[32.559635,60.807757],[32.560099,60.80492],[32.5601,60.802042],[32.560409,60.799719],[32.560254,60.798878],[32.560254,60.796613],[32.560099,60.796085],[32.560099,60.794953],[32.560408,60.79338],[32.560238,60.791813],[32.55961,60.790673],[32.557565,60.788337],[32.555875,60.785741],[32.553624,60.783399],[32.551705,60.78108],[32.549777,60.779208],[32.544771,60.775491],[32.543453,60.775008],[32.540018,60.774602],[32.539352,60.774387],[32.538857,60.774063],[32.53827,60.772705],[32.537805,60.77081],[32.537753,60.769607],[32.537495,60.768902],[32.538268,60.764597],[32.538268,60.761343],[32.53799,60.760196],[32.537409,60.758975],[32.536483,60.757746],[32.534961,60.756256],[32.534359,60.755488],[32.528399,60.749895],[32.52763,60.74885],[32.526677,60.747957],[32.525248,60.746988],[32.523299,60.745903],[32.520824,60.74416],[32.515191,60.739362],[32.513042,60.737908],[32.511061,60.73675],[32.504978,60.732705],[32.503835,60.731282],[32.503408,60.729974],[32.502772,60.729151],[32.501257,60.728318],[32.498837,60.727396],[32.49734,60.726431],[32.496937,60.726056],[32.495946,60.724706],[32.495048,60.722632],[32.49342,60.720444],[32.491611,60.717608],[32.491323,60.71635],[32.490837,60.715375],[32.488815,60.713411],[32.48908,60.712572],[32.490413,60.711174],[32.490419,60.710554],[32.490124,60.710093],[32.489608,60.709791],[32.488657,60.709551],[32.487781,60.709539],[32.486518,60.709675],[32.485172,60.71007],[32.484422,60.71046],[32.483161,60.711357],[32.482665,60.711539],[32.482292,60.711569],[32.481748,60.711433],[32.479438,60.710381],[32.477139,60.70953],[32.475732,60.708798],[32.47536,60.708451],[32.475379,60.708188],[32.475592,60.708042],[32.476196,60.707951],[32.476861,60.708011],[32.4774,60.708183],[32.479898,60.709381],[32.481006,60.709598],[32.482407,60.709555],[32.483268,60.709298],[32.483562,60.709063],[32.48355,60.7083],[32.482984,60.707541],[32.48254,60.706451],[32.482409,60.705836],[32.482516,60.70484],[32.482292,60.704254],[32.481611,60.703871],[32.480638,60.703579],[32.47965,60.703155],[32.478329,60.70162],[32.477586,60.698266],[32.477632,60.697512],[32.478073,60.696977],[32.478677,60.696603],[32.479805,60.696159],[32.482528,60.695373],[32.48328,60.694983],[32.483806,60.694491],[32.483929,60.693256],[32.483226,60.691129],[32.483241,60.690813],[32.483648,60.690227],[32.484315,60.689657],[32.48621,60.688396],[32.48693,60.687451],[32.487002,60.686392],[32.48613,60.68476],[32.486093,60.683633],[32.486643,60.68224],[32.487701,60.680783],[32.488605,60.678476],[32.489168,60.677771],[32.489649,60.677417],[32.490447,60.677052],[32.494302,60.675989],[32.49583,60.675435],[32.496922,60.674913]],[[32.499242,60.67188],[32.500893,60.670656],[32.50152,60.669341],[32.502149,60.668399],[32.502963,60.667268],[32.503506,60.666832],[32.50477,60.66467],[32.504964,60.663852],[32.504964,60.663094]],[[32.504808,60.661846],[32.504807,60.65974],[32.505281,60.657173],[32.505412,60.654507],[32.505961,60.652511],[32.506431,60.651662],[32.506814,60.650491]],[[32.508665,60.64002],[32.508973,60.638124],[32.50897,60.63349],[32.50866,60.632278],[32.508659,60.631595],[32.508956,60.630816],[32.509005,60.629817],[32.509354,60.629203],[32.510587,60.628309],[32.511116,60.627756],[32.511288,60.627115]],[[32.510823,60.625976],[32.510942,60.625366],[32.512568,60.624251],[32.512817,60.62396],[32.513141,60.621875],[32.51314,60.620736],[32.513448,60.619445]],[[32.514344,60.577345],[32.514498,60.576812],[32.514497,60.575672],[32.514187,60.575292]],[[32.514367,60.606057],[32.514677,60.607136],[32.514679,60.60927],[32.514834,60.609874]]]}},{"type":"Feature","properties":{"depth_m":50,"source":"ГУНиО МО, навигационная карта № 25070 «Свирская губа», 1:50 000; скан ladoga-lake.ru (https://ladoga-lake.ru/maps/navi_su/navi-su-13.html)","chart":"25070","chart_sheet":"13","n_lines":8,"method":"полуавтоматическая векторизация чёрных изобат со скана (порог+скелетизация+сшивка), глубина подписана вручную по надписям на изобатах; привязка по картографической сетке","datum":"WGS84 (СК-42 → WGS84 по PROJ; поправка, напечатанная на карте, давала 8–9 м к востоку — research/alignment_report.md)","depth_datum":"от среднего многолетнего уровня Ладожского озера (+5,1 м БС)"},"geometry":{"type":"MultiLineString","coordinates":[[[32.378853,60.694729],[32.379255,60.694335],[32.380383,60.693594],[32.383481,60.692072],[32.385419,60.690896],[32.386207,60.69004],[32.386294,60.688252],[32.386777,60.687461],[32.394028,60.682688],[32.396243,60.680677],[32.397225,60.679121],[32.39742,60.678446],[32.397432,60.677482],[32.397605,60.677098],[32.39823,60.676466],[32.399833,60.675556],[32.40008,60.675112],[32.400111,60.674058],[32.398068,60.672967],[32.397479,60.672431],[32.397429,60.671119],[32.397881,60.670458],[32.399298,60.669571],[32.40187,60.668492],[32.404442,60.66762],[32.405469,60.667392],[32.407196,60.667362],[32.408001,60.667468],[32.409475,60.667906],[32.411495,60.668796],[32.412265,60.668998],[32.412845,60.669015],[32.413356,60.668898],[32.413943,60.668628],[32.414188,60.668362],[32.414132,60.667234],[32.413428,60.665952],[32.413044,60.664563],[32.413028,60.66391],[32.412641,60.663359],[32.41227,60.663136],[32.411267,60.662779],[32.407199,60.661955],[32.405025,60.661776],[32.403147,60.661217],[32.401774,60.66053],[32.400792,60.659716],[32.400394,60.658925],[32.400626,60.658249],[32.401467,60.657516],[32.40255,60.65702],[32.403689,60.65683],[32.405258,60.656859],[32.405923,60.657074],[32.406313,60.657297],[32.407273,60.658538],[32.407626,60.658792],[32.408137,60.658974],[32.408733,60.659073],[32.409638,60.659095],[32.413036,60.658734],[32.414424,60.658745],[32.415098,60.658921],[32.416096,60.659323],[32.417079,60.660143],[32.4185,60.660894],[32.419456,60.661128],[32.420279,60.661117],[32.42061,60.661033],[32.421141,60.660709],[32.421373,60.660429],[32.421925,60.658565],[32.423234,60.657573],[32.423681,60.65711],[32.424027,60.656293],[32.424027,60.655745],[32.423599,60.654822],[32.420797,60.65206],[32.420041,60.65082],[32.42,60.649611]],[[32.397818,60.84935],[32.397976,60.848402],[32.398639,60.847318],[32.399805,60.846099],[32.403121,60.843217],[32.404527,60.841757],[32.405295,60.840517],[32.40557,60.839667],[32.406309,60.83904],[32.406448,60.838475],[32.407082,60.837667],[32.407432,60.836622],[32.407432,60.83563],[32.406856,60.833857],[32.406926,60.833214],[32.407232,60.832825],[32.408524,60.831953],[32.409077,60.831249],[32.41007,60.828588],[32.4108,60.827872],[32.413921,60.826351],[32.414785,60.825777],[32.416691,60.823923],[32.417705,60.822531],[32.418826,60.820385],[32.419594,60.819297],[32.419878,60.818376],[32.420492,60.817707],[32.42063,60.817395],[32.420896,60.815896],[32.420762,60.814632],[32.420362,60.813586],[32.419727,60.812638],[32.419326,60.811043],[32.419479,60.81058],[32.420046,60.809892],[32.420695,60.808744],[32.420768,60.807122],[32.420463,60.805736],[32.419531,60.802982],[32.419532,60.802303],[32.420001,60.800985],[32.420127,60.800026],[32.419704,60.798474],[32.419108,60.79732],[32.419071,60.796334],[32.419664,60.794718],[32.420626,60.792842],[32.420939,60.791738],[32.42108,60.787809],[32.421212,60.787403],[32.421751,60.786445],[32.422392,60.785742],[32.423175,60.784594],[32.423721,60.782902],[32.423722,60.781769],[32.423132,60.779146],[32.423716,60.776516],[32.424022,60.775766],[32.424035,60.773454],[32.423417,60.770752],[32.42351,60.769306],[32.423234,60.768873],[32.423072,60.767944],[32.421957,60.766242],[32.421715,60.765465],[32.421716,60.764609],[32.422007,60.76312],[32.421897,60.761708],[32.422761,60.760089],[32.42277,60.759047],[32.422471,60.758727],[32.420526,60.757722],[32.420083,60.75716],[32.420222,60.75688],[32.420851,60.756327],[32.422466,60.755393],[32.423146,60.754818],[32.423761,60.753934],[32.424189,60.752713],[32.42469,60.751923],[32.424984,60.751604],[32.426397,60.75061],[32.426615,60.749832],[32.425955,60.748961],[32.425924,60.748412],[32.42615,60.748114],[32.427659,60.747037],[32.427886,60.746744],[32.427911,60.746092],[32.427783,60.745777],[32.425714,60.743954],[32.424971,60.743153]],[[32.420542,60.648536],[32.421418,60.64723],[32.42201,60.645666],[32.422007,60.641261],[32.421852,60.639966],[32.42165,60.639066],[32.420767,60.637025],[32.420787,60.635833],[32.42123,60.634889]],[[32.436074,60.618788],[32.435207,60.619419],[32.434108,60.620492],[32.432785,60.622103],[32.429951,60.625047],[32.429734,60.625396]],[[32.431008,60.739975],[32.432224,60.738775],[32.43271,60.73756],[32.43271,60.735354],[32.432518,60.734391],[32.432246,60.733808],[32.432112,60.732481],[32.433321,60.727494],[32.433183,60.724009],[32.43336,60.723291],[32.433727,60.722328],[32.434289,60.721854],[32.434677,60.721304],[32.437038,60.719927],[32.437507,60.719495],[32.438196,60.718111],[32.438679,60.717512],[32.439442,60.715656],[32.441037,60.713259],[32.441397,60.712207],[32.44151,60.710985],[32.441245,60.708977],[32.441655,60.708117],[32.441994,60.706902],[32.441953,60.704537],[32.442189,60.703728],[32.442982,60.702778],[32.44362,60.701707],[32.443941,60.699615],[32.444401,60.699048],[32.445304,60.698373],[32.446231,60.697484],[32.447448,60.695323],[32.448936,60.694248],[32.449712,60.693486],[32.453066,60.6883],[32.454432,60.686696],[32.455089,60.685644],[32.456169,60.684287],[32.456685,60.683784],[32.458569,60.680684],[32.464247,60.674804],[32.464499,60.674411],[32.464702,60.673453],[32.464991,60.672891],[32.465998,60.672051],[32.468737,60.67068],[32.469724,60.669921],[32.469838,60.669312],[32.469234,60.667363],[32.469775,60.666044],[32.470826,60.664414],[32.471382,60.66317]],[[32.442364,60.614355],[32.44143,60.615262],[32.440243,60.616135],[32.437775,60.617635]],[[32.472143,60.639272],[32.472143,60.638513],[32.472567,60.636682],[32.473533,60.633503],[32.473673,60.632064],[32.473544,60.629932],[32.473027,60.627359],[32.472767,60.626711],[32.472753,60.625376],[32.473825,60.622654],[32.473687,60.619451],[32.474448,60.61521],[32.474446,60.612768],[32.47412,60.610886],[32.473994,60.609041],[32.473824,60.608559],[32.473979,60.608069],[32.473978,60.606389],[32.47345,60.604646],[32.472358,60.603169],[32.470259,60.601521],[32.468533,60.600636],[32.467199,60.600232],[32.464864,60.600015],[32.464201,60.600015],[32.462967,60.600158],[32.461317,60.60065],[32.458673,60.602],[32.456173,60.603814],[32.454782,60.604496],[32.452026,60.605501],[32.450559,60.606452],[32.449713,60.607325],[32.44864,60.609228],[32.448176,60.609707],[32.444754,60.61203],[32.443292,60.613384]],[[32.471777,60.661981],[32.472148,60.66014],[32.472004,60.654898],[32.472615,60.652247],[32.472614,60.65111],[32.472769,60.650654]]]}}]}