{"type":"FeatureCollection","name":"Изобаты южной Ладоги по модели глубин (отметки глубин навигационных карт ГУНиО)","description":"Изолинии 1–30 м, построенные по сетке глубин 50 м (25 м в районах карт 1:10 000), которая интерполирована по оцифрованным отметкам глубин и изобатам карт ГУНиО МО № 25067–25070, 28070, 28071, 28079, 28081 и береговой линии OSM. Глубины от среднего многолетнего уровня Ладожского озера (+5,1 м БС); в 2026 г. уровень примерно на 0,9 м ниже — реальные глубины меньше. Не для навигации.","features":[{"type":"Feature","properties":{"depth_m":1,"n_lines":26},"geometry":{"type":"MultiLineString","coordinates":[[[32.79551,60.85012],[32.79553,60.84964],[32.79581,60.84906],[32.79647,60.84835],[32.79714,60.84788],[32.79822,60.84726],[32.80093,60.84606],[32.80338,60.84476],[32.80353,60.84456],[32.80358,60.84421],[32.8045,60.84284],[32.80543,60.842],[32.80764,60.84026],[32.80847,60.83937],[32.80891,60.83826],[32.80929,60.83657],[32.80949,60.83499],[32.81027,60.83342],[32.81085,60.83168],[32.81305,60.82959],[32.81393,60.82836],[32.81444,60.82672],[32.81526,60.82532],[32.81535,60.82402],[32.81565,60.82262],[32.81562,60.82206],[32.81537,60.82131],[32.81386,60.81981],[32.81328,60.81891],[32.81314,60.81834],[32.81304,60.81666],[32.81246,60.81441],[32.81264,60.81299],[32.81301,60.81171],[32.81338,60.81105],[32.81446,60.80963],[32.81493,60.80867],[32.8151,60.80766],[32.81502,60.80631],[32.81409,60.80439],[32.81384,60.80406],[32.81311,60.8034],[32.81087,60.80196],[32.80931,60.80068],[32.80914,60.80034],[32.80887,60.79899],[32.80864,60.79854],[32.80692,60.79674],[32.80611,60.79614],[32.8058,60.79573],[32.8057,60.79528],[32.80585,60.79483],[32.80637,60.79424],[32.80741,60.79358],[32.81006,60.79219],[32.81084,60.79162],[32.81143,60.79101],[32.81201,60.79011],[32.81251,60.78887],[32.81281,60.78774],[32.81254,60.78392],[32.81261,60.7827],[32.81278,60.78189],[32.81323,60.78088],[32.81485,60.77852],[32.8162,60.7754],[32.81626,60.7745],[32.81608,60.77379],[32.8158,60.77323],[32.81508,60.77243],[32.81286,60.77045],[32.81258,60.77009],[32.81229,60.76941],[32.81217,60.76873],[32.81228,60.76783],[32.81229,60.76614],[32.81194,60.76446],[32.81176,60.7628],[32.81159,60.76231],[32.81155,60.76041],[32.81131,60.75917],[32.8113,60.75861],[32.81145,60.75793],[32.81173,60.75739],[32.81257,60.75668],[32.81376,60.75606],[32.81426,60.75546],[32.81498,60.75422],[32.81556,60.75298],[32.81582,60.75163],[32.81618,60.75059],[32.81716,60.74891],[32.81725,60.74803],[32.81713,60.74668],[32.81657,60.74612],[32.8157,60.74445],[32.81501,60.74403],[32.8149,60.74376],[32.81511,60.74298],[32.81539,60.7426],[32.81619,60.74207],[32.81806,60.74123],[32.81798,60.74071],[32.81804,60.7403],[32.8186,60.73926],[32.81902,60.73779],[32.81956,60.73408],[32.81943,60.73329],[32.81917,60.73265],[32.81831,60.73161],[32.81722,60.73059],[32.81526,60.72932],[32.8117,60.72774],[32.81091,60.72724],[32.81039,60.72666],[32.81021,60.72621],[32.81022,60.72564],[32.81044,60.72508],[32.81079,60.7246],[32.81159,60.72395],[32.81358,60.72281],[32.81438,60.72223],[32.81501,60.72148],[32.81522,60.72069],[32.81498,60.72014],[32.81432,60.71967],[32.81331,60.71929],[32.81083,60.71866],[32.80993,60.71829],[32.80917,60.71776],[32.80874,60.71721],[32.80858,60.71664],[32.80867,60.71608],[32.80896,60.71551],[32.80996,60.71457],[32.81074,60.71413],[32.81173,60.71376],[32.81299,60.7136],[32.81614,60.71374],[32.81719,60.71354],[32.81781,60.71323],[32.81831,60.7128],[32.81875,60.71203],[32.81893,60.71146],[32.81918,60.70978],[32.8195,60.70899],[32.81998,60.70837],[32.8217,60.7068],[32.82313,60.70575],[32.82542,60.70432],[32.83057,60.70065],[32.83588,60.69788],[32.83777,60.69711],[32.84116,60.69625],[32.84582,60.69551],[32.84961,60.69451],[32.85044,60.69439],[32.85135,60.69443],[32.8521,60.69394],[32.85328,60.69355],[32.85754,60.69349],[32.86339,60.6929],[32.86547,60.69251],[32.86843,60.69163],[32.87149,60.69113],[32.87891,60.69052],[32.88544,60.69062],[32.88677,60.69047],[32.88834,60.69013],[32.89021,60.68957],[32.89165,60.68897],[32.89707,60.68589],[32.89811,60.6854],[32.90321,60.68381],[32.90905,60.68185],[32.90988,60.68141],[32.91136,60.68037],[32.91271,60.67962],[32.9187,60.67701],[32.92075,60.67652],[32.92706,60.67576],[32.92869,60.67538],[32.93066,60.6747],[32.93778,60.6715],[32.9414,60.66924],[32.94259,60.66835],[32.94887,60.66309],[32.94981,60.66219],[32.95053,60.66128],[32.95111,60.66018],[32.95147,60.65904],[32.95166,60.65781],[32.95188,60.65454],[32.95211,60.65348],[32.95242,60.65263],[32.95289,60.65175],[32.95346,60.65094],[32.95584,60.64826],[32.95667,60.6472],[32.95722,60.64622],[32.95753,60.6453],[32.95788,60.64093],[32.95816,60.63969],[32.9589,60.63733],[32.95917,60.63587],[32.95934,60.63373],[32.9592,60.63216],[32.95887,60.63081],[32.95829,60.62912],[32.95784,60.62799],[32.95744,60.6273],[32.95652,60.62622],[32.95351,60.62371],[32.9528,60.62292],[32.95279,60.62237],[32.95324,60.62079],[32.95326,60.61989],[32.95305,60.61883],[32.95225,60.61702],[32.95043,60.61381],[32.94723,60.60966],[32.94636,60.60886],[32.94316,60.60667],[32.94251,60.60606],[32.94211,60.60547],[32.94185,60.60459],[32.94187,60.60246],[32.94168,60.60122],[32.94117,60.59997],[32.93998,60.59807],[32.93955,60.59722],[32.93925,60.59616],[32.93901,60.59413],[32.93877,60.59325],[32.93803,60.59211],[32.9364,60.59064],[32.93592,60.59005],[32.93529,60.58839],[32.93481,60.58626],[32.93453,60.58569],[32.93406,60.58507],[32.93276,60.58379],[32.92785,60.57968],[32.92667,60.57826],[32.925,60.57663],[32.92397,60.57523],[32.92344,60.57468],[32.92126,60.57294],[32.91827,60.57099],[32.91719,60.57013],[32.91521,60.5678],[32.91407,60.56601],[32.91325,60.56499],[32.91297,60.56443],[32.91268,60.56331],[32.91244,60.56271],[32.91091,60.56069],[32.90983,60.5598],[32.90773,60.55845],[32.90644,60.55708],[32.90456,60.55565],[32.90313,60.55409],[32.90222,60.55329],[32.89943,60.55116],[32.89633,60.54899],[32.89495,60.54815],[32.89104,60.5461],[32.88872,60.54462],[32.88571,60.54323],[32.88368,60.54207],[32.88102,60.54101],[32.87841,60.53957],[32.87722,60.53882],[32.87515,60.53709],[32.87401,60.53643],[32.86745,60.53383],[32.86486,60.53298],[32.85957,60.531],[32.85675,60.53017],[32.85547,60.52967],[32.85476,60.52927],[32.85226,60.52747],[32.8515,60.52679],[32.8513,60.52656],[32.85081,60.52528],[32.85077,60.52475],[32.8504,60.52448],[32.84973,60.52421],[32.84899,60.52414],[32.84719,60.52425],[32.84402,60.52496],[32.84269,60.52513],[32.84179,60.52509],[32.84048,60.52478],[32.83931,60.52469],[32.83594,60.52483],[32.83256,60.52535],[32.83054,60.52545],[32.82401,60.52493],[32.82089,60.524],[32.8171,60.52308],[32.81379,60.52243],[32.81178,60.5217],[32.80997,60.5207],[32.80728,60.51846],[32.80404,60.51629],[32.80353,60.51577],[32.80331,60.51516],[32.80335,60.51471],[32.80384,60.51291],[32.80462,60.51164],[32.80538,60.50984],[32.80593,60.50897],[32.80635,60.50797],[32.80699,60.50684],[32.80733,60.50644],[32.80815,60.5058],[32.80926,60.50323],[32.81068,60.50145],[32.81131,60.50031],[32.81125,60.49963],[32.81085,60.49868],[32.81013,60.49802],[32.80926,60.49766],[32.80781,60.49747],[32.80631,60.49763],[32.80456,60.49823],[32.80274,60.49911],[32.80236,60.49961],[32.80164,60.50003],[32.80128,60.50095],[32.80065,60.50137],[32.80045,60.50185],[32.79982,60.50228],[32.79967,60.50289],[32.79869,60.50456],[32.79724,60.50539],[32.7969,60.50571],[32.79674,60.50593],[32.79647,60.5068],[32.79616,60.50718],[32.79556,60.50759],[32.79456,60.50807],[32.79183,60.50877],[32.79,60.50909],[32.78724,60.50902],[32.78576,60.50923],[32.78261,60.50939],[32.77834,60.50985],[32.77654,60.50989],[32.77361,60.50978],[32.77198,60.50988],[32.77102,60.51017],[32.76947,60.51121],[32.76867,60.51157],[32.76783,60.51181],[32.76709,60.51188],[32.7655,60.51171],[32.76525,60.51077],[32.76509,60.51056],[32.7648,60.51045],[32.76281,60.51053],[32.7575,60.50912],[32.75684,60.50899],[32.75578,60.50899],[32.7522,60.50942],[32.74616,60.51065],[32.74425,60.51082],[32.74234,60.51116],[32.73941,60.51141],[32.73359,60.51208],[32.729,60.51271],[32.72723,60.51311],[32.72266,60.51443],[32.72077,60.51527],[32.71964,60.51565],[32.71826,60.51593],[32.71489,60.51635],[32.71368,60.51661],[32.7093,60.51858],[32.70371,60.52061],[32.70229,60.52089],[32.69921,60.52116],[32.69823,60.52135],[32.69202,60.52346],[32.69036,60.52371],[32.68749,60.52386],[32.68664,60.52431],[32.68475,60.52564],[32.68303,60.52646],[32.68092,60.52695],[32.67686,60.52728],[32.6758,60.52747],[32.67469,60.52793],[32.67205,60.52956],[32.67048,60.53019],[32.66899,60.53043],[32.65819,60.53122],[32.65604,60.53152],[32.65257,60.5325],[32.64798,60.5346],[32.64617,60.53524],[32.64368,60.53561],[32.63802,60.53597],[32.63172,60.53691],[32.62921,60.53745],[32.62725,60.5384],[32.62635,60.53868],[32.62552,60.53879],[32.62466,60.53869],[32.62365,60.53841],[32.62264,60.53793],[32.62183,60.53738],[32.62165,60.53693],[32.62251,60.53619],[32.62272,60.53587],[32.62275,60.53557],[32.62237,60.53507],[32.62005,60.53333],[32.61844,60.5319],[32.61752,60.53139],[32.61565,60.53059],[32.61516,60.53021],[32.6147,60.52968],[32.61411,60.52854],[32.61375,60.52703],[32.61337,60.52641],[32.61235,60.52517],[32.61218,60.52472],[32.61243,60.52416],[32.61385,60.52261],[32.61401,60.52224],[32.61401,60.52202],[32.61378,60.52161],[32.61236,60.52022],[32.61114,60.51835],[32.61071,60.51823],[32.60981,60.51818],[32.60801,60.51835],[32.60554,60.51881],[32.60464,60.5188],[32.60379,60.51866],[32.60312,60.51841],[32.60272,60.51805],[32.60194,60.51636],[32.60159,60.51594],[32.60116,60.51561],[32.60035,60.51526],[32.59924,60.51511],[32.59676,60.5151],[32.59294,60.51465],[32.58499,60.5126],[32.58403,60.51219],[32.58365,60.51178],[32.5834,60.51133],[32.58335,60.51077],[32.58349,60.51021],[32.58421,60.50914],[32.5854,60.50796],[32.58736,60.50436],[32.58771,60.50392],[32.58856,60.50319],[32.59216,60.50093],[32.59278,60.49963],[32.59326,60.49884],[32.59521,60.49659],[32.59563,60.49593],[32.59612,60.49356],[32.59773,60.49029],[32.59797,60.48951],[32.59806,60.48872],[32.59795,60.48714],[32.59756,60.4856],[32.59713,60.48456],[32.59612,60.48298],[32.59594,60.48253],[32.5959,60.48186],[32.59601,60.48096],[32.59623,60.48028],[32.59664,60.47959],[32.59739,60.4788],[32.59891,60.47758],[32.59956,60.47623],[32.59999,60.47571],[32.60279,60.47356],[32.60565,60.47167],[32.61117,60.46884],[32.61384,60.46721],[32.61628,60.46546],[32.61914,60.4632],[32.62175,60.46167],[32.62271,60.4609],[32.62306,60.46026],[32.62303,60.45891],[32.6233,60.4585],[32.62387,60.45818],[32.62632,60.45725],[32.62823,60.4559],[32.62914,60.4555],[32.63078,60.45499],[32.63171,60.45456],[32.6323,60.45407],[32.63363,60.45237],[32.63498,60.4514],[32.63705,60.45047],[32.63832,60.45011],[32.64153,60.44943],[32.64346,60.44873],[32.64885,60.44567],[32.64964,60.44531],[32.65079,60.44494],[32.65429,60.44418],[32.65822,60.442],[32.65965,60.44108],[32.66142,60.43969],[32.6628,60.43876],[32.66427,60.43665],[32.66674,60.43462],[32.6671,60.43303],[32.66807,60.43123],[32.6681,60.42943],[32.66824,60.42876],[32.66889,60.42741],[32.66939,60.42594],[32.66988,60.42526],[32.67067,60.42465],[32.67225,60.42385],[32.67408,60.4232],[32.67705,60.42235],[32.6786,60.42174],[32.68125,60.42037],[32.68584,60.4182],[32.68666,60.4177],[32.68705,60.41627],[32.68804,60.41492],[32.68845,60.41408],[32.6888,60.41312],[32.689,60.41211],[32.6893,60.40974],[32.68925,60.40907],[32.68879,60.40829],[32.68727,60.4069],[32.68662,60.40596],[32.68636,60.40502],[32.68606,60.40119],[32.68628,60.40041],[32.68752,60.39854],[32.68853,60.39678],[32.68916,60.39546],[32.68947,60.39456],[32.68953,60.39343],[32.68893,60.38882],[32.68826,60.38701],[32.68742,60.38573],[32.68666,60.38481],[32.68567,60.38399],[32.6848,60.3836],[32.68298,60.38304],[32.68235,60.38252],[32.68234,60.38207],[32.68285,60.38094],[32.68289,60.38016],[32.68252,60.37903],[32.68172,60.37779],[32.68113,60.37723],[32.67951,60.3762],[32.67824,60.37497],[32.67535,60.37363],[32.6747,60.37314],[32.67318,60.37174],[32.67255,60.37132],[32.66877,60.36994],[32.66703,60.36908],[32.66349,60.36674],[32.66019,60.36505],[32.6565,60.36216],[32.6553,60.36156],[32.65357,60.36091],[32.65279,60.36047],[32.65235,60.35999],[32.6522,60.35957],[32.65212,60.35867],[32.65154,60.35783],[32.65138,60.35743],[32.65112,60.35563],[32.651,60.35529],[32.64961,60.35246],[32.64813,60.35053],[32.64757,60.35014],[32.64537,60.34919],[32.64281,60.34831],[32.64089,60.34737],[32.63802,60.34659],[32.63625,60.34568],[32.63526,60.34483],[32.63431,60.34326],[32.63367,60.34245],[32.63174,60.34073],[32.62969,60.33862],[32.62817,60.33755],[32.62639,60.33664],[32.62484,60.33607],[32.62194,60.33529],[32.61994,60.33498],[32.61814,60.33493],[32.61589,60.3351],[32.61296,60.33556],[32.61078,60.33608],[32.60925,60.33668],[32.60612,60.33843],[32.60478,60.33907],[32.60329,60.33961],[32.60056,60.34033],[32.59943,60.34075],[32.59808,60.3416],[32.59484,60.34418],[32.59415,60.34494],[32.59276,60.34731],[32.59253,60.34821],[32.5924,60.35001],[32.59204,60.35105],[32.59135,60.35204],[32.59032,60.35296],[32.58952,60.35338],[32.58866,60.35357],[32.58776,60.35359],[32.58677,60.3534],[32.58577,60.35298],[32.58511,60.35242],[32.58468,60.35191],[32.58428,60.35113],[32.5841,60.35034],[32.58395,60.34821],[32.58297,60.34596],[32.58242,60.34393],[32.5823,60.34281],[32.58241,60.34157],[32.58311,60.33809],[32.58333,60.33606],[32.58384,60.33392],[32.58383,60.33324],[32.58354,60.33156],[32.58367,60.32886],[32.58355,60.32728],[32.58368,60.32627],[32.58403,60.32514],[32.58488,60.32345],[32.58735,60.31974],[32.58798,60.31896],[32.58863,60.31833],[32.58941,60.31776],[32.59146,60.31663],[32.59232,60.31606],[32.59288,60.31549],[32.5934,60.31457],[32.59391,60.31394],[32.59715,60.31119],[32.59737,60.31086],[32.59788,60.30939],[32.59959,60.30647],[32.60043,60.30432],[32.60221,60.3024],[32.60337,60.30129],[32.60358,60.30084],[32.60351,60.30039],[32.60296,60.29931],[32.60271,60.29859],[32.60268,60.29679],[32.60258,60.29623],[32.60226,60.29556],[32.60176,60.29487],[32.60109,60.29415],[32.60032,60.29368],[32.59665,60.29258],[32.59498,60.29182],[32.59395,60.29123],[32.5933,60.29061],[32.59301,60.28998],[32.59302,60.28934],[32.59329,60.28858],[32.594,60.28765],[32.59479,60.28712],[32.5958,60.28674],[32.59744,60.28643],[32.60149,60.28613],[32.60379,60.28581],[32.60564,60.28537],[32.60674,60.28497],[32.60783,60.28441],[32.60895,60.28354],[32.60967,60.28273],[32.61067,60.28127],[32.61177,60.28036],[32.61319,60.27974],[32.61622,60.27898],[32.61727,60.2786],[32.61909,60.27771],[32.62203,60.27643],[32.62239,60.27609],[32.62259,60.27576],[32.62266,60.27508],[32.62242,60.27429],[32.62185,60.27335],[32.62053,60.27159],[32.62015,60.27058],[32.62017,60.27002],[32.62035,60.26946],[32.62165,60.26766],[32.62197,60.26686],[32.6219,60.26592],[32.62117,60.26372],[32.62118,60.26259],[32.62145,60.26181],[32.62188,60.26105],[32.62479,60.25741],[32.62631,60.25564],[32.62656,60.25516],[32.62665,60.25472],[32.62657,60.25427],[32.62602,60.25314],[32.62593,60.25269],[32.626,60.25224],[32.6266,60.25044],[32.62654,60.24932],[32.62639,60.24889],[32.62544,60.24759],[32.62521,60.24707],[32.62513,60.24651],[32.62519,60.24527],[32.62504,60.24471],[32.62476,60.24428],[32.62343,60.24279],[32.62317,60.24223],[32.62304,60.24167],[32.62308,60.24111],[32.62334,60.24066],[32.62546,60.23904],[32.62597,60.23841],[32.62609,60.23807],[32.62594,60.23762],[32.62528,60.23679],[32.62479,60.23593],[32.62419,60.23402],[32.6241,60.23301],[32.62431,60.23154],[32.62376,60.23031],[32.62362,60.22961],[32.62365,60.22912],[32.62409,60.22783],[32.62404,60.22738],[32.62366,60.22686],[32.62146,60.22491],[32.61998,60.22326],[32.61909,60.22198],[32.61669,60.21786],[32.6162,60.21744],[32.61466,60.21652],[32.61374,60.21565],[32.61296,60.21426],[32.61179,60.2115],[32.6086,60.20785],[32.60528,60.20531],[32.60356,60.20364],[32.60294,60.20315],[32.60023,60.20182],[32.59844,60.20079],[32.59346,60.19714],[32.59062,60.19572],[32.58842,60.19416],[32.58644,60.19305],[32.58486,60.19181],[32.5822,60.19047],[32.57992,60.18904],[32.57838,60.18786],[32.57794,60.18733],[32.57781,60.18677],[32.57791,60.18643],[32.57824,60.18598],[32.57816,60.18576],[32.5778,60.18546],[32.57597,60.18455],[32.57496,60.1844],[32.57336,60.18473],[32.57201,60.1848],[32.57069,60.18468],[32.56951,60.18443],[32.56392,60.18256],[32.56152,60.18143],[32.55793,60.18],[32.55426,60.178],[32.54681,60.17581],[32.54376,60.17454],[32.54066,60.17346],[32.53826,60.17236],[32.5257,60.16966],[32.52114,60.16817],[32.51476,60.16664],[32.51121,60.16565],[32.50767,60.16499],[32.50489,60.16431],[32.50136,60.16365],[32.49979,60.16324],[32.49803,60.16248],[32.49735,60.162],[32.49703,60.16157],[32.49701,60.16134],[32.49713,60.16114],[32.49851,60.16017],[32.49865,60.15989],[32.4986,60.15978],[32.49666,60.15981],[32.49625,60.16022],[32.49597,60.16082],[32.4957,60.1611],[32.49439,60.16144],[32.49304,60.16151],[32.49169,60.16146],[32.48831,60.16095],[32.48481,60.15997],[32.48136,60.1585],[32.48054,60.15803],[32.47963,60.15731],[32.47853,60.15581],[32.478,60.15527],[32.47657,60.15452],[32.47496,60.154],[32.47369,60.15373],[32.47256,60.15363],[32.46829,60.15391],[32.46628,60.15373],[32.46293,60.15262],[32.45984,60.15218],[32.45776,60.15173],[32.45184,60.14973],[32.4435,60.14774],[32.43431,60.1451],[32.42959,60.14433],[32.41559,60.14232],[32.40675,60.14063]],[[32.28435,60.1278],[32.27996,60.12784],[32.27432,60.12746],[32.27111,60.12688],[32.26467,60.12532],[32.26369,60.12517],[32.25994,60.12549],[32.25499,60.12533],[32.25284,60.12562],[32.24662,60.12746],[32.24434,60.1283],[32.24254,60.12929],[32.23928,60.13169],[32.23814,60.13229],[32.23674,60.13284],[32.2337,60.13369],[32.22799,60.13488],[32.22508,60.13558],[32.22146,60.13664],[32.2184,60.13772],[32.2161,60.13872],[32.21354,60.14004],[32.21048,60.1418],[32.20772,60.14357],[32.20592,60.14491],[32.20435,60.14631],[32.19967,60.15129],[32.19326,60.15757],[32.19057,60.16044],[32.18746,60.16416],[32.18634,60.16578],[32.18575,60.16719],[32.18556,60.16843],[32.18555,60.17079],[32.18529,60.17187],[32.18471,60.17292],[32.1836,60.17426],[32.18073,60.17694],[32.17787,60.17916],[32.17556,60.18056],[32.17095,60.18277],[32.16964,60.18363],[32.16872,60.18452],[32.16791,60.18576],[32.16732,60.18721],[32.16695,60.18868],[32.16648,60.19185],[32.16619,60.19273],[32.16572,60.19359],[32.16438,60.19509],[32.16096,60.19794],[32.1593,60.19951],[32.15817,60.20085],[32.15488,60.20528],[32.15366,60.20653],[32.15204,60.20752],[32.14829,60.20928],[32.14578,60.21023],[32.14397,60.21077],[32.14219,60.21114],[32.14046,60.2113],[32.13889,60.2113],[32.13613,60.2111],[32.13496,60.21116],[32.13169,60.21178],[32.1296,60.21251],[32.12822,60.21344],[32.12562,60.21602],[32.12524,60.21669],[32.12476,60.21838],[32.12395,60.22007],[32.1239,60.22052],[32.12403,60.22095],[32.12496,60.2225],[32.12558,60.22412],[32.12683,60.22555],[32.12709,60.22604],[32.12714,60.22648],[32.12701,60.22689],[32.12629,60.22761],[32.12502,60.2283],[32.1207,60.23002],[32.11635,60.2319],[32.11424,60.23263],[32.1115,60.23317],[32.10447,60.2339],[32.10267,60.23428],[32.10109,60.23478],[32.09972,60.23538],[32.0981,60.23635],[32.09459,60.23909],[32.09346,60.23983],[32.09212,60.24046],[32.08986,60.24125],[32.08978,60.24174],[32.09054,60.24257],[32.09082,60.24319],[32.09083,60.24388],[32.09061,60.24516],[32.09078,60.24577],[32.09171,60.24693],[32.09359,60.2489],[32.09386,60.24932],[32.09392,60.24966],[32.09369,60.25043],[32.09303,60.25134],[32.09211,60.25224],[32.09031,60.25371],[32.08991,60.25427],[32.08972,60.25618],[32.08904,60.25794],[32.0891,60.25854],[32.09012,60.26192],[32.09004,60.26249],[32.08961,60.26266],[32.08894,60.26274],[32.08646,60.26268],[32.08469,60.2628],[32.08286,60.26307],[32.07929,60.26382],[32.07769,60.26401],[32.07589,60.26395],[32.07526,60.26382],[32.07471,60.26357],[32.07441,60.26334],[32.07434,60.26304],[32.07489,60.26203],[32.07491,60.26169],[32.07481,60.26141],[32.07457,60.26116],[32.07239,60.25966],[32.0719,60.25914],[32.07155,60.25843],[32.07144,60.25629],[32.07163,60.25438],[32.07101,60.25174],[32.07054,60.25067],[32.07039,60.24936],[32.06934,60.24865],[32.06556,60.24672],[32.06441,60.24642],[32.06261,60.24617],[32.06113,60.24621],[32.05887,60.24714],[32.05579,60.24815],[32.05502,60.24853],[32.05403,60.24936],[32.05299,60.25068],[32.05237,60.25127],[32.05157,60.25171],[32.05036,60.25219],[32.04942,60.25275],[32.04852,60.25365],[32.04777,60.25485],[32.04691,60.25559],[32.04524,60.25659],[32.04321,60.25751],[32.04051,60.2584],[32.03831,60.25866],[32.03426,60.25869],[32.03308,60.25848],[32.03235,60.25808],[32.03205,60.25764],[32.03197,60.25697],[32.03175,60.25641],[32.03197,60.25483],[32.03195,60.25427],[32.03171,60.25371],[32.03066,60.25203],[32.0305,60.25134],[32.03054,60.25071],[32.03113,60.24954],[32.0337,60.24628],[32.03501,60.24512],[32.03673,60.24412],[32.03853,60.24346],[32.0404,60.24309],[32.04236,60.24293],[32.04484,60.2429],[32.05338,60.24344],[32.0547,60.24377],[32.05661,60.2446],[32.05833,60.24491],[32.05949,60.2449],[32.05987,60.24459],[32.05999,60.24437],[32.05992,60.24403],[32.05953,60.24353],[32.05756,60.24216],[32.05663,60.2413],[32.05618,60.24054],[32.05602,60.23987],[32.05616,60.23908],[32.05689,60.23784],[32.05711,60.23661],[32.05736,60.2362],[32.05846,60.23498],[32.05874,60.23436],[32.05882,60.23357],[32.0587,60.23143],[32.05902,60.22941],[32.05897,60.22907],[32.05872,60.22866],[32.05819,60.2283],[32.05721,60.22795],[32.05136,60.22713],[32.05035,60.22687],[32.04671,60.22564],[32.0457,60.22543],[32.04439,60.22531],[32.04112,60.22548],[32.03584,60.22624],[32.03266,60.22693],[32.03149,60.22734],[32.03084,60.22771],[32.03029,60.22829],[32.03008,60.22918],[32.0302,60.23031],[32.03096,60.23391],[32.03093,60.23469],[32.03062,60.23541],[32.03023,60.23583],[32.02958,60.2363],[32.02852,60.23677],[32.02683,60.2372],[32.02504,60.23733],[32.02406,60.23727],[32.02258,60.237],[32.01816,60.23584],[32.01595,60.23503],[32.01485,60.23447],[32.01365,60.23362],[32.01135,60.2313],[32.01077,60.23091],[32.0097,60.23052],[32.00899,60.23041],[32.00792,60.23046],[32.0069,60.23076],[32.00442,60.23188],[32.00331,60.2322],[32.00209,60.23239],[32.00096,60.23245],[31.99961,60.23237],[31.99719,60.23186],[31.99589,60.23133],[31.99471,60.23055],[31.99423,60.22996],[31.99367,60.22866],[31.99315,60.2282],[31.99245,60.22779],[31.99048,60.22685],[31.98829,60.22597],[31.98658,60.22551],[31.98544,60.22536],[31.98431,60.22532],[31.983,60.22544],[31.97779,60.22668],[31.97329,60.22705],[31.97239,60.2272],[31.9693,60.2282],[31.96527,60.22915],[31.96051,60.23085],[31.95853,60.23137],[31.95664,60.23162],[31.95322,60.23183],[31.95033,60.23226],[31.94584,60.23243],[31.94418,60.23231],[31.94249,60.23196],[31.94053,60.23139],[31.93962,60.23096],[31.93896,60.23046],[31.93856,60.23004],[31.9376,60.22806],[31.93702,60.22729],[31.93601,60.22647],[31.9341,60.22539],[31.93336,60.22507],[31.93256,60.22489],[31.92941,60.22446],[31.92649,60.22387],[31.92109,60.22356],[31.91861,60.22361],[31.91637,60.22396],[31.91264,60.22501],[31.91051,60.2254],[31.90547,60.22598],[31.90106,60.22623],[31.90016,60.22619],[31.89911,60.226],[31.8964,60.22464],[31.8949,60.22417],[31.89364,60.22393],[31.89111,60.22369],[31.88374,60.22341],[31.87951,60.22414],[31.87397,60.22467],[31.87142,60.22516],[31.86937,60.22595],[31.86592,60.228],[31.86325,60.22919],[31.86203,60.22955],[31.85741,60.23023],[31.85446,60.23098],[31.84962,60.23272],[31.84453,60.23491],[31.84334,60.23552],[31.84222,60.23622],[31.84154,60.23676],[31.84094,60.23762],[31.84085,60.23796],[31.84089,60.23818],[31.84183,60.23942],[31.84205,60.24009],[31.84192,60.24088],[31.84145,60.24164],[31.83975,60.2434],[31.83861,60.24485],[31.83794,60.24532],[31.83626,60.24581],[31.83311,60.24605],[31.82906,60.24658],[31.82749,60.24666],[31.82636,60.2466],[31.82528,60.24641],[31.82453,60.24617],[31.82372,60.24566],[31.82335,60.24504],[31.82326,60.24403],[31.82278,60.24279],[31.82273,60.24223],[31.82293,60.24178],[31.82355,60.24128],[31.82379,60.24088],[31.82375,60.23998],[31.82389,60.23953],[31.82536,60.23829],[31.82571,60.23773],[31.82593,60.23638],[31.82665,60.23514],[31.82654,60.23486],[31.82611,60.23472],[31.82533,60.23482],[31.82486,60.23503],[31.82269,60.23649],[31.82197,60.23715],[31.82167,60.23759],[31.82155,60.23796],[31.8215,60.23931],[31.82136,60.23976],[31.82045,60.24099],[31.81973,60.24162],[31.81862,60.2422],[31.81691,60.24284],[31.81532,60.24328],[31.81373,60.24354],[31.81106,60.24365],[31.80836,60.24336],[31.80632,60.24287],[31.79768,60.24028],[31.7956,60.23993],[31.79329,60.23976],[31.79059,60.23978],[31.78789,60.24],[31.78562,60.24034],[31.78159,60.24112],[31.77619,60.24105],[31.77349,60.24111],[31.77101,60.24135],[31.76884,60.24181],[31.76322,60.24382],[31.76233,60.24422],[31.76207,60.2445],[31.76202,60.24493],[31.76232,60.24537],[31.76496,60.24675],[31.76589,60.24735],[31.7667,60.24814],[31.76708,60.24887],[31.76712,60.24932],[31.76703,60.24966],[31.76649,60.25034],[31.76593,60.25072],[31.76538,60.25095],[31.76401,60.2513],[31.76291,60.25138],[31.76156,60.25132],[31.75549,60.25057],[31.75412,60.25033],[31.75063,60.24944],[31.74941,60.24931],[31.74798,60.24938],[31.7443,60.25029],[31.74311,60.2504],[31.74158,60.25035],[31.73951,60.25001],[31.73551,60.2489],[31.73299,60.24832],[31.72579,60.24731],[31.72444,60.24733],[31.72174,60.24781],[31.72017,60.24799],[31.71855,60.24801],[31.71724,60.24788],[31.71566,60.24752],[31.71464,60.24713],[31.71239,60.24574],[31.71005,60.24453],[31.70929,60.24395],[31.70861,60.24324],[31.70792,60.24223],[31.70729,60.24099],[31.70707,60.24021],[31.7071,60.23953],[31.70736,60.23897],[31.70781,60.23851],[31.71013,60.23721],[31.71042,60.23693],[31.71065,60.23649],[31.7106,60.23604],[31.71015,60.2353],[31.70922,60.23425],[31.70842,60.23353],[31.7057,60.23223],[31.70366,60.23099],[31.70318,60.2308],[31.70194,60.23057],[31.70102,60.23078],[31.70058,60.23132],[31.70006,60.23312],[31.69974,60.23356],[31.69922,60.23402],[31.69838,60.2345],[31.69744,60.2349],[31.69392,60.23615],[31.69027,60.23793],[31.68858,60.23854],[31.68753,60.23872],[31.68673,60.2386],[31.68587,60.23799],[31.68524,60.23717],[31.68509,60.23672],[31.68508,60.23627],[31.68534,60.23548],[31.68647,60.23357],[31.68666,60.23289],[31.6867,60.23211],[31.68659,60.23143],[31.68603,60.22952],[31.68603,60.22884],[31.68622,60.22738],[31.68615,60.22659],[31.68517,60.22344],[31.68471,60.22243],[31.68406,60.22179],[31.68139,60.22054],[31.68023,60.21978],[31.67936,60.21891],[31.67752,60.21645],[31.6761,60.21519],[31.67469,60.21438],[31.67239,60.21336],[31.67162,60.21282],[31.67083,60.21186],[31.66909,60.20916],[31.66782,60.20755],[31.66621,60.20478],[31.66574,60.20342],[31.66546,60.20083],[31.66521,60.20027],[31.66465,60.19948],[31.66219,60.19688],[31.66096,60.1958],[31.65556,60.19164],[31.65392,60.19047],[31.65279,60.18952],[31.65137,60.18864],[31.65089,60.18801],[31.65081,60.18726],[31.6502,60.18689],[31.6481,60.18588],[31.64639,60.18567],[31.64493,60.18506],[31.6417,60.18324],[31.64114,60.18261],[31.64092,60.18185],[31.63737,60.17998],[31.63368,60.17825],[31.63219,60.17819],[31.63092,60.17795],[31.62722,60.17669],[31.62286,60.17557],[31.6149,60.1726],[31.61023,60.17109],[31.60573,60.16928],[31.60395,60.16873],[31.60181,60.16817],[31.5975,60.16752],[31.59561,60.16707],[31.59217,60.16572],[31.58682,60.16389],[31.58572,60.16342],[31.58407,60.16254],[31.58291,60.1624],[31.57862,60.16145],[31.57428,60.16026],[31.57062,60.15939],[31.5687,60.15878],[31.55882,60.15669],[31.55611,60.15587],[31.55513,60.1554],[31.552,60.15352],[31.54878,60.15184],[31.54826,60.15127],[31.54744,60.1499],[31.5467,60.14899],[31.54501,60.14761],[31.54232,60.14504],[31.54039,60.14334],[31.53986,60.14265],[31.53892,60.14086],[31.53828,60.14001],[31.53735,60.13913],[31.53477,60.13726],[31.534,60.13637],[31.53368,60.13565],[31.53354,60.13491],[31.53358,60.13243],[31.53379,60.13154],[31.53431,60.13074],[31.53498,60.13005],[31.53621,60.12913],[31.53744,60.1284],[31.53908,60.12767],[31.54081,60.12709],[31.54199,60.12688],[31.5428,60.12693],[31.54352,60.12722],[31.5473,60.12902],[31.55101,60.13098],[31.55211,60.13144],[31.55369,60.13189],[31.55612,60.13339],[31.55818,60.13436],[31.55992,60.13504],[31.56172,60.1355],[31.56537,60.1361],[31.56896,60.13635],[31.57571,60.13608],[31.58044,60.13617],[31.5814,60.13604],[31.58202,60.13573],[31.58269,60.13559],[31.58336,60.13565],[31.58425,60.13588],[31.58448,60.13614],[31.58452,60.13648],[31.58399,60.13721],[31.5839,60.13749],[31.58395,60.1378],[31.5842,60.13806],[31.58459,60.13822],[31.58584,60.13836],[31.58688,60.13867],[31.58681,60.13961],[31.58854,60.13961],[31.59139,60.14044],[31.59203,60.14098],[31.59233,60.14182],[31.59219,60.14242],[31.59184,60.14275],[31.5914,60.14295],[31.59056,60.14309],[31.58741,60.14328],[31.58649,60.14354],[31.58572,60.14398],[31.58535,60.14436],[31.58516,60.14469],[31.58511,60.14503],[31.58522,60.14537],[31.58578,60.14593],[31.58691,60.14631],[31.58851,60.14639],[31.58989,60.14619],[31.59122,60.14579],[31.59407,60.14453],[31.59671,60.14406],[31.59786,60.14377],[31.60171,60.14186],[31.60249,60.1413],[31.60311,60.14053],[31.6033,60.13986],[31.60326,60.13907],[31.603,60.13822],[31.60245,60.13704],[31.60201,60.13635],[31.60128,60.1355],[31.59895,60.13344],[31.59858,60.13277],[31.59821,60.13142],[31.59788,60.1309],[31.59734,60.13051],[31.59472,60.12922],[31.59399,60.12863],[31.59299,60.12743],[31.58947,60.12614],[31.58779,60.12515],[31.58711,60.12457],[31.58651,60.12388],[31.58609,60.12321],[31.58556,60.12208],[31.58516,60.12153],[31.58457,60.1211],[31.58252,60.12007],[31.5818,60.11961],[31.58144,60.11933],[31.57981,60.11751],[31.5787,60.11533],[31.57629,60.11208],[31.57568,60.11094],[31.57553,60.11027],[31.57558,60.10959],[31.57634,60.10746],[31.57632,60.10712],[31.57615,60.10673],[31.57456,60.10499],[31.57386,60.10408],[31.57224,60.10104],[31.56953,60.09732],[31.5677,60.09384],[31.56715,60.09317],[31.56613,60.09235],[31.56526,60.09186],[31.56232,60.09052],[31.55999,60.08913],[31.55901,60.08868],[31.55086,60.08609],[31.54547,60.08466],[31.54349,60.08389],[31.54017,60.08233],[31.53917,60.08202],[31.53357,60.08114],[31.52838,60.07977],[31.52689,60.07946],[31.52036,60.07872],[31.51361,60.07773],[31.51048,60.07717],[31.50506,60.07601],[31.50376,60.07603],[31.49854,60.07723],[31.49291,60.07813],[31.48866,60.0795],[31.48605,60.08062],[31.48397,60.08137],[31.48003,60.08255],[31.477,60.08323],[31.47086,60.08425],[31.46884,60.08444],[31.46794,60.08441],[31.467,60.08426],[31.46617,60.08387],[31.46574,60.08338],[31.46555,60.08282],[31.4657,60.08203],[31.46624,60.08107],[31.46677,60.0806],[31.47242,60.07652],[31.47569,60.07393],[31.47905,60.07171],[31.48412,60.06804],[31.48835,60.06538],[31.48967,60.06445],[31.49081,60.06336],[31.49234,60.06112],[31.49313,60.06039],[31.49595,60.05959],[31.49716,60.05904],[31.49856,60.05808],[31.50105,60.05594],[31.50153,60.05544],[31.50263,60.05379],[31.5033,60.05324],[31.5041,60.05275],[31.50466,60.05211],[31.5047,60.05177],[31.5046,60.05132],[31.50391,60.04995],[31.50365,60.04918],[31.50368,60.04862],[31.50393,60.04818],[31.50461,60.04792],[31.50529,60.04783],[31.50956,60.04838],[31.51046,60.04838],[31.51126,60.04823],[31.51197,60.04767],[31.51374,60.04597],[31.51735,60.04325],[31.51767,60.04283],[31.51887,60.04063],[31.52092,60.03816],[31.52266,60.03512],[31.52487,60.03202],[31.52609,60.03074],[31.52819,60.02895],[31.52983,60.02704],[31.53189,60.02524],[31.53439,60.02241],[31.53708,60.01971],[31.53797,60.01859],[31.53929,60.01639],[31.54453,60.01002],[31.54574,60.00834],[31.54669,60.00732],[31.54829,60.00592],[31.54862,60.00542],[31.55084,60.00081],[31.55156,59.99979],[31.55266,59.99866],[31.55341,59.99677],[31.55386,59.99608],[31.55472,59.99506],[31.55546,59.99334],[31.55652,59.99169],[31.55677,59.98944],[31.55755,59.98742],[31.55792,59.98551],[31.55844,59.98382],[31.55833,59.98202],[31.55841,59.98123],[31.55864,59.98056],[31.55943,59.97898],[31.55959,59.97707],[31.56033,59.97482],[31.56033,59.97403],[31.55997,59.97201],[31.56014,59.96953],[31.56006,59.96898],[31.55979,59.96856],[31.5575,59.96639],[31.55628,59.96495],[31.55559,59.96379],[31.55493,59.96177],[31.55447,59.96091],[31.55216,59.95817],[31.55079,59.95602],[31.549,59.95422],[31.54858,59.95356],[31.54716,59.95058],[31.5467,59.94996],[31.54551,59.94873],[31.54506,59.94804],[31.54487,59.94748],[31.54482,59.94692],[31.54518,59.94501],[31.54513,59.94411],[31.54475,59.94321],[31.54335,59.94107],[31.54297,59.93994],[31.54303,59.93893],[31.5436,59.93736],[31.54361,59.93713],[31.54348,59.93691],[31.54292,59.93649],[31.54022,59.93561],[31.53839,59.93467],[31.53717,59.9336],[31.53624,59.93216],[31.53568,59.93164],[31.53193,59.93046],[31.52983,59.92944],[31.52833,59.92825],[31.5267,59.92619],[31.52557,59.92543],[31.5223,59.92447],[31.52117,59.92402],[31.51587,59.92126],[31.51248,59.92078],[31.5106,59.92039],[31.50864,59.91977],[31.50581,59.91863],[31.50391,59.91799],[31.49785,59.91666],[31.49503,59.91593],[31.49241,59.91501],[31.48968,59.9135],[31.48459,59.91291],[31.48052,59.91218],[31.47595,59.9115],[31.47185,59.91044],[31.46798,59.90965],[31.46449,59.90871],[31.46002,59.9078],[31.4562,59.90635],[31.45511,59.90623],[31.45151,59.90623],[31.44915,59.90598],[31.44589,59.9054],[31.44251,59.90443],[31.44123,59.90419],[31.43956,59.90432],[31.43486,59.90535],[31.43329,59.9055],[31.43149,59.90551],[31.4286,59.90519],[31.42451,59.90439],[31.42036,59.90377],[31.41795,59.90322],[31.41686,59.90307],[31.41371,59.90329],[31.41214,59.90329],[31.41079,59.90315],[31.40809,59.90262],[31.40719,59.90255],[31.40291,59.90314],[31.39886,59.90319],[31.39226,59.9029],[31.38671,59.9022],[31.38607,59.9023],[31.38527,59.90333],[31.38471,59.90379],[31.38394,59.90419],[31.38149,59.90501],[31.37946,59.90594],[31.37629,59.90688],[31.37525,59.90734],[31.37214,59.90911],[31.37161,59.90955],[31.3708,59.91049],[31.36998,59.91115],[31.36858,59.91184],[31.36718,59.9123],[31.36556,59.91258],[31.36016,59.91294],[31.35724,59.9126],[31.35431,59.91204],[31.35094,59.91212],[31.34846,59.91202],[31.34744,59.91217],[31.34725,59.91226],[31.3472,59.9124],[31.34745,59.91278],[31.34851,59.9131],[31.34931,59.91358],[31.34979,59.91418],[31.35002,59.91486],[31.35005,59.91576],[31.34983,59.91643],[31.34914,59.91721],[31.34837,59.91773],[31.34738,59.91816],[31.34599,59.91851],[31.34482,59.91864],[31.34291,59.91862],[31.34198,59.91901],[31.34049,59.92005],[31.3392,59.92054],[31.33811,59.92073],[31.33562,59.92097],[31.33339,59.92159],[31.33223,59.9218],[31.33136,59.92185],[31.32944,59.92177],[31.32854,59.92222],[31.32858,59.92262],[31.32896,59.92307],[31.32908,59.92341],[31.32903,59.92374],[31.32884,59.92405],[31.3284,59.92441],[31.32753,59.92488],[31.32647,59.92571],[31.32496,59.9266],[31.32477,59.92701],[31.32468,59.92881],[31.32492,59.92944],[31.32619,59.9303],[31.32915,59.93205],[31.32963,59.93256],[31.32983,59.93308],[31.32979,59.93353],[31.3296,59.93394],[31.32754,59.93698],[31.32707,59.93781],[31.32653,59.93949],[31.3262,59.94017],[31.32584,59.94067],[31.32522,59.94125],[31.3232,59.94252],[31.32024,59.94377],[31.31782,59.94493],[31.31597,59.94609],[31.31442,59.94665],[31.31297,59.94693],[31.31142,59.94698],[31.30841,59.94676],[31.30549,59.94692],[31.30438,59.94678],[31.30344,59.94645],[31.30296,59.94611],[31.30259,59.9457],[31.30195,59.94434],[31.30102,59.94354],[31.30059,59.94292],[31.30053,59.94253],[31.30065,59.94202],[31.3014,59.94062],[31.30139,59.94028],[31.30124,59.93994],[31.30052,59.93932],[31.29963,59.93907],[31.29874,59.93898],[31.29761,59.93909],[31.2961,59.93976],[31.29549,59.94026],[31.29439,59.94155],[31.2938,59.94205],[31.29247,59.9429],[31.29087,59.94365],[31.28902,59.94432],[31.28781,59.94464],[31.28614,59.9449],[31.28411,59.94502],[31.28074,59.94508],[31.27984,59.94497],[31.27902,59.94475],[31.27821,59.94416],[31.27746,59.9429],[31.27717,59.94259],[31.27551,59.94153],[31.27457,59.94111],[31.27336,59.94078],[31.27043,59.94022],[31.26904,59.94005],[31.26364,59.94032],[31.25824,59.94036],[31.25036,59.94093],[31.24581,59.94165],[31.24361,59.94181],[31.23956,59.94186],[31.23349,59.94272],[31.23169,59.94289],[31.22944,59.94274],[31.22449,59.94184],[31.22324,59.94149],[31.22147,59.94067],[31.22069,59.94014],[31.22014,59.93949],[31.21937,59.93747],[31.21924,59.93646],[31.21927,59.93499],[31.21865,59.93385],[31.21867,59.93337],[31.21907,59.93229],[31.21903,59.93072],[31.21873,59.93034],[31.21645,59.92892],[31.2154,59.92791],[31.21482,59.92701],[31.2145,59.92599],[31.2145,59.92543],[31.21474,59.92453],[31.21466,59.92409],[31.21421,59.92361],[31.21298,59.92283],[31.21236,59.92228],[31.21194,59.92161],[31.21156,59.92039],[31.20976,59.91815],[31.20925,59.91788],[31.20889,59.91771],[31.20829,59.91766],[31.20609,59.91769],[31.20199,59.91798],[31.20019,59.91848],[31.19906,59.91865],[31.19706,59.91864],[31.19546,59.91841],[31.19271,59.9177],[31.19209,59.91764],[31.18736,59.91759],[31.18399,59.91767],[31.17857,59.91721],[31.17647,59.91682],[31.17547,59.91643],[31.1736,59.91552],[31.17272,59.91534],[31.17167,59.91544],[31.16913,59.91619],[31.16637,59.91674],[31.16491,59.91727],[31.16436,59.91768],[31.16341,59.91867],[31.16205,59.91952],[31.16165,59.92003],[31.16125,59.92099],[31.16077,59.92172],[31.16028,59.92224],[31.15932,59.92295],[31.15766,59.92385],[31.15547,59.92475],[31.15388,59.92525],[31.15226,59.92557],[31.15069,59.92576],[31.14619,59.926],[31.14259,59.92642],[31.1407,59.92676],[31.13786,59.92745],[31.13409,59.92795],[31.13067,59.92881],[31.12841,59.92909],[31.12661,59.9291],[31.12358,59.92894],[31.11807,59.92825],[31.11514,59.92766],[31.11086,59.92753],[31.10975,59.92759],[31.10703,59.92833],[31.10522,59.92862],[31.10366,59.92867],[31.10082,59.92851],[31.09914,59.92902],[31.09781,59.92918],[31.09399,59.92892],[31.09279,59.92895],[31.09182,59.92924],[31.08923,59.93037],[31.08656,59.93098],[31.08386,59.9313],[31.08116,59.93134],[31.07914,59.93154],[31.07559,59.93166],[31.07465,59.93186],[31.0729,59.93256],[31.07131,59.93298],[31.07033,59.93307],[31.06839,59.93302]],[[32.6314,60.55509],[32.63075,60.55525],[32.63035,60.55509],[32.63024,60.55488],[32.63055,60.55468],[32.63096,60.55463],[32.63151,60.55488],[32.6314,60.55509]],[[32.76456,60.51189],[32.76427,60.51221],[32.76304,60.5125],[32.7622,60.51246],[32.76188,60.51231],[32.76177,60.51211],[32.76218,60.51164],[32.76304,60.51146],[32.76443,60.51167],[32.76456,60.51189]],[[32.77575,60.44825],[32.77596,60.45024],[32.77581,60.45109],[32.77545,60.45204],[32.77425,60.45384],[32.77083,60.45756],[32.76958,60.4592],[32.76904,60.46014],[32.76872,60.46104],[32.76862,60.46194],[32.76874,60.46273],[32.76903,60.46341],[32.76945,60.46403],[32.7709,60.4654],[32.77292,60.46677],[32.77758,60.46941],[32.77899,60.47049],[32.78109,60.4726],[32.78184,60.47309],[32.78272,60.47347],[32.78419,60.4738],[32.78576,60.4739],[32.79139,60.47353],[32.79364,60.47353],[32.79926,60.47417],[32.80106,60.47428],[32.80286,60.47418],[32.80454,60.47383],[32.80548,60.47348],[32.80635,60.47302],[32.80744,60.47213],[32.8083,60.47093],[32.80974,60.46769],[32.8109,60.46587],[32.81199,60.46462],[32.8132,60.46355],[32.81353,60.46335],[32.81461,60.46312]],[[32.09059,60.40839],[32.09068,60.40884],[32.09037,60.40929],[32.08999,60.40962],[32.08894,60.41001],[32.08808,60.41006],[32.08723,60.40979],[32.08677,60.40941],[32.08656,60.40896],[32.08664,60.40862],[32.08708,60.40818],[32.08826,60.40783],[32.08894,60.40782],[32.08982,60.40797],[32.09029,60.40814],[32.09059,60.40839]],[[32.03195,60.25895],[32.03138,60.25907],[32.03106,60.25895],[32.03099,60.25877],[32.03122,60.25858],[32.03156,60.25854],[32.03205,60.25877],[32.03195,60.25895]],[[31.7514,60.25435],[31.75246,60.255],[31.75256,60.25529],[31.75249,60.25569],[31.75121,60.25573],[31.74851,60.25544],[31.74607,60.25571],[31.74569,60.25566],[31.74557,60.25551],[31.74567,60.25517],[31.74615,60.25477],[31.74782,60.25428],[31.74986,60.25412],[31.7514,60.25435]],[[31.09945,59.99422],[31.0999,59.99447],[31.10073,59.99472],[31.10106,59.99509],[31.10173,59.9966],[31.10174,59.99732],[31.10158,59.99766],[31.10079,59.99853],[31.09855,59.99968],[31.09715,60.00099],[31.09643,60.00144],[31.09456,60.00234],[31.09348,60.00312],[31.09308,60.00373],[31.09274,60.00456],[31.09224,60.00767],[31.09137,60.01014],[31.09132,60.01104],[31.09165,60.01296],[31.09161,60.01341],[31.09133,60.01369],[31.09071,60.01394],[31.08733,60.01446],[31.08677,60.01487],[31.08673,60.01498],[31.08684,60.01521],[31.08742,60.01567],[31.09043,60.01672],[31.09078,60.01712],[31.09115,60.01813],[31.09163,60.01859],[31.09257,60.01901],[31.09431,60.01955],[31.09556,60.0197],[31.09661,60.01956],[31.09747,60.0192],[31.09821,60.01856],[31.09826,60.01807],[31.09793,60.01765],[31.09737,60.0173],[31.09643,60.01697],[31.09541,60.01674],[31.09431,60.01595],[31.09394,60.01543],[31.09385,60.01498],[31.09407,60.01455],[31.09452,60.01436],[31.09625,60.01402],[31.09736,60.01393],[31.10569,60.01386],[31.10736,60.01401],[31.10985,60.01442],[31.11402,60.01539],[31.11529,60.01582],[31.11623,60.01625],[31.11698,60.01676],[31.11794,60.01763],[31.1193,60.01859],[31.12071,60.02074],[31.1217,60.02168],[31.12366,60.02331],[31.12443,60.02423],[31.12528,60.02569],[31.12547,60.02634],[31.1255,60.02702],[31.12534,60.02769],[31.12452,60.02949],[31.12433,60.03028],[31.1244,60.03118],[31.12495,60.03298],[31.12496,60.03343],[31.12485,60.03377],[31.12426,60.03428],[31.12161,60.03486],[31.1207,60.03522],[31.12008,60.03567],[31.11971,60.03604],[31.11937,60.03658],[31.11889,60.03792],[31.11849,60.03861],[31.11675,60.04086],[31.11574,60.04176],[31.11376,60.04283],[31.11138,60.04366],[31.10801,60.04507],[31.10634,60.046],[31.10534,60.04642],[31.10264,60.04732],[31.09966,60.04816],[31.09623,60.04977],[31.08747,60.05297],[31.08387,60.05463],[31.07856,60.05759],[31.07733,60.05851],[31.0741,60.06144],[31.07236,60.06358],[31.07135,60.06561],[31.0713,60.06606],[31.07152,60.06718],[31.07148,60.06774],[31.07124,60.0684],[31.07062,60.06954],[31.07043,60.07044],[31.07043,60.07393],[31.07159,60.07607],[31.07218,60.07844],[31.07337,60.08012],[31.07455,60.08259],[31.07601,60.08473],[31.07636,60.08552],[31.07651,60.08619],[31.07652,60.08687],[31.07636,60.08788],[31.07648,60.08912],[31.07642,60.08979],[31.07615,60.09047],[31.07519,60.09193],[31.07496,60.09249],[31.07494,60.09373],[31.07522,60.09497],[31.07635,60.09756],[31.07685,60.09924],[31.07755,60.10076],[31.07807,60.10135],[31.07958,60.10265],[31.0805,60.10317],[31.08272,60.10415],[31.08424,60.10541],[31.08695,60.10722],[31.09007,60.10984],[31.09131,60.11106],[31.09136,60.11151],[31.09096,60.11213],[31.08907,60.11379],[31.08846,60.11466],[31.08848,60.11511],[31.08899,60.11612],[31.08914,60.11666],[31.08918,60.11751],[31.08898,60.11814],[31.08874,60.11848],[31.08824,60.11887],[31.08637,60.11928],[31.0849,60.11988],[31.08109,60.12295],[31.07844,60.12561],[31.07744,60.12641],[31.07555,60.1276],[31.07172,60.12966],[31.06928,60.13138],[31.06857,60.132],[31.068,60.13266],[31.06765,60.1333],[31.06719,60.13479],[31.06692,60.13536],[31.06649,60.13588],[31.06579,60.13644],[31.06403,60.13734],[31.06129,60.13825],[31.05845,60.13955],[31.05777,60.14002],[31.05744,60.14044],[31.05707,60.14121],[31.0559,60.14445],[31.05571,60.14661],[31.05502,60.14953],[31.05501,60.15032],[31.05513,60.15099],[31.05615,60.15369],[31.05639,60.15516],[31.05613,60.15696],[31.05533,60.15921],[31.05518,60.15999],[31.05511,60.16157],[31.05526,60.16427],[31.05504,60.16674],[31.05481,60.16743],[31.0544,60.16809],[31.05256,60.16989],[31.05193,60.17079],[31.0517,60.17169],[31.05134,60.176],[31.05043,60.17766],[31.04973,60.17835],[31.04888,60.17878],[31.04778,60.17913],[31.04517,60.17965],[31.04305,60.17962],[31.04179,60.17942],[31.04089,60.17916],[31.0401,60.17876],[31.03955,60.17833],[31.03817,60.17643],[31.03692,60.17528],[31.03601,60.1747],[31.03248,60.17286],[31.03175,60.17232],[31.03044,60.17109],[31.02967,60.17065],[31.02894,60.17043],[31.02694,60.17024],[31.02244,60.17053],[31.01445,60.17053]],[[32.49281,60.15105],[32.49169,60.15092],[32.49034,60.15097],[32.48582,60.15166],[32.48445,60.15219],[32.48366,60.15269],[32.48325,60.15308],[32.48311,60.15336],[32.48309,60.1539],[32.48325,60.1541],[32.48387,60.15448],[32.48583,60.1549],[32.49191,60.15543],[32.49303,60.15543],[32.49399,60.15531],[32.4948,60.15487],[32.49503,60.15453],[32.4951,60.15381],[32.49494,60.15264],[32.4947,60.15212],[32.49426,60.15164],[32.49354,60.15126],[32.49281,60.15105]],[[31.3983,60.1226],[31.39886,60.12288],[31.39896,60.12331],[31.39876,60.12359],[31.3981,60.12386],[31.39695,60.12378],[31.39643,60.12343],[31.39622,60.12309],[31.3964,60.12276],[31.39689,60.12244],[31.39792,60.12245],[31.3983,60.1226]],[[31.38589,60.11394],[31.38829,60.11413],[31.39369,60.11431],[31.39661,60.1146],[31.39776,60.11484],[31.39875,60.11527],[31.39912,60.11567],[31.39922,60.11612],[31.39898,60.11664],[31.39829,60.11723],[31.39709,60.1178],[31.39591,60.11813],[31.39414,60.11836],[31.38896,60.11864],[31.38356,60.11943],[31.38131,60.11957],[31.37411,60.11963],[31.37163,60.11936],[31.36849,60.11868],[31.36673,60.11811],[31.36564,60.11741],[31.36508,60.11679],[31.36501,60.11657],[31.36526,60.11609],[31.36603,60.11565],[31.36722,60.11526],[31.36916,60.11493],[31.37344,60.11472],[31.37749,60.11412],[31.38064,60.11382],[31.38311,60.11376],[31.38589,60.11394]],[[31.40945,60.11216],[31.40982,60.11264],[31.4098,60.11319],[31.40948,60.11368],[31.40856,60.11426],[31.40777,60.11441],[31.40688,60.11431],[31.40592,60.11394],[31.40553,60.11342],[31.40552,60.11297],[31.40574,60.11257],[31.40628,60.11216],[31.40681,60.11193],[31.40764,60.11177],[31.40831,60.11177],[31.40893,60.11192],[31.40945,60.11216]],[[31.45136,60.08889],[31.45119,60.08926],[31.45039,60.08949],[31.44972,60.08941],[31.44934,60.08922],[31.44918,60.08901],[31.44924,60.08878],[31.44951,60.08858],[31.45016,60.08839],[31.45111,60.0886],[31.45129,60.08872],[31.45136,60.08889]],[[31.14905,60.04742],[31.15062,60.04815],[31.15107,60.0486],[31.15088,60.04874],[31.15023,60.04885],[31.14776,60.04907],[31.14666,60.04878],[31.1464,60.04839],[31.14643,60.04806],[31.14661,60.04779],[31.14709,60.04758],[31.14774,60.04735],[31.14831,60.04729],[31.14905,60.04742]],[[31.35623,59.98613],[31.36129,59.9864],[31.36541,59.98699],[31.36689,59.9875],[31.36747,59.98784],[31.36808,59.98836],[31.36848,59.98911],[31.36847,59.99001],[31.36791,59.99181],[31.36604,59.99484],[31.36368,59.99742],[31.36275,59.99795],[31.35935,59.99883],[31.35872,59.99907],[31.35839,59.9993],[31.35822,59.99962],[31.35898,60.00058],[31.35917,60.00159],[31.35911,60.00266],[31.35886,60.00306],[31.35855,60.00332],[31.35769,60.0036],[31.35544,60.00387],[31.35139,60.00468],[31.35027,60.0047],[31.3493,60.00455],[31.34836,60.00412],[31.348,60.00373],[31.34778,60.00317],[31.34787,60.00261],[31.34833,60.00186],[31.35018,60.00009],[31.35098,59.99903],[31.35217,59.99784],[31.35249,59.99732],[31.35257,59.99676],[31.35243,59.99619],[31.35208,59.99558],[31.35165,59.99506],[31.34996,59.99345],[31.34913,59.99235],[31.3481,59.99012],[31.34795,59.98933],[31.34804,59.98877],[31.34835,59.98824],[31.34923,59.98746],[31.35097,59.9865],[31.35179,59.9862],[31.35319,59.98602],[31.35623,59.98613]],[[31.38525,59.99603],[31.39121,59.99622],[31.39252,59.99644],[31.39344,59.99683],[31.39414,59.9975],[31.39431,59.99783],[31.39435,59.99822],[31.39425,59.99873],[31.39333,60.00095],[31.39291,60.00147],[31.3924,60.00183],[31.39081,60.00227],[31.38851,60.00254],[31.38446,60.00269],[31.38265,60.00288],[31.38096,60.00326],[31.37726,60.00439],[31.37591,60.00451],[31.37524,60.00441],[31.37444,60.00413],[31.37397,60.00373],[31.37356,60.00322],[31.37272,60.00137],[31.37183,60.00068],[31.37092,60.00032],[31.36907,60.0],[31.36815,59.99963],[31.36813,59.99914],[31.36906,59.99865],[31.37006,59.99857],[31.3719,59.99879],[31.37299,59.9988],[31.37479,59.99857],[31.37618,59.99825],[31.37715,59.99783],[31.37903,59.99655],[31.38057,59.99594],[31.38199,59.99583],[31.38525,59.99603]],[[32.40607,60.14037],[32.4033,60.13988],[32.39947,60.13968],[32.39759,60.13972],[32.39481,60.13926],[32.38802,60.13869],[32.38194,60.13853],[32.37868,60.13859],[32.37159,60.13829],[32.36687,60.13841],[32.36282,60.13825],[32.36034,60.1383],[32.3576,60.1386],[32.35528,60.13917],[32.35477,60.13924],[32.35395,60.13911],[32.35338,60.13884],[32.35308,60.13854],[32.35254,60.13776],[32.352,60.13738],[32.35146,60.13736],[32.34999,60.13761],[32.34763,60.13778],[32.34709,60.13787],[32.34625,60.13812],[32.34572,60.13817],[32.34502,60.13804],[32.34347,60.13745],[32.34322,60.1373],[32.34316,60.13713],[32.34376,60.13651],[32.34388,60.13612],[32.34371,60.13567],[32.34328,60.13516],[32.34257,60.13454],[32.34125,60.13373],[32.33978,60.1325],[32.33827,60.13135],[32.33648,60.12978],[32.33529,60.12911],[32.33509,60.12892],[32.33513,60.1288],[32.33536,60.12864],[32.3378,60.12758],[32.33842,60.12712],[32.3387,60.12672],[32.33872,60.12627],[32.33827,60.12554],[32.33821,60.12526],[32.33854,60.1242],[32.33862,60.12374],[32.33849,60.12256],[32.3387,60.12149],[32.33863,60.1207],[32.33839,60.12003],[32.338,60.1194],[32.33587,60.11728],[32.33582,60.11705],[32.33585,60.11626],[32.33573,60.1157],[32.3355,60.11508],[32.33487,60.11405],[32.3343,60.11345],[32.33355,60.11291],[32.33322,60.11275],[32.3327,60.1128],[32.33242,60.11265],[32.33229,60.11223],[32.33196,60.11204],[32.33185,60.11178],[32.33162,60.11159],[32.33165,60.1115],[32.33191,60.11133],[32.33194,60.1112],[32.3319,60.11104],[32.33166,60.11069],[32.33122,60.11023],[32.32999,60.10936],[32.32974,60.10906],[32.32964,60.10883],[32.32965,60.10855],[32.32997,60.10777],[32.32999,60.1076],[32.3297,60.10658],[32.32943,60.10613],[32.32919,60.10591],[32.32819,60.10528],[32.32777,60.10447],[32.32688,60.10391],[32.32642,60.10348],[32.32622,60.10321],[32.32609,60.10287],[32.32604,60.10232],[32.32506,60.10179],[32.32455,60.10166],[32.32366,60.10123],[32.32299,60.10075],[32.32196,60.09985],[32.32101,60.09942],[32.32063,60.09916],[32.32003,60.09855],[32.31876,60.09807],[32.31855,60.09762],[32.31787,60.0975],[32.31716,60.09717],[32.31698,60.09693],[32.31659,60.09687],[32.31625,60.09673],[32.31607,60.0965],[32.31608,60.09626],[32.31546,60.09583],[32.31483,60.0955],[32.31402,60.09537],[32.31389,60.09512],[32.31362,60.09493],[32.31353,60.09468],[32.3131,60.09443],[32.31296,60.0938],[32.31268,60.09348],[32.31252,60.09286],[32.31263,60.09207],[32.31245,60.09155],[32.3116,60.0913],[32.31096,60.09127],[32.31067,60.09131],[32.3102,60.09151],[32.3099,60.09185],[32.3099,60.09207],[32.31001,60.09222],[32.31021,60.0923],[32.31077,60.09235],[32.31098,60.09258],[32.31095,60.09292],[32.31046,60.09348],[32.31043,60.09376],[32.31073,60.09424],[32.31083,60.09483],[32.311,60.0951],[32.31113,60.09519],[32.31159,60.09524],[32.31175,60.09534],[32.31172,60.09541],[32.31106,60.09574],[32.30976,60.09583],[32.30938,60.09572],[32.309,60.09539],[32.30889,60.09513],[32.30848,60.09511],[32.30816,60.09499],[32.30718,60.09419],[32.30667,60.09387],[32.30498,60.09313],[32.30503,60.09304],[32.30528,60.0929],[32.30577,60.09246],[32.30663,60.09154],[32.30827,60.09044],[32.3083,60.0901],[32.30838,60.08992],[32.3088,60.08952],[32.3094,60.08931],[32.31033,60.08913],[32.31086,60.08885],[32.31108,60.08861],[32.31116,60.08839],[32.31115,60.08811],[32.311,60.08771]],[[32.30736,60.08771],[32.30683,60.08819],[32.3057,60.08903],[32.30523,60.08927],[32.30438,60.08956],[32.30385,60.08986],[32.30361,60.09016],[32.30341,60.0908],[32.30299,60.0912],[32.30286,60.09157],[32.30281,60.09196],[32.30287,60.0923],[32.30301,60.0926],[32.30409,60.09297],[32.30469,60.09312],[32.30477,60.0932],[32.3047,60.09337],[32.30418,60.09376],[32.30367,60.09432],[32.30357,60.09472],[32.30369,60.09517],[32.3039,60.09537],[32.30466,60.09563],[32.30518,60.09593],[32.30661,60.09717],[32.3079,60.0974],[32.30848,60.09759],[32.30939,60.0976],[32.31137,60.09783],[32.31352,60.09848],[32.31395,60.0987],[32.31429,60.09896],[32.31545,60.10033],[32.31674,60.10141],[32.31693,60.1023],[32.31708,60.1027],[32.3177,60.10372],[32.31829,60.10484],[32.31875,60.10527],[32.31986,60.10608],[32.32035,60.10653],[32.32066,60.10692],[32.32105,60.10771],[32.3219,60.10843],[32.32241,60.10929],[32.32282,60.10954],[32.32332,60.10975],[32.32371,60.11007],[32.32415,60.11068],[32.32492,60.11153],[32.32506,60.11179],[32.32542,60.11204],[32.3255,60.11247],[32.32617,60.1129],[32.32597,60.11315],[32.32645,60.11445],[32.32741,60.11512],[32.32764,60.11553],[32.32766,60.11575],[32.32748,60.11632],[32.32744,60.11677],[32.3272,60.11738],[32.32707,60.118],[32.32711,60.11817],[32.32759,60.11885],[32.32769,60.11924],[32.32739,60.12059],[32.32703,60.12155],[32.32706,60.12188],[32.3273,60.12278],[32.3272,60.12363],[32.32687,60.12505],[32.32662,60.1256],[32.3264,60.12594],[32.32576,60.12645],[32.32559,60.12692],[32.32519,60.12745],[32.32517,60.12785],[32.32539,60.12908],[32.32523,60.13015],[32.32509,60.13049],[32.32413,60.13181],[32.32384,60.13257],[32.32382,60.13297],[32.32392,60.1333],[32.32448,60.13403],[32.32459,60.13426],[32.32456,60.1346],[32.32436,60.13505],[32.32412,60.13538],[32.32376,60.13569],[32.32313,60.13602],[32.32221,60.13614],[32.32052,60.13611],[32.32008,60.13598],[32.31875,60.13543],[32.31787,60.13497],[32.31778,60.13472],[32.31811,60.1342],[32.31812,60.13398],[32.31799,60.1338],[32.31747,60.13359],[32.31579,60.13356],[32.31534,60.13349],[32.31385,60.13293],[32.31276,60.13261],[32.31114,60.13228],[32.30795,60.13182],[32.30296,60.13035],[32.30117,60.12991],[32.29945,60.12957],[32.29431,60.12874],[32.29137,60.12843],[32.28767,60.12791],[32.28621,60.12778],[32.28457,60.12778]],[[30.98701,59.93336],[30.9871,59.93363],[30.98752,59.9338],[30.98772,59.93398],[30.98848,59.93426],[30.98897,59.93467],[30.98996,59.93597],[30.99109,59.93767],[30.99227,59.9388],[30.99255,59.939],[30.99352,59.93927],[30.99439,59.93967],[30.99571,59.9406],[30.99601,59.94101],[30.99788,59.9419],[30.99804,59.94204],[30.99909,59.942],[30.99993,59.94212],[31.00064,59.94236],[31.00105,59.9426],[31.00166,59.94268],[31.00224,59.9429],[31.00329,59.94306],[31.00525,59.94365],[31.00916,59.94463],[31.01011,59.94497],[31.01174,59.94572],[31.01296,59.94619],[31.01541,59.94679],[31.01661,59.94721],[31.01762,59.94774],[31.0185,59.94842],[31.01872,59.94867],[31.01912,59.94877],[31.02024,59.94872],[31.02145,59.94884],[31.02315,59.94926],[31.0238,59.94952],[31.02416,59.94977],[31.02434,59.95004],[31.02429,59.95038],[31.02405,59.95095],[31.02407,59.95116],[31.02494,59.95166],[31.02549,59.95172],[31.02611,59.952],[31.02636,59.9523],[31.02683,59.95249],[31.02709,59.95268],[31.02772,59.95339],[31.02807,59.95414],[31.02918,59.95512],[31.0301,59.9563],[31.03179,59.95766],[31.0322,59.95791],[31.03351,59.95822],[31.03449,59.95855],[31.03591,59.95939],[31.03768,59.9601],[31.03884,59.96082],[31.03981,59.96117],[31.04551,59.96195],[31.04622,59.96214],[31.04751,59.96267],[31.05065,59.96334],[31.05488,59.96394],[31.0587,59.965],[31.06033,59.96575],[31.06145,59.96646],[31.06427,59.9675],[31.06599,59.96827],[31.06641,59.96853],[31.06747,59.96957],[31.0688,59.97065],[31.06928,59.97114],[31.06949,59.97147],[31.06988,59.97243],[31.07044,59.97323],[31.07072,59.97428],[31.07102,59.97471],[31.07162,59.97518],[31.07213,59.97548],[31.07445,59.97639],[31.07507,59.97679],[31.07522,59.97704],[31.07528,59.97745],[31.07572,59.97766],[31.07567,59.97777],[31.07547,59.97786],[31.07489,59.97789],[31.07467,59.97805],[31.07457,59.97822],[31.07461,59.97845],[31.07498,59.9792],[31.07522,59.9795],[31.07558,59.97968],[31.07681,59.98006],[31.07857,59.9808],[31.08044,59.98105],[31.08078,59.98114],[31.08098,59.98128],[31.0811,59.98148],[31.08123,59.98223],[31.08164,59.98247],[31.08258,59.98265],[31.08448,59.98277],[31.08549,59.98304],[31.0859,59.98327],[31.08622,59.98354],[31.08713,59.98495],[31.08742,59.9853],[31.08847,59.98608],[31.08899,59.98633],[31.08966,59.98654],[31.09208,59.98691],[31.0935,59.98731],[31.09475,59.98784],[31.09536,59.98821],[31.09607,59.98877],[31.09745,59.9894],[31.09773,59.98964],[31.09789,59.98989],[31.09796,59.9902],[31.09791,59.99048],[31.09759,59.99097],[31.09683,59.99155],[31.09675,59.99167],[31.09676,59.99178],[31.09698,59.99212],[31.09868,59.99411]],[[31.10451,59.97501],[31.10504,59.97521],[31.10604,59.97571],[31.10731,59.97581],[31.10777,59.97591],[31.10806,59.97609],[31.10811,59.97631],[31.10781,59.97654],[31.10747,59.97657],[31.10601,59.97632],[31.10552,59.97629],[31.10333,59.97656],[31.10214,59.97663],[31.10057,59.97648],[31.10013,59.97637],[31.09972,59.97611],[31.09989,59.97586],[31.10021,59.97556],[31.10107,59.97502],[31.10159,59.97484],[31.10293,59.97482],[31.10451,59.97501]],[[31.10123,59.97372],[31.10134,59.97389],[31.10131,59.97412],[31.10111,59.97435],[31.10091,59.97439],[31.10046,59.97439],[31.09975,59.97426],[31.09935,59.97408],[31.09923,59.97388],[31.09965,59.97362],[31.10012,59.97355],[31.10079,59.97356],[31.10111,59.97362],[31.10123,59.97372]],[[31.10455,59.97051],[31.1049,59.9707],[31.10504,59.97097],[31.10491,59.97125],[31.1046,59.97147],[31.10392,59.97165],[31.10334,59.97164],[31.10286,59.97142],[31.10275,59.97125],[31.10272,59.97108],[31.10279,59.97087],[31.10294,59.97071],[31.10332,59.97052],[31.10394,59.97043],[31.10455,59.97051]],[[31.03559,59.95252],[31.03595,59.95262],[31.03654,59.95293],[31.03734,59.95299],[31.03828,59.95293],[31.03888,59.95264],[31.03926,59.95254],[31.03971,59.95252],[31.04004,59.95258],[31.04035,59.95269],[31.04075,59.95295],[31.04119,59.95338],[31.0415,59.95387],[31.04151,59.9542],[31.04122,59.95496],[31.04078,59.95541],[31.04035,59.95566],[31.03993,59.95577],[31.03948,59.9558],[31.03905,59.95572],[31.0385,59.95544],[31.038,59.95498],[31.03747,59.9548],[31.03726,59.95449],[31.03675,59.95427],[31.03625,59.95419],[31.03536,59.95374],[31.03464,59.95357],[31.03431,59.95339],[31.03411,59.95313],[31.03414,59.95285],[31.03446,59.95261],[31.03491,59.95248],[31.03559,59.95252]],[[31.06778,59.93333],[31.06692,59.93376],[31.06641,59.93381],[31.06642,59.93407],[31.06663,59.93429],[31.06665,59.93457],[31.06644,59.93495],[31.06601,59.9353],[31.06509,59.93569],[31.06347,59.93609],[31.06328,59.93621],[31.06222,59.93733],[31.06186,59.93761],[31.06117,59.93797],[31.05967,59.93858],[31.05745,59.93992],[31.05714,59.9402],[31.0565,59.94099],[31.05578,59.94172],[31.05474,59.94327],[31.05428,59.94372],[31.05384,59.94402],[31.05307,59.94436],[31.05235,59.94456],[31.05039,59.94497],[31.04932,59.94505],[31.0488,59.94522],[31.04868,59.94532],[31.04864,59.94553],[31.04831,59.94574],[31.04827,59.94593],[31.04818,59.94603],[31.04756,59.94632],[31.04703,59.94638],[31.04524,59.9473],[31.04529,59.94777],[31.04504,59.948],[31.04471,59.94818],[31.04351,59.94868],[31.04172,59.94912],[31.03881,59.9506],[31.03779,59.95084],[31.03689,59.95091],[31.03577,59.95079],[31.03386,59.9503],[31.03219,59.95003],[31.03191,59.94993],[31.03048,59.94929],[31.03005,59.94904],[31.02874,59.94799],[31.028,59.94755],[31.02796,59.9474],[31.028,59.9473],[31.0283,59.94709],[31.02839,59.94684],[31.02868,59.94665],[31.02883,59.94639],[31.02908,59.94619],[31.02896,59.94543],[31.02884,59.94509],[31.02845,59.94464],[31.02817,59.94418],[31.02816,59.94377],[31.02796,59.94346],[31.02795,59.94285],[31.02751,59.94259],[31.0274,59.94236],[31.02708,59.94215],[31.02696,59.94187],[31.02652,59.94165],[31.02637,59.94103],[31.026,59.94076],[31.02593,59.94056],[31.02545,59.94048],[31.02462,59.94007],[31.02411,59.94],[31.02369,59.9398],[31.02314,59.93972],[31.023,59.93963],[31.02291,59.93944],[31.02278,59.93937],[31.02182,59.93928],[31.02081,59.9393],[31.01968,59.93906],[31.01789,59.93908],[31.01738,59.93891],[31.01647,59.93884],[31.01629,59.93873],[31.01608,59.93829],[31.0155,59.93802],[31.01372,59.9375],[31.01204,59.93732],[31.01154,59.9371],[31.00899,59.93687],[31.00686,59.937],[31.00655,59.93697],[31.00586,59.93674],[31.00518,59.93665],[31.00476,59.93648],[31.00269,59.93643],[31.00186,59.93629],[31.00115,59.93608],[31.0007,59.93587],[31.00045,59.93547],[31.00037,59.93513],[30.99902,59.93441],[30.99772,59.93383],[30.99729,59.93336]],[[31.01856,59.93824],[31.01807,59.93829],[31.018,59.93835],[31.01822,59.9386],[31.01871,59.93871],[31.01884,59.93831],[31.01856,59.93824]]]}},{"type":"Feature","properties":{"depth_m":2,"n_lines":52},"geometry":{"type":"MultiLineString","coordinates":[[[32.79363,60.85012],[32.79366,60.84964],[32.7938,60.84922],[32.79457,60.84829],[32.79667,60.84698],[32.80003,60.8455],[32.80146,60.84468],[32.80223,60.84399],[32.8036,60.8424],[32.80617,60.84022],[32.8071,60.83919],[32.80745,60.83859],[32.80769,60.83792],[32.80789,60.83668],[32.80794,60.83499],[32.80882,60.83218],[32.80941,60.83117],[32.81122,60.82948],[32.81187,60.82866],[32.81208,60.82802],[32.81222,60.82678],[32.81301,60.82532],[32.8137,60.82273],[32.81367,60.82229],[32.81351,60.82189],[32.81283,60.82125],[32.81108,60.82024],[32.80914,60.81952],[32.80898,60.81913],[32.80919,60.81875],[32.81002,60.81779],[32.81034,60.81699],[32.81037,60.81643],[32.81019,60.81452],[32.81061,60.81159],[32.81097,60.8109],[32.81267,60.80921],[32.81297,60.80867],[32.8132,60.80766],[32.81297,60.80653],[32.81255,60.8055],[32.81164,60.80414],[32.81055,60.80325],[32.80815,60.80197],[32.80772,60.80158],[32.80759,60.80113],[32.8078,60.79967],[32.80762,60.79888],[32.80728,60.79836],[32.80469,60.79575],[32.80438,60.79526],[32.80429,60.79483],[32.80446,60.79426],[32.80491,60.79381],[32.80633,60.79297],[32.80916,60.79166],[32.80991,60.79111],[32.8106,60.79022],[32.81129,60.78864],[32.81154,60.78752],[32.81143,60.78606],[32.8109,60.78313],[32.81089,60.78223],[32.81102,60.78156],[32.81151,60.78066],[32.81304,60.77919],[32.81354,60.77857],[32.81496,60.77593],[32.81521,60.77526],[32.81519,60.77436],[32.8147,60.77334],[32.81416,60.77276],[32.81197,60.7709],[32.81163,60.77048],[32.81135,60.76986],[32.8112,60.76884],[32.8113,60.76659],[32.81058,60.76401],[32.81064,60.76153],[32.81025,60.75939],[32.81021,60.75861],[32.81039,60.75782],[32.81089,60.75704],[32.81302,60.75534],[32.814,60.75411],[32.81453,60.75294],[32.81479,60.75163],[32.81499,60.75107],[32.81644,60.74859],[32.8165,60.74769],[32.81611,60.74623],[32.81533,60.74529],[32.81516,60.74488],[32.81517,60.74443],[32.81418,60.74362],[32.81403,60.74341],[32.81399,60.74308],[32.81418,60.74265],[32.81449,60.74232],[32.81611,60.74123],[32.81646,60.7409],[32.81734,60.73936],[32.81783,60.73802],[32.818,60.73624],[32.81834,60.73476],[32.81839,60.73408],[32.81825,60.73341],[32.81789,60.7327],[32.81715,60.73189],[32.81633,60.73124],[32.81438,60.73017],[32.80942,60.72814],[32.80813,60.72729],[32.80761,60.72666],[32.80739,60.72598],[32.80741,60.72508],[32.80774,60.72384],[32.80822,60.72291],[32.80908,60.72224],[32.81,60.7219],[32.8118,60.72145],[32.81263,60.72112],[32.81279,60.72098],[32.81284,60.72069],[32.81278,60.72048],[32.81263,60.72041],[32.80988,60.71969],[32.80903,60.71921],[32.80827,60.71855],[32.80759,60.71777],[32.80721,60.717],[32.8072,60.71637],[32.80743,60.71574],[32.80796,60.715],[32.80881,60.71422],[32.81261,60.71149],[32.81366,60.71137],[32.81524,60.71141],[32.81631,60.71117],[32.81713,60.71012],[32.81759,60.70911],[32.81833,60.70798],[32.81942,60.70674],[32.82013,60.70615],[32.83055,60.69952],[32.83409,60.69743],[32.8359,60.69657],[32.83772,60.69596],[32.83954,60.69552],[32.84083,60.69531],[32.84422,60.69497],[32.84561,60.69471],[32.85122,60.69301],[32.85214,60.69281],[32.85326,60.69272],[32.85664,60.6928],[32.86256,60.69216],[32.86487,60.69173],[32.86843,60.69071],[32.87081,60.69017],[32.87329,60.68968],[32.87576,60.68933],[32.87824,60.68915],[32.88319,60.68929],[32.88499,60.68925],[32.88701,60.68902],[32.88882,60.68856],[32.89,60.68808],[32.89085,60.68757],[32.89353,60.68537],[32.89501,60.6845],[32.89616,60.68404],[32.89728,60.68372],[32.90161,60.68288],[32.90357,60.68228],[32.90484,60.68166],[32.90736,60.68009],[32.91264,60.67785],[32.91696,60.67546],[32.918,60.6751],[32.91919,60.67486],[32.92336,60.67463],[32.92541,60.67422],[32.92696,60.67363],[32.92978,60.67204],[32.93092,60.6715],[32.93231,60.671],[32.93534,60.67018],[32.93674,60.66964],[32.93773,60.66909],[32.93869,60.66838],[32.94045,60.66652],[32.94144,60.66567],[32.94604,60.66255],[32.94729,60.66152],[32.94765,60.66113],[32.94812,60.66028],[32.94836,60.65961],[32.94842,60.65904],[32.94821,60.65792],[32.94702,60.65488],[32.94694,60.65398],[32.94712,60.65308],[32.9476,60.65209],[32.94862,60.65089],[32.95002,60.64972],[32.95328,60.64729],[32.95394,60.6467],[32.95458,60.64577],[32.95486,60.64491],[32.95488,60.64251],[32.95503,60.64138],[32.95542,60.64003],[32.95665,60.63682],[32.95725,60.63497],[32.95747,60.63373],[32.9574,60.63272],[32.95665,60.63051],[32.95574,60.62841],[32.95531,60.62777],[32.9549,60.6273],[32.95426,60.62679],[32.95124,60.62481],[32.9503,60.62376],[32.95007,60.62327],[32.94997,60.62271],[32.95052,60.62023],[32.9505,60.61956],[32.95032,60.61887],[32.94889,60.61663],[32.94826,60.61506],[32.94784,60.6143],[32.94615,60.61236],[32.94492,60.61048],[32.94416,60.60978],[32.94325,60.6093],[32.94228,60.60891],[32.93929,60.60798],[32.93782,60.60737],[32.93682,60.60671],[32.93645,60.60617],[32.93633,60.60572],[32.93642,60.60516],[32.93684,60.60441],[32.9377,60.60341],[32.93814,60.60268],[32.93841,60.60178],[32.9384,60.60099],[32.93803,60.59987],[32.93693,60.59802],[32.93652,60.59694],[32.9364,60.59593],[32.93652,60.59402],[32.93633,60.59323],[32.93594,60.59264],[32.93378,60.59109],[32.93326,60.59045],[32.93275,60.58851],[32.9328,60.58806],[32.93324,60.58719],[32.93338,60.58671],[32.93336,60.58626],[32.93313,60.58567],[32.93257,60.58494],[32.93163,60.58409],[32.92909,60.58234],[32.92748,60.58096],[32.92608,60.58008],[32.92452,60.5783],[32.92235,60.57614],[32.9215,60.57477],[32.92058,60.57386],[32.91899,60.57279],[32.91632,60.57151],[32.91463,60.57029],[32.91387,60.56882],[32.91132,60.56556],[32.91099,60.56488],[32.91077,60.56389],[32.91046,60.56319],[32.90946,60.56206],[32.90864,60.56083],[32.90806,60.56031],[32.90629,60.55939],[32.90566,60.55894],[32.90349,60.55684],[32.90262,60.55585],[32.9004,60.55364],[32.89757,60.5514],[32.89623,60.55053],[32.89423,60.54954],[32.89272,60.54863],[32.88839,60.54678],[32.88675,60.54546],[32.88595,60.545],[32.88248,60.54325],[32.88012,60.54233],[32.87641,60.54057],[32.87389,60.53899],[32.87221,60.53812],[32.87117,60.53735],[32.87013,60.53675],[32.86655,60.53519],[32.86393,60.53424],[32.8612,60.53292],[32.85866,60.5319],[32.85686,60.53131],[32.85418,60.5306],[32.8531,60.53019],[32.85192,60.52942],[32.85117,60.52875],[32.85008,60.52686],[32.85,60.52641],[32.8501,60.52539],[32.85001,60.5252],[32.84976,60.52504],[32.84921,60.5249],[32.84854,60.52488],[32.8468,60.52522],[32.84582,60.52564],[32.84502,60.52611],[32.84325,60.52739],[32.84238,60.52788],[32.84133,60.52811],[32.84044,60.52807],[32.83841,60.5277],[32.83706,60.5276],[32.83409,60.52797],[32.83211,60.52811],[32.82919,60.52809],[32.82604,60.52788],[32.82176,60.52817],[32.81861,60.528],[32.81524,60.52808],[32.81426,60.52799],[32.81188,60.52743],[32.80939,60.5273],[32.80853,60.52704],[32.80847,60.52686],[32.80907,60.52578],[32.80936,60.52494],[32.80934,60.52438],[32.80909,60.52385],[32.80815,60.52297],[32.80673,60.52202],[32.8054,60.52075],[32.80397,60.51976],[32.80299,60.518],[32.80253,60.51758],[32.80104,60.51662],[32.80065,60.51616],[32.80049,60.51561],[32.80068,60.51483],[32.80185,60.51353],[32.80241,60.51246],[32.80368,60.51085],[32.80512,60.50852],[32.80598,60.50684],[32.8077,60.50514],[32.80808,60.50398],[32.80851,60.50312],[32.81017,60.50064],[32.81026,60.49997],[32.80986,60.49927],[32.80899,60.49871],[32.80803,60.49847],[32.80669,60.49845],[32.80544,60.49867],[32.80312,60.49953],[32.80192,60.50023],[32.80159,60.50087],[32.80093,60.50137],[32.80082,60.50177],[32.80036,60.50233],[32.80026,60.50323],[32.8001,60.50366],[32.79917,60.50445],[32.79842,60.50543],[32.79791,60.50594],[32.79723,60.5071],[32.79689,60.50751],[32.79639,60.50792],[32.79464,60.50893],[32.7919,60.51035],[32.79026,60.51062],[32.7869,60.51083],[32.78351,60.51158],[32.77991,60.5119],[32.7777,60.51221],[32.77641,60.51251],[32.77305,60.51353],[32.76641,60.5146],[32.76249,60.51541],[32.757,60.51697],[32.75401,60.51824],[32.74948,60.51928],[32.74349,60.52148],[32.74264,60.5217],[32.74149,60.52164],[32.74093,60.52123],[32.74078,60.52089],[32.74086,60.52044],[32.74141,60.51944],[32.74158,60.51891],[32.7414,60.51841],[32.74056,60.51722],[32.74047,60.51651],[32.74076,60.51587],[32.74197,60.51481],[32.7421,60.51459],[32.74206,60.51444],[32.74099,60.51434],[32.73806,60.51452],[32.73401,60.51523],[32.73041,60.5154],[32.72906,60.51556],[32.72359,60.51678],[32.72264,60.51712],[32.72081,60.518],[32.71962,60.51834],[32.71489,60.51908],[32.71363,60.51936],[32.70937,60.52087],[32.70301,60.52353],[32.69914,60.5247],[32.69566,60.52625],[32.69452,60.52655],[32.69171,60.52687],[32.6903,60.52713],[32.68304,60.52917],[32.68143,60.52972],[32.67854,60.53094],[32.67753,60.53148],[32.67395,60.53417],[32.67278,60.53586],[32.67214,60.53649],[32.67036,60.53759],[32.66858,60.53825],[32.66719,60.5385],[32.66606,60.53857],[32.66516,60.53851],[32.66417,60.53826],[32.66397,60.53777],[32.66418,60.53688],[32.66349,60.53574],[32.6633,60.53518],[32.66336,60.53484],[32.66383,60.53428],[32.66394,60.53394],[32.66368,60.53369],[32.66249,60.53345],[32.66219,60.53354],[32.66201,60.53373],[32.66201,60.53394],[32.66226,60.53451],[32.66208,60.53496],[32.66176,60.53518],[32.66059,60.53558],[32.65909,60.53582],[32.65639,60.53561],[32.65526,60.53573],[32.65424,60.53602],[32.65154,60.53737],[32.65041,60.53781],[32.64719,60.53865],[32.64379,60.53885],[32.64168,60.53915],[32.63917,60.53972],[32.63641,60.54055],[32.63546,60.54072],[32.63434,60.54072],[32.63209,60.54032],[32.63096,60.54026],[32.62993,60.54051],[32.62849,60.54117],[32.62731,60.54143],[32.62174,60.54205],[32.61926,60.54244],[32.61634,60.54247],[32.61386,60.54304],[32.613,60.54303],[32.61261,60.54287],[32.61229,60.54238],[32.6124,60.54216],[32.6127,60.54189],[32.61499,60.54122],[32.61555,60.54098],[32.61607,60.54047],[32.61621,60.54002],[32.616,60.53957],[32.61555,60.53917],[32.61433,60.53839],[32.61427,60.53821],[32.61464,60.53782],[32.61651,60.53744],[32.61718,60.53687],[32.61729,60.53664],[32.61726,60.53631],[32.61701,60.53597],[32.6165,60.53556],[32.61551,60.53514],[32.61468,60.53465],[32.61404,60.53339],[32.61348,60.5328],[32.61284,60.53243],[32.61096,60.53158],[32.60777,60.53039],[32.60686,60.52978],[32.60653,60.52924],[32.60693,60.52674],[32.60657,60.52612],[32.60555,60.52578],[32.60201,60.52524],[32.60106,60.5248],[32.6005,60.52416],[32.60015,60.52291],[32.59957,60.52191],[32.59894,60.52124],[32.59754,60.52019],[32.59647,60.51863],[32.59576,60.51802],[32.59383,60.5172],[32.59117,60.51629],[32.58886,60.51512],[32.58673,60.51443],[32.58439,60.51407],[32.58124,60.51416],[32.58028,60.51396],[32.58037,60.51348],[32.58102,60.51279],[32.58139,60.51223],[32.58153,60.51167],[32.5816,60.51066],[32.58182,60.50998],[32.58262,60.50852],[32.58403,60.50631],[32.58463,60.50481],[32.58477,60.50391],[32.58472,60.50334],[32.58434,60.50271],[32.58323,60.50177],[32.58324,60.50132],[32.58341,60.50087],[32.58372,60.50044],[32.58413,60.50008],[32.58712,60.4992],[32.58847,60.49859],[32.58972,60.49761],[32.59019,60.49704],[32.59044,60.49655],[32.59042,60.49593],[32.58995,60.49549],[32.58904,60.4951],[32.58667,60.49446],[32.58606,60.49401],[32.586,60.49367],[32.58675,60.49316],[32.59033,60.49287],[32.59209,60.49234],[32.59305,60.49183],[32.59405,60.49116],[32.5948,60.49049],[32.59529,60.48984],[32.59559,60.48917],[32.59575,60.48833],[32.59578,60.48726],[32.59563,60.48624],[32.59518,60.48512],[32.59392,60.4834],[32.59348,60.48264],[32.59298,60.48127],[32.59288,60.48039],[32.59309,60.47982],[32.59416,60.47826],[32.59558,60.47697],[32.59696,60.47544],[32.59759,60.47488],[32.60464,60.47074],[32.61103,60.4676],[32.61261,60.46663],[32.6144,60.46537],[32.61948,60.46148],[32.62015,60.46086],[32.62041,60.46026],[32.62031,60.45994],[32.61977,60.45924],[32.61956,60.45879],[32.61959,60.45834],[32.61979,60.45802],[32.62008,60.45775],[32.62094,60.45735],[32.62275,60.45683],[32.62407,60.4563],[32.62456,60.45593],[32.62479,60.45564],[32.62546,60.45428],[32.62571,60.45406],[32.62659,60.45372],[32.62908,60.45368],[32.6298,60.45342],[32.63096,60.45224],[32.63187,60.45148],[32.63324,60.4506],[32.63437,60.45001],[32.63644,60.44926],[32.64088,60.44826],[32.64524,60.44612],[32.6461,60.4455],[32.64707,60.44461],[32.64816,60.44393],[32.64961,60.44345],[32.65245,60.44287],[32.65355,60.44254],[32.65516,60.44188],[32.65684,60.44095],[32.65781,60.44015],[32.66143,60.43611],[32.66325,60.43432],[32.66563,60.43134],[32.66576,60.43078],[32.66547,60.42909],[32.66565,60.42808],[32.66615,60.42716],[32.66801,60.42491],[32.6705,60.42312],[32.67457,60.42112],[32.67501,60.4208],[32.67573,60.41986],[32.67617,60.41958],[32.68035,60.41813],[32.68133,60.41765],[32.68245,60.4168],[32.68398,60.41499],[32.68567,60.41351],[32.68609,60.41301],[32.68661,60.41174],[32.68683,60.41008],[32.68672,60.40951],[32.68644,60.40923],[32.68412,60.40816],[32.68313,60.40726],[32.68254,60.40637],[32.68213,60.4055],[32.68196,60.40468],[32.68204,60.40389],[32.68274,60.40131],[32.68305,60.40058],[32.68481,60.39785],[32.68668,60.3957],[32.68724,60.39489],[32.68756,60.39429],[32.68763,60.39366],[32.68727,60.39129],[32.68721,60.38949],[32.68707,60.38871],[32.68666,60.38751],[32.68581,60.38613],[32.68485,60.38527],[32.68388,60.38484],[32.68094,60.384],[32.6802,60.38354],[32.67985,60.38308],[32.67972,60.38263],[32.67976,60.38218],[32.68054,60.38071],[32.6807,60.37993],[32.68038,60.37889],[32.67971,60.37815],[32.67758,60.37681],[32.67582,60.37539],[32.67378,60.37413],[32.6713,60.37225],[32.67057,60.37179],[32.66948,60.37136],[32.66684,60.37055],[32.66555,60.37],[32.66397,60.36914],[32.66218,60.36788],[32.66069,60.36718],[32.65909,60.36663],[32.65781,60.36635],[32.65706,60.36651],[32.65588,60.36727],[32.65459,60.36765],[32.65346,60.36771],[32.65224,60.36735],[32.65196,60.36699],[32.65193,60.36677],[32.65234,60.36624],[32.65349,60.36572],[32.65512,60.36547],[32.65589,60.36522],[32.6561,60.36508],[32.65604,60.3646],[32.65524,60.36363],[32.65432,60.36319],[32.65234,60.36297],[32.64851,60.363],[32.64739,60.36293],[32.64621,60.36263],[32.64557,60.36216],[32.64539,60.36159],[32.64569,60.36081],[32.64616,60.36009],[32.64877,60.3572],[32.649,60.35676],[32.64911,60.35619],[32.64906,60.35552],[32.64886,60.35495],[32.64817,60.35422],[32.64698,60.35331],[32.64669,60.35282],[32.64634,60.35159],[32.64607,60.35121],[32.64529,60.35061],[32.64436,60.35025],[32.64047,60.34943],[32.63728,60.34829],[32.63626,60.34781],[32.63355,60.34568],[32.63307,60.34506],[32.6325,60.3439],[32.63174,60.343],[32.62951,60.34134],[32.62813,60.33985],[32.62747,60.33928],[32.62629,60.33865],[32.62039,60.33651],[32.61926,60.33645],[32.61787,60.3367],[32.61532,60.33752],[32.61014,60.33971],[32.60708,60.34071],[32.60591,60.34119],[32.60359,60.34242],[32.60188,60.34388],[32.60055,60.34479],[32.5976,60.34616],[32.59688,60.34659],[32.59643,60.34709],[32.59635,60.34776],[32.59662,60.34848],[32.59735,60.34967],[32.59749,60.35012],[32.59751,60.35057],[32.59721,60.35136],[32.59613,60.35259],[32.59604,60.35304],[32.59621,60.35335],[32.59661,60.35356],[32.59847,60.35377],[32.5985,60.35421],[32.5963,60.35586],[32.59539,60.35676],[32.59501,60.35743],[32.59484,60.35867],[32.59463,60.35912],[32.59393,60.36],[32.59331,60.36023],[32.59281,60.36023],[32.59217,60.35998],[32.59028,60.35875],[32.58762,60.35741],[32.5868,60.35687],[32.58582,60.35583],[32.58412,60.35319],[32.58264,60.35181],[32.58213,60.35109],[32.582,60.35057],[32.582,60.35012],[32.58236,60.34854],[32.58238,60.34799],[32.58148,60.34629],[32.58115,60.34494],[32.58042,60.34303],[32.58025,60.34179],[32.58048,60.33994],[32.58101,60.33774],[32.58078,60.33617],[32.5808,60.33549],[32.58101,60.33493],[32.58183,60.33358],[32.58205,60.33268],[32.58217,60.32919],[32.58176,60.32694],[32.58201,60.32559],[32.58271,60.32413],[32.58446,60.32177],[32.58575,60.31912],[32.58676,60.31778],[32.58774,60.31686],[32.59059,60.31519],[32.59187,60.3138],[32.59527,60.31074],[32.59666,60.30789],[32.5972,60.30568],[32.59756,60.30474],[32.59824,60.30382],[32.59941,60.30295],[32.59968,60.30264],[32.59988,60.30231],[32.60004,60.30174],[32.60003,60.30129],[32.5999,60.30096],[32.59845,60.29933],[32.59811,60.29848],[32.59814,60.29803],[32.59834,60.2976],[32.59927,60.29646],[32.59935,60.29617],[32.59903,60.29578],[32.59845,60.29528],[32.59761,60.29477],[32.59147,60.29212],[32.5908,60.29171],[32.59036,60.29121],[32.59019,60.29061],[32.59022,60.28993],[32.59038,60.28941],[32.59126,60.28764],[32.59124,60.28671],[32.59137,60.28643],[32.59199,60.28584],[32.5929,60.28533],[32.59398,60.28485],[32.5955,60.28436],[32.59744,60.28406],[32.60093,60.28401],[32.60215,60.28363],[32.60246,60.28307],[32.60251,60.28262],[32.60235,60.28218],[32.602,60.2818],[32.60107,60.28134],[32.59827,60.28056],[32.59771,60.28025],[32.5973,60.2799],[32.59699,60.27924],[32.59677,60.27688],[32.59683,60.27643],[32.59702,60.27609],[32.59769,60.27553],[32.60229,60.27328],[32.60396,60.27285],[32.60464,60.27282],[32.60551,60.27294],[32.60648,60.27346],[32.60745,60.27458],[32.60812,60.27511],[32.60872,60.27539],[32.60981,60.27569],[32.61273,60.27613],[32.61539,60.27687],[32.61639,60.27682],[32.6181,60.27628],[32.61897,60.27584],[32.61928,60.27556],[32.6194,60.27531],[32.61943,60.27497],[32.61929,60.27457],[32.61876,60.27407],[32.61391,60.27129],[32.6107,60.27007],[32.61013,60.26964],[32.60996,60.26878],[32.61004,60.26811],[32.61028,60.26741],[32.61208,60.26416],[32.61234,60.26327],[32.61252,60.26203],[32.61275,60.26147],[32.61637,60.25832],[32.61701,60.25753],[32.61758,60.25618],[32.61823,60.25565],[32.6197,60.25483],[32.62023,60.25442],[32.62058,60.25393],[32.62074,60.25348],[32.62099,60.25146],[32.62086,60.25066],[32.6206,60.24988],[32.61997,60.24897],[32.61825,60.24748],[32.61748,60.24667],[32.61716,60.24616],[32.61703,60.24561],[32.61762,60.24223],[32.61789,60.24144],[32.61825,60.24082],[32.61914,60.23992],[32.62183,60.2382],[32.62218,60.23751],[32.62216,60.23683],[32.62185,60.23576],[32.62096,60.23413],[32.62018,60.23302],[32.61976,60.23199],[32.61962,60.23087],[32.61986,60.22862],[32.61979,60.22806],[32.61958,60.22749],[32.61918,60.22685],[32.61838,60.22589],[32.61617,60.22376],[32.61499,60.22199],[32.61428,60.22119],[32.61289,60.22008],[32.61031,60.21861],[32.60959,60.21804],[32.60923,60.21741],[32.60888,60.21489],[32.60758,60.21194],[32.60551,60.21022],[32.60455,60.20871],[32.60365,60.20764],[32.5995,60.20431],[32.59576,60.20199],[32.59192,60.19906],[32.59017,60.19813],[32.58596,60.19624],[32.58226,60.19402],[32.57967,60.19224],[32.57859,60.19115],[32.57808,60.19077],[32.57561,60.18976],[32.57194,60.18865],[32.56753,60.18678],[32.56344,60.18542],[32.56111,60.18454],[32.55711,60.18272],[32.55346,60.18062],[32.5519,60.17991],[32.5506,60.17949],[32.54701,60.17878],[32.54525,60.17829],[32.53988,60.17607],[32.53492,60.17471],[32.53201,60.17343],[32.53023,60.17284],[32.52371,60.17121],[32.52013,60.17011],[32.51559,60.1693],[32.50991,60.16774],[32.50042,60.1661],[32.4976,60.16532],[32.49679,60.16519],[32.49621,60.16528],[32.49579,60.16565],[32.49667,60.16652],[32.49669,60.16686],[32.49641,60.16719],[32.49594,60.16749],[32.49529,60.16763],[32.49461,60.16767],[32.4939,60.16757],[32.49312,60.16704],[32.49306,60.16654],[32.49321,60.16617],[32.4941,60.16522],[32.49376,60.16472],[32.49322,60.16431],[32.4923,60.16385],[32.48776,60.1629],[32.4839,60.16176],[32.48171,60.16101],[32.4776,60.15937],[32.47686,60.15896],[32.47622,60.15831],[32.47594,60.15763],[32.47575,60.15639],[32.47548,60.15584],[32.47493,60.15541],[32.47412,60.15508],[32.47279,60.15493],[32.47149,60.15515],[32.47082,60.15537],[32.469,60.15635],[32.46799,60.15669],[32.46671,60.15682],[32.46519,60.1567],[32.46349,60.1562],[32.46008,60.15483],[32.45458,60.15305],[32.45263,60.15219],[32.45085,60.15127],[32.44241,60.14933],[32.43812,60.1479],[32.43341,60.14652],[32.43139,60.14617],[32.42576,60.14561],[32.42179,60.14502],[32.41721,60.14461],[32.41158,60.14353],[32.40675,60.14288]],[[32.28435,60.12961],[32.28255,60.13058],[32.28176,60.13083],[32.28071,60.13102],[32.27816,60.13123],[32.27715,60.13148],[32.2763,60.13199],[32.27537,60.13284],[32.27489,60.13344],[32.27422,60.13458],[32.27362,60.13516],[32.27079,60.13641],[32.27003,60.13691],[32.26905,60.13778],[32.2685,60.13815],[32.26726,60.13868],[32.26601,60.13885],[32.2645,60.13876],[32.26255,60.13826],[32.2614,60.1378],[32.26046,60.13735],[32.25972,60.13687],[32.25975,60.13649],[32.26006,60.136],[32.2601,60.13548],[32.25946,60.13513],[32.2591,60.13507],[32.25829,60.13543],[32.25817,60.1356],[32.25821,60.13615],[32.25883,60.13682],[32.25874,60.13716],[32.2579,60.13783],[32.25636,60.13865],[32.25543,60.13896],[32.25446,60.13912],[32.25139,60.13897],[32.25014,60.13912],[32.24925,60.13957],[32.24785,60.14058],[32.24689,60.14099],[32.244,60.14186],[32.24131,60.14324],[32.24083,60.1436],[32.24051,60.14402],[32.24002,60.14559],[32.23937,60.14633],[32.23734,60.1476],[32.23557,60.14885],[32.23316,60.15003],[32.23215,60.15083],[32.23123,60.15194],[32.2309,60.15336],[32.23074,60.15369],[32.23047,60.15403],[32.22952,60.15466],[32.22821,60.15517],[32.22664,60.15545],[32.22576,60.15538],[32.22349,60.15467],[32.22259,60.1545],[32.22146,60.15447],[32.22034,60.15464],[32.21943,60.15489],[32.21857,60.1553],[32.21801,60.1557],[32.21739,60.15629],[32.21644,60.15751],[32.21579,60.15803],[32.21426,60.15852],[32.21246,60.15864],[32.21143,60.1589],[32.21133,60.15932],[32.21137,60.16022],[32.21119,60.16078],[32.20893,60.16404],[32.20784,60.16611],[32.2069,60.16686],[32.20382,60.16843],[32.20329,60.1688],[32.2029,60.16933],[32.20284,60.16978],[32.20312,60.17124],[32.20295,60.17259],[32.203,60.17304],[32.20331,60.17359],[32.20434,60.17468],[32.20485,60.17563],[32.20499,60.17878],[32.2049,60.17923],[32.20459,60.17964],[32.20357,60.18007],[32.20256,60.18025],[32.20121,60.18033],[32.19851,60.18027],[32.19788,60.18036],[32.19713,60.18059],[32.19604,60.18137],[32.19422,60.18314],[32.19367,60.18384],[32.19265,60.18553],[32.19214,60.18596],[32.19126,60.18635],[32.19019,60.18651],[32.18885,60.18641],[32.18752,60.18596],[32.18545,60.18497],[32.18411,60.18493],[32.18279,60.18527],[32.17928,60.18655],[32.17815,60.18727],[32.17765,60.18789],[32.17744,60.18834],[32.17738,60.18879],[32.17746,60.18913],[32.17776,60.18957],[32.17821,60.18995],[32.17905,60.19042],[32.18225,60.19181],[32.18345,60.19267],[32.18412,60.19352],[32.18523,60.19545],[32.18687,60.19665],[32.18738,60.19716],[32.18761,60.19768],[32.18754,60.19801],[32.1874,60.19819],[32.18698,60.19852],[32.18604,60.19897],[32.18187,60.20058],[32.17935,60.20137],[32.17691,60.20199],[32.17519,60.20215],[32.17151,60.20175],[32.16994,60.20172],[32.1684,60.20195],[32.16744,60.20237],[32.16689,60.20286],[32.16657,60.20353],[32.1662,60.20736],[32.166,60.20814],[32.16563,60.20887],[32.16502,60.20961],[32.1619,60.21267],[32.16104,60.21337],[32.16018,60.21385],[32.15869,60.21412],[32.15666,60.21406],[32.15478,60.21373],[32.15126,60.2127],[32.14991,60.21258],[32.14879,60.21266],[32.14757,60.21293],[32.14632,60.21344],[32.14521,60.21411],[32.14318,60.21568],[32.14275,60.21589],[32.14211,60.21611],[32.1378,60.21683],[32.13681,60.21713],[32.13597,60.21754],[32.13496,60.21835],[32.13356,60.21984],[32.13133,60.22147],[32.1307,60.22232],[32.13052,60.22299],[32.13059,60.22367],[32.1316,60.22547],[32.13184,60.22614],[32.13184,60.22682],[32.13154,60.22746],[32.13129,60.22774],[32.13039,60.22821],[32.12741,60.2289],[32.12678,60.22911],[32.12604,60.22956],[32.1256,60.23031],[32.12547,60.23166],[32.12527,60.2322],[32.1248,60.2327],[32.12376,60.23332],[32.12218,60.23397],[32.11916,60.23499],[32.11639,60.2357],[32.11436,60.23595],[32.11189,60.23609],[32.10781,60.23585],[32.10709,60.23596],[32.10615,60.23632],[32.10444,60.23817],[32.10274,60.23909],[32.10209,60.23954],[32.10178,60.24009],[32.10182,60.24111],[32.10165,60.24173],[32.10069,60.2426],[32.09804,60.24441],[32.09722,60.24541],[32.09703,60.24594],[32.09696,60.24662],[32.09715,60.24803],[32.09779,60.24895],[32.09908,60.2502],[32.09953,60.25078],[32.09982,60.25157],[32.09974,60.25236],[32.09928,60.25314],[32.09719,60.25525],[32.09652,60.25618],[32.09512,60.25911],[32.09493,60.26079],[32.09468,60.26136],[32.09422,60.26204],[32.09352,60.26286],[32.09278,60.26348],[32.09195,60.26393],[32.09093,60.26426],[32.08916,60.26448],[32.08556,60.26449],[32.08361,60.26461],[32.07319,60.26626],[32.07218,60.26649],[32.07127,60.26689],[32.07115,60.26709],[32.07135,60.26799],[32.07121,60.26835],[32.07034,60.26875],[32.06982,60.26872],[32.06919,60.2684],[32.06919,60.26808],[32.07008,60.26722],[32.07084,60.26685],[32.07065,60.26654],[32.06923,60.26518],[32.06881,60.26439],[32.06876,60.26372],[32.06919,60.26248],[32.06918,60.26181],[32.06878,60.26114],[32.06732,60.25979],[32.06696,60.25922],[32.06693,60.25866],[32.06734,60.25731],[32.06723,60.25674],[32.06655,60.25612],[32.06554,60.2559],[32.06441,60.25598],[32.06203,60.25663],[32.06081,60.2567],[32.05956,60.2565],[32.05609,60.25553],[32.05496,60.25542],[32.05407,60.25546],[32.0531,60.25569],[32.05212,60.2561],[32.04946,60.25748],[32.04659,60.25878],[32.04491,60.2597],[32.04396,60.26004],[32.03886,60.26066],[32.03593,60.26062],[32.03291,60.26119],[32.03139,60.2611],[32.03013,60.26056],[32.02962,60.26019],[32.02927,60.25967],[32.02897,60.25866],[32.02893,60.25731],[32.0288,60.25656],[32.02854,60.25584],[32.02815,60.25517],[32.02783,60.25478],[32.02599,60.2535],[32.0254,60.25295],[32.02347,60.25072],[32.02295,60.24999],[32.02284,60.24966],[32.02288,60.24932],[32.02323,60.24887],[32.0252,60.24737],[32.02814,60.24459],[32.0287,60.24389],[32.0288,60.24349],[32.0287,60.24315],[32.02786,60.24262],[32.02335,60.24173],[32.02058,60.24087],[32.01962,60.24041],[32.01737,60.23901],[32.01583,60.23822],[32.01446,60.23765],[32.01198,60.23681],[32.00992,60.2363],[32.00839,60.23621],[32.00723,60.23635],[32.00617,60.23672],[32.00578,60.23694],[32.00506,60.23751],[32.00465,60.23818],[32.00452,60.23897],[32.00447,60.24105],[32.00411,60.24189],[32.00354,60.24262],[32.00279,60.24306],[32.00164,60.24325],[32.0007,60.24315],[32.00003,60.24287],[31.99947,60.24246],[31.99904,60.24194],[31.99885,60.24133],[31.99875,60.24054],[31.99882,60.23796],[31.99872,60.23762],[31.99842,60.23722],[31.99768,60.23675],[31.9965,60.2363],[31.99371,60.23582],[31.98611,60.23517],[31.98386,60.23515],[31.98251,60.2353],[31.98135,60.23555],[31.97865,60.23649],[31.97753,60.23679],[31.97599,60.2369],[31.97467,60.2368],[31.97081,60.23604],[31.96856,60.23574],[31.96744,60.23573],[31.96361,60.23614],[31.96159,60.2362],[31.95911,60.23599],[31.95491,60.23541],[31.95327,60.23533],[31.95228,60.23544],[31.95152,60.23589],[31.95091,60.23706],[31.95037,60.23764],[31.94943,60.23799],[31.94854,60.23804],[31.9477,60.23787],[31.94677,60.23748],[31.94251,60.23492],[31.94077,60.23402],[31.93954,60.23376],[31.93682,60.23354],[31.93588,60.23329],[31.93543,60.23304],[31.93511,60.23276],[31.93497,60.23222],[31.935,60.23132],[31.93485,60.23008],[31.93492,60.22862],[31.93472,60.22817],[31.93427,60.22775],[31.93346,60.22747],[31.93256,60.22736],[31.92986,60.22762],[31.92851,60.22758],[31.92715,60.22728],[31.92305,60.22599],[31.92154,60.22574],[31.92019,60.22564],[31.91839,60.22582],[31.9179,60.22594],[31.91699,60.22637],[31.91596,60.22729],[31.91447,60.22932],[31.91377,60.23003],[31.91291,60.23054],[31.91177,60.23093],[31.90961,60.23118],[31.90736,60.23115],[31.90457,60.23087],[31.89791,60.22988],[31.89611,60.22978],[31.89479,60.2299],[31.89381,60.2302],[31.89274,60.23087],[31.89212,60.23152],[31.891,60.23314],[31.89035,60.23369],[31.88967,60.23409],[31.88868,60.23448],[31.88711,60.23482],[31.88441,60.23504],[31.87969,60.23512],[31.87541,60.2354],[31.87092,60.23505],[31.8659,60.23406],[31.86418,60.2341],[31.863,60.23442],[31.862,60.23497],[31.86142,60.23547],[31.86106,60.23594],[31.86067,60.23683],[31.86048,60.23821],[31.86028,60.23886],[31.8598,60.23964],[31.85925,60.24022],[31.85855,60.24072],[31.8576,60.24123],[31.85165,60.24412],[31.84852,60.24522],[31.84329,60.24651],[31.83894,60.24775],[31.83768,60.24797],[31.8333,60.24845],[31.82999,60.24965],[31.8272,60.25043],[31.82635,60.25076],[31.82594,60.25104],[31.82553,60.25146],[31.82516,60.25204],[31.8242,60.25416],[31.82381,60.25539],[31.82376,60.25641],[31.82391,60.25708],[31.82429,60.25785],[31.82494,60.25876],[31.82659,60.26057],[31.82691,60.26113],[31.82696,60.26158],[31.82676,60.26203],[31.8263,60.26249],[31.82543,60.26293],[31.82422,60.26326],[31.82231,60.26338],[31.82051,60.26313],[31.81874,60.2626],[31.81431,60.26101],[31.81277,60.26016],[31.81177,60.25932],[31.811,60.25839],[31.81,60.25686],[31.80922,60.25604],[31.80792,60.25531],[31.80569,60.25452],[31.80386,60.25406],[31.80216,60.25385],[31.8003,60.25384],[31.79644,60.2541],[31.79554,60.25407],[31.79459,60.25391],[31.79419,60.25348],[31.79424,60.25314],[31.79479,60.25257],[31.79584,60.25186],[31.79666,60.25117],[31.79747,60.25007],[31.7977,60.24943],[31.79777,60.24887],[31.79747,60.24801],[31.79679,60.2475],[31.7957,60.2471],[31.79441,60.24698],[31.79302,60.24715],[31.79201,60.24743],[31.78797,60.24889],[31.78674,60.24967],[31.78541,60.2508],[31.78432,60.25155],[31.78225,60.25259],[31.78044,60.25317],[31.77579,60.25432],[31.77429,60.25479],[31.77369,60.25511],[31.77354,60.25529],[31.7736,60.25561],[31.77497,60.25683],[31.77562,60.25776],[31.77585,60.25837],[31.77585,60.25926],[31.77551,60.26001],[31.77496,60.26063],[31.77396,60.26129],[31.77259,60.26182],[31.77101,60.26213],[31.76944,60.26217],[31.7678,60.26196],[31.76623,60.26145],[31.76498,60.26066],[31.76444,60.25989],[31.76431,60.25944],[31.76429,60.25888],[31.76465,60.25719],[31.7646,60.25697],[31.76428,60.2566],[31.76224,60.25624],[31.75999,60.25619],[31.75864,60.25633],[31.757,60.25671],[31.75212,60.25837],[31.7502,60.25924],[31.74614,60.26151],[31.74357,60.26245],[31.74201,60.26293],[31.74034,60.26331],[31.73906,60.26342],[31.73794,60.26336],[31.73707,60.26312],[31.73628,60.26273],[31.73553,60.26205],[31.7352,60.26155],[31.73487,60.26057],[31.73473,60.25944],[31.73478,60.25854],[31.73516,60.25596],[31.73507,60.25461],[31.73484,60.25404],[31.73444,60.25343],[31.73364,60.25288],[31.7327,60.2525],[31.73141,60.2524],[31.73073,60.25247],[31.73017,60.25266],[31.72934,60.25308],[31.72713,60.25448],[31.72186,60.25703],[31.71882,60.25873],[31.71746,60.25915],[31.71611,60.25918],[31.71467,60.25882],[31.71376,60.25837],[31.71194,60.25716],[31.71106,60.25645],[31.70877,60.25394],[31.70738,60.25257],[31.70662,60.25164],[31.70496,60.24889],[31.70384,60.24725],[31.70298,60.24617],[31.70169,60.24503],[31.70099,60.24456],[31.70004,60.24411],[31.69835,60.24363],[31.69656,60.24351],[31.69474,60.24374],[31.69127,60.24443],[31.68845,60.24472],[31.68768,60.24489],[31.68601,60.24627],[31.68507,60.24669],[31.68461,60.24674],[31.68395,60.24673],[31.68229,60.24622],[31.67983,60.24564],[31.67856,60.24502],[31.67807,60.24437],[31.67802,60.24403],[31.67809,60.24381],[31.6785,60.2433],[31.6798,60.2423],[31.67988,60.24211],[31.67981,60.24189],[31.67966,60.24169],[31.67904,60.24125],[31.67649,60.23995],[31.67508,60.23899],[31.67414,60.23788],[31.67376,60.23683],[31.67373,60.23604],[31.67391,60.23526],[31.67418,60.2346],[31.67518,60.23289],[31.67533,60.23211],[31.67515,60.23136],[31.67445,60.22974],[31.67323,60.22759],[31.67239,60.22581],[31.67161,60.22288],[31.67158,60.22232],[31.6717,60.22164],[31.67306,60.21838],[31.67316,60.21771],[31.67306,60.21714],[31.67265,60.21649],[31.67206,60.216],[31.67136,60.21561],[31.66845,60.21436],[31.66739,60.21377],[31.66643,60.21298],[31.66577,60.21208],[31.66529,60.21096],[31.66481,60.20893],[31.66452,60.20814],[31.66417,60.20759],[31.66274,60.20601],[31.66238,60.20536],[31.66221,60.20477],[31.66217,60.20409],[31.66231,60.20343],[31.66339,60.20122],[31.66345,60.20083],[31.66335,60.20032],[31.66253,60.19926],[31.66064,60.19718],[31.65971,60.19633],[31.65637,60.19402],[31.65166,60.19042],[31.6497,60.18907],[31.64792,60.18743],[31.64445,60.18593],[31.64272,60.18496],[31.6401,60.18323],[31.63811,60.1816],[31.63722,60.18101],[31.63539,60.18009],[31.63432,60.17968],[31.63092,60.17867],[31.62736,60.17745],[31.62548,60.17695],[31.62168,60.17614],[31.62005,60.17563],[31.61401,60.17329],[31.60914,60.17166],[31.60471,60.16976],[31.6032,60.16925],[31.60117,60.16884],[31.59653,60.16844],[31.59415,60.16787],[31.59035,60.16615],[31.58679,60.16482],[31.58353,60.16342],[31.58249,60.16311],[31.57819,60.16221],[31.56848,60.15984],[31.56347,60.15896],[31.55996,60.15822],[31.55771,60.15807],[31.55479,60.15859],[31.55349,60.15852],[31.55264,60.15803],[31.55211,60.15639],[31.55175,60.15578],[31.55122,60.15516],[31.55001,60.15421],[31.54705,60.15269],[31.54627,60.15215],[31.54566,60.15156],[31.54445,60.14957],[31.5437,60.14877],[31.54185,60.14768],[31.53927,60.14575],[31.53628,60.14415],[31.53581,60.14346],[31.53565,60.14166],[31.53546,60.14106],[31.53521,60.14064],[31.53461,60.14004],[31.53134,60.1374],[31.53066,60.13659],[31.53014,60.13574],[31.52979,60.13457],[31.53,60.13232],[31.52975,60.13018],[31.52976,60.12951],[31.53015,60.12833],[31.53071,60.12759],[31.53155,60.12681],[31.53276,60.12599],[31.53439,60.12523],[31.53559,60.12485],[31.53898,60.12424],[31.54129,60.12404],[31.54309,60.12404],[31.54468,60.12423],[31.54642,60.12471],[31.5474,60.12519],[31.54865,60.12613],[31.55034,60.12782],[31.55202,60.12984],[31.55281,60.13058],[31.55356,60.13102],[31.5543,60.13132],[31.55714,60.13238],[31.55794,60.13259],[31.55998,60.13289],[31.56581,60.13307],[31.57211,60.13357],[31.57391,60.13388],[31.57686,60.13463],[31.57954,60.135],[31.58179,60.13482],[31.58494,60.134],[31.58651,60.13397],[31.58732,60.13415],[31.58795,60.13452],[31.5882,60.13491],[31.58844,60.13591],[31.58866,60.13629],[31.58963,60.13685],[31.59079,60.13704],[31.59349,60.13718],[31.59494,60.13735],[31.59536,60.1373],[31.59546,60.13716],[31.59535,60.13684],[31.59486,60.13647],[31.59295,60.13571],[31.59195,60.13518],[31.59104,60.13455],[31.59058,60.13401],[31.58988,60.13254],[31.58828,60.13096],[31.58735,60.12939],[31.58687,60.12877],[31.58588,60.1281],[31.58353,60.12687],[31.58251,60.12616],[31.58178,60.12546],[31.58057,60.12377],[31.57994,60.12325],[31.57954,60.12301],[31.57862,60.12267],[31.57534,60.12195],[31.57403,60.12157],[31.57243,60.12084],[31.57155,60.12011],[31.57127,60.11961],[31.57118,60.11916],[31.57125,60.11871],[31.57143,60.11835],[31.57182,60.118],[31.57247,60.11764],[31.57423,60.11706],[31.57514,60.11662],[31.57536,60.11623],[31.57534,60.11579],[31.57505,60.11534],[31.57432,60.11474],[31.57108,60.11263],[31.57055,60.11212],[31.57014,60.11151],[31.56996,60.11083],[31.57004,60.11004],[31.57038,60.10926],[31.5713,60.10779],[31.57142,60.10734],[31.57138,60.10701],[31.57115,60.10656],[31.56994,60.105],[31.56948,60.10419],[31.56926,60.10352],[31.56911,60.10228],[31.56893,60.10172],[31.56631,60.09952],[31.56559,60.09868],[31.5651,60.09789],[31.56477,60.09711],[31.56461,60.09643],[31.56462,60.09429],[31.56443,60.09363],[31.56332,60.093],[31.55974,60.0919],[31.5543,60.08993],[31.55263,60.08919],[31.54995,60.08769],[31.54888,60.08734],[31.54487,60.08685],[31.54284,60.08643],[31.5412,60.08585],[31.53914,60.08468],[31.53804,60.08429],[31.53679,60.08413],[31.53296,60.084],[31.53049,60.08358],[31.52864,60.08293],[31.52668,60.08184],[31.52573,60.08152],[31.52149,60.08176],[31.51834,60.08162],[31.51392,60.08105],[31.50956,60.07996],[31.50799,60.07995],[31.50416,60.08042],[31.49921,60.08142],[31.49431,60.08193],[31.49291,60.08218],[31.49125,60.08273],[31.48808,60.08441],[31.48607,60.08513],[31.48323,60.08573],[31.47806,60.08631],[31.47581,60.08672],[31.46938,60.08875],[31.46445,60.09052],[31.4608,60.09141],[31.45309,60.09289],[31.44733,60.09362],[31.4438,60.09421],[31.43284,60.09569],[31.43116,60.09602],[31.43022,60.09635],[31.42936,60.09683],[31.42811,60.09779],[31.42704,60.09902],[31.4258,60.10137],[31.42431,60.10317],[31.42274,60.10445],[31.4198,60.1063],[31.41858,60.10719],[31.41722,60.10847],[31.41501,60.11089],[31.41455,60.11162],[31.41436,60.11218],[31.41452,60.11387],[31.41439,60.11477],[31.4139,60.11646],[31.41336,60.11718],[31.4125,60.11774],[31.4114,60.11814],[31.40953,60.11846],[31.40579,60.11886],[31.40467,60.11923],[31.404,60.11971],[31.40396,60.11985],[31.40414,60.12023],[31.40681,60.12253],[31.40782,60.12374],[31.40803,60.12444],[31.40832,60.12703],[31.40832,60.12748],[31.40818,60.12793],[31.40778,60.12855],[31.40683,60.12965],[31.40593,60.13054],[31.40417,60.13195],[31.39921,60.13491],[31.39698,60.13647],[31.39608,60.13692],[31.39549,60.13705],[31.39493,60.13702],[31.39338,60.13641],[31.39153,60.13619],[31.39072,60.13581],[31.38972,60.1349],[31.38885,60.13374],[31.38858,60.13299],[31.38864,60.13244],[31.38896,60.13199],[31.38972,60.13145],[31.3915,60.13052],[31.39247,60.12971],[31.39335,60.12874],[31.39335,60.12832],[31.39258,60.12801],[31.39076,60.12778],[31.38968,60.12749],[31.38883,60.12698],[31.38848,60.12658],[31.38836,60.12624],[31.38842,60.12568],[31.38876,60.12511],[31.39067,60.1234],[31.39194,60.12163],[31.3927,60.12084],[31.3927,60.12052],[31.39239,60.12025],[31.39061,60.12022],[31.38883,60.12059],[31.38533,60.12204],[31.38424,60.12225],[31.38334,60.12231],[31.38131,60.12216],[31.37792,60.12145],[31.37501,60.12142],[31.37366,60.12131],[31.37207,60.12101],[31.369,60.12024],[31.36759,60.12006],[31.36615,60.12015],[31.36376,60.12092],[31.36264,60.12097],[31.36173,60.12071],[31.36126,60.12028],[31.36096,60.11976],[31.3605,60.11826],[31.35998,60.1176],[31.35906,60.11725],[31.3555,60.11621],[31.35455,60.11576],[31.35391,60.11522],[31.35385,60.11499],[31.35399,60.1148],[31.35493,60.11447],[31.36016,60.11373],[31.3639,60.11304],[31.37693,60.11255],[31.38064,60.11197],[31.38266,60.11182],[31.38491,60.11187],[31.38851,60.11227],[31.39144,60.1122],[31.39391,60.11226],[31.39457,60.11218],[31.3953,60.11184],[31.39607,60.11123],[31.39788,60.10919],[31.39895,60.10817],[31.40167,60.10628],[31.40208,60.10577],[31.40287,60.10442],[31.40388,60.10346],[31.40507,60.10269],[31.40601,60.10224],[31.40975,60.101],[31.41062,60.1006],[31.41233,60.09939],[31.41314,60.09862],[31.41415,60.09743],[31.415,60.09686],[31.41619,60.09651],[31.41944,60.09584],[31.42304,60.09457],[31.42429,60.09437],[31.4269,60.09418],[31.4283,60.09387],[31.42932,60.09328],[31.43083,60.09195],[31.43189,60.0913],[31.43329,60.09079],[31.43658,60.09002],[31.43752,60.08968],[31.43944,60.08878],[31.44028,60.0885],[31.4445,60.08778],[31.44851,60.08693],[31.45443,60.08623],[31.45637,60.08571],[31.45807,60.08506],[31.45967,60.0842],[31.46049,60.08338],[31.46087,60.08248],[31.46112,60.08057],[31.46138,60.08013],[31.4618,60.07975],[31.4628,60.07927],[31.46628,60.07809],[31.46833,60.07703],[31.46972,60.07606],[31.47362,60.07297],[31.47799,60.07002],[31.48069,60.06807],[31.48795,60.06357],[31.48913,60.06256],[31.49042,60.06073],[31.49135,60.05989],[31.49229,60.05943],[31.49487,60.05843],[31.49602,60.05775],[31.49668,60.05722],[31.49728,60.05661],[31.49777,60.05589],[31.4981,60.05481],[31.49809,60.05424],[31.49795,60.05368],[31.49721,60.05233],[31.49711,60.05188],[31.49729,60.05166],[31.49905,60.05041],[31.5005,60.04865],[31.50144,60.04782],[31.50241,60.04732],[31.50401,60.04689],[31.50797,60.04651],[31.50965,60.04611],[31.51112,60.04541],[31.51304,60.04427],[31.51429,60.04342],[31.51497,60.04282],[31.51541,60.04221],[31.51641,60.04029],[31.51806,60.03782],[31.5206,60.03253],[31.52185,60.03053],[31.52294,60.02932],[31.52437,60.02804],[31.52612,60.02669],[31.52873,60.02486],[31.53019,60.0235],[31.53196,60.02123],[31.53287,60.0199],[31.53451,60.01657],[31.53533,60.01535],[31.54006,60.00998],[31.54211,60.00699],[31.54284,60.00609],[31.54433,60.00465],[31.54646,60.00295],[31.54704,60.00227],[31.54724,60.00184],[31.54738,59.99991],[31.54771,59.99889],[31.54872,59.99721],[31.55053,59.99507],[31.55106,59.99428],[31.55279,59.98944],[31.55389,59.98708],[31.55405,59.98629],[31.55407,59.98506],[31.55374,59.98224],[31.55374,59.98134],[31.5539,59.98056],[31.55479,59.97763],[31.55534,59.97667],[31.55592,59.97606],[31.55724,59.97502],[31.55752,59.97448],[31.55736,59.97404],[31.55672,59.97313],[31.5565,59.97257],[31.55647,59.97189],[31.55675,59.97043],[31.55664,59.96998],[31.55633,59.96949],[31.55448,59.96763],[31.55203,59.96585],[31.55129,59.96514],[31.55062,59.96424],[31.55017,59.96334],[31.55,59.96256],[31.54999,59.96138],[31.54982,59.96105],[31.54948,59.96078],[31.54729,59.95956],[31.54627,59.95872],[31.5457,59.95806],[31.54468,59.95643],[31.5437,59.95549],[31.54317,59.95479],[31.54296,59.95401],[31.54311,59.95221],[31.54296,59.95097],[31.54264,59.95014],[31.54161,59.94849],[31.54136,59.94759],[31.5414,59.94703],[31.54154,59.94658],[31.54251,59.94489],[31.54251,59.94467],[31.54231,59.94434],[31.54179,59.94388],[31.53923,59.94244],[31.53776,59.94129],[31.53697,59.94028],[31.53599,59.93826],[31.53533,59.93724],[31.53474,59.93658],[31.53305,59.93526],[31.53194,59.93393],[31.53143,59.93345],[31.5302,59.93283],[31.52641,59.93171],[31.52458,59.93083],[31.52385,59.93033],[31.52322,59.92971],[31.52207,59.9276],[31.52128,59.92715],[31.51931,59.92645],[31.51832,59.92596],[31.51753,59.92539],[31.51667,59.92443],[31.51609,59.92402],[31.51496,59.92377],[31.51114,59.92336],[31.50577,59.92224],[31.5042,59.92163],[31.50251,59.92032],[31.50211,59.92014],[31.50124,59.92007],[31.49786,59.92032],[31.49651,59.92025],[31.49521,59.91988],[31.49373,59.91904],[31.49259,59.91859],[31.49134,59.91842],[31.49031,59.91853],[31.48967,59.91875],[31.48905,59.91924],[31.48896,59.91958],[31.48901,59.91981],[31.48948,59.92042],[31.49054,59.92102],[31.49399,59.92211],[31.49508,59.92264],[31.49602,59.92327],[31.49672,59.92395],[31.49693,59.92444],[31.49684,59.92491],[31.49635,59.9254],[31.49582,59.92572],[31.49325,59.92673],[31.4915,59.92764],[31.48793,59.93036],[31.48661,59.93113],[31.48549,59.93153],[31.48447,59.93173],[31.48346,59.93178],[31.48233,59.9317],[31.47941,59.93109],[31.47508,59.9298],[31.47304,59.92892],[31.47011,59.92711],[31.46618,59.92556],[31.46174,59.92403],[31.45855,59.92219],[31.45378,59.91894],[31.452,59.91806],[31.45092,59.91767],[31.44883,59.91731],[31.44341,59.91712],[31.44071,59.9169],[31.43351,59.91576],[31.4311,59.91548],[31.42857,59.91543],[31.42429,59.91571],[31.42317,59.91564],[31.42219,59.91547],[31.42116,59.9151],[31.42032,59.91459],[31.41857,59.91276],[31.4178,59.91228],[31.4168,59.91187],[31.41228,59.91051],[31.409,59.90878],[31.40683,59.90794],[31.40267,59.90692],[31.3999,59.90642],[31.39751,59.90627],[31.3952,59.90649],[31.3934,59.90695],[31.39152,59.9078],[31.39045,59.90862],[31.38884,59.91052],[31.38805,59.91109],[31.38694,59.91165],[31.38388,59.91275],[31.38319,59.91314],[31.38286,59.91351],[31.38252,59.91451],[31.38228,59.91486],[31.38184,59.91522],[31.38117,59.91549],[31.38061,59.91559],[31.37969,59.91554],[31.37913,59.91534],[31.37867,59.91504],[31.3785,59.91463],[31.37858,59.91429],[31.37891,59.91387],[31.38001,59.91287],[31.38005,59.9124],[31.37965,59.91189],[31.37894,59.91143],[31.37794,59.91113],[31.37726,59.91103],[31.37637,59.91109],[31.37542,59.91145],[31.37375,59.91277],[31.37266,59.91323],[31.37006,59.9139],[31.36665,59.91462],[31.36624,59.91496],[31.36617,59.91541],[31.36638,59.9159],[31.36737,59.91717],[31.36767,59.91778],[31.3678,59.91857],[31.36764,59.91936],[31.367,59.92049],[31.36598,59.92172],[31.36522,59.9223],[31.36366,59.92313],[31.36225,59.92359],[31.36106,59.92376],[31.35544,59.92365],[31.35274,59.92381],[31.35104,59.92402],[31.34551,59.9258],[31.34441,59.92626],[31.34342,59.92689],[31.3428,59.92751],[31.34256,59.92813],[31.34251,59.92892],[31.34262,59.93117],[31.34235,59.93466],[31.34195,59.93603],[31.34117,59.93754],[31.34031,59.93845],[31.33945,59.93896],[31.33838,59.9393],[31.33536,59.93982],[31.33464,59.94014],[31.33454,59.94051],[31.33535,59.94242],[31.33622,59.94523],[31.33843,59.94966],[31.33896,59.95176],[31.34077,59.95457],[31.34116,59.95507],[31.34221,59.95584],[31.34577,59.95729],[31.34663,59.95775],[31.34723,59.95828],[31.34732,59.95862],[31.34709,59.95884],[31.34653,59.95912],[31.34261,59.95966],[31.33941,59.96049],[31.33609,59.96056],[31.33451,59.96074],[31.3333,59.96105],[31.33132,59.96184],[31.33046,59.96204],[31.32591,59.9623],[31.32079,59.96208],[31.31857,59.96221],[31.31584,59.96253],[31.31494,59.96253],[31.30931,59.96144],[31.30773,59.96131],[31.30526,59.96134],[31.30436,59.96124],[31.29999,59.95993],[31.29437,59.95917],[31.28989,59.95809],[31.28829,59.9574],[31.28631,59.9562],[31.28414,59.95509],[31.28359,59.95457],[31.28287,59.9528],[31.28253,59.95237],[31.28191,59.95186],[31.27989,59.95076],[31.27553,59.94901],[31.27352,59.948],[31.272,59.94688],[31.27017,59.94465],[31.26923,59.94385],[31.26827,59.94336],[31.26653,59.9429],[31.26454,59.94275],[31.25981,59.94267],[31.25038,59.94286],[31.24474,59.94365],[31.24024,59.94366],[31.23856,59.94379],[31.23259,59.94495],[31.23045,59.94518],[31.22944,59.94502],[31.22741,59.94443],[31.22628,59.9442],[31.22494,59.94413],[31.22111,59.9442],[31.21999,59.94408],[31.21881,59.94381],[31.21781,59.94339],[31.21726,59.94287],[31.21588,59.94114],[31.21499,59.9398],[31.21441,59.93848],[31.21416,59.93668],[31.21384,59.93544],[31.21338,59.93434],[31.21302,59.93386],[31.2125,59.93342],[31.21159,59.93302],[31.20912,59.93247],[31.208,59.93209],[31.20526,59.93077],[31.20441,59.93025],[31.20404,59.92991],[31.20379,59.92948],[31.20337,59.9281],[31.20309,59.92746],[31.20125,59.92453],[31.20071,59.92396],[31.19989,59.92355],[31.19906,59.92338],[31.19771,59.92329],[31.19074,59.92327],[31.18648,59.92359],[31.18565,59.92355],[31.18288,59.92291],[31.17521,59.92056],[31.17454,59.92048],[31.17364,59.92051],[31.17119,59.92093],[31.17015,59.92132],[31.16952,59.92182],[31.16919,59.92231],[31.16887,59.92386],[31.16824,59.92521],[31.16804,59.92588],[31.16802,59.92656],[31.16829,59.92802],[31.16792,59.92959],[31.16797,59.93004],[31.16819,59.9304],[31.16871,59.93082],[31.16946,59.93122],[31.17066,59.9316],[31.17206,59.9318],[31.17521,59.93187],[31.17627,59.9322],[31.17659,59.93256],[31.17675,59.93331],[31.17674,59.93499],[31.17647,59.93575],[31.1758,59.93616],[31.1754,59.93622],[31.17462,59.93618],[31.17296,59.93585],[31.17161,59.93575],[31.16981,59.93579],[31.16644,59.93607],[31.16419,59.93611],[31.15946,59.93606],[31.15665,59.93568],[31.15564,59.93563],[31.15424,59.93582],[31.15309,59.93613],[31.15102,59.93707],[31.15022,59.93731],[31.14911,59.93736],[31.14821,59.93708]],[[32.60767,60.57939],[32.60775,60.57973],[32.60752,60.58011],[32.60667,60.58067],[32.60559,60.58077],[32.60514,60.58059],[32.60499,60.58041],[32.60496,60.58007],[32.60505,60.57984],[32.60569,60.57925],[32.60689,60.57909],[32.6075,60.57917],[32.60767,60.57939]],[[32.63224,60.55411],[32.63302,60.55446],[32.63331,60.55476],[32.63345,60.55509],[32.63328,60.55566],[32.63256,60.55626],[32.63141,60.5564],[32.63014,60.5562],[32.6291,60.55577],[32.62869,60.55542],[32.62853,60.55509],[32.62857,60.55476],[32.62884,60.55439],[32.62983,60.55397],[32.63096,60.55389],[32.63224,60.55411]],[[32.608,60.54294],[32.60749,60.54323],[32.60732,60.54323],[32.60667,60.54307],[32.6065,60.54295],[32.60645,60.54277],[32.60711,60.54249],[32.60755,60.54247],[32.60808,60.54273],[32.608,60.54294]],[[32.77985,60.51672],[32.78189,60.51714],[32.78351,60.51732],[32.78509,60.51739],[32.78779,60.51733],[32.7895,60.5175],[32.79127,60.51798],[32.79302,60.51881],[32.79409,60.51919],[32.79589,60.51958],[32.80013,60.52026],[32.80063,60.52078],[32.80041,60.52213],[32.80056,60.52291],[32.80101,60.52338],[32.80185,60.52387],[32.8024,60.52438],[32.80258,60.52472],[32.80242,60.52494],[32.80189,60.52524],[32.80069,60.52521],[32.80002,60.52486],[32.79976,60.52382],[32.79936,60.52339],[32.79797,60.52305],[32.79638,60.52292],[32.79564,60.52299],[32.79465,60.52342],[32.79382,60.52442],[32.79369,60.52476],[32.79376,60.5252],[32.79453,60.5257],[32.79544,60.52585],[32.79881,60.52575],[32.79923,60.52582],[32.79994,60.52618],[32.80037,60.52664],[32.80093,60.52705],[32.80194,60.52745],[32.80372,60.52791],[32.80387,60.52821],[32.80383,60.5285],[32.80306,60.52928],[32.80215,60.52978],[32.80106,60.52993],[32.79971,60.52982],[32.7952,60.52883],[32.79043,60.52733],[32.78653,60.52622],[32.78284,60.52536],[32.78059,60.52508],[32.77339,60.52493],[32.76779,60.5244],[32.76694,60.52425],[32.76584,60.52388],[32.76544,60.52337],[32.76536,60.52258],[32.76577,60.52164],[32.76674,60.52081],[32.76763,60.52026],[32.76866,60.52002],[32.77024,60.52012],[32.77145,60.51995],[32.77222,60.51964],[32.77374,60.51877],[32.77609,60.51796],[32.77684,60.51756],[32.77754,60.51688],[32.77789,60.5167],[32.77859,60.51656],[32.77985,60.51672]],[[32.09329,60.40689],[32.09717,60.40731],[32.09807,60.40775],[32.09817,60.40822],[32.09794,60.40842],[32.09725,60.40873],[32.09463,60.40919],[32.09356,60.40958],[32.09251,60.41029],[32.09183,60.41092],[32.09162,60.41135],[32.0917,60.41186],[32.09222,60.4123],[32.09296,60.41259],[32.09352,60.41273],[32.09627,60.41308],[32.09748,60.41352],[32.09782,60.41377],[32.09812,60.41415],[32.09813,60.41461],[32.09783,60.41505],[32.09703,60.41561],[32.09531,60.41622],[32.09321,60.41659],[32.09096,60.41676],[32.08849,60.41672],[32.08627,60.41645],[32.08448,60.41593],[32.08391,60.41548],[32.08375,60.41514],[32.08381,60.41469],[32.08492,60.41278],[32.08518,60.41211],[32.08515,60.41132],[32.0847,60.41019],[32.08461,60.40963],[32.08481,60.40884],[32.0853,60.40823],[32.08648,60.40757],[32.08722,60.40731],[32.08849,60.40704],[32.09096,60.40681],[32.09329,60.40689]],[[32.59342,60.36294],[32.59369,60.36339],[32.59373,60.36441],[32.59352,60.36496],[32.59312,60.36533],[32.59222,60.36557],[32.59134,60.36548],[32.59082,60.36519],[32.59048,60.36486],[32.59034,60.36457],[32.59044,60.36406],[32.59125,60.36305],[32.59201,60.36263],[32.59229,60.36256],[32.59304,60.36261],[32.59342,60.36294]],[[31.73578,60.30973],[31.73624,60.30987],[31.73638,60.31001],[31.73642,60.31029],[31.73632,60.31061],[31.73569,60.31085],[31.73516,60.31081],[31.73488,60.31051],[31.73495,60.31007],[31.73534,60.30967],[31.73578,60.30973]],[[32.00405,60.25759],[32.00456,60.25787],[32.00495,60.25843],[32.00513,60.25911],[32.00509,60.25989],[32.00484,60.26046],[32.00448,60.26085],[32.00373,60.26119],[32.00328,60.26119],[32.00277,60.26104],[32.00259,60.26085],[32.00185,60.25877],[32.00181,60.25821],[32.00202,60.25787],[32.00261,60.25744],[32.00354,60.25741],[32.00405,60.25759]],[[31.8573,60.24944],[31.85793,60.24965],[31.85839,60.24998],[31.85867,60.25026],[31.85866,60.25073],[31.85794,60.25122],[31.85696,60.25138],[31.85589,60.25122],[31.85509,60.25066],[31.85498,60.25015],[31.85508,60.24986],[31.85542,60.24966],[31.85598,60.24938],[31.85683,60.24934],[31.8573,60.24944]],[[31.10576,59.99422],[31.10602,59.99563],[31.10585,59.99642],[31.10409,59.99912],[31.10286,60.00069],[31.10195,60.00204],[31.1011,60.00289],[31.0983,60.00464],[31.09722,60.00544],[31.0964,60.00619],[31.09536,60.00773],[31.09408,60.00936],[31.09391,60.00981],[31.09398,60.01026],[31.09449,60.0109],[31.09536,60.01139],[31.09639,60.01177],[31.09873,60.01234],[31.10074,60.0126],[31.10681,60.01272],[31.11012,60.01305],[31.11668,60.01445],[31.12076,60.01566],[31.12369,60.01616],[31.12645,60.0168],[31.12787,60.01716],[31.12878,60.0176],[31.13091,60.01884],[31.1315,60.01934],[31.13198,60.02004],[31.13233,60.02081],[31.13253,60.02252],[31.13268,60.02308],[31.13304,60.02362],[31.13408,60.02482],[31.13427,60.02524],[31.13432,60.02567],[31.13419,60.02621],[31.13372,60.02691],[31.13198,60.02849],[31.13132,60.02922],[31.1306,60.03059],[31.13023,60.03152],[31.12985,60.03309],[31.12981,60.03388],[31.13,60.03456],[31.13074,60.03614],[31.13081,60.03647],[31.13076,60.03669],[31.13058,60.03699],[31.13038,60.03708],[31.12954,60.03734],[31.12876,60.03743],[31.12706,60.03731],[31.12518,60.03697],[31.12439,60.03704],[31.12423,60.0372],[31.12411,60.03804],[31.12389,60.03861],[31.1221,60.04052],[31.12184,60.04097],[31.1217,60.04153],[31.12172,60.04221],[31.12189,60.04277],[31.12222,60.0433],[31.12285,60.04389],[31.12421,60.04485],[31.12521,60.04539],[31.12603,60.04568],[31.12782,60.04606],[31.12808,60.04628],[31.1281,60.04659],[31.12788,60.04688],[31.12751,60.04691],[31.12508,60.04684],[31.12211,60.04704],[31.12065,60.04694],[31.11982,60.04675],[31.11889,60.0464],[31.11822,60.04595],[31.11704,60.04492],[31.11626,60.0447],[31.11536,60.04468],[31.11426,60.04488],[31.11329,60.04519],[31.11163,60.04595],[31.10981,60.04693],[31.10839,60.04751],[31.10189,60.04872],[31.10084,60.04898],[31.09917,60.05007],[31.09824,60.05054],[31.09723,60.05092],[31.09397,60.05184],[31.09183,60.05282],[31.08868,60.05396],[31.08529,60.05542],[31.08337,60.05684],[31.08118,60.05818],[31.08017,60.05904],[31.0775,60.06171],[31.07603,60.06403],[31.07563,60.06481],[31.07547,60.06538],[31.07514,60.06831],[31.0748,60.06896],[31.07383,60.07026],[31.0736,60.07078],[31.07353,60.07134],[31.07471,60.07532],[31.0752,60.07742],[31.07567,60.07832],[31.07687,60.07979],[31.07735,60.08065],[31.07865,60.08428],[31.07997,60.08901],[31.08003,60.08968],[31.07991,60.09024],[31.07949,60.09102],[31.07812,60.09294],[31.0779,60.09362],[31.07798,60.09429],[31.07835,60.09502],[31.08014,60.09765],[31.08236,60.10014],[31.08393,60.10221],[31.08602,60.10374],[31.08793,60.1054],[31.09054,60.10734],[31.09152,60.10824],[31.09279,60.10961],[31.09361,60.11059],[31.09387,60.11106],[31.09399,60.11162],[31.09391,60.11241],[31.09354,60.11337],[31.09221,60.11511],[31.09152,60.11668],[31.08962,60.11893],[31.08903,60.11934],[31.08649,60.12041],[31.08089,60.12562],[31.07926,60.12699],[31.0774,60.12828],[31.07209,60.13143],[31.07024,60.13267],[31.06973,60.13333],[31.06925,60.1347],[31.06885,60.13547],[31.06846,60.136],[31.06752,60.13686],[31.06654,60.13749],[31.06493,60.13825],[31.06032,60.13985],[31.05942,60.14044],[31.0592,60.14076],[31.05845,60.1428],[31.05736,60.14469],[31.05731,60.14514],[31.0574,60.14627],[31.05732,60.14694],[31.05653,60.14931],[31.05642,60.14987],[31.05645,60.15032],[31.05661,60.15086],[31.05791,60.15336],[31.05819,60.15471],[31.05814,60.15549],[31.05795,60.15628],[31.05679,60.15892],[31.05654,60.15988],[31.05655,60.16101],[31.05705,60.16438],[31.05704,60.16551],[31.05692,60.16641],[31.05663,60.16731],[31.05608,60.16821],[31.05544,60.16889],[31.05399,60.17014],[31.05342,60.17091],[31.05322,60.17158],[31.05306,60.17327],[31.05258,60.17473],[31.05244,60.17608],[31.05197,60.17721],[31.0513,60.17824],[31.05064,60.1788],[31.04971,60.17929],[31.04871,60.17966],[31.04701,60.18007],[31.04449,60.18033],[31.04208,60.18016],[31.04053,60.17977],[31.0394,60.17926],[31.03865,60.17871],[31.03702,60.17682],[31.03622,60.17631],[31.03528,60.17594],[31.03074,60.1751],[31.02668,60.17468],[31.02554,60.17419],[31.02442,60.17323],[31.02373,60.1728],[31.02199,60.17226],[31.01884,60.17189],[31.01445,60.17182]],[[31.36841,60.17934],[31.36822,60.17967],[31.36723,60.17973],[31.36685,60.17955],[31.36674,60.17923],[31.36703,60.17893],[31.36759,60.17882],[31.36827,60.179],[31.36841,60.17934]],[[31.38932,60.15322],[31.38978,60.15354],[31.39004,60.15448],[31.39012,60.15527],[31.38976,60.15644],[31.38915,60.15774],[31.38882,60.15829],[31.38799,60.15897],[31.38685,60.15967],[31.386,60.15998],[31.38502,60.15996],[31.38453,60.15975],[31.38421,60.15947],[31.38408,60.15887],[31.38439,60.15754],[31.38433,60.1572],[31.38409,60.15696],[31.38355,60.15662],[31.38045,60.15578],[31.37974,60.15538],[31.37947,60.15482],[31.37952,60.15449],[31.37981,60.15416],[31.3807,60.15388],[31.38649,60.15313],[31.38883,60.15305],[31.38932,60.15322]],[[31.39136,60.13734],[31.39517,60.13796],[31.39603,60.13854],[31.39718,60.13964],[31.39802,60.13999],[31.39969,60.14034],[31.40147,60.1409],[31.40235,60.14137],[31.40335,60.14221],[31.40379,60.14301],[31.40375,60.14357],[31.40332,60.1441],[31.4024,60.14456],[31.40134,60.1448],[31.40021,60.14488],[31.39909,60.14481],[31.39819,60.14465],[31.39526,60.14377],[31.39391,60.14374],[31.39236,60.14404],[31.3907,60.14454],[31.38982,60.14501],[31.38886,60.14589],[31.38806,60.14614],[31.38694,60.14622],[31.38289,60.14612],[31.38122,60.14589],[31.37956,60.14543],[31.37446,60.14328],[31.37348,60.1428],[31.3727,60.14224],[31.37236,60.14187],[31.37214,60.14143],[31.37213,60.14109],[31.37226,60.14076],[31.37295,60.14005],[31.37419,60.13939],[31.37569,60.13893],[31.37659,60.13879],[31.37895,60.13868],[31.38346,60.13823],[31.38969,60.13724],[31.39052,60.13721],[31.39136,60.13734]],[[31.59751,60.13899],[31.59715,60.13929],[31.59673,60.13992],[31.5965,60.14087],[31.59654,60.14121],[31.59669,60.14143],[31.59752,60.1415],[31.59847,60.14134],[31.59907,60.14097],[31.59946,60.14049],[31.59926,60.14007],[31.59862,60.13946],[31.59774,60.13899],[31.59751,60.13899]],[[31.1805,60.06767],[31.18129,60.06802],[31.18155,60.06831],[31.18169,60.06864],[31.18157,60.06921],[31.18095,60.06982],[31.17971,60.07012],[31.17815,60.07004],[31.17734,60.06977],[31.17689,60.06932],[31.17667,60.06887],[31.17657,60.06819],[31.17666,60.06786],[31.17689,60.06755],[31.1773,60.06735],[31.17859,60.06728],[31.1805,60.06767]],[[31.1508,60.04471],[31.15144,60.04493],[31.15251,60.0455],[31.15663,60.0487],[31.15884,60.0499],[31.15955,60.05038],[31.15997,60.05087],[31.16023,60.05144],[31.16026,60.0523],[31.16,60.05278],[31.15951,60.05323],[31.15856,60.0537],[31.15766,60.05389],[31.15699,60.05386],[31.15652,60.05374],[31.15575,60.05331],[31.15475,60.05233],[31.15391,60.05177],[31.1522,60.05127],[31.15031,60.05094],[31.14889,60.0508],[31.14673,60.05096],[31.14314,60.05189],[31.14113,60.05224],[31.13947,60.0523],[31.13863,60.05184],[31.13863,60.05136],[31.13893,60.05098],[31.14083,60.04973],[31.14137,60.04914],[31.14142,60.04862],[31.14123,60.04772],[31.14127,60.04719],[31.14174,60.04637],[31.14216,60.04593],[31.14259,60.04565],[31.14409,60.04504],[31.1458,60.04461],[31.14709,60.04439],[31.14911,60.04437],[31.1508,60.04471]],[[31.35053,60.01053],[31.35101,60.01072],[31.3511,60.01088],[31.3504,60.01135],[31.34981,60.01132],[31.34924,60.01095],[31.34924,60.01084],[31.35015,60.01042],[31.35053,60.01053]],[[31.35336,59.95962],[31.35477,59.96004],[31.35645,59.96093],[31.35733,59.96153],[31.35832,59.96256],[31.3598,59.96492],[31.35989,59.96548],[31.35963,59.96661],[31.35959,59.96739],[31.35984,59.96874],[31.35992,59.97054],[31.36028,59.97291],[31.36038,59.97493],[31.3607,59.97581],[31.36105,59.97624],[31.36202,59.97695],[31.36499,59.97834],[31.36565,59.97881],[31.3667,59.98056],[31.36818,59.98201],[31.36854,59.98247],[31.36993,59.98479],[31.37202,59.987],[31.37272,59.98787],[31.37317,59.98866],[31.37374,59.99012],[31.3742,59.99077],[31.37533,59.99155],[31.37636,59.99193],[31.38311,59.99321],[31.38788,59.99468],[31.39076,59.99451],[31.39249,59.9946],[31.39428,59.99498],[31.39589,59.99563],[31.39716,59.99647],[31.39785,59.99738],[31.39794,59.99821],[31.39754,59.99968],[31.39751,60.00036],[31.3977,60.001],[31.39855,60.00261],[31.39857,60.00306],[31.39836,60.00339],[31.39783,60.0038],[31.39695,60.00413],[31.39616,60.00429],[31.39419,60.00457],[31.39099,60.00479],[31.38784,60.00477],[31.38615,60.00452],[31.38435,60.00412],[31.38251,60.0041],[31.38164,60.00457],[31.38141,60.00519],[31.38141,60.00621],[31.38114,60.0065],[31.38059,60.00678],[31.37529,60.00807],[31.37231,60.00841],[31.36894,60.00855],[31.36489,60.00822],[31.3611,60.00823],[31.3583,60.00762],[31.35634,60.00747],[31.35546,60.00755],[31.35472,60.00774],[31.35279,60.0086],[31.35203,60.00879],[31.35161,60.00878],[31.35103,60.00866],[31.34936,60.0077],[31.34567,60.00646],[31.34541,60.0063],[31.34504,60.00587],[31.34478,60.00532],[31.34443,60.00407],[31.34442,60.00351],[31.3446,60.00307],[31.34508,60.00238],[31.34704,60.00024],[31.3477,59.99934],[31.34836,59.99784],[31.34854,59.99664],[31.34837,59.9956],[31.34795,59.99473],[31.34609,59.99226],[31.3439,59.98968],[31.34351,59.98899],[31.3434,59.98854],[31.34351,59.98787],[31.34391,59.98715],[31.34469,59.98628],[31.34677,59.98435],[31.34719,59.98371],[31.34738,59.98303],[31.34706,59.97988],[31.34704,59.97808],[31.34672,59.97651],[31.347,59.97347],[31.34698,59.97246],[31.34667,59.97099],[31.34589,59.96931],[31.34583,59.96897],[31.34614,59.96841],[31.3475,59.96681],[31.34812,59.96594],[31.34986,59.96278],[31.3501,59.96188],[31.3501,59.96132],[31.34991,59.96019],[31.35011,59.95971],[31.35043,59.95956],[31.35139,59.95946],[31.35336,59.95962]],[[31.15313,59.94652],[31.15397,59.9468],[31.15477,59.94723],[31.1562,59.94839],[31.15688,59.94919],[31.15709,59.95018],[31.1574,59.95059],[31.15927,59.95056],[31.16621,59.94941],[31.16734,59.94934],[31.16824,59.94941],[31.16941,59.94965],[31.17097,59.95018],[31.17288,59.951],[31.17632,59.95267],[31.17748,59.95305],[31.17836,59.95315],[31.17926,59.9531],[31.18196,59.95249],[31.18264,59.9525],[31.18331,59.95263],[31.18377,59.95279],[31.18448,59.95334],[31.18465,59.9537],[31.18461,59.95409],[31.18395,59.95472],[31.18285,59.95512],[31.18151,59.95531],[31.17881,59.95545],[31.17768,59.95564],[31.1753,59.95637],[31.17427,59.95686],[31.17382,59.95735],[31.17372,59.95775],[31.17381,59.9582],[31.17422,59.95918],[31.17419,59.95963],[31.17398,59.96008],[31.1729,59.96187],[31.17258,59.96224],[31.17196,59.96273],[31.17082,59.96313],[31.16779,59.96393],[31.16666,59.96404],[31.16576,59.96395],[31.16391,59.96351],[31.15834,59.96255],[31.15744,59.96255],[31.15651,59.96267],[31.15573,59.96317],[31.15607,59.96366],[31.15718,59.96414],[31.15811,59.96431],[31.16012,59.9644],[31.16116,59.96457],[31.16406,59.96529],[31.16462,59.96557],[31.16494,59.96595],[31.16508,59.96638],[31.16507,59.96694],[31.16429,59.96874],[31.16408,59.96964],[31.16409,59.97021],[31.16436,59.97133],[31.16447,59.97234],[31.16441,59.97336],[31.16415,59.97391],[31.16368,59.9745],[31.16287,59.97523],[31.16192,59.97575],[31.16112,59.97579],[31.16024,59.97534],[31.15899,59.97436],[31.1582,59.97356],[31.15785,59.97279],[31.15777,59.97144],[31.15758,59.9708],[31.1572,59.97021],[31.15619,59.96908],[31.15579,59.96849],[31.15569,59.96806],[31.15569,59.96661],[31.15548,59.96593],[31.15434,59.96458],[31.15377,59.96375],[31.15211,59.96275],[31.15235,59.96239],[31.15328,59.96182],[31.15377,59.96132],[31.15391,59.96064],[31.15361,59.95997],[31.15317,59.95952],[31.15219,59.95894],[31.14855,59.95763]],[[31.14855,59.94643],[31.15114,59.94637],[31.15313,59.94652]],[[32.33822,60.14585],[32.33826,60.14601],[32.33811,60.14616],[32.33761,60.14628],[32.33716,60.14623],[32.33691,60.14607],[32.33679,60.1459],[32.33682,60.14579],[32.33696,60.14568],[32.33739,60.14555],[32.33784,60.14562],[32.33814,60.14574],[32.33822,60.14585]],[[32.40607,60.14279],[32.40434,60.14244],[32.40276,60.14224],[32.40129,60.14215],[32.39882,60.14211],[32.39664,60.14192],[32.3957,60.14178],[32.39398,60.1414],[32.39162,60.14132],[32.38981,60.14095],[32.38892,60.14083],[32.38746,60.14084],[32.38554,60.14112],[32.38476,60.14116],[32.38401,60.14107],[32.38172,60.14065],[32.37643,60.14019],[32.37418,60.14027],[32.37193,60.14019],[32.37002,60.14026],[32.36687,60.14025],[32.36316,60.13993],[32.36271,60.13998],[32.36212,60.14019],[32.36185,60.14036],[32.36133,60.14084],[32.36097,60.14106],[32.36046,60.14114],[32.35911,60.14093],[32.35845,60.14097],[32.35787,60.1412],[32.35691,60.14196],[32.35641,60.14208],[32.35404,60.14237],[32.35344,60.14222],[32.35269,60.14171],[32.35203,60.1415],[32.34937,60.14104],[32.34489,60.14083],[32.34397,60.14059],[32.34352,60.14037],[32.3426,60.13973],[32.34183,60.13855],[32.34146,60.13815],[32.34106,60.13787],[32.34025,60.13748],[32.33992,60.13722],[32.33987,60.13696],[32.33998,60.1364],[32.33989,60.13613],[32.33962,60.13586],[32.33901,60.13544],[32.33889,60.13522],[32.339,60.13494],[32.33945,60.13449],[32.3396,60.13415],[32.3396,60.13392],[32.33949,60.13362],[32.33914,60.13315],[32.33861,60.1327],[32.33809,60.13237],[32.33561,60.13116],[32.335,60.1308],[32.33363,60.12973],[32.33314,60.12915],[32.3331,60.12892],[32.33318,60.12867],[32.33389,60.12785],[32.33415,60.12734],[32.33417,60.127],[32.33393,60.1256],[32.33419,60.12458],[32.33432,60.12437],[32.33456,60.12419],[32.33567,60.12378],[32.33585,60.12369],[32.33602,60.12351],[32.33616,60.12318],[32.33614,60.12245],[32.33637,60.12177],[32.33638,60.12144],[32.336,60.12048],[32.33582,60.1193],[32.33477,60.11755],[32.33456,60.11583],[32.33399,60.11457],[32.33349,60.1139],[32.33272,60.11309],[32.33247,60.11291],[32.33173,60.11256],[32.33137,60.11225],[32.33124,60.11187],[32.33138,60.11155],[32.33117,60.11125],[32.33055,60.11063],[32.32923,60.10962],[32.3289,60.10923],[32.32881,60.10895],[32.32884,60.10861],[32.32929,60.1076],[32.32915,60.10723],[32.32826,60.10615],[32.32761,60.10577],[32.32728,60.10551],[32.32688,60.10481],[32.32591,60.10438],[32.32553,60.10414],[32.32541,60.104],[32.32528,60.10377],[32.32523,60.10349],[32.32529,60.1031],[32.32555,60.10257],[32.3254,60.10236],[32.32511,60.10223],[32.32376,60.10187],[32.32262,60.10129],[32.32106,60.10008],[32.32006,60.09944],[32.31944,60.09873],[32.31841,60.09848],[32.31797,60.09827],[32.31784,60.09806],[32.31793,60.09762],[32.31752,60.09736],[32.31703,60.09725],[32.31613,60.09727],[32.31565,60.09715],[32.31536,60.09691],[32.31527,60.09668],[32.31536,60.0964],[32.31562,60.09614],[32.31565,60.09603],[32.31478,60.09554],[32.31411,60.09549],[32.31345,60.09534],[32.31336,60.09515],[32.31339,60.09468],[32.31292,60.09446],[32.31253,60.09439],[32.31204,60.09442],[32.31182,60.0946],[32.31172,60.09488],[32.31177,60.09511],[32.31189,60.09528],[32.31187,60.09539],[32.31154,60.09558],[32.31108,60.09599],[32.31061,60.09617],[32.30978,60.09627],[32.309,60.09624],[32.30842,60.09604],[32.30738,60.09515],[32.3071,60.09467],[32.30691,60.09449],[32.30658,60.09427],[32.30605,60.09407],[32.30544,60.09395],[32.30486,60.09402],[32.30441,60.0943],[32.30429,60.09445],[32.30425,60.09466],[32.30436,60.09492],[32.30467,60.09514],[32.30583,60.09559],[32.30654,60.09635],[32.30798,60.09693],[32.30972,60.09732],[32.31113,60.09739],[32.31186,60.0975],[32.31338,60.09802],[32.31474,60.09831],[32.31527,60.09849],[32.31568,60.09875],[32.31598,60.09904],[32.31663,60.10001],[32.31766,60.10102],[32.31788,60.10142],[32.31805,60.10208],[32.31828,60.10256],[32.31926,60.10367],[32.31932,60.10394],[32.31919,60.10434],[32.31919,60.10461],[32.31961,60.10487],[32.32055,60.10527],[32.32112,60.10571],[32.32171,60.1067],[32.32198,60.10768],[32.32276,60.10823],[32.32329,60.10907],[32.324,60.10937],[32.32438,60.10968],[32.32477,60.11041],[32.32552,60.11111],[32.3259,60.11164],[32.32621,60.11227],[32.32622,60.11272],[32.32666,60.11322],[32.32709,60.11429],[32.32728,60.11451],[32.32817,60.11516],[32.32849,60.11564],[32.32855,60.11603],[32.32851,60.11671],[32.3284,60.11699],[32.3281,60.11744],[32.32795,60.118],[32.32805,60.11828],[32.32853,60.11885],[32.32858,60.11918],[32.32819,60.12006],[32.32802,60.1207],[32.3277,60.12138],[32.32765,60.1216],[32.32774,60.12191],[32.32807,60.12256],[32.32811,60.12307],[32.32802,60.12368],[32.32785,60.1243],[32.32782,60.12492],[32.32766,60.12588],[32.32688,60.12756],[32.3268,60.12937],[32.32647,60.131],[32.32643,60.13201],[32.32651,60.1324],[32.32667,60.13274],[32.32765,60.13398],[32.32802,60.1351],[32.32849,60.136],[32.3296,60.13737],[32.32982,60.13786],[32.32974,60.13814],[32.32928,60.13887],[32.32912,60.13952],[32.32822,60.14055],[32.32764,60.14103],[32.32778,60.14147],[32.32779,60.14174],[32.32758,60.14191],[32.32734,60.14199],[32.32682,60.14202],[32.32638,60.14197],[32.32614,60.1418],[32.32608,60.14163],[32.32633,60.14137],[32.32687,60.14103],[32.32694,60.14085],[32.32658,60.14055],[32.3259,60.14031],[32.32281,60.13973],[32.32177,60.13947],[32.32108,60.1392],[32.3193,60.13832],[32.31665,60.13741],[32.31561,60.13699],[32.31517,60.13676],[32.3143,60.13608],[32.3129,60.13521],[32.31158,60.13406],[32.31065,60.1336],[32.30977,60.13339],[32.30781,60.13324],[32.30709,60.13312],[32.3011,60.13141],[32.29395,60.12997],[32.29104,60.12961],[32.28857,60.12943],[32.28654,60.12915],[32.28553,60.1292],[32.28457,60.12947]],[[32.31231,60.09332],[32.31175,60.09337],[32.31151,60.09348],[32.31144,60.0936],[32.31157,60.09379],[32.31196,60.09389],[32.31216,60.09387],[32.31244,60.09378],[32.31253,60.09364],[32.31248,60.09333],[32.31231,60.09332]],[[32.30871,60.08849],[32.30794,60.08858],[32.30715,60.08907],[32.30588,60.08954],[32.30486,60.0898],[32.3045,60.08998],[32.30429,60.09022],[32.30435,60.09078],[32.30428,60.091],[32.30412,60.09114],[32.30304,60.0916],[32.30296,60.0919],[32.30302,60.09224],[32.30352,60.09243],[32.30399,60.09249],[32.30443,60.09246],[32.30494,60.09226],[32.30524,60.09195],[32.30559,60.09131],[32.30663,60.09064],[32.30696,60.09035],[32.30746,60.08978],[32.30776,60.08927],[32.30864,60.08885],[32.30896,60.08861],[32.30892,60.08854],[32.30871,60.08849]],[[32.31142,60.09174],[32.31114,60.09177],[32.31088,60.0919],[32.31071,60.09205],[32.31067,60.09221],[32.31115,60.09251],[32.31152,60.09256],[32.31207,60.09247],[32.31239,60.09224],[32.31238,60.09207],[32.31222,60.09193],[32.31191,60.0918],[32.31142,60.09174]],[[30.98715,59.93336],[30.98721,59.9336],[30.98796,59.93366],[30.98864,59.9338],[30.98917,59.934],[30.98951,59.93421],[30.9907,59.9357],[30.99142,59.93699],[30.99198,59.9376],[30.99306,59.9384],[30.99487,59.93921],[30.99529,59.93948],[30.99642,59.94059],[30.99655,59.94082],[30.99664,59.94125],[30.99755,59.94171],[30.99909,59.94171],[31.00021,59.94183],[31.00118,59.94208],[31.00215,59.94246],[31.00521,59.94309],[31.01107,59.94398],[31.01163,59.94417],[31.01242,59.94491],[31.01342,59.94526],[31.01435,59.94571],[31.01701,59.94658],[31.01916,59.94751],[31.02182,59.94801],[31.02468,59.94886],[31.02504,59.94919],[31.0253,59.9497],[31.02535,59.94998],[31.02528,59.95027],[31.02503,59.95076],[31.02456,59.95137],[31.025,59.95161],[31.02551,59.95167],[31.02594,59.95186],[31.02729,59.95225],[31.02829,59.95289],[31.02871,59.95332],[31.02889,59.95387],[31.02902,59.95409],[31.02991,59.95454],[31.03027,59.95488],[31.03044,59.95517],[31.03076,59.956],[31.03108,59.95645],[31.03177,59.957],[31.03279,59.95758],[31.03493,59.95833],[31.0362,59.95903],[31.03672,59.95924],[31.03856,59.95968],[31.03895,59.95993],[31.03939,59.96037],[31.03971,59.96049],[31.04038,59.96054],[31.04169,59.9603],[31.04336,59.96081],[31.04421,59.96095],[31.04521,59.9609],[31.04556,59.9608],[31.04585,59.96064],[31.04609,59.96028],[31.04615,59.95958],[31.04663,59.95902],[31.04724,59.95889],[31.04842,59.95901],[31.04916,59.9596],[31.04949,59.96005],[31.04954,59.96045],[31.04932,59.96126],[31.0494,59.96163],[31.04971,59.96197],[31.05039,59.96241],[31.0511,59.9627],[31.05208,59.96294],[31.05636,59.96338],[31.05921,59.96419],[31.05971,59.96439],[31.06147,59.96532],[31.06249,59.96602],[31.06592,59.96761],[31.06691,59.96799],[31.06732,59.96824],[31.06814,59.96928],[31.06853,59.96966],[31.06912,59.9701],[31.07048,59.97093],[31.07076,59.97119],[31.07095,59.97156],[31.07105,59.9722],[31.07118,59.9726],[31.07183,59.97386],[31.07224,59.97433],[31.07275,59.97467],[31.07366,59.97508],[31.07449,59.97568],[31.07536,59.97617],[31.07749,59.97699],[31.0781,59.97733],[31.07862,59.97766],[31.07921,59.97845],[31.07999,59.9791],[31.08054,59.97936],[31.08212,59.97972],[31.08393,59.98026],[31.08637,59.98075],[31.08763,59.98139],[31.08918,59.98201],[31.09033,59.9826],[31.09157,59.9831],[31.09213,59.98345],[31.09266,59.98413],[31.093,59.98443],[31.09507,59.98584],[31.09705,59.98691],[31.09825,59.98736],[31.09911,59.98751],[31.09978,59.98752],[31.10181,59.98736],[31.10383,59.98745],[31.10518,59.98731],[31.10597,59.98729],[31.10754,59.98747],[31.10876,59.9878],[31.1092,59.98805],[31.10967,59.98853],[31.1098,59.98885],[31.10982,59.98908],[31.10962,59.98939],[31.10912,59.98952],[31.10867,59.98953],[31.10642,59.98924],[31.1029,59.98985],[31.10226,59.99006],[31.10151,59.99043],[31.0998,59.9915],[31.09954,59.99178],[31.09953,59.99195],[31.09972,59.99217],[31.10011,59.99236],[31.1007,59.99252],[31.10147,59.99258],[31.10304,59.99247],[31.10372,59.99249],[31.10462,59.99262],[31.1057,59.99291],[31.10609,59.99311],[31.1063,59.99341],[31.10625,59.99363],[31.10597,59.99411]],[[31.08337,59.96062],[31.08371,59.9608],[31.08446,59.96147],[31.08548,59.96189],[31.08584,59.96213],[31.08597,59.96253],[31.08576,59.96329],[31.08601,59.96351],[31.08673,59.96357],[31.08831,59.96339],[31.08898,59.96341],[31.08991,59.96371],[31.09072,59.96419],[31.09118,59.96464],[31.09141,59.96506],[31.09149,59.96551],[31.09146,59.96652],[31.09166,59.96704],[31.09209,59.96739],[31.09252,59.96757],[31.09314,59.9677],[31.09438,59.96772],[31.09652,59.9675],[31.09721,59.96734],[31.0975,59.96715],[31.09769,59.96692],[31.09844,59.96558],[31.09839,59.965],[31.09851,59.96467],[31.09928,59.96374],[31.09966,59.96349],[31.10017,59.96329],[31.10101,59.9631],[31.10211,59.96304],[31.10287,59.96321],[31.10338,59.96363],[31.1038,59.96437],[31.10385,59.96467],[31.10381,59.96491],[31.10351,59.96533],[31.10297,59.96559],[31.10214,59.96572],[31.10124,59.96572],[31.10065,59.96553],[31.10024,59.96549],[31.09999,59.96554],[31.10077,59.96598],[31.10089,59.96618],[31.10104,59.96674],[31.10153,59.96711],[31.10248,59.96726],[31.10439,59.96717],[31.10541,59.9672],[31.1065,59.96733],[31.10749,59.96756],[31.1079,59.96776],[31.11059,59.96978],[31.11111,59.9703],[31.11185,59.97118],[31.11229,59.97152],[31.11467,59.97227],[31.11827,59.9739],[31.11936,59.97426],[31.12003,59.97426],[31.12161,59.97404],[31.12236,59.97386],[31.12277,59.97367],[31.12292,59.97344],[31.12289,59.97322],[31.1226,59.97265],[31.12262,59.97247],[31.12278,59.97229],[31.12315,59.97207],[31.12386,59.97189],[31.12442,59.97189],[31.12491,59.97203],[31.12537,59.97229],[31.1264,59.97313],[31.12717,59.97364],[31.12767,59.97409],[31.12853,59.97534],[31.12916,59.97704],[31.12947,59.97744],[31.12996,59.97786],[31.13004,59.9781],[31.12988,59.97822],[31.12937,59.97826],[31.12808,59.97812],[31.12588,59.97814],[31.12453,59.97803],[31.12341,59.97788],[31.12266,59.9777],[31.1217,59.97704],[31.12126,59.97689],[31.12026,59.97683],[31.11924,59.97689],[31.11866,59.97702],[31.11817,59.97724],[31.11792,59.97749],[31.11774,59.97792],[31.11737,59.97819],[31.11674,59.97818],[31.11593,59.97784],[31.11519,59.97777],[31.11238,59.97825],[31.1115,59.9785],[31.11003,59.97925],[31.10955,59.97966],[31.10954,59.97995],[31.10981,59.98036],[31.10989,59.98058],[31.10982,59.9808],[31.10965,59.98096],[31.10929,59.98113],[31.10879,59.98124],[31.10744,59.98134],[31.10687,59.98122],[31.10659,59.98104],[31.10646,59.98085],[31.10648,59.98062],[31.10663,59.98042],[31.10742,59.97994],[31.10709,59.97978],[31.10676,59.97975],[31.10586,59.97983],[31.10338,59.97987],[31.10259,59.97983],[31.09799,59.97879],[31.09695,59.97843],[31.09653,59.97813],[31.09642,59.97794],[31.0964,59.97772],[31.09653,59.97744],[31.0972,59.97687],[31.09723,59.97676],[31.09717,59.97665],[31.09701,59.97653],[31.09544,59.97616],[31.09487,59.97588],[31.09453,59.97547],[31.09434,59.97475],[31.09389,59.97453],[31.09258,59.97435],[31.09197,59.97446],[31.09157,59.97473],[31.09111,59.97538],[31.09082,59.97566],[31.0898,59.9763],[31.08901,59.97697],[31.08837,59.97723],[31.08741,59.97739],[31.08673,59.97739],[31.08619,59.97726],[31.08537,59.97651],[31.0848,59.97625],[31.08302,59.97602],[31.08085,59.97559],[31.08041,59.9754],[31.07992,59.97499],[31.07965,59.97428],[31.07935,59.97393],[31.07898,59.97368],[31.07783,59.97311],[31.07727,59.97249],[31.07648,59.97175],[31.07577,59.9709],[31.07539,59.97061],[31.07451,59.97014],[31.07407,59.96983],[31.07356,59.96914],[31.07346,59.96855],[31.07329,59.96823],[31.07287,59.96783],[31.0721,59.9673],[31.07196,59.96663],[31.07175,59.96627],[31.07051,59.9653],[31.06982,59.96493],[31.06978,59.96485],[31.06999,59.96477],[31.07018,59.96478],[31.07122,59.96517],[31.07188,59.96527],[31.07379,59.96522],[31.07582,59.96537],[31.07784,59.9654],[31.08031,59.96577],[31.08201,59.96589],[31.08277,59.96579],[31.08343,59.96544],[31.08425,59.96484],[31.08444,59.96463],[31.08444,59.96417],[31.08418,59.96396],[31.08314,59.96349],[31.08218,59.96284],[31.0811,59.96243],[31.08071,59.96221],[31.08048,59.96191],[31.08044,59.9614],[31.08051,59.96118],[31.08068,59.96098],[31.08098,59.96079],[31.08155,59.9606],[31.08246,59.9605],[31.08337,59.96062]],[[31.1449,59.97125],[31.14485,59.97144],[31.14438,59.97164],[31.1439,59.97159],[31.14366,59.97136],[31.14375,59.97114],[31.14422,59.97103],[31.14473,59.97108],[31.1449,59.97125]],[[31.13685,59.97078],[31.13712,59.97094],[31.13707,59.97104],[31.13687,59.97114],[31.1366,59.97118],[31.13631,59.97097],[31.13634,59.97085],[31.13656,59.9707],[31.13685,59.97078]],[[31.13932,59.96441],[31.13972,59.9647],[31.13988,59.9654],[31.14003,59.96568],[31.14084,59.96625],[31.14109,59.96658],[31.14102,59.96692],[31.14071,59.96726],[31.14021,59.96756],[31.13982,59.96766],[31.13932,59.96763],[31.13891,59.96747],[31.13752,59.9666],[31.13567,59.96614],[31.13531,59.96595],[31.135,59.96568],[31.13478,59.96543],[31.13466,59.96517],[31.13469,59.9649],[31.13488,59.96467],[31.13562,59.96438],[31.13623,59.96434],[31.13755,59.96442],[31.13871,59.96436],[31.13932,59.96441]],[[31.07491,59.96059],[31.07561,59.96077],[31.07595,59.961],[31.07605,59.96118],[31.07606,59.96135],[31.07583,59.96169],[31.0754,59.96188],[31.07505,59.96196],[31.07413,59.96193],[31.07333,59.96166],[31.07305,59.96149],[31.07292,59.96129],[31.07294,59.96107],[31.07315,59.96083],[31.07363,59.96062],[31.07424,59.96054],[31.07491,59.96059]],[[31.11707,59.95973],[31.11772,59.96009],[31.11795,59.96033],[31.11802,59.96062],[31.11786,59.96087],[31.11737,59.96108],[31.11654,59.96117],[31.11591,59.96105],[31.11559,59.96078],[31.11551,59.96062],[31.11553,59.96039],[31.11565,59.96017],[31.1159,59.95988],[31.11639,59.95966],[31.11682,59.95964],[31.11707,59.95973]],[[31.04101,59.9575],[31.04186,59.95804],[31.04218,59.95834],[31.04217,59.95861],[31.04172,59.95932],[31.04165,59.9598],[31.04123,59.95978],[31.04025,59.95931],[31.03987,59.95903],[31.03976,59.95876],[31.03974,59.95848],[31.03993,59.95749],[31.04019,59.95735],[31.04039,59.95733],[31.04077,59.95739],[31.04101,59.9575]],[[31.13283,59.95813],[31.13353,59.9583],[31.13387,59.95849],[31.13403,59.95865],[31.13402,59.95887],[31.13392,59.95901],[31.13347,59.95924],[31.13252,59.95938],[31.13167,59.95924],[31.13131,59.959],[31.1312,59.95882],[31.13122,59.95855],[31.13165,59.95822],[31.13211,59.95811],[31.13283,59.95813]],[[31.14742,59.95725],[31.14377,59.95666],[31.14239,59.95653],[31.14158,59.95656],[31.14106,59.95674],[31.1408,59.95707],[31.14077,59.95747],[31.14104,59.95848],[31.141,59.95876],[31.14084,59.95898],[31.14037,59.95924],[31.13994,59.95933],[31.13939,59.95933],[31.13891,59.95922],[31.13851,59.95896],[31.13796,59.95835],[31.13723,59.95787],[31.13701,59.95762],[31.13698,59.95741],[31.13707,59.9572],[31.13816,59.95639],[31.1383,59.95617],[31.13822,59.95595],[31.1376,59.95517],[31.1374,59.95437],[31.13727,59.95409],[31.13708,59.95383],[31.13669,59.95355],[31.13526,59.95318],[31.13517,59.95302],[31.13519,59.95287],[31.13532,59.95273],[31.13579,59.9526],[31.13665,59.9525],[31.1371,59.95229],[31.13719,59.95207],[31.13711,59.95182],[31.1366,59.95157],[31.13612,59.95151],[31.13499,59.95151],[31.13441,59.95135],[31.13404,59.95113],[31.13386,59.95095],[31.13375,59.9506],[31.13389,59.95004],[31.13382,59.94942],[31.1339,59.94908],[31.13422,59.9487],[31.13515,59.9479],[31.13528,59.94756],[31.13529,59.94689],[31.13572,59.94656],[31.13646,59.94649],[31.13803,59.94673],[31.13961,59.94677],[31.14242,59.94697],[31.14411,59.94678],[31.14546,59.94688],[31.14602,59.94685],[31.14767,59.94641]],[[31.14756,59.93674],[31.147,59.93626],[31.14653,59.93608],[31.14612,59.93605],[31.14411,59.93624],[31.14152,59.93635],[31.13927,59.93627],[31.13747,59.93648],[31.13668,59.93644],[31.13615,59.93631],[31.1357,59.93607],[31.13539,59.93575],[31.13484,59.93493],[31.13437,59.93449],[31.13398,59.9342],[31.13351,59.93403],[31.13049,59.9338],[31.12836,59.93384],[31.12538,59.93333]],[[31.12402,59.93334],[31.12346,59.93351],[31.12222,59.93404],[31.12081,59.9343],[31.12005,59.93424],[31.11861,59.93382],[31.11767,59.9337],[31.11137,59.93334],[31.10721,59.93372],[31.10518,59.93404],[31.10425,59.93427],[31.10327,59.93442],[31.10102,59.93455],[31.09828,59.9345],[31.09785,59.93443],[31.09666,59.93403],[31.09573,59.93397],[31.0944,59.93405],[31.09257,59.93451],[31.09191,59.93453],[31.08785,59.93382],[31.08414,59.93348],[31.08248,59.93358],[31.08027,59.93401],[31.07947,59.93406],[31.07904,59.93399],[31.07856,59.93383],[31.07781,59.93336]],[[31.07503,59.93336],[31.07369,59.93362],[31.07279,59.93408],[31.07227,59.93426],[31.06868,59.93494],[31.06817,59.93511],[31.06744,59.9358],[31.06644,59.93653],[31.06572,59.9369],[31.06407,59.93754],[31.06268,59.93853],[31.06101,59.93924],[31.05909,59.94038],[31.05883,59.9406],[31.05835,59.94125],[31.05757,59.94194],[31.05761,59.94273],[31.05738,59.9433],[31.05677,59.94419],[31.05557,59.94546],[31.05554,59.94571],[31.05563,59.94641],[31.05551,59.94661],[31.0551,59.94704],[31.05413,59.94775],[31.0537,59.9482],[31.05346,59.94863],[31.05327,59.94953],[31.05307,59.94987],[31.05242,59.95044],[31.05151,59.95109],[31.05123,59.95123],[31.05096,59.95127],[31.05065,59.95123],[31.05025,59.95107],[31.04978,59.95068],[31.04922,59.94987],[31.0489,59.94955],[31.04844,59.94933],[31.04803,59.94926],[31.04736,59.94924],[31.04611,59.94936],[31.04488,59.94927],[31.04434,59.94929],[31.04259,59.94957],[31.04205,59.94973],[31.04151,59.95001],[31.04123,59.95024],[31.04109,59.95049],[31.04086,59.9515],[31.04088,59.95184],[31.04108,59.95223],[31.04146,59.95268],[31.04272,59.95375],[31.04279,59.95392],[31.04276,59.95415],[31.04242,59.95482],[31.04209,59.95517],[31.03993,59.95662],[31.03948,59.9567],[31.03896,59.95656],[31.03854,59.95625],[31.03771,59.95535],[31.03716,59.95464],[31.0365,59.95449],[31.03617,59.95432],[31.03584,59.95405],[31.03386,59.95384],[31.03318,59.95362],[31.03293,59.95341],[31.03286,59.95325],[31.03289,59.95308],[31.03322,59.95272],[31.0341,59.9523],[31.03563,59.95186],[31.0358,59.95173],[31.03578,59.95156],[31.03558,59.95135],[31.03524,59.95115],[31.03449,59.95084],[31.03362,59.95062],[31.03223,59.95043],[31.03135,59.95016],[31.02982,59.9494],[31.02868,59.9484],[31.02838,59.9479],[31.02783,59.94745],[31.02784,59.94734],[31.02806,59.94706],[31.02819,59.94674],[31.02849,59.94638],[31.02855,59.94605],[31.02852,59.94577],[31.02842,59.94548],[31.02769,59.94464],[31.0275,59.94425],[31.02752,59.94391],[31.02775,59.94359],[31.02784,59.94335],[31.02783,59.94285],[31.02732,59.94258],[31.02702,59.94228],[31.0269,59.94211],[31.02687,59.9419],[31.02635,59.94179],[31.02601,59.94163],[31.0256,59.941],[31.02516,59.94059],[31.025,59.94035],[31.02421,59.94017],[31.02369,59.93987],[31.02309,59.93976],[31.0227,59.93949],[31.02171,59.93963],[31.02081,59.93961],[31.01998,59.93948],[31.01928,59.9392],[31.01788,59.93913],[31.01738,59.93898],[31.01654,59.93892],[31.01623,59.93878],[31.01604,59.9385],[31.01594,59.93846],[31.01417,59.93795],[31.0126,59.93761],[31.01197,59.93739],[31.01155,59.93716],[31.01013,59.93719],[31.00917,59.93697],[31.00873,59.93695],[31.00786,59.93728],[31.00686,59.93735],[31.00611,59.93724],[31.00472,59.93686],[31.00258,59.9368],[31.00134,59.9366],[31.00063,59.93636],[31.00012,59.93603],[30.99993,59.93564],[31.00013,59.93519],[30.99989,59.93492],[30.99804,59.93403],[30.99752,59.93398],[30.99701,59.93384],[30.99664,59.9336],[30.99645,59.93336]],[[31.05195,59.95297],[31.05221,59.9532],[31.05241,59.95358],[31.05251,59.95409],[31.05248,59.95453],[31.05207,59.95474],[31.05153,59.95475],[31.0511,59.95464],[31.05071,59.95438],[31.05052,59.95403],[31.0504,59.95353],[31.05044,59.95319],[31.05061,59.95294],[31.05096,59.95278],[31.05129,59.95274],[31.05161,59.9528],[31.05195,59.95297]],[[31.03746,59.95187],[31.03701,59.95188],[31.03663,59.95203],[31.03665,59.95223],[31.03677,59.95244],[31.03715,59.95273],[31.03764,59.95272],[31.03791,59.95252],[31.03802,59.95235],[31.038,59.95218],[31.03788,59.95202],[31.03746,59.95187]],[[31.12396,59.95092],[31.12539,59.95136],[31.12571,59.95156],[31.12574,59.95173],[31.12551,59.952],[31.12489,59.95247],[31.12445,59.95265],[31.12403,59.95274],[31.12354,59.95272],[31.12288,59.9525],[31.12249,59.95223],[31.12221,59.95183],[31.12205,59.95122],[31.12219,59.95087],[31.12262,59.95072],[31.12296,59.95069],[31.12396,59.95092]],[[31.12802,59.95138],[31.12812,59.95152],[31.1281,59.95161],[31.12757,59.95168],[31.12706,59.95158],[31.12723,59.95136],[31.12767,59.95132],[31.12802,59.95138]],[[31.14231,59.94927],[31.14186,59.94924],[31.14134,59.94931],[31.14117,59.94936],[31.14103,59.94957],[31.1413,59.9498],[31.14202,59.95001],[31.14249,59.95001],[31.14301,59.94979],[31.14301,59.94953],[31.14262,59.94934],[31.14231,59.94927]],[[31.08701,59.94486],[31.08766,59.9452],[31.08821,59.94565],[31.08929,59.94723],[31.08932,59.94757],[31.08893,59.94799],[31.08842,59.9481],[31.08786,59.94809],[31.08681,59.94795],[31.08604,59.94774],[31.08531,59.94733],[31.08486,59.94689],[31.08433,59.94621],[31.08422,59.94582],[31.08427,59.94548],[31.08442,59.94527],[31.08491,59.94493],[31.0854,59.94473],[31.08594,59.94464],[31.08639,59.94467],[31.08701,59.94486]],[[31.1247,59.94396],[31.12622,59.94404],[31.12673,59.94416],[31.12692,59.9443],[31.12708,59.94453],[31.12711,59.94481],[31.12696,59.94537],[31.12672,59.94574],[31.12622,59.94589],[31.12577,59.94591],[31.12314,59.94554],[31.12266,59.94537],[31.12218,59.94511],[31.12148,59.94464],[31.12131,59.94439],[31.1214,59.94418],[31.12178,59.94394],[31.12251,59.94377],[31.12352,59.94375],[31.1247,59.94396]],[[31.10086,59.94395],[31.10197,59.94416],[31.10221,59.9443],[31.10239,59.94453],[31.10233,59.94481],[31.10205,59.94509],[31.10153,59.94536],[31.10079,59.94556],[31.10001,59.94562],[31.09928,59.94555],[31.09881,59.94538],[31.09837,59.94507],[31.09817,59.94475],[31.09818,59.94453],[31.0983,59.94435],[31.09853,59.94418],[31.09889,59.94403],[31.09978,59.9439],[31.10086,59.94395]],[[31.1153,59.94417],[31.11626,59.94437],[31.11635,59.94443],[31.11641,59.94461],[31.11612,59.94484],[31.11561,59.94506],[31.11474,59.94522],[31.11418,59.94519],[31.11366,59.94507],[31.11334,59.94481],[31.11341,59.94459],[31.11388,59.94434],[31.1146,59.94418],[31.1153,59.94417]],[[31.1107,59.94425],[31.11064,59.94438],[31.11048,59.9444],[31.11007,59.94416],[31.11053,59.94411],[31.11068,59.94416],[31.1107,59.94425]],[[31.01708,59.9438],[31.01719,59.94396],[31.01692,59.94416],[31.01608,59.94436],[31.01541,59.94428],[31.01512,59.94416],[31.01508,59.94398],[31.01539,59.94371],[31.01586,59.94361],[31.01664,59.94366],[31.01694,59.94371],[31.01708,59.9438]],[[31.01904,59.94334],[31.01918,59.94349],[31.01878,59.94365],[31.01856,59.94364],[31.01827,59.94352],[31.01868,59.94324],[31.01887,59.94325],[31.01904,59.94334]]]}},{"type":"Feature","properties":{"depth_m":3,"n_lines":55},"geometry":{"type":"MultiLineString","coordinates":[[[32.79144,60.85012],[32.79146,60.84962],[32.79163,60.84917],[32.79191,60.84875],[32.79251,60.84817],[32.79453,60.84694],[32.79905,60.84492],[32.80023,60.84427],[32.80154,60.84321],[32.80473,60.84015],[32.80568,60.83904],[32.80613,60.83826],[32.8064,60.83745],[32.80646,60.83646],[32.80618,60.83499],[32.80697,60.83184],[32.80747,60.83071],[32.80876,60.82892],[32.80915,60.82821],[32.80955,60.82633],[32.81038,60.82352],[32.81033,60.82284],[32.80994,60.82223],[32.80924,60.82172],[32.80726,60.82076],[32.80639,60.82022],[32.80585,60.81958],[32.80565,60.81891],[32.8058,60.81733],[32.80669,60.81407],[32.80722,60.81099],[32.80759,60.81013],[32.80874,60.80856],[32.80909,60.80788],[32.8092,60.80721],[32.80909,60.80649],[32.8085,60.80518],[32.80833,60.80429],[32.80805,60.80378],[32.80748,60.80323],[32.8059,60.80214],[32.80554,60.80169],[32.80559,60.80136],[32.80634,60.80049],[32.80666,60.79989],[32.80672,60.79922],[32.80652,60.79867],[32.80504,60.79696],[32.80248,60.79493],[32.80225,60.79461],[32.80218,60.79427],[32.80239,60.79385],[32.8031,60.79338],[32.80734,60.79169],[32.80829,60.79122],[32.80899,60.79069],[32.80955,60.78999],[32.81028,60.78842],[32.81048,60.78718],[32.8103,60.78583],[32.80936,60.78246],[32.80929,60.78167],[32.80938,60.78111],[32.8099,60.78036],[32.81176,60.77917],[32.81251,60.77847],[32.81288,60.77796],[32.81425,60.77537],[32.81425,60.77458],[32.81378,60.77359],[32.81305,60.77279],[32.81117,60.77121],[32.81071,60.77061],[32.81044,60.76997],[32.81034,60.76907],[32.81049,60.76738],[32.81045,60.76671],[32.81025,60.76603],[32.80958,60.76468],[32.80945,60.76412],[32.80947,60.76356],[32.80983,60.76164],[32.8093,60.75939],[32.80924,60.75838],[32.80943,60.75759],[32.80987,60.75693],[32.81209,60.75521],[32.81317,60.75399],[32.81367,60.75297],[32.81391,60.75163],[32.81415,60.75096],[32.81571,60.74859],[32.81578,60.74769],[32.81545,60.74651],[32.81411,60.74454],[32.81309,60.74364],[32.81289,60.74308],[32.81305,60.74263],[32.81352,60.74211],[32.81539,60.7408],[32.81635,60.73935],[32.81686,60.73791],[32.81696,60.73633],[32.81726,60.73419],[32.81715,60.73359],[32.81678,60.73296],[32.81615,60.73228],[32.81533,60.73168],[32.81352,60.73081],[32.80818,60.72905],[32.8064,60.72816],[32.80536,60.72727],[32.80519,60.72677],[32.80524,60.72632],[32.80573,60.72441],[32.80611,60.72216],[32.80664,60.72069],[32.80674,60.72013],[32.80655,60.71879],[32.80594,60.71777],[32.80575,60.71721],[32.80577,60.71653],[32.80606,60.71574],[32.8068,60.71474],[32.80917,60.7125],[32.8101,60.71119],[32.81065,60.71062],[32.81159,60.71002],[32.81376,60.7089],[32.81442,60.70836],[32.81488,60.70776],[32.81568,60.70641],[32.81645,60.70568],[32.81806,60.70478],[32.82703,60.70026],[32.8333,60.69663],[32.83512,60.69575],[32.83688,60.69515],[32.83866,60.69475],[32.84044,60.69452],[32.84381,60.69428],[32.84502,60.69403],[32.8464,60.69349],[32.84941,60.69207],[32.85103,60.69162],[32.85259,60.69147],[32.85619,60.69155],[32.86024,60.69109],[32.86398,60.69039],[32.87086,60.68845],[32.87404,60.68773],[32.87734,60.68729],[32.88161,60.68719],[32.88341,60.68706],[32.8854,60.68673],[32.88721,60.68626],[32.88898,60.68553],[32.89281,60.68364],[32.89448,60.68298],[32.89656,60.68236],[32.90069,60.68149],[32.90177,60.68107],[32.9027,60.6805],[32.90505,60.67875],[32.90806,60.67689],[32.91087,60.67563],[32.91435,60.6736],[32.91637,60.67292],[32.92234,60.67142],[32.92426,60.67071],[32.92639,60.66977],[32.93034,60.66788],[32.93312,60.66641],[32.93985,60.66249],[32.94068,60.66195],[32.94152,60.66122],[32.94217,60.6602],[32.94237,60.65916],[32.94228,60.65797],[32.94165,60.65488],[32.94163,60.65432],[32.94173,60.65387],[32.94237,60.65302],[32.94425,60.65123],[32.94905,60.64757],[32.94992,60.64667],[32.9506,60.64576],[32.951,60.64476],[32.95121,60.64265],[32.95147,60.64149],[32.95202,60.64004],[32.95306,60.63775],[32.95374,60.63542],[32.954,60.63417],[32.954,60.63306],[32.9538,60.63216],[32.9534,60.63114],[32.95285,60.63012],[32.95214,60.62908],[32.95087,60.62776],[32.94755,60.62518],[32.94695,60.62451],[32.94677,60.62406],[32.94665,60.62327],[32.94673,60.62079],[32.94666,60.61989],[32.94642,60.61911],[32.94592,60.61832],[32.94406,60.6162],[32.94255,60.61473],[32.9414,60.61332],[32.94047,60.61235],[32.9391,60.61123],[32.93504,60.60849],[32.9341,60.60761],[32.93344,60.60662],[32.93315,60.60549],[32.93323,60.60381],[32.93318,60.60313],[32.93295,60.60246],[32.93233,60.60131],[32.93227,60.6009],[32.93243,60.60046],[32.93322,60.59945],[32.93354,60.59886],[32.93364,60.59818],[32.9335,60.59728],[32.93282,60.59503],[32.93241,60.59401],[32.93191,60.59323],[32.93037,60.5913],[32.92913,60.58918],[32.92892,60.58862],[32.92903,60.58817],[32.92948,60.58773],[32.93145,60.58705],[32.93172,60.58688],[32.93206,60.58637],[32.93204,60.58603],[32.9319,60.58569],[32.93144,60.58508],[32.93041,60.58423],[32.92963,60.58373],[32.9277,60.58281],[32.92646,60.58143],[32.92464,60.58018],[32.92357,60.5793],[32.92206,60.57759],[32.92067,60.57649],[32.92044,60.57612],[32.92014,60.57512],[32.91983,60.57468],[32.91941,60.57431],[32.918,60.57333],[32.91525,60.57217],[32.91336,60.57072],[32.91292,60.57017],[32.91228,60.56882],[32.91164,60.56799],[32.9109,60.56733],[32.9098,60.5666],[32.9096,60.56612],[32.9092,60.56409],[32.90897,60.5635],[32.90781,60.56229],[32.90724,60.56117],[32.90624,60.56033],[32.90324,60.55853],[32.9027,60.5581],[32.90158,60.55639],[32.90092,60.55579],[32.89986,60.55507],[32.89908,60.55401],[32.89811,60.55317],[32.89467,60.55084],[32.89197,60.54942],[32.88996,60.54869],[32.88718,60.54733],[32.88522,60.54595],[32.88284,60.54503],[32.88112,60.5439],[32.87851,60.54289],[32.8762,60.54153],[32.87371,60.5405],[32.87295,60.54008],[32.87233,60.5395],[32.87115,60.53872],[32.86761,60.53691],[32.86401,60.53553],[32.85947,60.53332],[32.85745,60.53247],[32.85581,60.53194],[32.85239,60.53125],[32.85178,60.53102],[32.84938,60.5292],[32.84922,60.52877],[32.84926,60.52776],[32.84898,60.52686],[32.8489,60.52607],[32.84865,60.52564],[32.8478,60.52576],[32.84697,60.52611],[32.84581,60.52695],[32.84382,60.52922],[32.84279,60.53024],[32.84192,60.53147],[32.84143,60.53195],[32.83964,60.53299],[32.83865,60.5333],[32.83751,60.53339],[32.8344,60.53296],[32.83027,60.5319],[32.82896,60.53169],[32.82761,60.53177],[32.82443,60.53244],[32.82221,60.53254],[32.81659,60.53239],[32.81299,60.53189],[32.80849,60.53155],[32.80624,60.53158],[32.80219,60.53186],[32.79994,60.53178],[32.79745,60.53137],[32.79161,60.53002],[32.78845,60.52923],[32.78565,60.52837],[32.78021,60.52748],[32.7767,60.52702],[32.76979,60.52699],[32.76752,60.52706],[32.76551,60.52723],[32.76169,60.52784],[32.75958,60.52793],[32.75741,60.5279],[32.75606,60.52777],[32.75494,60.5275],[32.75449,60.52708],[32.75447,60.52663],[32.75478,60.52608],[32.75588,60.52473],[32.7568,60.52383],[32.75786,60.52354],[32.75967,60.52327],[32.76068,60.52297],[32.76146,60.52257],[32.76366,60.52079],[32.7657,60.51983],[32.76696,60.51904],[32.76753,60.51887],[32.76799,60.51885],[32.77001,60.51904],[32.77058,60.51902],[32.77136,60.51876],[32.7735,60.51761],[32.774,60.51711],[32.77405,60.51665],[32.77389,60.51629],[32.77319,60.51563],[32.77181,60.51528],[32.77024,60.51526],[32.76686,60.51559],[32.76576,60.51576],[32.76398,60.51621],[32.76278,60.51666],[32.76115,60.51744],[32.75858,60.51842],[32.75593,60.51982],[32.75459,60.52029],[32.75135,60.52112],[32.74943,60.52189],[32.74879,60.52227],[32.74831,60.52269],[32.74803,60.52314],[32.74796,60.52359],[32.74809,60.52404],[32.74832,60.52438],[32.74874,60.52478],[32.74954,60.5253],[32.74976,60.52558],[32.75,60.52641],[32.75001,60.52674],[32.74991,60.52702],[32.74977,60.52711],[32.74864,60.5273],[32.74346,60.52766],[32.74189,60.52746],[32.74036,60.52696],[32.73895,60.52608],[32.73727,60.52469],[32.73522,60.5234],[32.73471,60.52269],[32.73457,60.52146],[32.73431,60.52026],[32.73383,60.5197],[32.73311,60.51946],[32.73176,60.51948],[32.72839,60.51999],[32.72389,60.52047],[32.71523,60.52157],[32.71334,60.52193],[32.71098,60.52266],[32.70901,60.52333],[32.70655,60.52435],[32.70286,60.52613],[32.702,60.52663],[32.6997,60.52832],[32.69836,60.52897],[32.69643,60.52946],[32.69261,60.52999],[32.69029,60.53058],[32.68759,60.53156],[32.68672,60.53206],[32.68566,60.53284],[32.68478,60.53329],[32.68136,60.53394],[32.67946,60.53456],[32.67776,60.53541],[32.67329,60.53796],[32.67137,60.53935],[32.67033,60.53984],[32.66608,60.54103],[32.6641,60.5414],[32.66236,60.54199],[32.66021,60.5425],[32.65602,60.54412],[32.65512,60.54456],[32.65432,60.54509],[32.65243,60.54574],[32.65202,60.54609],[32.65184,60.54654],[32.65207,60.54778],[32.65198,60.54857],[32.65167,60.54956],[32.65071,60.55187],[32.64761,60.55231],[32.64431,60.55356],[32.64164,60.55404],[32.641,60.55398],[32.64076,60.55386],[32.63985,60.55132],[32.63749,60.55114],[32.63684,60.55096],[32.63624,60.55057],[32.63583,60.55014],[32.63408,60.54789],[32.63264,60.54684],[32.63177,60.54636],[32.63008,60.54566],[32.62667,60.5446],[32.62556,60.54446],[32.62466,60.54445],[32.62129,60.54479],[32.61756,60.54557],[32.61375,60.54683],[32.61229,60.54697],[32.61104,60.54683],[32.60864,60.5454],[32.60445,60.54413],[32.60341,60.54339],[32.60235,60.54239],[32.60199,60.54194],[32.60203,60.5414],[32.60293,60.54096],[32.60417,60.54053],[32.60561,60.53958],[32.60663,60.5392],[32.60695,60.53889],[32.60699,60.53879],[32.6069,60.53862],[32.60621,60.53845],[32.60385,60.53873],[32.60294,60.53873],[32.6013,60.53842],[32.59862,60.53726],[32.59592,60.53647],[32.59472,60.53569],[32.593,60.5349],[32.59207,60.53435],[32.59156,60.53372],[32.59127,60.5324],[32.59033,60.53109],[32.59009,60.53023],[32.59002,60.52944],[32.59015,60.52914],[32.5904,60.52889],[32.59224,60.52757],[32.59312,60.52704],[32.59335,60.52674],[32.5934,60.52652],[32.59328,60.52607],[32.59335,60.52573],[32.59358,60.52529],[32.59401,60.52476],[32.59423,60.52416],[32.59444,60.52168],[32.5943,60.52112],[32.594,60.52062],[32.59314,60.51978],[32.59222,60.51911],[32.58946,60.51757],[32.58776,60.51625],[32.5868,60.51576],[32.58574,60.51538],[32.58439,60.51509],[32.58326,60.51501],[32.58214,60.51509],[32.57944,60.51551],[32.57719,60.51547],[32.57608,60.51523],[32.5757,60.51498],[32.57555,60.51471],[32.57561,60.51437],[32.57592,60.51396],[32.57836,60.5127],[32.5794,60.5118],[32.5796,60.51136],[32.57981,60.51009],[32.58027,60.50897],[32.58056,60.50761],[32.58084,60.50717],[32.58207,60.50595],[32.58248,60.50526],[32.58273,60.50447],[32.58273,60.50368],[32.58254,60.50312],[32.58187,60.50199],[32.58172,60.50143],[32.58175,60.50076],[32.58202,60.50009],[32.58238,60.49965],[32.58309,60.4991],[32.58568,60.49769],[32.58609,60.49734],[32.58637,60.49693],[32.58646,60.49648],[32.58629,60.49603],[32.5848,60.49471],[32.58433,60.49412],[32.58423,60.49356],[32.58447,60.49299],[32.585,60.49243],[32.5859,60.49188],[32.58852,60.49088],[32.59205,60.48994],[32.59262,60.48961],[32.59307,60.48905],[32.59375,60.48726],[32.59384,60.48669],[32.5938,60.48624],[32.59343,60.48546],[32.59169,60.48354],[32.59112,60.48252],[32.59091,60.48163],[32.59086,60.48073],[32.59095,60.48006],[32.59125,60.47932],[32.59187,60.4785],[32.59364,60.47669],[32.59423,60.47589],[32.59484,60.47481],[32.59544,60.47426],[32.60286,60.47025],[32.60827,60.46786],[32.61019,60.46691],[32.61234,60.46554],[32.61554,60.46311],[32.61707,60.46185],[32.61787,60.46093],[32.61813,60.46026],[32.61818,60.45862],[32.6187,60.45779],[32.61927,60.45726],[32.62199,60.45554],[32.62343,60.454],[32.62443,60.45324],[32.62827,60.45153],[32.63358,60.44864],[32.63444,60.44827],[32.63817,60.44701],[32.64079,60.4456],[32.6433,60.44455],[32.64613,60.44286],[32.64942,60.44114],[32.65077,60.44028],[32.65409,60.43868],[32.65714,60.43658],[32.66054,60.43285],[32.66152,60.43168],[32.66197,60.43089],[32.66211,60.43011],[32.66187,60.42853],[32.66185,60.42786],[32.66236,60.42537],[32.66235,60.42352],[32.66609,60.42295],[32.66767,60.42244],[32.66889,60.42192],[32.66987,60.42139],[32.67058,60.42089],[32.67191,60.41955],[32.67252,60.41905],[32.67336,60.41858],[32.67579,60.41766],[32.6767,60.4172],[32.67744,60.41664],[32.67791,60.41604],[32.6782,60.41537],[32.67829,60.41469],[32.67824,60.41402],[32.67802,60.41334],[32.67733,60.41233],[32.67588,60.41088],[32.67514,60.41],[32.6749,60.40964],[32.67485,60.4092],[32.67491,60.40907],[32.67551,60.40882],[32.67757,60.40815],[32.67809,60.40771],[32.67823,60.40738],[32.67822,60.40716],[32.67805,60.40682],[32.67764,60.40643],[32.67552,60.40553],[32.67521,60.40513],[32.67522,60.40479],[32.67569,60.40408],[32.67741,60.40254],[32.67809,60.40176],[32.67916,60.39973],[32.67979,60.39771],[32.68021,60.39685],[32.68121,60.3956],[32.68331,60.39385],[32.68373,60.39321],[32.68392,60.39242],[32.68365,60.38848],[32.68341,60.38736],[32.68308,60.3866],[32.68262,60.38613],[32.68205,60.38576],[32.67921,60.38482],[32.67841,60.38443],[32.67773,60.38387],[32.67696,60.38274],[32.67606,60.38072],[32.67519,60.37926],[32.67451,60.37768],[32.67375,60.37633],[32.67292,60.3753],[32.67154,60.37427],[32.66874,60.37261],[32.66526,60.37167],[32.66321,60.3709],[32.66223,60.37062],[32.65919,60.36996],[32.65751,60.36977],[32.65661,60.36982],[32.65369,60.37032],[32.65256,60.37034],[32.65166,60.37024],[32.65061,60.37],[32.64889,60.36937],[32.64625,60.36819],[32.64561,60.36777],[32.64544,60.36756],[32.64536,60.36722],[32.64585,60.36576],[32.64575,60.36508],[32.64488,60.36406],[32.64336,60.36283],[32.64291,60.36193],[32.64291,60.36103],[32.64357,60.35923],[32.64357,60.35879],[32.64342,60.35831],[32.64308,60.35789],[32.64254,60.35747],[32.64014,60.35653],[32.63991,60.35636],[32.63964,60.35596],[32.63965,60.35552],[32.63984,60.35511],[32.64059,60.3542],[32.64091,60.35361],[32.64095,60.35304],[32.64065,60.35243],[32.64007,60.35189],[32.63866,60.35109],[32.63253,60.34869],[32.63154,60.34803],[32.62995,60.34644],[32.62899,60.34585],[32.62608,60.34433],[32.62553,60.34381],[32.62506,60.34303],[32.62481,60.34236],[32.62457,60.34116],[32.62378,60.34071],[32.62007,60.34024],[32.61911,60.34026],[32.61804,60.34057],[32.61596,60.34158],[32.61368,60.3434],[32.61004,60.34555],[32.60806,60.347],[32.60715,60.34799],[32.606,60.35011],[32.60453,60.35194],[32.60431,60.35248],[32.60425,60.35361],[32.60395,60.35422],[32.60343,60.35472],[32.60198,60.35571],[32.60154,60.35619],[32.60095,60.35709],[32.60034,60.35844],[32.60005,60.36024],[32.5998,60.36114],[32.59933,60.3623],[32.59891,60.36306],[32.59803,60.36406],[32.59645,60.36547],[32.59573,60.36601],[32.59457,60.36664],[32.59392,60.36688],[32.59271,60.36717],[32.59144,60.36729],[32.59033,60.36728],[32.58911,60.36712],[32.5878,60.3668],[32.58674,60.36638],[32.5859,60.3659],[32.58465,60.36495],[32.58373,60.36396],[32.58336,60.36328],[32.58251,60.36104],[32.58106,60.35901],[32.58067,60.35833],[32.58052,60.35777],[32.58056,60.35721],[32.58106,60.35552],[32.58153,60.35428],[32.58158,60.35361],[32.58123,60.35297],[32.57994,60.35169],[32.57955,60.35108],[32.58028,60.34843],[32.58031,60.34798],[32.57969,60.34663],[32.57943,60.34494],[32.57824,60.34258],[32.578,60.34123],[32.57825,60.33797],[32.57802,60.33639],[32.57811,60.33561],[32.57855,60.33483],[32.57961,60.33401],[32.58024,60.33336],[32.58055,60.33278],[32.58068,60.33223],[32.58071,60.32953],[32.5806,60.32898],[32.57995,60.32739],[32.57992,60.32683],[32.58004,60.32616],[32.58071,60.32458],[32.58119,60.3237],[32.58268,60.32221],[32.58325,60.32138],[32.58351,60.32053],[32.58381,60.31817],[32.5841,60.31732],[32.58458,60.31648],[32.58548,60.31548],[32.58666,60.31459],[32.5875,60.31414],[32.59043,60.31291],[32.59127,60.3124],[32.59156,60.31209],[32.59285,60.3101],[32.59405,60.30877],[32.59455,60.30804],[32.59461,60.30759],[32.59429,60.30602],[32.59436,60.30546],[32.59455,60.30501],[32.59525,60.30411],[32.59662,60.3029],[32.59702,60.30231],[32.59692,60.30174],[32.59603,60.30017],[32.59531,60.29859],[32.59529,60.29792],[32.59567,60.29657],[32.59562,60.29623],[32.59542,60.29589],[32.59453,60.29529],[32.58943,60.29303],[32.58855,60.29257],[32.5878,60.29204],[32.58738,60.2916],[32.587,60.29094],[32.58642,60.28881],[32.5856,60.28767],[32.58531,60.28712],[32.58531,60.28656],[32.58584,60.2859],[32.58673,60.28536],[32.58855,60.28448],[32.58975,60.2837],[32.59061,60.28284],[32.59096,60.28206],[32.59097,60.28161],[32.59085,60.28116],[32.59004,60.27992],[32.58947,60.2786],[32.58804,60.27677],[32.58758,60.27601],[32.58743,60.27542],[32.58747,60.27474],[32.58768,60.27416],[32.58804,60.27362],[32.58854,60.27305],[32.58944,60.27231],[32.59055,60.27194],[32.59249,60.27163],[32.59374,60.27133],[32.59481,60.27095],[32.59565,60.27048],[32.5962,60.27001],[32.59656,60.2695],[32.59698,60.26789],[32.59756,60.26745],[32.59858,60.26724],[32.60277,60.26688],[32.60404,60.26658],[32.60486,60.26618],[32.60566,60.26528],[32.60685,60.26338],[32.60708,60.26259],[32.60731,60.26034],[32.60751,60.25973],[32.6079,60.25899],[32.60837,60.25839],[32.60986,60.25699],[32.61104,60.25566],[32.61255,60.25438],[32.61243,60.25416],[32.61198,60.25387],[32.6104,60.25325],[32.60979,60.2529],[32.60927,60.25248],[32.60897,60.25179],[32.60918,60.25112],[32.61039,60.24943],[32.6107,60.24842],[32.61072,60.24752],[32.61043,60.24392],[32.61044,60.24302],[32.61063,60.24201],[32.61137,60.23976],[32.61159,60.23818],[32.61146,60.23728],[32.61088,60.23593],[32.61083,60.23548],[32.61105,60.23497],[32.61198,60.23366],[32.61248,60.23256],[32.61288,60.23102],[32.6133,60.22862],[32.61319,60.22716],[32.61255,60.22513],[32.61196,60.22425],[32.61076,60.22299],[32.60937,60.22132],[32.60876,60.22101],[32.60653,60.22015],[32.60564,60.21969],[32.6038,60.21835],[32.60335,60.21782],[32.6027,60.21658],[32.60225,60.21595],[32.60142,60.21516],[32.60024,60.21429],[32.59996,60.21388],[32.59993,60.21366],[32.60004,60.21336],[32.60081,60.21264],[32.60107,60.21219],[32.60105,60.21163],[32.60074,60.21107],[32.6003,60.2106],[32.59952,60.21004],[32.59732,60.20894],[32.59701,60.20871],[32.59671,60.20826],[32.59644,60.20668],[32.59581,60.20569],[32.58916,60.20034],[32.58687,60.19894],[32.57681,60.19359],[32.57395,60.19177],[32.57228,60.1909],[32.56533,60.18807],[32.55977,60.18636],[32.55231,60.18253],[32.55072,60.1818],[32.54887,60.18116],[32.54361,60.17961],[32.53833,60.17772],[32.53128,60.17561],[32.52564,60.17376],[32.51845,60.1718],[32.51472,60.17104],[32.50854,60.16958],[32.50395,60.16883],[32.50091,60.16864],[32.49551,60.16909],[32.49439,60.16904],[32.49313,60.16883],[32.49194,60.16845],[32.49089,60.16796],[32.48804,60.16611],[32.48689,60.1655],[32.48332,60.16414],[32.48042,60.16322],[32.47885,60.16282],[32.47414,60.16229],[32.4726,60.16202],[32.46767,60.1604],[32.46275,60.15928],[32.46169,60.15889],[32.45704,60.1567],[32.45162,60.15467],[32.44976,60.15407],[32.44741,60.15345],[32.44408,60.1522],[32.44083,60.15134],[32.43251,60.14881],[32.42925,60.14813],[32.41924,60.1468],[32.41219,60.14545],[32.40675,60.14465]],[[32.28435,60.13548],[32.28284,60.13645],[32.2821,60.13716],[32.28167,60.13782],[32.28084,60.13965],[32.27952,60.14121],[32.27868,60.14256],[32.27811,60.1432],[32.27724,60.14369],[32.27608,60.14402],[32.2719,60.14459],[32.27091,60.145],[32.26987,60.14583],[32.26944,60.14638],[32.26919,60.14694],[32.26902,60.14889],[32.26867,60.14987],[32.26633,60.1527],[32.2654,60.15347],[32.26188,60.15489],[32.26007,60.15542],[32.25881,60.15546],[32.25521,60.15467],[32.25386,60.15458],[32.25194,60.15496],[32.25105,60.15533],[32.2503,60.15588],[32.24993,60.15639],[32.24981,60.15696],[32.24998,60.1575],[32.2503,60.15792],[32.25105,60.15848],[32.25439,60.15992],[32.25492,60.16035],[32.25536,60.16101],[32.25549,60.16168],[32.25533,60.16224],[32.2547,60.16307],[32.25401,60.16371],[32.25387,60.16404],[32.254,60.16438],[32.25448,60.1648],[32.25471,60.16516],[32.25464,60.16565],[32.25397,60.16618],[32.2528,60.16656],[32.24947,60.16709],[32.24759,60.16755],[32.24627,60.16812],[32.24466,60.16915],[32.24366,60.17016],[32.243,60.17154],[32.24286,60.17259],[32.24303,60.17439],[32.24287,60.1751],[32.24215,60.17608],[32.24067,60.17741],[32.23932,60.17826],[32.23834,60.17867],[32.23742,60.17892],[32.23429,60.17936],[32.23001,60.17942],[32.22841,60.17958],[32.2269,60.17994],[32.22335,60.18106],[32.21887,60.18195],[32.21693,60.18252],[32.21584,60.1831],[32.21511,60.18372],[32.21461,60.18441],[32.21386,60.18576],[32.21332,60.1864],[32.2126,60.1869],[32.21011,60.18813],[32.2096,60.18853],[32.20875,60.18952],[32.208,60.19017],[32.20536,60.19169],[32.2046,60.19228],[32.20406,60.19296],[32.20385,60.19352],[32.20386,60.19419],[32.20415,60.19493],[32.20447,60.19535],[32.205,60.19581],[32.20697,60.19701],[32.20811,60.19793],[32.20886,60.19886],[32.20901,60.19926],[32.20904,60.19971],[32.20871,60.2003],[32.20793,60.2008],[32.20683,60.20117],[32.20325,60.20211],[32.20236,60.20254],[32.20201,60.20297],[32.2017,60.20398],[32.2014,60.20758],[32.20148,60.20846],[32.20191,60.21017],[32.20191,60.21096],[32.20157,60.21204],[32.20127,60.21243],[32.20065,60.21293],[32.19876,60.21364],[32.19536,60.2145],[32.19289,60.21491],[32.18771,60.21551],[32.18454,60.21611],[32.18272,60.21656],[32.18172,60.21695],[32.18089,60.21744],[32.17905,60.21891],[32.17559,60.22069],[32.17421,60.22117],[32.17309,60.2213],[32.17196,60.22123],[32.16812,60.22039],[32.16656,60.2202],[32.16499,60.22023],[32.16374,60.22057],[32.16313,60.22108],[32.1631,60.22142],[32.16327,60.22164],[32.16367,60.22194],[32.16626,60.22326],[32.16936,60.22463],[32.17002,60.22512],[32.17036,60.22559],[32.17071,60.22626],[32.17085,60.22693],[32.17075,60.22761],[32.17045,60.22817],[32.17004,60.22867],[32.1692,60.22937],[32.16647,60.23094],[32.16386,60.23211],[32.16286,60.23229],[32.16204,60.23218],[32.15871,60.23137],[32.15381,60.23049],[32.15272,60.23017],[32.15014,60.22918],[32.14856,60.22883],[32.1465,60.22867],[32.14406,60.22885],[32.143,60.2291],[32.14188,60.22957],[32.14107,60.2301],[32.14036,60.23095],[32.14017,60.23177],[32.14018,60.23301],[32.14039,60.234],[32.14113,60.23593],[32.14114,60.23649],[32.14091,60.23694],[32.14052,60.23728],[32.14001,60.23743],[32.13911,60.23751],[32.13619,60.2375],[32.13537,60.23766],[32.13477,60.23793],[32.13447,60.23819],[32.13437,60.23863],[32.13456,60.23908],[32.13522,60.23988],[32.13529,60.24032],[32.13495,60.24082],[32.13411,60.24129],[32.13281,60.24164],[32.13146,60.24168],[32.13032,60.24138],[32.12828,60.2404],[32.12674,60.24004],[32.11773,60.23944],[32.11685,60.23946],[32.11519,60.23994],[32.11419,60.2404],[32.11291,60.24122],[32.11239,60.24169],[32.11163,60.24262],[32.11113,60.24358],[32.1108,60.24606],[32.11082,60.24673],[32.11094,60.24729],[32.11155,60.24848],[32.11289,60.25033],[32.11571,60.25291],[32.11718,60.25449],[32.11768,60.25539],[32.11773,60.25584],[32.11764,60.25618],[32.11696,60.25703],[32.11589,60.25762],[32.11437,60.25816],[32.10887,60.25974],[32.10695,60.26053],[32.1061,60.26105],[32.10514,60.26191],[32.10456,60.26271],[32.10432,60.26333],[32.10448,60.26364],[32.10481,60.26391],[32.11314,60.268],[32.11468,60.26912],[32.11513,60.26967],[32.11523,60.27004],[32.11516,60.27054],[32.11479,60.27103],[32.11429,60.27147],[32.11328,60.27186],[32.11223,60.27192],[32.11155,60.27183],[32.11064,60.27157],[32.10958,60.27104],[32.10788,60.26984],[32.10671,60.26939],[32.10536,60.26916],[32.10056,60.26874],[32.09972,60.26858],[32.09874,60.26826],[32.09804,60.26783],[32.09771,60.26743],[32.09753,60.26687],[32.09766,60.26642],[32.09809,60.26597],[32.10085,60.26465],[32.10136,60.26428],[32.10153,60.26394],[32.10125,60.26363],[32.10046,60.2633],[32.09906,60.26308],[32.09794,60.26307],[32.09702,60.26324],[32.09634,60.26356],[32.09594,60.26385],[32.09528,60.26463],[32.0947,60.26512],[32.09345,60.26556],[32.09141,60.26589],[32.08961,60.26605],[32.08511,60.26591],[32.08362,60.26602],[32.07971,60.26712],[32.07584,60.26799],[32.07539,60.26821],[32.07416,60.26934],[32.07295,60.27017],[32.0718,60.27069],[32.06844,60.27186],[32.06763,60.27233],[32.067,60.27306],[32.06689,60.27351],[32.06693,60.27452],[32.06654,60.27502],[32.06555,60.27545],[32.06214,60.27659],[32.06115,60.27681],[32.06021,60.27684],[32.05923,60.27652],[32.05883,60.27609],[32.05864,60.27564],[32.05853,60.27445],[32.0584,60.27412],[32.058,60.27363],[32.05666,60.27277],[32.05519,60.27208],[32.05382,60.27165],[32.04861,60.2705],[32.04237,60.26941],[32.04142,60.26916],[32.04056,60.26873],[32.04021,60.26831],[32.04019,60.26811],[32.04033,60.26777],[32.04127,60.26712],[32.04326,60.26606],[32.04348,60.26574],[32.04345,60.26541],[32.04321,60.26511],[32.04259,60.26494],[32.04215,60.26492],[32.04172,60.26502],[32.03957,60.26603],[32.03809,60.26641],[32.03629,60.26654],[32.03404,60.26638],[32.02977,60.26575],[32.02611,60.26499],[32.02223,60.2639],[32.01798,60.26229],[32.01691,60.26201],[32.01536,60.26183],[32.01379,60.26191],[32.01199,60.26223],[32.01019,60.26271],[32.00707,60.26374],[32.00524,60.26413],[32.00366,60.26423],[32.0027,60.2642],[32.00186,60.26408],[32.00085,60.26377],[32.0,60.26326],[31.99944,60.26259],[31.99851,60.26034],[31.99832,60.25944],[31.99836,60.25821],[31.99823,60.25686],[31.9983,60.25618],[31.99881,60.25506],[32.00031,60.25292],[32.00041,60.25224],[32.00012,60.25162],[31.99908,60.25071],[31.99691,60.24948],[31.99365,60.24803],[31.9901,60.24621],[31.9863,60.24473],[31.98371,60.24406],[31.98116,60.2437],[31.97666,60.24345],[31.97036,60.2434],[31.9674,60.24311],[31.96414,60.24263],[31.96213,60.2421],[31.96129,60.24167],[31.96003,60.24042],[31.95937,60.23996],[31.95864,60.23975],[31.95799,60.23971],[31.95724,60.23991],[31.95683,60.24054],[31.95681,60.24122],[31.95718,60.24257],[31.95724,60.24324],[31.95703,60.24414],[31.9566,60.24486],[31.95602,60.24538],[31.95496,60.24588],[31.95349,60.24615],[31.95237,60.24609],[31.95149,60.24577],[31.95124,60.24545],[31.95119,60.24493],[31.95144,60.24369],[31.9514,60.24349],[31.95102,60.24302],[31.95036,60.24261],[31.94675,60.24109],[31.94224,60.23881],[31.93687,60.23694],[31.93143,60.23566],[31.92782,60.23432],[31.92627,60.23383],[31.92379,60.23341],[31.92064,60.23321],[31.91906,60.23328],[31.91569,60.2339],[31.91261,60.23407],[31.91187,60.23421],[31.9113,60.23449],[31.9108,60.23494],[31.90995,60.23632],[31.90941,60.23751],[31.90916,60.23841],[31.90917,60.23908],[31.90941,60.23964],[31.91024,60.24035],[31.91282,60.24157],[31.91435,60.2425],[31.91507,60.24324],[31.91538,60.24392],[31.91537,60.24492],[31.91475,60.24662],[31.91445,60.24713],[31.91406,60.24751],[31.91317,60.24806],[31.91209,60.24836],[31.91096,60.24837],[31.90983,60.24811],[31.90898,60.24766],[31.90827,60.24704],[31.90704,60.24549],[31.90624,60.24435],[31.90533,60.24274],[31.90485,60.24215],[31.90445,60.24182],[31.90389,60.24155],[31.9026,60.24119],[31.89701,60.24061],[31.89274,60.24054],[31.8894,60.24077],[31.88015,60.24171],[31.87839,60.24199],[31.87766,60.24227],[31.87721,60.2426],[31.87598,60.24459],[31.87532,60.24526],[31.8747,60.24571],[31.87272,60.24666],[31.86855,60.24803],[31.86654,60.24886],[31.8658,60.24931],[31.86531,60.24976],[31.86357,60.25167],[31.86228,60.25255],[31.86057,60.25321],[31.85831,60.25372],[31.85584,60.25407],[31.85229,60.25431],[31.85052,60.25465],[31.84861,60.25536],[31.84536,60.25702],[31.84327,60.25835],[31.84081,60.25964],[31.83989,60.26023],[31.8362,60.26339],[31.83246,60.26592],[31.82905,60.2686],[31.82334,60.27223],[31.82271,60.27282],[31.82174,60.27411],[31.82113,60.27469],[31.82038,60.27513],[31.81914,60.2755],[31.81826,60.27557],[31.81719,60.27549],[31.81552,60.275],[31.81474,60.27457],[31.81411,60.27406],[31.81275,60.27233],[31.81241,60.27204],[31.81199,60.27176],[31.81108,60.27144],[31.80271,60.26998],[31.79913,60.26955],[31.79666,60.26946],[31.794,60.26958],[31.79171,60.26985],[31.78746,60.27053],[31.78227,60.271],[31.77731,60.27167],[31.77349,60.27196],[31.77135,60.27188],[31.77042,60.27163],[31.7695,60.2712],[31.76163,60.26597],[31.76066,60.26551],[31.75909,60.26518],[31.75549,60.26517],[31.75144,60.26544],[31.74941,60.26584],[31.74524,60.26698],[31.74199,60.2675],[31.73929,60.26764],[31.73681,60.26747],[31.73443,60.26694],[31.73246,60.26618],[31.73075,60.26517],[31.72906,60.26377],[31.72812,60.26333],[31.72534,60.26295],[31.71859,60.2626],[31.71589,60.26231],[31.71281,60.26167],[31.7101,60.26067],[31.70918,60.2602],[31.70784,60.25934],[31.7063,60.25795],[31.7055,60.25674],[31.70526,60.25607],[31.70506,60.25494],[31.7047,60.2544],[31.70227,60.25297],[31.70018,60.25125],[31.69927,60.25076],[31.69721,60.25042],[31.68945,60.24979],[31.68506,60.24916],[31.67831,60.24773],[31.67677,60.24719],[31.67593,60.24669],[31.67506,60.24577],[31.67472,60.24493],[31.67468,60.24403],[31.67495,60.24279],[31.67482,60.24223],[31.67252,60.2398],[31.67194,60.23897],[31.67147,60.23809],[31.67114,60.23694],[31.67085,60.23424],[31.67009,60.23132],[31.66927,60.22963],[31.66667,60.22524],[31.6653,60.22131],[31.66465,60.21984],[31.66399,60.21882],[31.66306,60.2178],[31.66188,60.21683],[31.65884,60.21474],[31.65834,60.21422],[31.65809,60.21377],[31.65785,60.21163],[31.65628,60.20668],[31.65599,60.20544],[31.65591,60.20454],[31.65612,60.20349],[31.65659,60.20274],[31.65722,60.20213],[31.65898,60.20084],[31.65917,60.20049],[31.65913,60.19993],[31.6582,60.19725],[31.65781,60.19688],[31.65712,60.19649],[31.65407,60.19538],[31.65219,60.1945],[31.65066,60.19355],[31.64692,60.19097],[31.64544,60.18985],[31.643,60.18744],[31.63937,60.1842],[31.63877,60.18378],[31.63643,60.18253],[31.63235,60.18011],[31.63032,60.17923],[31.62805,60.17839],[31.6258,60.17772],[31.62115,60.17676],[31.61868,60.17606],[31.61218,60.1737],[31.60708,60.172],[31.60574,60.17143],[31.60323,60.17013],[31.60215,60.16977],[31.60112,60.16967],[31.59776,60.16969],[31.59596,60.16959],[31.59402,60.16929],[31.59228,60.16882],[31.59022,60.16799],[31.5822,60.16417],[31.58113,60.16395],[31.57693,60.16339],[31.56872,60.16164],[31.56513,60.16105],[31.55951,60.16049],[31.55524,60.16067],[31.55366,60.16065],[31.55231,60.1605],[31.55086,60.16018],[31.54986,60.15984],[31.54887,60.15936],[31.5482,60.15889],[31.54762,60.15819],[31.54747,60.15774],[31.54748,60.15729],[31.54763,60.15684],[31.54835,60.15561],[31.5484,60.15516],[31.54828,60.15483],[31.54701,60.15448],[31.54274,60.15398],[31.54135,60.15356],[31.54049,60.15301],[31.5401,60.15256],[31.53983,60.15189],[31.53974,60.15122],[31.53976,60.14931],[31.53959,60.14863],[31.53933,60.14811],[31.53893,60.14769],[31.53825,60.14723],[31.53469,60.14595],[31.53371,60.14524],[31.53331,60.14469],[31.53307,60.14413],[31.5328,60.14199],[31.53242,60.14098],[31.53128,60.13955],[31.5289,60.13704],[31.52824,60.13609],[31.52742,60.13465],[31.52725,60.13412],[31.52727,60.13356],[31.5277,60.13209],[31.52767,60.13142],[31.52746,60.131],[31.52612,60.12961],[31.52576,60.12909],[31.5255,60.12827],[31.52559,60.12729],[31.52621,60.12579],[31.52717,60.12457],[31.52834,60.12369],[31.53008,60.12288],[31.53208,60.12228],[31.53676,60.12127],[31.54273,60.11932],[31.54619,60.11837],[31.54887,60.11794],[31.55356,60.11757],[31.55563,60.1172],[31.55808,60.11634],[31.55914,60.11579],[31.55987,60.11528],[31.56016,60.11488],[31.56025,60.11443],[31.55974,60.11207],[31.55961,60.11094],[31.5597,60.10791],[31.55939,60.10476],[31.55973,60.10273],[31.55973,60.10206],[31.55953,60.10149],[31.55866,60.10003],[31.55805,60.09863],[31.55739,60.09789],[31.55704,60.09729],[31.5569,60.09654],[31.55707,60.09508],[31.5569,60.09441],[31.55666,60.09408],[31.55617,60.09371],[31.55523,60.09338],[31.55379,60.0932],[31.55183,60.09323],[31.54918,60.09355],[31.54619,60.09418],[31.54151,60.09442],[31.54091,60.09455],[31.54019,60.09486],[31.53752,60.09636],[31.53526,60.09722],[31.53296,60.09764],[31.53116,60.09758],[31.52978,60.09723],[31.52901,60.0969],[31.52818,60.09637],[31.52616,60.09462],[31.52385,60.09278],[31.52113,60.0901],[31.51938,60.08871],[31.51851,60.08823],[31.51746,60.08786],[31.51586,60.0877],[31.51484,60.08782],[31.51381,60.08817],[31.50963,60.09052],[31.50706,60.09182],[31.50587,60.09234],[31.50406,60.09284],[31.50281,60.09296],[31.50146,60.09296],[31.49426,60.09257],[31.48774,60.09238],[31.48369,60.09246],[31.48054,60.09269],[31.47762,60.09312],[31.47132,60.09448],[31.46818,60.09494],[31.46299,60.09536],[31.45399,60.09574],[31.45262,60.09589],[31.44633,60.09697],[31.44431,60.09741],[31.44189,60.09816],[31.43737,60.09992],[31.43563,60.10087],[31.43317,60.10313],[31.43118,60.10451],[31.42847,60.10675],[31.42675,60.10771],[31.42478,60.10852],[31.42559,60.10896],[31.42761,60.10982],[31.42879,60.11061],[31.42939,60.1112],[31.42951,60.11151],[31.42949,60.11182],[31.42929,60.11214],[31.42817,60.11292],[31.42687,60.11352],[31.42561,60.11393],[31.42207,60.11478],[31.42091,60.11519],[31.41982,60.11576],[31.41868,60.11672],[31.41674,60.11931],[31.41472,60.12112],[31.41426,60.12163],[31.414,60.12231],[31.41393,60.12388],[31.41375,60.12478],[31.41335,60.12579],[31.41257,60.12726],[31.41155,60.12881],[31.40956,60.13148],[31.40595,60.13552],[31.40535,60.13637],[31.40495,60.13718],[31.40477,60.13806],[31.40489,60.13896],[31.40517,60.13965],[31.4061,60.14134],[31.40643,60.14233],[31.40646,60.14312],[31.40623,60.14391],[31.40579,60.14452],[31.40493,60.14529],[31.40412,60.14584],[31.40096,60.14762],[31.39972,60.14863],[31.39927,60.14919],[31.39899,60.14976],[31.39885,60.15043],[31.39875,60.15216],[31.39854,60.15279],[31.3982,60.15336],[31.39691,60.15467],[31.39328,60.15752],[31.39313,60.15797],[31.39299,60.15943],[31.39251,60.16146],[31.3925,60.16224],[31.3928,60.16393],[31.39271,60.16438],[31.39245,60.16478],[31.39139,60.16539],[31.38721,60.16661],[31.38529,60.16749],[31.38398,60.16834],[31.38293,60.16921],[31.38222,60.17001],[31.38122,60.17136],[31.38048,60.17205],[31.37904,60.1729],[31.37508,60.1746],[31.37418,60.17512],[31.37369,60.17559],[31.37341,60.1761],[31.37308,60.17811],[31.37268,60.1792],[31.37188,60.1803],[31.37092,60.18105],[31.3699,60.18141],[31.36893,60.18152],[31.36691,60.18156],[31.36542,60.18143],[31.36367,60.18097],[31.36281,60.18055],[31.36213,60.18004],[31.36175,60.17962],[31.36143,60.17901],[31.36131,60.17822],[31.36172,60.17563],[31.3617,60.17484],[31.36144,60.17428],[31.36041,60.17327],[31.36008,60.17278],[31.35896,60.16944],[31.35885,60.16832],[31.35899,60.16742],[31.35948,60.16618],[31.36004,60.16522],[31.36255,60.16342],[31.36345,60.16247],[31.36366,60.16208],[31.36381,60.16146],[31.36381,60.15954],[31.36408,60.15898],[31.36454,60.15847],[31.36537,60.15794],[31.36638,60.15751],[31.36989,60.15665],[31.37092,60.15629],[31.37176,60.15579],[31.37442,60.15382],[31.37498,60.15324],[31.37529,60.1527],[31.37547,60.15189],[31.37536,60.15126],[31.37451,60.15082],[31.37194,60.1503],[31.37062,60.14992],[31.36939,60.14936],[31.36817,60.14854],[31.36723,60.14769],[31.36642,60.1467],[31.36604,60.14582],[31.36593,60.14481],[31.36603,60.14346],[31.3663,60.14219],[31.36672,60.14121],[31.3673,60.14051],[31.36801,60.13998],[31.36891,60.13955],[31.37185,60.1387],[31.37269,60.13824],[31.37301,60.13783],[31.37327,60.13727],[31.37341,60.13659],[31.37338,60.13434],[31.37357,60.13332],[31.37408,60.13232],[31.37537,60.13059],[31.37549,60.13007],[31.37535,60.12967],[31.37512,60.12939],[31.37177,60.12561],[31.36796,60.1221],[31.36747,60.12181],[31.36719,60.12177],[31.3658,60.12249],[31.36511,60.12271],[31.36373,60.12294],[31.36269,60.12294],[31.36173,60.1228],[31.36086,60.12255],[31.35764,60.12111],[31.35558,60.12006],[31.35379,60.11891],[31.35181,60.11707],[31.34998,60.11564],[31.34946,60.11511],[31.34918,60.11452],[31.34922,60.11394],[31.34941,60.11362],[31.35009,60.113],[31.35102,60.11256],[31.35364,60.1119],[31.36759,60.11011],[31.36908,60.10983],[31.37184,60.10911],[31.37344,60.10883],[31.38041,60.10816],[31.38125,60.10801],[31.38184,60.10779],[31.38257,60.10735],[31.38467,60.10553],[31.38556,60.10495],[31.38972,60.10356],[31.39345,60.10176],[31.39708,60.10026],[31.40066,60.09865],[31.40242,60.09819],[31.40585,60.09769],[31.40773,60.09715],[31.40935,60.09629],[31.41138,60.09459],[31.41229,60.09407],[31.41345,60.09376],[31.41693,60.09328],[31.4194,60.09275],[31.42295,60.09166],[31.42633,60.09083],[31.43036,60.08968],[31.43552,60.08849],[31.43922,60.08724],[31.44139,60.08666],[31.44589,60.08576],[31.45097,60.08513],[31.45278,60.08469],[31.45387,60.08428],[31.45566,60.08332],[31.45625,60.08288],[31.45646,60.08254],[31.4565,60.08192],[31.45614,60.08034],[31.45611,60.07967],[31.45639,60.07887],[31.45693,60.07845],[31.45831,60.07797],[31.46389,60.07722],[31.46509,60.07687],[31.46608,60.07641],[31.46712,60.07566],[31.46896,60.07388],[31.47246,60.07113],[31.47366,60.07035],[31.47617,60.06894],[31.47822,60.06724],[31.48166,60.06543],[31.4841,60.06384],[31.48707,60.06232],[31.48768,60.06168],[31.48842,60.06021],[31.48932,60.05934],[31.4906,60.05861],[31.49326,60.05759],[31.49446,60.05691],[31.49503,60.0563],[31.49521,60.05559],[31.49511,60.05487],[31.49441,60.05289],[31.49438,60.05233],[31.49447,60.05188],[31.49504,60.05098],[31.49678,60.04899],[31.49815,60.04771],[31.49955,60.04688],[31.50112,60.04632],[31.50254,60.04604],[31.50591,60.04564],[31.50763,60.04516],[31.51215,60.04283],[31.51268,60.04221],[31.51353,60.04018],[31.51491,60.03846],[31.51528,60.03782],[31.51579,60.03527],[31.51673,60.03295],[31.51706,60.03051],[31.51761,60.02931],[31.51819,60.02859],[31.51899,60.02781],[31.52112,60.02615],[31.52284,60.02525],[31.52634,60.02393],[31.52716,60.02331],[31.52944,60.01981],[31.52966,60.01903],[31.52995,60.01678],[31.5306,60.01532],[31.53149,60.01419],[31.53363,60.01214],[31.53507,60.01014],[31.53641,60.00865],[31.53658,60.00833],[31.53669,60.00778],[31.53648,60.00598],[31.53656,60.00497],[31.53887,59.99889],[31.53892,59.99856],[31.53883,59.99822],[31.53851,59.99781],[31.53556,59.99556],[31.53492,59.99484],[31.53463,59.99431],[31.5346,59.99361],[31.53478,59.99282],[31.5352,59.99158],[31.53567,59.99074],[31.53671,59.98965],[31.53731,59.98922],[31.53841,59.9887],[31.53936,59.98843],[31.54084,59.98824],[31.54489,59.98834],[31.54601,59.98821],[31.5472,59.98777],[31.54821,59.98727],[31.54913,59.9867],[31.54947,59.98618],[31.54937,59.98574],[31.54901,59.98536],[31.5481,59.98491],[31.54711,59.98459],[31.5461,59.98438],[31.54466,59.98425],[31.54129,59.98438],[31.54003,59.98433],[31.53896,59.98404],[31.53824,59.98343],[31.53829,59.9831],[31.53846,59.98281],[31.53963,59.98168],[31.54003,59.98113],[31.54017,59.98056],[31.54005,59.97982],[31.53973,59.97921],[31.53915,59.97847],[31.53595,59.97527],[31.53475,59.97388],[31.53246,59.97021],[31.53197,59.96899],[31.53167,59.96762],[31.5317,59.96649],[31.53212,59.96546],[31.53285,59.96453],[31.53466,59.96273],[31.53522,59.96188],[31.53545,59.96098],[31.53535,59.96008],[31.53437,59.95761],[31.53375,59.95553],[31.53274,59.9533],[31.53227,59.95153],[31.53193,59.95105],[31.53103,59.95026],[31.53015,59.94967],[31.52926,59.94922],[31.52801,59.94889],[31.52711,59.94887],[31.5222,59.95005],[31.51991,59.9503],[31.51789,59.95027],[31.51271,59.94987],[31.51181,59.94993],[31.50869,59.95051],[31.50709,59.95067],[31.50439,59.9506],[31.50169,59.95075],[31.49941,59.95049],[31.49594,59.94961],[31.49232,59.94834],[31.48786,59.94652],[31.4843,59.94469],[31.48324,59.94448],[31.47941,59.94403],[31.47817,59.94373],[31.47709,59.94335],[31.47615,59.94283],[31.47523,59.94204],[31.47348,59.93972],[31.4726,59.93885],[31.47172,59.93837],[31.47064,59.93812],[31.46974,59.93813],[31.46878,59.93832],[31.46786,59.93871],[31.46697,59.93925],[31.46533,59.94066],[31.46358,59.94294],[31.46284,59.94343],[31.46176,59.94383],[31.46074,59.94398],[31.45961,59.94402],[31.45742,59.94377],[31.45289,59.94261],[31.44941,59.9419],[31.44865,59.94161],[31.44821,59.94134],[31.44649,59.93971],[31.44567,59.93923],[31.44297,59.93869],[31.44003,59.93773],[31.43756,59.93722],[31.43531,59.937],[31.43309,59.93702],[31.42609,59.93789],[31.42361,59.93803],[31.42221,59.9379],[31.41934,59.93734],[31.41326,59.9369],[31.41094,59.93663],[31.40951,59.93619],[31.40893,59.93556],[31.40862,59.93488],[31.40845,59.93409],[31.40841,59.93331],[31.40892,59.92959],[31.40874,59.92899],[31.40791,59.92836],[31.40702,59.92796],[31.40561,59.92771],[31.40471,59.92776],[31.40341,59.928],[31.40143,59.92851],[31.39966,59.92909],[31.39786,59.93],[31.39352,59.93263],[31.39049,59.93403],[31.38674,59.93558],[31.38514,59.9359],[31.38199,59.93599],[31.38014,59.93626],[31.37727,59.93685],[31.37341,59.93792],[31.37209,59.93819],[31.37074,59.93831],[31.36826,59.93831],[31.36725,59.93842],[31.36604,59.93887],[31.36447,59.93999],[31.36351,59.94044],[31.36204,59.94072],[31.35831,59.94114],[31.35692,59.94148],[31.35653,59.94167],[31.35622,59.942],[31.35602,59.94242],[31.35599,59.94287],[31.35615,59.94331],[31.3565,59.94379],[31.35724,59.94438],[31.35801,59.94478],[31.35916,59.94517],[31.36413,59.94602],[31.36633,59.94653],[31.36717,59.94703],[31.36763,59.94771],[31.36776,59.94827],[31.36753,59.9488],[31.36669,59.94951],[31.36439,59.95103],[31.3638,59.95161],[31.36353,59.95221],[31.36364,59.95284],[31.36458,59.95415],[31.36477,59.95468],[31.36465,59.95521],[31.3641,59.95648],[31.36397,59.95727],[31.36406,59.95783],[31.36469,59.95964],[31.3649,59.96064],[31.36494,59.96177],[31.36476,59.96391],[31.36532,59.96593],[31.36522,59.96818],[31.36629,59.96999],[31.36714,59.97173],[31.36746,59.97215],[31.36923,59.97387],[31.37051,59.97536],[31.3732,59.97762],[31.37712,59.98164],[31.37757,59.98247],[31.37774,59.98382],[31.37793,59.98449],[31.37833,59.98528],[31.37893,59.98614],[31.37985,59.98692],[31.38084,59.98742],[31.38221,59.98782],[31.38379,59.98807],[31.38559,59.9882],[31.38761,59.98823],[31.38986,59.98811],[31.39301,59.98773],[31.3943,59.98785],[31.39441,59.98821],[31.39428,59.98922],[31.39432,59.98978],[31.39463,59.99046],[31.39515,59.99107],[31.39678,59.99234],[31.40228,59.99612],[31.4032,59.99697],[31.40337,59.99744],[31.40323,59.99788],[31.40137,59.99958],[31.40071,60.00036],[31.40057,60.00073],[31.40048,60.00216],[31.40032,60.00294],[31.4001,60.00351],[31.39965,60.00412],[31.39896,60.00466],[31.39791,60.00526],[31.3962,60.00603],[31.39438,60.00663],[31.39224,60.00719],[31.38694,60.00842],[31.38446,60.00883],[31.37704,60.00926],[31.36894,60.01031],[31.3589,60.01031],[31.35841,60.01059],[31.35824,60.01174],[31.35812,60.01206],[31.3568,60.01386],[31.35635,60.01532],[31.35597,60.01586],[31.35541,60.01619],[31.3533,60.01682],[31.3494,60.01839],[31.34841,60.01867],[31.34737,60.01855],[31.34663,60.01793],[31.34635,60.01734],[31.34629,60.01667],[31.34652,60.01543],[31.34651,60.01476],[31.34629,60.01397],[31.34555,60.01225],[31.34534,60.01138],[31.34535,60.01071],[31.34566,60.00925],[31.34555,60.00867],[31.34504,60.00805],[31.34313,60.00691],[31.34271,60.00652],[31.34232,60.00587],[31.3421,60.00486],[31.34202,60.00355],[31.34215,60.00294],[31.34239,60.00238],[31.34307,60.00142],[31.34483,59.99969],[31.34515,59.99901],[31.3453,59.99721],[31.34508,59.99439],[31.34478,59.99375],[31.34441,59.99337],[31.34193,59.99151],[31.34079,59.99046],[31.34009,59.98944],[31.33979,59.98843],[31.33984,59.98731],[31.34019,59.98613],[31.34059,59.98551],[31.34203,59.98385],[31.34222,59.98336],[31.34229,59.98281],[31.34239,59.97774],[31.342,59.97493],[31.34199,59.97212],[31.34163,59.97111],[31.34051,59.96953],[31.34034,59.96886],[31.3405,59.96807],[31.34209,59.96416],[31.34208,59.96347],[31.34192,59.96325],[31.34158,59.96313],[31.33789,59.96286],[31.33699,59.96288],[31.33206,59.96397],[31.33001,59.96424],[31.32754,59.96439],[31.32529,59.96444],[31.32011,59.96432],[31.3152,59.96453],[31.31313,59.96449],[31.31089,59.96424],[31.30788,59.96362],[31.30391,59.96342],[31.30221,59.96324],[31.29074,59.96093],[31.28508,59.96054],[31.28366,59.96028],[31.27918,59.95921],[31.27468,59.9589],[31.27345,59.95844],[31.27273,59.95796],[31.27083,59.95642],[31.27049,59.95592],[31.27025,59.95536],[31.26955,59.95288],[31.26923,59.95232],[31.26893,59.95204],[31.26782,59.95155],[31.26488,59.95091],[31.26412,59.95051],[31.26389,59.95018],[31.26387,59.94996],[31.26444,59.94894],[31.26449,59.94872],[31.26424,59.94829],[31.26365,59.94801],[31.26229,59.94784],[31.25891,59.94815],[31.25578,59.94799],[31.25419,59.9477],[31.25214,59.94696],[31.25047,59.94653],[31.24744,59.94617],[31.24429,59.94625],[31.24069,59.94612],[31.23889,59.94615],[31.23664,59.94639],[31.23255,59.94704],[31.23079,59.94717],[31.22877,59.94709],[31.22539,59.9466],[31.22417,59.94652],[31.22089,59.9469],[31.21864,59.94682],[31.21696,59.94642],[31.21518,59.94559],[31.214,59.94474],[31.21241,59.94313],[31.21159,59.94246],[31.20841,59.94107],[31.20771,59.9406],[31.20622,59.93926],[31.20525,59.93887],[31.20334,59.93874],[31.20168,59.93895],[31.19996,59.93939],[31.19907,59.93985],[31.19873,59.9402],[31.19858,59.94062],[31.19864,59.94129],[31.19898,59.942],[31.20061,59.94396],[31.20232,59.94692],[31.20237,59.94748],[31.20219,59.94883],[31.20205,59.94928],[31.20172,59.94983],[31.20125,59.95017],[31.20062,59.95041],[31.19974,59.95046],[31.19704,59.95029],[31.19609,59.95047],[31.19543,59.95088],[31.19529,59.95104],[31.19528,59.95149],[31.19575,59.95254],[31.19584,59.95311],[31.19566,59.95389],[31.19524,59.95455],[31.19444,59.95507],[31.19263,59.95596],[31.19143,59.95673],[31.19081,59.9573],[31.18975,59.95867],[31.18544,59.96092],[31.18352,59.96222],[31.18192,59.96347],[31.18059,59.96469],[31.17989,59.9655],[31.17949,59.96638],[31.17926,59.96805],[31.17876,59.96852],[31.17539,59.97003],[31.17454,59.97022],[31.17296,59.97025],[31.17195,59.97038],[31.17095,59.97073],[31.17011,59.97122],[31.16928,59.97192],[31.16726,59.97441],[31.16584,59.97569],[31.16452,59.9765],[31.16306,59.97698],[31.16149,59.97711],[31.15947,59.97688],[31.15848,59.97666],[31.15519,59.97552],[31.15249,59.975],[31.15091,59.9749],[31.14855,59.97511]],[[31.10785,59.99422],[31.10835,59.99465],[31.10945,59.99517],[31.11004,59.99558],[31.11028,59.99608],[31.1102,59.99653],[31.10964,59.99725],[31.10783,59.9987],[31.10619,60.00083],[31.10471,60.00316],[31.10346,60.00458],[31.1023,60.00654],[31.10001,60.00913],[31.09978,60.0095],[31.09973,60.00981],[31.09981,60.01009],[31.10003,60.01037],[31.10117,60.01086],[31.10389,60.01127],[31.10861,60.01121],[31.11199,60.01158],[31.11786,60.01283],[31.12189,60.01401],[31.12951,60.01565],[31.1312,60.01628],[31.13402,60.01773],[31.13593,60.01854],[31.13788,60.01918],[31.14224,60.02033],[31.14409,60.0212],[31.14604,60.02196],[31.14851,60.02351],[31.15093,60.02452],[31.15127,60.02479],[31.15211,60.02578],[31.15316,60.02658],[31.15325,60.0271],[31.15296,60.02742],[31.15256,60.02766],[31.15009,60.0288],[31.14904,60.02939],[31.14853,60.02977],[31.14833,60.03006],[31.14819,60.03062],[31.14847,60.03117],[31.14985,60.03231],[31.15035,60.03292],[31.15095,60.03467],[31.15242,60.03692],[31.15291,60.03749],[31.15345,60.03783],[31.15946,60.04054],[31.1609,60.0415],[31.16154,60.04232],[31.16176,60.04311],[31.16166,60.04412],[31.16094,60.04626],[31.16098,60.0468],[31.16128,60.04723],[31.16282,60.04827],[31.16932,60.0518],[31.17002,60.05236],[31.1708,60.05322],[31.17151,60.05447],[31.1718,60.05582],[31.17159,60.05661],[31.17054,60.05807],[31.17011,60.05896],[31.17007,60.05942],[31.17016,60.05991],[31.17035,60.06043],[31.17064,60.06087],[31.17113,60.06124],[31.17184,60.06153],[31.17263,60.06175],[31.17364,60.06189],[31.17544,60.06193],[31.17918,60.06172],[31.17963,60.06223],[31.17926,60.06358],[31.17933,60.06403],[31.17953,60.06436],[31.18018,60.06489],[31.18344,60.06677],[31.18401,60.06729],[31.18455,60.06801],[31.18494,60.06887],[31.18512,60.06954],[31.18523,60.07056],[31.18513,60.07112],[31.18482,60.07155],[31.18446,60.07181],[31.18378,60.07217],[31.18273,60.07252],[31.18129,60.07276],[31.17679,60.07315],[31.17551,60.07342],[31.17459,60.07381],[31.17377,60.0745],[31.17331,60.07528],[31.1732,60.07607],[31.17347,60.07753],[31.17328,60.07798],[31.1729,60.07839],[31.17203,60.07889],[31.17106,60.07922],[31.16789,60.07977],[31.16741,60.08008],[31.16686,60.08101],[31.16643,60.08153],[31.16407,60.08311],[31.16377,60.08328],[31.16302,60.08347],[31.16198,60.08347],[31.16117,60.08323],[31.16081,60.08292],[31.16068,60.08259],[31.16073,60.08226],[31.16096,60.08181],[31.16185,60.08061],[31.16235,60.0802],[31.16316,60.07977],[31.16419,60.07947],[31.16621,60.07913],[31.16674,60.07891],[31.16723,60.07833],[31.16756,60.07764],[31.16776,60.07573],[31.16789,60.07528],[31.1682,60.07478],[31.16922,60.07413],[31.17146,60.07343],[31.17198,60.07299],[31.1719,60.07265],[31.17118,60.07205],[31.1701,60.07172],[31.1658,60.07127],[31.16468,60.07096],[31.16417,60.07069],[31.16366,60.07028],[31.16267,60.06887],[31.16256,60.06831],[31.16277,60.06791],[31.16306,60.06767],[31.16392,60.06727],[31.16474,60.06703],[31.16729,60.06659],[31.16768,60.06634],[31.16778,60.06616],[31.16775,60.06572],[31.16728,60.06403],[31.16739,60.06341],[31.16779,60.06234],[31.16778,60.06189],[31.16764,60.06161],[31.16647,60.06051],[31.16589,60.05979],[31.16557,60.05951],[31.16464,60.05909],[31.16351,60.05885],[31.16239,60.0588],[31.15901,60.05901],[31.15789,60.0589],[31.15714,60.05868],[31.15663,60.05834],[31.15585,60.05724],[31.1544,60.05571],[31.15304,60.05408],[31.15225,60.05353],[31.15123,60.0531],[31.14953,60.0527],[31.14828,60.05266],[31.14749,60.0528],[31.14349,60.0539],[31.13921,60.05426],[31.13719,60.05456],[31.13512,60.05501],[31.13404,60.0554],[31.13329,60.0559],[31.13291,60.05649],[31.13263,60.05762],[31.13238,60.05816],[31.13146,60.0592],[31.13052,60.0599],[31.12975,60.06017],[31.12931,60.06021],[31.12864,60.06008],[31.12504,60.05754],[31.12427,60.05705],[31.12345,60.05671],[31.12211,60.05645],[31.11784,60.05623],[31.11613,60.05596],[31.11544,60.05575],[31.115,60.05552],[31.11463,60.05514],[31.11409,60.05402],[31.11378,60.05361],[31.11275,60.05307],[31.11096,60.05267],[31.10714,60.05229],[31.10501,60.05225],[31.10299,60.05237],[31.09919,60.05275],[31.09707,60.05319],[31.0962,60.05357],[31.09474,60.0546],[31.09371,60.05519],[31.09016,60.05681],[31.08772,60.05814],[31.08553,60.05902],[31.08465,60.05947],[31.083,60.06083],[31.08258,60.06144],[31.08249,60.06201],[31.08268,60.06347],[31.08268,60.06437],[31.08254,60.06516],[31.0822,60.06594],[31.08008,60.06894],[31.0795,60.06948],[31.07747,60.07089],[31.0773,60.07124],[31.07735,60.07191],[31.07769,60.07303],[31.07874,60.07494],[31.0795,60.07686],[31.081,60.07887],[31.0815,60.07989],[31.08154,60.08046],[31.08131,60.08181],[31.08175,60.08361],[31.08172,60.08563],[31.08206,60.08655],[31.08318,60.08889],[31.08342,60.08979],[31.08327,60.09081],[31.08223,60.09328],[31.08221,60.09396],[31.08245,60.09474],[31.08334,60.09666],[31.08382,60.0972],[31.08554,60.09808],[31.08893,60.09959],[31.08956,60.09995],[31.09008,60.1004],[31.0903,60.10104],[31.09015,60.10262],[31.09041,60.10341],[31.09143,60.10476],[31.09365,60.10717],[31.09564,60.11094],[31.09597,60.11196],[31.09615,60.11297],[31.0961,60.11353],[31.09583,60.11409],[31.09445,60.11574],[31.09309,60.117],[31.0918,60.118],[31.0905,60.11938],[31.0876,60.1215],[31.0832,60.12567],[31.08114,60.12747],[31.0785,60.12939],[31.07374,60.13233],[31.07249,60.13322],[31.07202,60.1337],[31.07063,60.13591],[31.06924,60.13727],[31.06777,60.13822],[31.06652,60.13885],[31.06479,60.13954],[31.06169,60.14046],[31.06115,60.14085],[31.06064,60.14289],[31.05936,60.14496],[31.05891,60.14728],[31.05779,60.14987],[31.05793,60.15054],[31.05911,60.15212],[31.05959,60.15292],[31.05989,60.15369],[31.06,60.15437],[31.05995,60.15516],[31.05968,60.15606],[31.05803,60.15876],[31.05771,60.15977],[31.05778,60.16078],[31.05844,60.16303],[31.05869,60.16427],[31.05876,60.16551],[31.05862,60.1666],[31.05828,60.16753],[31.0577,60.16841],[31.05678,60.16929],[31.05503,60.17061],[31.05472,60.17103],[31.0546,60.17147],[31.05448,60.17327],[31.05389,60.17474],[31.05336,60.17642],[31.05251,60.17821],[31.05216,60.17866],[31.05149,60.17923],[31.05059,60.17973],[31.04961,60.18011],[31.04696,60.18072],[31.04426,60.18095],[31.04179,60.18075],[31.03999,60.1803],[31.03857,60.17968],[31.03758,60.17889],[31.03635,60.17736],[31.0359,60.17705],[31.03519,60.17675],[31.03414,60.17655],[31.02761,60.17587],[31.02568,60.17556],[31.02415,60.17512],[31.02131,60.17379],[31.01986,60.17332],[31.01794,60.17311],[31.01445,60.17311]],[[32.62843,60.56454],[32.62832,60.56491],[32.62711,60.56567],[32.6268,60.56601],[32.62664,60.56634],[32.6264,60.56758],[32.62531,60.56923],[32.62439,60.56971],[32.62208,60.57029],[32.62097,60.57113],[32.6201,60.57163],[32.61949,60.57219],[32.61828,60.57384],[32.61654,60.57529],[32.61459,60.57647],[32.61204,60.57765],[32.61092,60.57834],[32.6104,60.57883],[32.60982,60.57996],[32.60921,60.58055],[32.60663,60.582],[32.60567,60.58239],[32.60486,60.5826],[32.60441,60.5826],[32.60381,60.58245],[32.60281,60.58158],[32.60206,60.57967],[32.60094,60.57826],[32.60103,60.57779],[32.60191,60.57693],[32.60261,60.57673],[32.60351,60.57668],[32.60577,60.57717],[32.60641,60.57718],[32.60687,60.57706],[32.60717,60.57681],[32.60736,60.57636],[32.60727,60.57579],[32.60685,60.57467],[32.60693,60.57435],[32.60712,60.57419],[32.60843,60.57363],[32.60997,60.57277],[32.61063,60.57251],[32.61348,60.57193],[32.61469,60.5716],[32.61746,60.57038],[32.6209,60.56975],[32.62178,60.56924],[32.62245,60.56859],[32.62361,60.56697],[32.62493,60.56576],[32.62545,60.56512],[32.62609,60.56478],[32.62754,60.56439],[32.62825,60.56434],[32.62843,60.56454]],[[32.63228,60.55315],[32.63355,60.55343],[32.63444,60.55391],[32.6374,60.55656],[32.63775,60.55712],[32.63782,60.55757],[32.63764,60.55813],[32.6373,60.5586],[32.63652,60.55902],[32.63455,60.55943],[32.63299,60.55962],[32.6318,60.55952],[32.63173,60.55942],[32.6319,60.55902],[32.63192,60.55859],[32.63158,60.55809],[32.63087,60.55762],[32.62802,60.55632],[32.62728,60.55581],[32.62685,60.55521],[32.62682,60.55476],[32.62703,60.55433],[32.62735,60.55401],[32.62831,60.55347],[32.62919,60.55317],[32.63029,60.55298],[32.63119,60.553],[32.63228,60.55315]],[[32.64401,60.54454],[32.64335,60.54453],[32.64246,60.54489],[32.64216,60.54542],[32.64231,60.54594],[32.6427,60.54615],[32.64356,60.54615],[32.64439,60.54593],[32.64501,60.54553],[32.64519,60.54519],[32.64506,60.54497],[32.64438,60.54457],[32.64401,60.54454]],[[32.84635,60.53302],[32.84719,60.53336],[32.84909,60.53384],[32.84956,60.53419],[32.84992,60.53496],[32.85045,60.53549],[32.85125,60.53586],[32.8521,60.53608],[32.85252,60.53648],[32.85229,60.53655],[32.85192,60.53651],[32.85045,60.53609],[32.84771,60.53559],[32.84593,60.53514],[32.84468,60.5346],[32.84415,60.53422],[32.84396,60.53383],[32.84396,60.53339],[32.84416,60.533],[32.84475,60.53266],[32.84539,60.53263],[32.84635,60.53302]],[[32.60081,60.52864],[32.60036,60.52849],[32.59969,60.52843],[32.59901,60.52851],[32.59819,60.52876],[32.59747,60.52916],[32.59708,60.52956],[32.59685,60.53001],[32.59693,60.53046],[32.59751,60.53113],[32.59834,60.53137],[32.59924,60.53137],[32.60033,60.53109],[32.60118,60.53064],[32.6016,60.53001],[32.60162,60.52967],[32.60147,60.52922],[32.60117,60.52879],[32.60081,60.52864]],[[32.80691,60.49908],[32.80571,60.49919],[32.80445,60.49951],[32.80343,60.49995],[32.80186,60.50094],[32.80063,60.50391],[32.79881,60.50594],[32.79741,60.508],[32.7962,60.50901],[32.79467,60.51056],[32.79383,60.51109],[32.79305,60.51138],[32.78924,60.51217],[32.78905,60.51268],[32.78905,60.51358],[32.78925,60.51441],[32.78951,60.51471],[32.78996,60.51503],[32.79106,60.51532],[32.79364,60.51556],[32.79521,60.51553],[32.79657,60.51518],[32.8002,60.5133],[32.80279,60.51047],[32.80446,60.50813],[32.80524,60.50663],[32.8065,60.50551],[32.80691,60.50503],[32.80781,60.50301],[32.80935,60.50064],[32.8094,60.50008],[32.80904,60.49958],[32.80797,60.49917],[32.80691,60.49908]],[[32.78081,60.51336],[32.77969,60.5132],[32.77857,60.51323],[32.77758,60.51354],[32.7773,60.51401],[32.77776,60.51437],[32.77858,60.51452],[32.78081,60.51434],[32.78137,60.51419],[32.78161,60.51401],[32.78159,60.51381],[32.78134,60.51354],[32.78081,60.51336]],[[32.09682,60.40282],[32.09762,60.40324],[32.0981,60.40369],[32.09895,60.40508],[32.10072,60.4069],[32.10121,60.40772],[32.10124,60.40817],[32.10101,60.40871],[32.0991,60.41052],[32.09892,60.41094],[32.09912,60.41133],[32.09978,60.41184],[32.10069,60.41229],[32.10246,60.41295],[32.10401,60.41331],[32.10722,60.4137],[32.10799,60.41405],[32.10818,60.41447],[32.10806,60.41496],[32.10716,60.41515],[32.10428,60.41529],[32.10251,60.41584],[32.10086,60.41676],[32.09955,60.41766],[32.09785,60.4191],[32.09626,60.42085],[32.09548,60.4214],[32.09454,60.42177],[32.09186,60.42235],[32.08826,60.42283],[32.08464,60.42311],[32.08095,60.4232]],[[32.07721,60.41678],[32.0773,60.41588],[32.07766,60.41514],[32.08107,60.41048],[32.08152,60.41001],[32.08418,60.40785],[32.08533,60.40725],[32.08924,60.40601],[32.09048,60.40549],[32.09152,60.40479],[32.0927,60.40331],[32.0935,60.40279],[32.09501,60.40252],[32.09591,60.40259],[32.09682,60.40282]],[[31.73762,60.30894],[31.73809,60.30937],[31.73839,60.31018],[31.73826,60.31096],[31.7378,60.31146],[31.73654,60.31214],[31.73539,60.31249],[31.73436,60.31244],[31.73357,60.31203],[31.7334,60.31185],[31.73307,60.31119],[31.73299,60.31041],[31.73324,60.30962],[31.73351,60.3092],[31.73377,60.30902],[31.73445,60.30863],[31.73569,60.30841],[31.73681,60.30855],[31.73724,60.30869],[31.73762,60.30894]],[[32.10507,60.30699],[32.10642,60.30736],[32.10731,60.30786],[32.1076,60.30827],[32.10766,60.30861],[32.10754,60.30894],[32.10731,60.30923],[32.10618,60.30983],[32.1045,60.31015],[32.09974,60.31008],[32.09591,60.31032],[32.09446,60.31012],[32.09357,60.30965],[32.09321,60.30906],[32.09325,60.30872],[32.09354,60.30831],[32.09441,60.30784],[32.09569,60.30753],[32.10199,60.30676],[32.10334,60.30678],[32.10507,60.30699]],[[32.14539,60.30039],[32.14547,60.30062],[32.14541,60.30084],[32.14515,60.30112],[32.14486,60.30124],[32.14372,60.30117],[32.14331,60.30084],[32.14322,60.30062],[32.14348,60.3002],[32.14408,60.29995],[32.14488,60.29999],[32.14539,60.30039]],[[32.12091,60.28093],[32.12219,60.28125],[32.12515,60.28219],[32.12854,60.28246],[32.13018,60.28282],[32.13087,60.2831],[32.1315,60.28351],[32.13192,60.28408],[32.13199,60.28453],[32.13182,60.28498],[32.13141,60.28546],[32.1306,60.28594],[32.12956,60.28628],[32.12786,60.28641],[32.12381,60.286],[32.12179,60.286],[32.1189,60.2863],[32.1176,60.28667],[32.11734,60.28689],[32.1172,60.28734],[32.11764,60.28808],[32.11869,60.28895],[32.12089,60.2904],[32.12135,60.29088],[32.1216,60.29151],[32.12149,60.29211],[32.12123,60.29253],[32.11951,60.2943],[32.11929,60.29477],[32.11952,60.29526],[32.12056,60.29616],[32.12146,60.29714],[32.12191,60.29814],[32.1219,60.29893],[32.12143,60.29973],[32.12062,60.30029],[32.11954,60.30057],[32.11864,60.30057],[32.11765,60.30036],[32.11676,60.29997],[32.11595,60.29938],[32.11551,60.29871],[32.1154,60.29814],[32.11547,60.29758],[32.11599,60.29643],[32.11663,60.29544],[32.11665,60.29511],[32.11649,60.29479],[32.11578,60.29431],[32.11395,60.29349],[32.10917,60.29172],[32.10845,60.29136],[32.10792,60.29099],[32.10754,60.29049],[32.1073,60.28993],[32.10726,60.28937],[32.10741,60.28892],[32.10778,60.28843],[32.10894,60.28768],[32.11066,60.2871],[32.11374,60.28634],[32.11453,60.28594],[32.11488,60.28543],[32.11524,60.28406],[32.11557,60.28341],[32.11645,60.28251],[32.11786,60.28143],[32.11879,60.28096],[32.11948,60.28082],[32.12091,60.28093]],[[31.76852,60.28093],[31.76872,60.28113],[31.76879,60.28136],[31.76857,60.28171],[31.76823,60.28186],[31.76763,60.28198],[31.76699,60.28196],[31.76658,60.28185],[31.76638,60.28161],[31.7664,60.28127],[31.76683,60.28085],[31.76782,60.28074],[31.76852,60.28093]],[[32.06205,60.27998],[32.06199,60.28026],[32.06181,60.28048],[32.06124,60.28077],[32.06081,60.28086],[32.05969,60.28068],[32.05914,60.28048],[32.059,60.28026],[32.05901,60.28005],[32.05912,60.27993],[32.05969,60.27983],[32.06081,60.27981],[32.06205,60.27998]],[[32.04014,60.27507],[32.04126,60.27559],[32.04187,60.27643],[32.04226,60.27726],[32.04239,60.27778],[32.04236,60.27818],[32.04211,60.27852],[32.04103,60.27906],[32.03944,60.27928],[32.03782,60.27906],[32.03689,60.27856],[32.03643,60.27789],[32.03628,60.27711],[32.0364,60.27643],[32.03691,60.27528],[32.03726,60.275],[32.03788,60.27483],[32.03899,60.27489],[32.04014,60.27507]],[[32.11936,60.27562],[32.11969,60.2759],[32.1197,60.27642],[32.1191,60.27694],[32.11841,60.27716],[32.11774,60.27717],[32.11684,60.27693],[32.11613,60.27637],[32.116,60.27597],[32.11646,60.27546],[32.11751,60.27519],[32.11861,60.27529],[32.11936,60.27562]],[[32.06081,60.26806],[32.05969,60.26799],[32.05845,60.26828],[32.05779,60.26876],[32.05751,60.26914],[32.05745,60.26966],[32.05759,60.27003],[32.05829,60.27051],[32.05861,60.27062],[32.05969,60.27083],[32.06059,60.27083],[32.06121,60.27073],[32.06203,60.27041],[32.06264,60.27004],[32.06309,60.26962],[32.06322,60.26923],[32.06296,60.26872],[32.06197,60.26831],[32.06081,60.26806]],[[32.01131,60.25467],[32.00997,60.25454],[32.00902,60.25482],[32.00864,60.25518],[32.00832,60.25573],[32.00825,60.25618],[32.00834,60.25652],[32.00894,60.25703],[32.01064,60.25726],[32.01154,60.25722],[32.01256,60.25703],[32.01314,60.25663],[32.01335,60.25618],[32.01311,60.25562],[32.0126,60.25517],[32.01131,60.25467]],[[31.01445,60.24706],[31.01538,60.24707],[31.01621,60.24722],[31.0168,60.24753],[31.01698,60.24774],[31.01703,60.24797],[31.01681,60.24831],[31.01627,60.24863],[31.01546,60.24878],[31.01445,60.24881]],[[32.14326,60.24009],[32.14374,60.24066],[32.14382,60.24099],[32.14364,60.24132],[32.14313,60.24156],[32.14271,60.24157],[32.14175,60.24128],[32.14119,60.24085],[32.141,60.24043],[32.14103,60.24009],[32.14118,60.2398],[32.14181,60.23961],[32.14249,60.23968],[32.14306,60.23991],[32.14326,60.24009]],[[32.16307,60.23469],[32.16303,60.23507],[32.16251,60.23529],[32.16195,60.23531],[32.16173,60.23503],[32.16196,60.23453],[32.16283,60.2344],[32.16296,60.23446],[32.16307,60.23469]],[[32.17241,60.21637],[32.17174,60.21633],[32.17097,60.21654],[32.17074,60.21703],[32.17089,60.21745],[32.17174,60.21763],[32.17276,60.21743],[32.17307,60.21703],[32.17309,60.21681],[32.17289,60.21649],[32.17241,60.21637]],[[31.38311,60.14802],[31.38199,60.14794],[31.38087,60.14799],[31.37989,60.14814],[31.3788,60.14848],[31.37793,60.14898],[31.3776,60.14931],[31.37732,60.14976],[31.37733,60.15021],[31.37763,60.15047],[31.37889,60.15083],[31.38064,60.15101],[31.38221,60.15101],[31.38347,60.15083],[31.38451,60.15049],[31.38536,60.14997],[31.38562,60.14964],[31.38571,60.14942],[31.38566,60.14909],[31.38517,60.14861],[31.38414,60.14822],[31.38311,60.14802]],[[32.26061,60.14698],[32.25971,60.14686],[32.25883,60.147],[32.25827,60.14725],[32.25817,60.14775],[32.25867,60.14816],[32.25928,60.14837],[32.26016,60.14838],[32.26093,60.14821],[32.26139,60.14784],[32.26147,60.14751],[32.26118,60.14716],[32.26061,60.14698]],[[31.56401,60.12779],[31.56344,60.12787],[31.56359,60.12826],[31.56386,60.12838],[31.56447,60.12844],[31.56533,60.12832],[31.56525,60.12809],[31.56496,60.1279],[31.56457,60.12779],[31.56401,60.12779]],[[31.33551,60.09734],[31.33624,60.09769],[31.33679,60.09812],[31.33679,60.09833],[31.33663,60.09857],[31.33563,60.09864],[31.33451,60.09847],[31.33378,60.09823],[31.33346,60.09778],[31.33354,60.09756],[31.3339,60.09725],[31.33489,60.0972],[31.33551,60.09734]],[[31.10685,60.08604],[31.10758,60.08632],[31.10791,60.08657],[31.10811,60.08686],[31.108,60.08731],[31.10727,60.08786],[31.10636,60.08809],[31.10548,60.08808],[31.10484,60.08785],[31.10444,60.08741],[31.10458,60.08686],[31.10519,60.08631],[31.10618,60.086],[31.10685,60.08604]],[[31.21107,60.08018],[31.21211,60.08028],[31.21296,60.08059],[31.21343,60.08101],[31.21335,60.08152],[31.21269,60.08207],[31.21174,60.08259],[31.20861,60.08386],[31.20795,60.08422],[31.20693,60.085],[31.20637,60.08528],[31.20527,60.08558],[31.20346,60.08557],[31.20148,60.08515],[31.20072,60.08487],[31.2004,60.0846],[31.20042,60.08422],[31.20073,60.08406],[31.2042,60.08385],[31.2052,60.08366],[31.20617,60.08334],[31.20655,60.08282],[31.20662,60.08192],[31.2068,60.08136],[31.20706,60.08096],[31.20764,60.08051],[31.20809,60.08032],[31.20889,60.08018],[31.21107,60.08018]],[[31.20863,60.07662],[31.20924,60.07699],[31.20934,60.07741],[31.20884,60.07784],[31.2082,60.07806],[31.20716,60.07829],[31.20626,60.07834],[31.20527,60.07808],[31.20501,60.07776],[31.20497,60.07742],[31.20515,60.07695],[31.2055,60.07667],[31.20596,60.07646],[31.20716,60.07635],[31.20863,60.07662]],[[31.21196,60.06768],[31.21242,60.06788],[31.21254,60.06804],[31.21169,60.06856],[31.21073,60.06844],[31.21054,60.06816],[31.21058,60.06795],[31.2115,60.06757],[31.21196,60.06768]],[[31.18016,60.05874],[31.18019,60.05904],[31.18012,60.05916],[31.17928,60.05927],[31.17867,60.05905],[31.17821,60.05856],[31.17881,60.05831],[31.17926,60.05829],[31.18007,60.05854],[31.18016,60.05874]],[[31.27432,59.96141],[31.27542,59.96195],[31.27638,59.96268],[31.27676,59.96323],[31.27686,59.96368],[31.27679,59.96413],[31.27654,59.96469],[31.27567,59.9658],[31.27489,59.96613],[31.27421,59.9662],[31.27355,59.96611],[31.27279,59.96586],[31.27195,59.96529],[31.2711,59.96438],[31.27091,59.96406],[31.2708,59.96346],[31.27095,59.96272],[31.27129,59.96222],[31.27185,59.96167],[31.27264,59.96128],[31.27309,59.9612],[31.27369,59.9612],[31.27432,59.96141]],[[31.23275,59.95559],[31.23343,59.95587],[31.23383,59.95637],[31.23367,59.95681],[31.23319,59.9571],[31.23236,59.95727],[31.23147,59.95719],[31.23061,59.95687],[31.23026,59.95645],[31.23039,59.95595],[31.23131,59.95552],[31.23224,59.95548],[31.23275,59.95559]],[[31.44881,59.92964],[31.44769,59.92958],[31.44644,59.92987],[31.44566,59.93041],[31.44541,59.93076],[31.44531,59.93117],[31.44536,59.93162],[31.44556,59.93211],[31.44642,59.93308],[31.44732,59.93371],[31.44824,59.93405],[31.44917,59.93395],[31.44961,59.93353],[31.45008,59.93289],[31.45053,59.93151],[31.45049,59.93083],[31.45016,59.93027],[31.44954,59.92986],[31.44881,59.92964]],[[32.40607,60.1445],[32.40298,60.14428],[32.39781,60.14364],[32.39494,60.14302],[32.39409,60.1429],[32.39139,60.14294],[32.38824,60.14263],[32.38493,60.1426],[32.3826,60.14236],[32.37958,60.14228],[32.37726,60.14196],[32.37621,60.14189],[32.37407,60.14206],[32.37216,60.14213],[32.37013,60.14246],[32.36912,60.14256],[32.36439,60.14264],[32.36226,60.14304],[32.36169,60.14301],[32.36023,60.1428],[32.35899,60.14281],[32.35765,60.14307],[32.35659,60.14335],[32.35534,60.1438],[32.35483,60.14388],[32.35191,60.14393],[32.35022,60.14375],[32.34804,60.14306],[32.3463,60.14267],[32.34399,60.14187],[32.34161,60.14084],[32.34116,60.14059],[32.3409,60.14028],[32.34072,60.1396],[32.3404,60.1392],[32.33952,60.13851],[32.33855,60.13812],[32.33813,60.13789],[32.33783,60.13758],[32.33705,60.13634],[32.33701,60.13572],[32.33717,60.13512],[32.33745,60.13471],[32.33813,60.13407],[32.33813,60.13361],[32.33795,60.1333],[32.3377,60.13305],[32.33719,60.1328],[32.33397,60.13187],[32.33359,60.13172],[32.33325,60.13148],[32.33287,60.13094],[32.33204,60.12903],[32.33208,60.12858],[32.33252,60.12785],[32.33247,60.12751],[32.33227,60.12724],[32.33185,60.12697],[32.33138,60.1268],[32.33087,60.12671],[32.3301,60.12679],[32.32959,60.12706],[32.32911,60.12751],[32.32868,60.12806],[32.32828,60.12892],[32.32793,60.13032],[32.32787,60.131],[32.32796,60.13173],[32.32815,60.13228],[32.32846,60.13274],[32.32938,60.13375],[32.33002,60.13519],[32.3305,60.13563],[32.33318,60.13744],[32.33336,60.13769],[32.33335,60.13786],[32.33317,60.13811],[32.33229,60.13875],[32.33127,60.13967],[32.33118,60.13988],[32.33117,60.14017],[32.33137,60.14102],[32.33179,60.14155],[32.33228,60.14175],[32.33273,60.14172],[32.33406,60.14125],[32.33481,60.14109],[32.33559,60.14106],[32.33625,60.1412],[32.33725,60.14169],[32.33953,60.14352],[32.33994,60.14396],[32.3399,60.14418],[32.33961,60.14472],[32.3396,60.14495],[32.34016,60.14568],[32.34024,60.1459],[32.34024,60.14618],[32.34012,60.14652],[32.33984,60.14684],[32.33898,60.14731],[32.33841,60.14749],[32.33772,60.14761],[32.33706,60.14764],[32.33622,60.14759],[32.33537,60.14743],[32.33445,60.14716],[32.33273,60.14637],[32.33222,60.14632],[32.33076,60.14635],[32.32986,60.14629],[32.32874,60.1461],[32.32779,60.1458],[32.32508,60.14446],[32.3236,60.14329],[32.32214,60.14241],[32.32076,60.14148],[32.31876,60.14059],[32.31835,60.14035],[32.31751,60.13965],[32.3169,60.1393],[32.31614,60.13898],[32.31436,60.13839],[32.31378,60.13813],[32.3101,60.13574],[32.3093,60.13542],[32.30681,60.13473],[32.30392,60.13366],[32.29979,60.13252],[32.29881,60.13235],[32.29667,60.1322],[32.29538,60.13181],[32.2941,60.13157],[32.29284,60.13148],[32.29185,60.13154],[32.29138,60.13171],[32.2904,60.13226],[32.28869,60.13299],[32.2868,60.13398],[32.28548,60.13458],[32.28446,60.13496]],[[32.35697,60.14466],[32.35712,60.14485],[32.35709,60.14508],[32.35663,60.14525],[32.35596,60.14522],[32.35561,60.14511],[32.35554,60.14495],[32.35567,60.14462],[32.35607,60.14449],[32.35651,60.14449],[32.35697,60.14466]],[[32.29574,60.13367],[32.29587,60.13384],[32.29596,60.1342],[32.29584,60.13452],[32.29536,60.1344],[32.29501,60.13421],[32.29487,60.1341],[32.29475,60.13387],[32.29482,60.13361],[32.295,60.13354],[32.2954,60.13352],[32.29574,60.13367]],[[32.33121,60.11901],[32.33087,60.11902],[32.33047,60.11912],[32.32909,60.11983],[32.32883,60.12014],[32.32869,60.12078],[32.32839,60.12143],[32.32842,60.12172],[32.329,60.12239],[32.32948,60.12352],[32.32947,60.12385],[32.32916,60.12425],[32.32911,60.1244],[32.32957,60.12471],[32.33005,60.12465],[32.33072,60.12385],[32.3324,60.12259],[32.33273,60.12215],[32.33275,60.12187],[32.33266,60.1216],[32.332,60.12065],[32.33197,60.11969],[32.33191,60.11943],[32.33166,60.11918],[32.33121,60.11901]],[[32.32446,60.10588],[32.32415,60.10592],[32.32387,60.10606],[32.32371,60.10614],[32.32358,60.1063],[32.32352,60.10658],[32.32362,60.10709],[32.32372,60.1073],[32.32417,60.1077],[32.32567,60.10841],[32.326,60.10863],[32.32617,60.10883],[32.32616,60.10912],[32.32572,60.10985],[32.32569,60.11018],[32.32677,60.11182],[32.32706,60.11255],[32.3273,60.11364],[32.32752,60.11407],[32.32791,60.11448],[32.32892,60.11514],[32.32925,60.11543],[32.32946,60.1157],[32.33003,60.11677],[32.33049,60.11735],[32.33086,60.11759],[32.33131,60.11768],[32.33174,60.11762],[32.33229,60.11743],[32.3327,60.11717],[32.33299,60.11671],[32.33311,60.11592],[32.33303,60.11502],[32.33275,60.11446],[32.33179,60.1132],[32.33081,60.11238],[32.33062,60.11204],[32.33051,60.11153],[32.33034,60.1113],[32.32999,60.111],[32.3279,60.10958],[32.32746,60.10917],[32.32746,60.10889],[32.32784,60.10847],[32.32802,60.10805],[32.32823,60.10774],[32.32821,60.10755],[32.32776,60.1073],[32.32649,60.10682],[32.32505,60.10599],[32.32446,60.10588]],[[32.31951,60.09999],[32.31918,60.09998],[32.3188,60.10013],[32.31875,60.10035],[32.31879,60.10118],[32.31887,60.10152],[32.31919,60.10207],[32.31968,60.10256],[32.32052,60.10275],[32.3223,60.10271],[32.32317,60.10309],[32.32344,60.10315],[32.32385,60.1031],[32.32425,60.10284],[32.32416,60.10257],[32.3228,60.10215],[32.32201,60.10163],[32.32084,60.101],[32.3198,60.10009],[32.31951,60.09999]],[[32.31456,60.09557],[32.31417,60.0956],[32.31287,60.09616],[32.31186,60.09647],[32.31173,60.09657],[32.31171,60.09667],[32.31256,60.09688],[32.31338,60.09725],[32.31362,60.09721],[32.31374,60.09713],[32.31389,60.09673],[32.31408,60.09653],[32.31519,60.0959],[32.3152,60.09581],[32.31474,60.09557],[32.31456,60.09557]],[[32.31006,60.09683],[32.30979,60.09687],[32.30973,60.09694],[32.31039,60.09694],[32.31031,60.09685],[32.31006,60.09683]],[[32.30556,60.09431],[32.30522,60.09432],[32.30483,60.09446],[32.30478,60.09472],[32.30513,60.09495],[32.30544,60.09502],[32.30589,60.09502],[32.30627,60.09491],[32.30636,60.09472],[32.30618,60.0945],[32.30556,60.09431]],[[32.30386,60.09175],[32.30347,60.09186],[32.30341,60.09202],[32.30386,60.09211],[32.30417,60.092],[32.30417,60.0919],[32.30407,60.0918],[32.30386,60.09175]],[[31.14742,59.97521],[31.14557,59.97516],[31.14515,59.9752],[31.14473,59.97536],[31.14427,59.97579],[31.14315,59.97738],[31.14304,59.97766],[31.14313,59.97794],[31.14437,59.97919],[31.14463,59.97968],[31.14474,59.9802],[31.14468,59.98081],[31.14442,59.98125],[31.14382,59.98173],[31.14332,59.98194],[31.14295,59.982],[31.14246,59.98197],[31.14102,59.98155],[31.13994,59.98143],[31.13736,59.98173],[31.13533,59.98161],[31.13241,59.98193],[31.12764,59.98196],[31.12633,59.98208],[31.1254,59.98226],[31.12495,59.98243],[31.12383,59.98311],[31.12311,59.98332],[31.12172,59.98324],[31.11915,59.98289],[31.11576,59.98254],[31.11367,59.98241],[31.11193,59.98217],[31.11002,59.98254],[31.10866,59.98267],[31.10737,59.98288],[31.10641,59.98288],[31.10558,59.98264],[31.10514,59.98231],[31.10466,59.98176],[31.10435,59.98151],[31.1037,59.98123],[31.10194,59.98107],[31.09931,59.98038],[31.09641,59.98002],[31.09527,59.97969],[31.0939,59.97919],[31.09214,59.9789],[31.09056,59.97848],[31.088,59.97818],[31.08633,59.97788],[31.08576,59.9777],[31.08449,59.97702],[31.08414,59.97689],[31.08212,59.97646],[31.08125,59.97635],[31.08041,59.97636],[31.07975,59.97652],[31.07936,59.97682],[31.07927,59.9771],[31.07933,59.97738],[31.07987,59.97813],[31.08045,59.97856],[31.08133,59.97894],[31.08223,59.97917],[31.08358,59.97941],[31.08527,59.97962],[31.08668,59.97971],[31.08707,59.9798],[31.08756,59.97994],[31.08902,59.98059],[31.09078,59.98126],[31.09164,59.98151],[31.09269,59.98162],[31.09438,59.98155],[31.09498,59.98168],[31.09527,59.98188],[31.0964,59.98306],[31.09688,59.98424],[31.0971,59.98461],[31.09745,59.9849],[31.09792,59.98511],[31.09877,59.98529],[31.10057,59.98542],[31.10153,59.98531],[31.10331,59.98484],[31.10378,59.98485],[31.10412,59.98493],[31.10665,59.986],[31.10948,59.98689],[31.11068,59.98736],[31.11188,59.98804],[31.11319,59.98916],[31.11341,59.98953],[31.11354,59.99026],[31.11395,59.99099],[31.11393,59.99133],[31.11371,59.99166],[31.11318,59.99198],[31.11232,59.99227],[31.11106,59.99257],[31.10913,59.9929],[31.10835,59.99314],[31.10774,59.9936],[31.10759,59.99386],[31.10755,59.99411]],[[31.07391,59.97155],[31.07334,59.97148],[31.07271,59.9716],[31.0723,59.97188],[31.0721,59.97226],[31.07209,59.9726],[31.07226,59.97301],[31.07271,59.97365],[31.07318,59.97408],[31.07452,59.97483],[31.07544,59.97566],[31.07627,59.976],[31.07683,59.97608],[31.07739,59.97602],[31.07824,59.97569],[31.07861,59.97546],[31.07874,59.97518],[31.07871,59.97496],[31.07851,59.97459],[31.07826,59.97435],[31.0768,59.97361],[31.0759,59.97273],[31.07502,59.97224],[31.07454,59.97182],[31.07391,59.97155]],[[31.09641,59.94975],[31.09494,59.94967],[31.09292,59.94986],[31.08986,59.95047],[31.08758,59.95119],[31.08628,59.95137],[31.08549,59.95132],[31.08369,59.95099],[31.08133,59.95107],[31.07908,59.95082],[31.07796,59.95079],[31.07582,59.95098],[31.07289,59.95163],[31.06637,59.95233],[31.06547,59.95232],[31.06367,59.95211],[31.06176,59.95215],[31.06018,59.95187],[31.05951,59.95187],[31.05912,59.952],[31.05818,59.9527],[31.05703,59.95338],[31.05686,59.95359],[31.0569,59.9539],[31.05766,59.95477],[31.05784,59.95516],[31.05776,59.95561],[31.05734,59.9563],[31.05707,59.95657],[31.05669,59.9567],[31.05523,59.95682],[31.05377,59.95679],[31.05118,59.95659],[31.04792,59.95615],[31.04774,59.95583],[31.04749,59.95454],[31.04751,59.95426],[31.04789,59.95358],[31.04798,59.95319],[31.04792,59.9528],[31.04769,59.9524],[31.04712,59.95189],[31.04616,59.95138],[31.04585,59.95108],[31.04547,59.95086],[31.04443,59.95055],[31.04353,59.9505],[31.043,59.95065],[31.04258,59.95111],[31.04211,59.95176],[31.04208,59.95218],[31.04219,59.95247],[31.04244,59.95277],[31.0429,59.95304],[31.04388,59.95343],[31.04412,59.95365],[31.04415,59.95387],[31.04403,59.95407],[31.04348,59.95457],[31.04299,59.95517],[31.04208,59.95571],[31.04162,59.95606],[31.04143,59.95634],[31.0414,59.95657],[31.04149,59.95679],[31.04168,59.95698],[31.04207,59.95723],[31.04256,59.95745],[31.04342,59.95768],[31.04481,59.95789],[31.0465,59.95791],[31.05024,59.95875],[31.05262,59.959],[31.05369,59.95928],[31.05403,59.95945],[31.05432,59.95973],[31.05441,59.96005],[31.0543,59.96038],[31.05404,59.96067],[31.05358,59.96101],[31.05209,59.96174],[31.05194,59.96192],[31.05197,59.96218],[31.0527,59.96238],[31.05444,59.96248],[31.05579,59.96247],[31.05645,59.96255],[31.05965,59.96371],[31.06418,59.96621],[31.06509,59.96681],[31.06748,59.96778],[31.06832,59.96821],[31.06863,59.96851],[31.06907,59.96936],[31.06962,59.9698],[31.07044,59.97013],[31.07132,59.97025],[31.07176,59.97019],[31.07211,59.97001],[31.07228,59.9698],[31.0723,59.96933],[31.07196,59.96867],[31.07093,59.96778],[31.07054,59.96706],[31.07029,59.96675],[31.06779,59.96486],[31.06685,59.96443],[31.06505,59.96383],[31.06367,59.96288],[31.06369,59.96256],[31.06398,59.96202],[31.06412,59.96163],[31.06415,59.9609],[31.06398,59.96039],[31.06329,59.95921],[31.06243,59.9582],[31.06239,59.95803],[31.06245,59.9578],[31.06278,59.95739],[31.06328,59.95721],[31.06581,59.95694],[31.06761,59.95695],[31.06918,59.95706],[31.07001,59.95698],[31.07154,59.95668],[31.07447,59.95665],[31.07616,59.95673],[31.07762,59.95669],[31.0818,59.95719],[31.0823,59.95735],[31.08348,59.95792],[31.08403,59.95804],[31.08459,59.95807],[31.08549,59.95798],[31.08742,59.95737],[31.08855,59.95721],[31.08889,59.95724],[31.08936,59.95744],[31.0898,59.95836],[31.09027,59.95875],[31.09102,59.959],[31.09213,59.95922],[31.0938,59.95944],[31.09517,59.95949],[31.09618,59.95941],[31.09798,59.95912],[31.09888,59.95908],[31.09966,59.95916],[31.10079,59.9594],[31.10147,59.95943],[31.10248,59.95932],[31.10473,59.95891],[31.10645,59.95849],[31.10962,59.95714],[31.11217,59.95656],[31.11239,59.95637],[31.11267,59.95586],[31.11301,59.95556],[31.11369,59.95524],[31.11452,59.95506],[31.11496,59.95505],[31.11524,59.95517],[31.11534,59.95544],[31.11521,59.95578],[31.11493,59.95604],[31.11456,59.95625],[31.11319,59.95676],[31.11311,59.9569],[31.11311,59.95707],[31.1135,59.95751],[31.11424,59.95786],[31.11497,59.95798],[31.11558,59.95793],[31.11609,59.95771],[31.11646,59.95747],[31.11724,59.95671],[31.11763,59.95644],[31.11953,59.95571],[31.11985,59.95544],[31.11986,59.95533],[31.11974,59.95517],[31.1191,59.95489],[31.11823,59.95478],[31.11588,59.95483],[31.11549,59.95473],[31.11506,59.95427],[31.11468,59.95404],[31.11387,59.95383],[31.11261,59.95368],[31.10923,59.95376],[31.10835,59.95386],[31.10785,59.95409],[31.10754,59.9547],[31.10693,59.9552],[31.10605,59.95565],[31.10541,59.95576],[31.10469,59.95563],[31.10382,59.95518],[31.10338,59.95508],[31.10106,59.95497],[31.09974,59.95473],[31.09899,59.95467],[31.09749,59.95476],[31.09596,59.95508],[31.09517,59.95517],[31.09427,59.95517],[31.09269,59.95504],[31.09112,59.95525],[31.09044,59.95525],[31.0899,59.95516],[31.08936,59.95497],[31.088,59.95431],[31.08789,59.95415],[31.08788,59.95403],[31.08802,59.95384],[31.0885,59.95363],[31.09032,59.95303],[31.09123,59.95282],[31.09348,59.95253],[31.09708,59.95246],[31.09809,59.95234],[31.09839,59.95227],[31.09946,59.95178],[31.09985,59.95155],[31.1001,59.95128],[31.10013,59.95105],[31.10001,59.95083],[31.09962,59.95051],[31.09919,59.95029],[31.09844,59.95009],[31.09641,59.94975]],[[31.04435,59.95901],[31.04398,59.95906],[31.04374,59.95917],[31.04363,59.95932],[31.04366,59.95949],[31.04391,59.9597],[31.0443,59.95973],[31.04447,59.95968],[31.04471,59.95949],[31.04478,59.95932],[31.04464,59.95915],[31.04435,59.95901]],[[31.03476,59.95427],[31.03307,59.95436],[31.03249,59.95448],[31.03213,59.95464],[31.03178,59.95497],[31.03157,59.95544],[31.03151,59.95595],[31.03164,59.95633],[31.03218,59.95678],[31.03304,59.95724],[31.03374,59.95754],[31.03544,59.95806],[31.03668,59.95882],[31.03723,59.95895],[31.03768,59.95897],[31.0381,59.9589],[31.03843,59.95873],[31.03861,59.95848],[31.03858,59.95811],[31.03828,59.95775],[31.03755,59.95725],[31.03736,59.95702],[31.03732,59.95679],[31.03746,59.95623],[31.03746,59.95595],[31.03702,59.95522],[31.03676,59.95495],[31.03629,59.95473],[31.03532,59.95438],[31.03476,59.95427]],[[30.98992,59.93334],[30.99042,59.93381],[30.99088,59.93487],[30.99147,59.93564],[30.99203,59.93677],[30.99239,59.93722],[30.99289,59.93765],[30.99341,59.93797],[30.99533,59.93876],[30.99605,59.93918],[30.99638,59.93952],[30.99733,59.94098],[30.99757,59.94125],[30.99831,59.94139],[31.00011,59.94149],[31.00101,59.94161],[31.00169,59.94178],[31.00304,59.94225],[31.00383,59.94241],[31.00567,59.94259],[31.00753,59.94255],[31.01023,59.9429],[31.01109,59.94285],[31.01271,59.94248],[31.01349,59.94243],[31.01462,59.94248],[31.01641,59.94283],[31.01732,59.94288],[31.01785,59.9428],[31.01917,59.94238],[31.01965,59.94234],[31.02012,59.94254],[31.021,59.94305],[31.02146,59.94346],[31.02152,59.94374],[31.02144,59.94394],[31.0211,59.9442],[31.02,59.9446],[31.01946,59.94488],[31.01911,59.94528],[31.01908,59.94548],[31.01915,59.94575],[31.01962,59.94619],[31.02007,59.94641],[31.02069,59.94656],[31.02193,59.94663],[31.02228,59.94672],[31.02265,59.94715],[31.02319,59.94755],[31.025,59.94829],[31.02557,59.94862],[31.02596,59.94908],[31.02619,59.94965],[31.02616,59.95004],[31.02584,59.95088],[31.02585,59.95116],[31.02596,59.95137],[31.02634,59.95159],[31.02915,59.95256],[31.02996,59.95276],[31.03048,59.95281],[31.03132,59.95271],[31.03366,59.95208],[31.03441,59.95182],[31.03465,59.95161],[31.03463,59.95135],[31.03423,59.95109],[31.03358,59.95091],[31.03217,59.95079],[31.03137,59.9506],[31.02963,59.94979],[31.02906,59.94936],[31.02874,59.94888],[31.02823,59.94839],[31.02798,59.9479],[31.02755,59.94745],[31.02752,59.94706],[31.02808,59.94627],[31.02813,59.94588],[31.02791,59.94549],[31.02706,59.9447],[31.02686,59.9443],[31.02684,59.94408],[31.02693,59.94385],[31.02712,59.94366],[31.02773,59.9433],[31.02773,59.943],[31.02635,59.9426],[31.02595,59.94235],[31.02548,59.9419],[31.02522,59.94121],[31.02507,59.94099],[31.02379,59.94033],[31.02328,59.93988],[31.02272,59.93979],[31.0214,59.93988],[31.02047,59.93986],[31.01934,59.93962],[31.01898,59.93945],[31.01877,59.93921],[31.01774,59.93921],[31.01731,59.93929],[31.01693,59.93925],[31.01586,59.93864],[31.01379,59.93808],[31.01248,59.93784],[31.01102,59.93746],[31.00912,59.93739],[31.00751,59.93769],[31.00674,59.93773],[31.00613,59.93764],[31.00464,59.93718],[31.00236,59.93713],[31.00114,59.93697],[31.00027,59.9367],[30.99985,59.93648],[30.99954,59.9362],[30.99934,59.93575],[30.99937,59.93537],[30.99954,59.93497],[30.9994,59.93471],[30.99894,59.93448],[30.99764,59.93433],[30.99684,59.93412],[30.99621,59.93382],[30.99557,59.93336]],[[31.05463,59.95112],[31.05429,59.95117],[31.0538,59.95137],[31.05362,59.95173],[31.05365,59.95195],[31.05377,59.95214],[31.05422,59.95224],[31.05475,59.95214],[31.0553,59.95186],[31.0556,59.95156],[31.05559,59.95139],[31.05545,59.95129],[31.05511,59.95115],[31.05463,59.95112]]]}},{"type":"Feature","properties":{"depth_m":4,"n_lines":71},"geometry":{"type":"MultiLineString","coordinates":[[[32.7882,60.85012],[32.78826,60.84954],[32.78859,60.84894],[32.78925,60.84832],[32.78998,60.84782],[32.79165,60.84697],[32.79819,60.84426],[32.80002,60.84321],[32.80095,60.84248],[32.80186,60.84159],[32.80403,60.83916],[32.80473,60.83802],[32.80505,60.83691],[32.80503,60.83634],[32.80471,60.83533],[32.80467,60.83488],[32.80481,60.83353],[32.80485,60.83117],[32.80513,60.82869],[32.80577,60.82701],[32.80724,60.82479],[32.80763,60.82386],[32.8076,60.82318],[32.80731,60.82264],[32.80644,60.82193],[32.80461,60.82085],[32.80366,60.81996],[32.80312,60.81891],[32.80237,60.81677],[32.80216,60.81576],[32.80224,60.81474],[32.80292,60.81294],[32.80311,60.81204],[32.80307,60.81114],[32.80275,60.81007],[32.80271,60.80959],[32.80352,60.80873],[32.80545,60.80727],[32.806,60.80653],[32.80622,60.80586],[32.8063,60.80473],[32.8061,60.80394],[32.80564,60.80332],[32.80437,60.8021],[32.80413,60.80158],[32.80431,60.80105],[32.80554,60.79982],[32.80568,60.79933],[32.80561,60.79879],[32.80541,60.79841],[32.80457,60.79744],[32.8037,60.79678],[32.80263,60.79631],[32.80002,60.79569],[32.79895,60.79528],[32.79819,60.79485],[32.79783,60.79449],[32.79752,60.79404],[32.79744,60.79359],[32.79772,60.79314],[32.79824,60.79285],[32.80241,60.79239],[32.80545,60.79162],[32.80717,60.79095],[32.80813,60.79025],[32.80873,60.78943],[32.8092,60.78852],[32.80942,60.78774],[32.80944,60.78696],[32.80916,60.78561],[32.8076,60.78178],[32.80749,60.78122],[32.80755,60.78066],[32.80807,60.7799],[32.81057,60.77894],[32.81173,60.77811],[32.81243,60.77673],[32.81322,60.77559],[32.81334,60.77526],[32.81325,60.77469],[32.81266,60.77362],[32.81181,60.7727],[32.81021,60.77133],[32.80984,60.77085],[32.80955,60.77019],[32.80944,60.76941],[32.80965,60.76749],[32.8096,60.76682],[32.80922,60.76595],[32.8084,60.76479],[32.80823,60.76423],[32.8083,60.76367],[32.80888,60.76232],[32.80901,60.76164],[32.80892,60.76108],[32.8083,60.75928],[32.8082,60.75816],[32.80838,60.75737],[32.80876,60.75681],[32.80943,60.75624],[32.81124,60.75501],[32.81193,60.75439],[32.8125,60.75369],[32.81288,60.75287],[32.81305,60.75163],[32.81326,60.75096],[32.8138,60.74994],[32.81456,60.74896],[32.81481,60.74848],[32.81485,60.74769],[32.81443,60.74638],[32.81354,60.74516],[32.8118,60.74388],[32.81157,60.74351],[32.81151,60.74319],[32.81173,60.7426],[32.81199,60.74229],[32.81447,60.7405],[32.81505,60.73982],[32.81548,60.73913],[32.81575,60.73847],[32.8159,60.73779],[32.81611,60.73476],[32.81606,60.73408],[32.81583,60.73352],[32.81549,60.73303],[32.81442,60.73216],[32.81359,60.73175],[32.81264,60.73142],[32.8081,60.73045],[32.80576,60.72958],[32.8046,60.72903],[32.80369,60.72842],[32.80318,60.72778],[32.80304,60.72722],[32.80315,60.72666],[32.80403,60.72486],[32.80427,60.72384],[32.80419,60.72283],[32.80359,60.72098],[32.80344,60.72013],[32.80367,60.71791],[32.80397,60.71687],[32.80494,60.71507],[32.80533,60.71461],[32.80724,60.71287],[32.80877,60.71034],[32.81063,60.70869],[32.81123,60.70798],[32.81155,60.70719],[32.81167,60.70575],[32.81181,60.70531],[32.81255,60.70467],[32.81382,60.70406],[32.8244,60.70001],[32.82704,60.69891],[32.82967,60.69755],[32.83332,60.69539],[32.83504,60.69462],[32.83619,60.69425],[32.83769,60.69393],[32.84231,60.69352],[32.84415,60.69308],[32.84501,60.69258],[32.84756,60.69062],[32.84902,60.68994],[32.85079,60.68971],[32.85709,60.68938],[32.86114,60.68887],[32.8638,60.68827],[32.86923,60.68655],[32.87239,60.68576],[32.8747,60.68535],[32.87711,60.68508],[32.88298,60.68499],[32.88473,60.68457],[32.89025,60.68284],[32.89846,60.67966],[32.90243,60.67725],[32.90773,60.67451],[32.91182,60.67198],[32.91421,60.67093],[32.91975,60.6689],[32.92147,60.66808],[32.92249,60.66744],[32.92317,60.66687],[32.92396,60.66602],[32.92456,60.66512],[32.92486,60.66444],[32.92499,60.66377],[32.92481,60.66174],[32.92517,60.66123],[32.92617,60.66097],[32.92931,60.66092],[32.93081,60.66076],[32.93248,60.66031],[32.93415,60.65945],[32.93502,60.65869],[32.93576,60.65769],[32.93633,60.65657],[32.93736,60.65398],[32.93788,60.65314],[32.93845,60.65246],[32.9394,60.6516],[32.94103,60.6504],[32.94318,60.64901],[32.94498,60.64802],[32.94594,60.64724],[32.94622,60.64644],[32.94633,60.64453],[32.94653,60.64352],[32.94696,60.64228],[32.94795,60.64026],[32.9484,60.63913],[32.94883,60.63756],[32.9492,60.63564],[32.94939,60.63407],[32.94936,60.63283],[32.94913,60.63171],[32.94865,60.6306],[32.94779,60.62916],[32.94724,60.62844],[32.94437,60.62586],[32.94353,60.62484],[32.94303,60.62361],[32.94274,60.62147],[32.94255,60.62068],[32.94216,60.61982],[32.94151,60.6189],[32.94054,60.61787],[32.93914,60.61663],[32.93433,60.61288],[32.93354,60.61191],[32.93243,60.60983],[32.9312,60.60796],[32.93075,60.60707],[32.93045,60.60594],[32.93022,60.60358],[32.92934,60.60144],[32.92931,60.60088],[32.92946,60.60034],[32.93064,60.59859],[32.93067,60.59819],[32.93053,60.59771],[32.92803,60.59495],[32.92602,60.59184],[32.92517,60.59099],[32.92351,60.58965],[32.92316,60.58927],[32.92274,60.58862],[32.92211,60.58727],[32.92144,60.58649],[32.92024,60.58557],[32.91895,60.58478],[32.91504,60.58282],[32.91033,60.57961],[32.90872,60.57802],[32.90791,60.57699],[32.90753,60.57613],[32.90726,60.57444],[32.90704,60.57394],[32.90614,60.5734],[32.90448,60.57291],[32.90352,60.5725],[32.90278,60.57195],[32.90073,60.56939],[32.89813,60.56754],[32.89724,60.56664],[32.89608,60.56511],[32.89449,60.56271],[32.89387,60.56201],[32.89334,60.56161],[32.89016,60.55983],[32.88739,60.55806],[32.8861,60.55701],[32.88469,60.55535],[32.88425,60.55498],[32.8816,60.55327],[32.87905,60.55141],[32.87763,60.55084],[32.87389,60.54996],[32.87113,60.54919],[32.86457,60.54701],[32.864,60.54678],[32.86195,60.54554],[32.86017,60.54463],[32.85872,60.54402],[32.85563,60.54294],[32.85463,60.54244],[32.85302,60.54141],[32.85216,60.541],[32.85105,60.54065],[32.84314,60.53938],[32.8324,60.53739],[32.82718,60.53617],[32.82536,60.53583],[32.82154,60.5353],[32.81614,60.53488],[32.81209,60.53431],[32.80849,60.53418],[32.80466,60.53429],[32.8029,60.53425],[32.80016,60.53403],[32.79589,60.53347],[32.79364,60.53358],[32.78936,60.53407],[32.78756,60.53404],[32.78652,60.53379],[32.78537,60.53246],[32.78467,60.532],[32.78381,60.53166],[32.78194,60.53124],[32.77811,60.53077],[32.76596,60.53008],[32.75966,60.53022],[32.75494,60.53053],[32.75224,60.53055],[32.75021,60.53039],[32.745,60.52968],[32.73987,60.52932],[32.73559,60.52918],[32.73433,60.52885],[32.73254,60.52748],[32.73075,60.52657],[32.72969,60.52616],[32.72518,60.52477],[32.72351,60.52434],[32.72209,60.52413],[32.72051,60.5241],[32.71849,60.52423],[32.7135,60.52485],[32.71177,60.52519],[32.71005,60.52568],[32.70902,60.52609],[32.70637,60.52741],[32.70147,60.53013],[32.69932,60.53112],[32.69711,60.53181],[32.69304,60.53245],[32.69115,60.53297],[32.68674,60.53473],[32.68291,60.53594],[32.68178,60.53638],[32.67394,60.54004],[32.67237,60.54101],[32.67136,60.54143],[32.66538,60.54292],[32.66175,60.54408],[32.6609,60.54461],[32.65975,60.54553],[32.65838,60.54732],[32.6577,60.54766],[32.656,60.54812],[32.65544,60.54857],[32.65516,60.54909],[32.65472,60.55127],[32.6545,60.55194],[32.6541,60.55256],[32.65338,60.55316],[32.65188,60.55371],[32.64896,60.55423],[32.64559,60.55512],[32.64344,60.55582],[32.64246,60.55625],[32.64169,60.55675],[32.64134,60.55713],[32.63993,60.55948],[32.63944,60.55991],[32.63889,60.56019],[32.6382,60.56038],[32.63749,60.56045],[32.63477,60.5603],[32.63355,60.56032],[32.63141,60.56106],[32.62995,60.56137],[32.62905,60.56079],[32.62881,60.56038],[32.62867,60.55982],[32.62878,60.55892],[32.62853,60.55848],[32.62708,60.55725],[32.62547,60.55626],[32.62501,60.55577],[32.62479,60.55532],[32.62477,60.55464],[32.62509,60.55409],[32.62693,60.55264],[32.6275,60.55206],[32.6276,60.55183],[32.62759,60.55149],[32.62744,60.55121],[32.62713,60.55093],[32.62619,60.55051],[32.62511,60.55022],[32.62241,60.54987],[32.61971,60.54988],[32.61611,60.55029],[32.61521,60.5502],[32.61362,60.54976],[32.61274,60.54964],[32.60914,60.55017],[32.60779,60.55014],[32.60691,60.54994],[32.60654,60.54974],[32.60633,60.54946],[32.60567,60.54764],[32.60533,60.54711],[32.60494,60.54677],[32.60375,60.54622],[32.60299,60.54576],[32.60181,60.54426],[32.59975,60.54271],[32.59957,60.54238],[32.59948,60.54193],[32.5996,60.54013],[32.5994,60.53959],[32.599,60.53911],[32.59849,60.53871],[32.59755,60.53827],[32.59413,60.53734],[32.59186,60.53655],[32.59079,60.53597],[32.58962,60.53503],[32.58911,60.53451],[32.58888,60.53406],[32.58887,60.53282],[32.58833,60.53124],[32.58822,60.53012],[32.58831,60.52944],[32.58859,60.52886],[32.59053,60.52671],[32.59084,60.52618],[32.59101,60.52562],[32.59115,60.52449],[32.59103,60.52416],[32.59043,60.52342],[32.59028,60.52309],[32.59028,60.52168],[32.59013,60.52123],[32.58946,60.52072],[32.58687,60.51926],[32.58582,60.51853],[32.58561,60.51808],[32.5856,60.51729],[32.58544,60.51684],[32.58485,60.51627],[32.58432,60.51604],[32.58313,60.51577],[32.57956,60.51623],[32.57629,60.51629],[32.57504,60.51623],[32.57409,60.516],[32.57353,60.51574],[32.57317,60.51539],[32.57307,60.51493],[32.57325,60.51443],[32.57386,60.51384],[32.57441,60.51345],[32.5761,60.51261],[32.57672,60.51218],[32.57702,60.51185],[32.5772,60.51122],[32.57686,60.51035],[32.57678,60.50988],[32.57785,60.50866],[32.57882,60.50692],[32.58037,60.50537],[32.58086,60.50458],[32.58101,60.50402],[32.58097,60.50334],[32.58016,60.50076],[32.58017,60.50031],[32.58039,60.49958],[32.5807,60.49906],[32.58116,60.49859],[32.58332,60.49732],[32.58388,60.49686],[32.58415,60.49644],[32.58411,60.49593],[32.58279,60.49456],[32.58245,60.49389],[32.58241,60.49344],[32.58252,60.49288],[32.58315,60.49157],[32.58406,60.49058],[32.58585,60.48923],[32.58672,60.48874],[32.5877,60.48835],[32.59049,60.48753],[32.59134,60.48711],[32.5918,60.48658],[32.59185,60.48624],[32.59166,60.48591],[32.5913,60.48557],[32.5897,60.48459],[32.58917,60.48399],[32.58884,60.48332],[32.58875,60.48276],[32.5888,60.48208],[32.58925,60.47972],[32.58953,60.47888],[32.58992,60.47838],[32.59165,60.47691],[32.59222,60.47616],[32.59327,60.47442],[32.59402,60.4737],[32.59746,60.47159],[32.60135,60.46958],[32.60741,60.46717],[32.60926,60.46628],[32.61094,60.46524],[32.61475,60.46236],[32.61551,60.4617],[32.61622,60.46082],[32.61655,60.46013],[32.61699,60.45868],[32.61764,60.45766],[32.61964,60.45576],[32.62151,60.45375],[32.62272,60.45282],[32.62634,60.45052],[32.63029,60.44867],[32.63249,60.44733],[32.63611,60.44599],[32.64079,60.44379],[32.64243,60.44289],[32.644,60.44194],[32.64516,60.44109],[32.64702,60.43922],[32.64798,60.43841],[32.65243,60.43576],[32.65362,60.43491],[32.65457,60.43404],[32.65533,60.43312],[32.656,60.43201],[32.65638,60.43101],[32.65638,60.43056],[32.65621,60.43013],[32.65572,60.42954],[32.65474,60.42864],[32.65461,60.42842],[32.65465,60.42808],[32.65507,60.42752],[32.65642,60.42616],[32.65732,60.42403],[32.6584,60.42269],[32.65889,60.42224],[32.65974,60.42178],[32.66048,60.42153],[32.66396,60.42083],[32.66592,60.42024],[32.66684,60.41981],[32.66941,60.41808],[32.67047,60.41758],[32.67254,60.41683],[32.67313,60.41639],[32.67322,60.41593],[32.67317,60.41539],[32.67205,60.41267],[32.67147,60.41008],[32.6715,60.40907],[32.67212,60.40761],[32.6722,60.40716],[32.6721,60.40671],[32.67132,60.40512],[32.67123,60.40446],[32.67133,60.40369],[32.67159,60.40299],[32.67304,60.40052],[32.67305,60.39996],[32.67264,60.39816],[32.67266,60.39726],[32.67297,60.3965],[32.67373,60.3957],[32.67508,60.39477],[32.67758,60.39334],[32.678,60.39296],[32.67817,60.39253],[32.67807,60.39197],[32.67763,60.39115],[32.67562,60.38881],[32.67547,60.38837],[32.67538,60.38702],[32.67495,60.38617],[32.67314,60.38395],[32.67083,60.38229],[32.67016,60.38151],[32.66997,60.38072],[32.67014,60.37892],[32.67,60.37622],[32.66987,60.37577],[32.66954,60.37539],[32.66606,60.37426],[32.66504,60.37403],[32.66359,60.37391],[32.66161,60.37407],[32.65594,60.37519],[32.65166,60.37562],[32.64896,60.37569],[32.64739,60.37562],[32.64615,60.37538],[32.64526,60.37492],[32.64479,60.37431],[32.64439,60.37223],[32.64391,60.37139],[32.64334,60.37092],[32.64065,60.36951],[32.63968,60.36872],[32.63917,60.36801],[32.63895,60.36711],[32.63924,60.36542],[32.63903,60.36384],[32.63909,60.36216],[32.63856,60.36069],[32.63819,60.36008],[32.63707,60.35964],[32.63367,60.35894],[32.63029,60.35796],[32.62925,60.35777],[32.62812,60.35785],[32.62576,60.35838],[32.62421,60.35859],[32.62286,60.35857],[32.62168,60.35826],[32.62099,60.35779],[32.62076,60.35741],[32.62042,60.35597],[32.61972,60.35428],[32.61986,60.35375],[32.6206,60.35271],[32.62091,60.35196],[32.62099,60.35091],[32.62084,60.34978],[32.6206,60.34933],[32.62008,60.34881],[32.61923,60.34831],[32.61825,60.34792],[32.61724,60.3477],[32.61634,60.34762],[32.61462,60.3478],[32.61379,60.34805],[32.61299,60.34842],[32.61193,60.34927],[32.61153,60.35001],[32.61137,60.35102],[32.61152,60.35203],[32.61211,60.35372],[32.61205,60.35434],[32.61156,60.35507],[32.61058,60.35596],[32.60749,60.35787],[32.60645,60.35881],[32.60595,60.35979],[32.60533,60.36204],[32.60516,60.36351],[32.60484,60.36416],[32.60407,60.36462],[32.60114,60.36555],[32.59949,60.36623],[32.59572,60.36848],[32.59415,60.36921],[32.59226,60.36967],[32.59001,60.36979],[32.58755,60.36955],[32.58494,60.36901],[32.58397,60.36868],[32.5829,60.36818],[32.57864,60.36548],[32.57759,60.36466],[32.57703,60.36384],[32.57684,60.36325],[32.57678,60.36249],[32.57716,60.35844],[32.57743,60.35732],[32.57854,60.35428],[32.5786,60.35383],[32.57843,60.35327],[32.57766,60.35206],[32.57748,60.35158],[32.57743,60.35102],[32.57756,60.35012],[32.57748,60.34967],[32.57724,60.34922],[32.57651,60.34841],[32.57634,60.34809],[32.57636,60.34764],[32.57709,60.34584],[32.57715,60.34506],[32.57689,60.34429],[32.57572,60.34269],[32.57542,60.34202],[32.57509,60.33831],[32.5748,60.33628],[32.57504,60.33577],[32.57553,60.33528],[32.57631,60.33471],[32.57853,60.33338],[32.57893,60.333],[32.57923,60.33246],[32.57931,60.33156],[32.57905,60.32964],[32.57871,60.32897],[32.57763,60.32777],[32.57753,60.32717],[32.57785,60.32644],[32.57884,60.32491],[32.57934,60.32317],[32.58136,60.32198],[32.58187,60.32121],[32.58192,60.32076],[32.58178,60.32019],[32.58138,60.31949],[32.58031,60.31815],[32.58008,60.31761],[32.58007,60.31716],[32.5805,60.31604],[32.58208,60.31356],[32.58285,60.31198],[32.58317,60.31105],[32.58372,60.31044],[32.58581,60.30919],[32.58733,60.30794],[32.58791,60.30714],[32.58854,60.30562],[32.58921,60.3048],[32.59005,60.30427],[32.59217,60.30332],[32.59286,60.30278],[32.59308,60.3025],[32.59312,60.30219],[32.59304,60.30162],[32.59247,60.29994],[32.59174,60.29859],[32.59153,60.29714],[32.5912,60.29666],[32.58962,60.29528],[32.58853,60.29452],[32.58757,60.2941],[32.58552,60.29343],[32.58438,60.29289],[32.58354,60.29218],[32.58304,60.29137],[32.58283,60.29061],[32.58278,60.28971],[32.58288,60.28892],[32.5832,60.28776],[32.58318,60.28689],[32.58332,60.28633],[32.58359,60.28588],[32.58406,60.28538],[32.58595,60.28401],[32.58685,60.28319],[32.58731,60.28239],[32.58739,60.28161],[32.58709,60.28071],[32.58608,60.27905],[32.58521,60.27816],[32.58404,60.27728],[32.58293,60.27563],[32.58115,60.27405],[32.58088,60.27362],[32.58086,60.27306],[32.58172,60.26934],[32.58219,60.26829],[32.58274,60.26766],[32.58443,60.26608],[32.58574,60.26449],[32.58675,60.26377],[32.58774,60.26337],[32.58932,60.26298],[32.59091,60.26279],[32.59199,60.26282],[32.59305,60.26316],[32.59476,60.26425],[32.59573,60.26461],[32.59657,60.26477],[32.59766,60.26481],[32.59858,60.26469],[32.59994,60.2642],[32.60081,60.26361],[32.60113,60.26329],[32.60126,60.26301],[32.60115,60.26242],[32.60086,60.26214],[32.59643,60.25851],[32.59571,60.25752],[32.59561,60.25697],[32.59573,60.25656],[32.59719,60.25438],[32.59821,60.25169],[32.59952,60.24954],[32.60011,60.24801],[32.60097,60.24673],[32.60113,60.24572],[32.60085,60.24358],[32.60091,60.24313],[32.60112,60.2426],[32.60199,60.2417],[32.60461,60.23985],[32.60513,60.23931],[32.60537,60.23886],[32.60539,60.23829],[32.60516,60.23751],[32.60478,60.23675],[32.6039,60.23543],[32.60376,60.23491],[32.60402,60.23424],[32.6054,60.23222],[32.60557,60.23177],[32.60555,60.23143],[32.60481,60.22952],[32.6048,60.2283],[32.60472,60.22786],[32.6045,60.22738],[32.60385,60.22642],[32.60364,60.22513],[32.60341,60.22446],[32.6027,60.22332],[32.60026,60.22009],[32.59856,60.2166],[32.59718,60.21456],[32.59691,60.21377],[32.59691,60.21332],[32.59711,60.21253],[32.5969,60.21201],[32.59491,60.2106],[32.59407,60.20978],[32.59361,60.20904],[32.59298,60.2076],[32.59215,60.20662],[32.5899,60.20499],[32.58682,60.20209],[32.58419,60.19989],[32.58224,60.19864],[32.57856,60.1968],[32.57504,60.19538],[32.57323,60.19449],[32.57194,60.19362],[32.56969,60.19176],[32.56884,60.19125],[32.56333,60.18908],[32.56165,60.18858],[32.55898,60.18794],[32.55764,60.18749],[32.54906,60.1832],[32.54535,60.18198],[32.53879,60.17958],[32.53361,60.17785],[32.53085,60.17709],[32.52679,60.17622],[32.52086,60.17432],[32.51621,60.17309],[32.50706,60.17109],[32.50519,60.17079],[32.50159,60.17057],[32.49506,60.17053],[32.49289,60.1703],[32.49038,60.16946],[32.48582,60.16772],[32.48179,60.16641],[32.47796,60.16551],[32.47211,60.16448],[32.46899,60.16361],[32.46171,60.16114],[32.45287,60.15752],[32.44712,60.15535],[32.44283,60.15393],[32.43744,60.15244],[32.42736,60.15006],[32.41826,60.14863],[32.41129,60.14721],[32.40675,60.14645]],[[32.28435,60.14664],[32.28266,60.14779],[32.28101,60.14867],[32.27983,60.14946],[32.27657,60.15255],[32.27317,60.15528],[32.27197,60.15638],[32.27146,60.15707],[32.27127,60.15774],[32.27135,60.15842],[32.27196,60.16022],[32.27196,60.16067],[32.27175,60.16118],[32.271,60.16166],[32.26903,60.16251],[32.26729,60.16346],[32.2654,60.16471],[32.26441,60.16559],[32.26122,60.16965],[32.25913,60.17152],[32.25843,60.17226],[32.25688,60.17473],[32.25521,60.17631],[32.25499,60.17698],[32.25507,60.17743],[32.25544,60.17833],[32.25543,60.17856],[32.25526,60.17876],[32.25473,60.17901],[32.25409,60.17909],[32.25049,60.17865],[32.24827,60.17871],[32.2457,60.17919],[32.24291,60.18007],[32.2411,60.18092],[32.23855,60.18288],[32.23315,60.18621],[32.22959,60.18805],[32.2255,60.18996],[32.22357,60.19104],[32.22245,60.1919],[32.22168,60.19284],[32.22071,60.19521],[32.22022,60.19678],[32.22006,60.19791],[32.22007,60.19903],[32.22027,60.20027],[32.22096,60.20241],[32.22097,60.20308],[32.22078,60.20364],[32.22045,60.20406],[32.21944,60.20463],[32.21809,60.20503],[32.21506,60.20573],[32.21375,60.20616],[32.21316,60.20658],[32.21301,60.20724],[32.21347,60.20904],[32.21354,60.20972],[32.21325,60.21059],[32.2128,60.21106],[32.2123,60.21141],[32.21164,60.2117],[32.20872,60.21254],[32.20479,60.2146],[32.20068,60.21714],[32.19977,60.21789],[32.19842,60.21928],[32.19708,60.22013],[32.19365,60.22159],[32.19049,60.22226],[32.18885,60.2228],[32.18447,60.22508],[32.18322,60.22595],[32.18249,60.22675],[32.18247,60.22704],[32.18261,60.22733],[32.18384,60.22776],[32.18791,60.22874],[32.18893,60.22914],[32.18976,60.22961],[32.19089,60.23048],[32.19185,60.23154],[32.19213,60.23222],[32.1918,60.23271],[32.19038,60.23316],[32.18711,60.23398],[32.18501,60.23425],[32.1834,60.23412],[32.1809,60.23361],[32.17954,60.23319],[32.17726,60.23227],[32.17632,60.2322],[32.17562,60.23232],[32.1747,60.23283],[32.1745,60.23311],[32.17439,60.23402],[32.17419,60.23458],[32.17277,60.2368],[32.17237,60.23796],[32.17217,60.23886],[32.17219,60.23953],[32.17246,60.24021],[32.17294,60.24073],[32.17366,60.24117],[32.17511,60.24158],[32.17646,60.24159],[32.17743,60.24139],[32.17987,60.24032],[32.18168,60.23978],[32.1842,60.23944],[32.18704,60.23935],[32.18883,60.23951],[32.19065,60.24],[32.19119,60.24034],[32.19144,60.24066],[32.19156,60.24099],[32.19156,60.24156],[32.19139,60.24223],[32.19109,60.24279],[32.18987,60.24415],[32.18897,60.2449],[32.18715,60.24578],[32.18643,60.24623],[32.18612,60.24658],[32.18591,60.24729],[32.18607,60.24887],[32.18581,60.24932],[32.18537,60.24978],[32.18359,60.25121],[32.18241,60.25155],[32.17922,60.25215],[32.17816,60.25253],[32.17729,60.25302],[32.17631,60.25402],[32.1752,60.25618],[32.17464,60.25702],[32.17342,60.25835],[32.17237,60.25978],[32.17177,60.26036],[32.17087,60.26088],[32.16971,60.26125],[32.16859,60.26137],[32.16733,60.26122],[32.16643,60.26067],[32.16557,60.25881],[32.16507,60.25834],[32.16455,60.25801],[32.16319,60.25756],[32.16049,60.25739],[32.15954,60.25706],[32.15937,60.25686],[32.15935,60.25663],[32.15962,60.25619],[32.16019,60.25572],[32.16173,60.25476],[32.16218,60.25426],[32.16231,60.25371],[32.16229,60.25281],[32.16216,60.25191],[32.16193,60.25121],[32.16164,60.25078],[32.16109,60.25026],[32.15952,60.2493],[32.15748,60.24846],[32.15556,60.24804],[32.15309,60.24798],[32.14849,60.24848],[32.14249,60.24868],[32.14095,60.24888],[32.1402,60.24919],[32.13945,60.24983],[32.1388,60.25078],[32.13807,60.25236],[32.13754,60.25292],[32.13648,60.25338],[32.13344,60.25403],[32.13279,60.25431],[32.13212,60.25478],[32.13183,60.25517],[32.13168,60.25562],[32.13172,60.25607],[32.13194,60.25651],[32.13238,60.25696],[32.13312,60.25742],[32.13431,60.25783],[32.13551,60.25803],[32.13686,60.2581],[32.14406,60.25778],[32.14564,60.25779],[32.14768,60.2581],[32.14853,60.25836],[32.14948,60.25879],[32.15407,60.26189],[32.1544,60.26226],[32.15454,60.26259],[32.15454,60.26304],[32.15393,60.26471],[32.15382,60.26541],[32.15392,60.26599],[32.15432,60.26664],[32.15499,60.26726],[32.1558,60.26777],[32.15819,60.26875],[32.15992,60.26927],[32.16181,60.26964],[32.16474,60.26963],[32.16829,60.26927],[32.16971,60.26891],[32.17183,60.26815],[32.17286,60.268],[32.17376,60.26798],[32.17511,60.26809],[32.17622,60.26834],[32.17717,60.26876],[32.1776,60.26924],[32.17757,60.26968],[32.17726,60.27008],[32.17641,60.27057],[32.17358,60.27163],[32.17275,60.27221],[32.17228,60.27283],[32.17189,60.27375],[32.17165,60.27497],[32.17165,60.27632],[32.17195,60.27891],[32.17185,60.27952],[32.17155,60.27981],[32.1709,60.28026],[32.16997,60.28067],[32.1646,60.2825],[32.16246,60.28344],[32.16152,60.28409],[32.16078,60.28488],[32.16034,60.28566],[32.15966,60.28734],[32.1592,60.28805],[32.15832,60.28861],[32.15734,60.2888],[32.15557,60.28894],[32.1547,60.28938],[32.15472,60.28948],[32.15509,60.28961],[32.15599,60.28978],[32.15824,60.28955],[32.15936,60.28958],[32.16028,60.28978],[32.16127,60.29023],[32.16195,60.29078],[32.16215,60.29106],[32.16257,60.29173],[32.16288,60.29251],[32.16297,60.29376],[32.16263,60.29522],[32.16214,60.29621],[32.16133,60.29724],[32.16039,60.29808],[32.15918,60.29885],[32.15723,60.29966],[32.15374,60.30062],[32.15202,60.30119],[32.15023,60.30201],[32.14932,60.30253],[32.14829,60.30329],[32.1478,60.30388],[32.14766,60.30433],[32.14781,60.30501],[32.1485,60.30594],[32.14863,60.30636],[32.14846,60.30752],[32.14811,60.30767],[32.14721,60.30776],[32.14406,60.30726],[32.14226,60.30712],[32.14069,60.30719],[32.13709,60.30762],[32.13529,60.30764],[32.13374,60.30743],[32.12966,60.30636],[32.12786,60.30618],[32.12584,60.30629],[32.11909,60.30709],[32.11771,60.30736],[32.11669,60.30769],[32.11595,60.30803],[32.1141,60.30918],[32.11157,60.31026],[32.1095,60.31098],[32.10345,60.31238],[32.09888,60.31325],[32.096,60.31412],[32.09497,60.31461],[32.09439,60.31505],[32.09395,60.31558],[32.09355,60.31643],[32.09299,60.31669],[32.09231,60.31676],[32.09096,60.31652],[32.08961,60.31648],[32.08871,60.31663],[32.08663,60.31737],[32.08556,60.31761],[32.08444,60.31767],[32.0834,60.31747],[32.0829,60.31725],[32.08254,60.31689],[32.08249,60.31648],[32.08277,60.31599],[32.08356,60.3155],[32.08421,60.31528],[32.08735,60.31467],[32.08791,60.31448],[32.08849,60.31419],[32.08893,60.31367],[32.08903,60.31322],[32.08896,60.31277],[32.08816,60.31101],[32.08789,60.31018],[32.08783,60.30951],[32.0879,60.30894],[32.08813,60.3083],[32.08849,60.30771],[32.09002,60.30612],[32.09039,60.30557],[32.09057,60.30478],[32.09042,60.30321],[32.0905,60.30253],[32.09088,60.3018],[32.09171,60.30108],[32.09266,60.30068],[32.09344,60.30055],[32.09444,60.3006],[32.0951,60.30079],[32.09633,60.30145],[32.0979,60.30301],[32.09845,60.30342],[32.09965,60.30393],[32.10103,60.30422],[32.10401,60.3044],[32.10887,60.30428],[32.11,60.30403],[32.1103,60.30386],[32.11055,60.30354],[32.11062,60.30309],[32.1105,60.30253],[32.10976,60.30111],[32.10863,60.29989],[32.10709,60.29886],[32.1052,60.29811],[32.10311,60.29763],[32.10064,60.29733],[32.09624,60.29708],[32.09549,60.29685],[32.09442,60.29622],[32.09355,60.29539],[32.09286,60.29444],[32.09245,60.29353],[32.09233,60.29286],[32.09243,60.29218],[32.09364,60.28999],[32.09384,60.28937],[32.09389,60.28881],[32.09378,60.28824],[32.09352,60.28766],[32.09191,60.28554],[32.09149,60.28464],[32.09141,60.28408],[32.09144,60.28329],[32.09184,60.28134],[32.09249,60.28051],[32.0934,60.2798],[32.09451,60.27912],[32.09639,60.27825],[32.09826,60.27776],[32.09929,60.27768],[32.10169,60.27773],[32.10243,60.27758],[32.10279,60.27739],[32.10289,60.27711],[32.1027,60.27672],[32.10163,60.27604],[32.09984,60.2754],[32.09052,60.27284],[32.08911,60.27228],[32.0865,60.27094],[32.08534,60.27056],[32.08442,60.27043],[32.08331,60.27044],[32.08268,60.27051],[32.08146,60.27089],[32.07986,60.27179],[32.07703,60.27409],[32.07445,60.27592],[32.07347,60.27642],[32.07073,60.27733],[32.06998,60.27768],[32.06925,60.27817],[32.06868,60.27879],[32.06757,60.28051],[32.06683,60.28125],[32.06609,60.28181],[32.06451,60.28261],[32.06134,60.28371],[32.06007,60.2844],[32.05965,60.28498],[32.05965,60.28554],[32.06079,60.28757],[32.0611,60.28869],[32.06096,60.28948],[32.06037,60.29041],[32.05905,60.29165],[32.05672,60.29305],[32.05364,60.29437],[32.05216,60.29529],[32.05136,60.29556],[32.05047,60.29557],[32.04976,60.29532],[32.04942,60.29504],[32.04918,60.29466],[32.04835,60.29263],[32.04797,60.29196],[32.04728,60.29116],[32.04535,60.28959],[32.04494,60.28899],[32.04484,60.28858],[32.04486,60.28815],[32.045,60.28778],[32.04561,60.28718],[32.04915,60.28573],[32.04998,60.28521],[32.05049,60.28461],[32.05059,60.28397],[32.05023,60.28314],[32.04943,60.28224],[32.04864,60.2817],[32.04764,60.28133],[32.04708,60.28123],[32.04506,60.28117],[32.04338,60.28139],[32.03852,60.28237],[32.03359,60.28307],[32.03146,60.28312],[32.03021,60.28293],[32.02913,60.28266],[32.02591,60.28157],[32.02229,60.28078],[32.02135,60.28041],[32.02067,60.27996],[32.02046,60.27967],[32.02027,60.27913],[32.02039,60.27857],[32.02065,60.27817],[32.02148,60.27771],[32.02542,60.27682],[32.0281,60.27596],[32.0283,60.27576],[32.02832,60.27555],[32.02818,60.27543],[32.02481,60.27431],[32.02323,60.27397],[32.02166,60.27395],[32.0206,60.2741],[32.01806,60.27479],[32.01671,60.27491],[32.01109,60.27434],[32.00803,60.27379],[32.00629,60.2732],[32.00446,60.2722],[32.00264,60.27099],[32.00094,60.26951],[31.99969,60.26873],[31.99728,60.26767],[31.99458,60.26679],[31.99356,60.26681],[31.99182,60.26781],[31.99058,60.26825],[31.98949,60.26842],[31.98881,60.26842],[31.98781,60.26828],[31.9864,60.26783],[31.98374,60.26648],[31.97919,60.26484],[31.97756,60.26442],[31.97576,60.26421],[31.97396,60.26418],[31.96856,60.26459],[31.96699,60.26462],[31.96541,60.26446],[31.96399,60.26409],[31.96275,60.26358],[31.96153,60.26286],[31.95856,60.26016],[31.95833,60.25967],[31.9581,60.25854],[31.95787,60.25799],[31.95744,60.2574],[31.95666,60.25664],[31.95629,60.25607],[31.95621,60.25483],[31.95599,60.25419],[31.95531,60.25326],[31.95431,60.25243],[31.95323,60.25184],[31.95211,60.25142],[31.95073,60.25108],[31.9486,60.25073],[31.9468,60.25028],[31.94349,60.24937],[31.94169,60.24876],[31.94043,60.24808],[31.93929,60.24706],[31.93844,60.24606],[31.93748,60.24448],[31.93698,60.24394],[31.93616,60.24369],[31.93516,60.24352],[31.93211,60.24335],[31.92986,60.24333],[31.92793,60.24346],[31.92611,60.24382],[31.92486,60.2443],[31.92376,60.24504],[31.92046,60.24832],[31.91706,60.25108],[31.91619,60.25161],[31.91473,60.25225],[31.91058,60.25347],[31.90885,60.25415],[31.90802,60.25478],[31.90772,60.25528],[31.9074,60.25612],[31.90709,60.25626],[31.90624,60.25634],[31.90519,60.25622],[31.90468,60.25609],[31.90375,60.25563],[31.9032,60.25516],[31.90163,60.25344],[31.89949,60.25169],[31.89866,60.25089],[31.89833,60.25022],[31.89849,60.24977],[31.89901,60.2494],[31.90091,60.24844],[31.90113,60.24817],[31.90124,60.24786],[31.90119,60.24757],[31.90095,60.2474],[31.90006,60.24712],[31.89926,60.24703],[31.8981,60.24706],[31.89716,60.24749],[31.89667,60.24808],[31.8962,60.24921],[31.89545,60.24979],[31.89007,60.25202],[31.88844,60.25254],[31.88171,60.25378],[31.88021,60.25388],[31.87564,60.25382],[31.87479,60.25387],[31.87361,60.25412],[31.87305,60.25433],[31.87187,60.25509],[31.87107,60.25584],[31.87056,60.25663],[31.87044,60.25719],[31.87051,60.25764],[31.87074,60.25809],[31.87138,60.2589],[31.87154,60.25944],[31.87138,60.25986],[31.87063,60.26102],[31.8705,60.26158],[31.87046,60.2628],[31.87039,60.26296],[31.87006,60.26321],[31.86948,60.26343],[31.8682,60.26333],[31.86715,60.26291],[31.86575,60.26206],[31.86429,60.26136],[31.86314,60.26101],[31.86146,60.26073],[31.85944,60.26064],[31.85719,60.26078],[31.8551,60.26108],[31.85419,60.26144],[31.85326,60.2621],[31.84686,60.26739],[31.84535,60.26886],[31.84352,60.27106],[31.84253,60.27167],[31.84014,60.27281],[31.83878,60.27364],[31.83754,60.27464],[31.83497,60.27725],[31.83342,60.27859],[31.82988,60.28105],[31.82826,60.28193],[31.82719,60.28223],[31.82659,60.28229],[31.82367,60.28229],[31.82164,60.28208],[31.81736,60.2813],[31.81511,60.28121],[31.81373,60.28134],[31.81161,60.28178],[31.80983,60.28228],[31.80642,60.28346],[31.80499,60.28381],[31.80341,60.28389],[31.80051,60.28356],[31.79922,60.28356],[31.79833,60.284],[31.79832,60.28408],[31.79859,60.28454],[31.79956,60.28554],[31.7997,60.28611],[31.79925,60.28672],[31.7982,60.28714],[31.79387,60.28808],[31.78811,60.28866],[31.78584,60.28916],[31.78487,60.28955],[31.78371,60.29022],[31.78145,60.29222],[31.78075,60.29272],[31.77975,60.29324],[31.77877,60.29358],[31.77703,60.29393],[31.77316,60.29443],[31.7689,60.29534],[31.76786,60.29541],[31.76683,60.29534],[31.76516,60.29484],[31.76432,60.29428],[31.76358,60.29342],[31.7623,60.29133],[31.7613,60.29039],[31.76048,60.2899],[31.75964,60.28954],[31.75786,60.28902],[31.75083,60.28803],[31.74649,60.28702],[31.74401,60.28682],[31.74199,60.28684],[31.74041,60.287],[31.73903,60.28734],[31.73721,60.28811],[31.73636,60.28836],[31.73527,60.28852],[31.73383,60.28848],[31.73188,60.28804],[31.72919,60.28669],[31.72806,60.28629],[31.7259,60.28581],[31.72094,60.28493],[31.71948,60.28445],[31.71889,60.28404],[31.71842,60.28341],[31.71821,60.28278],[31.71821,60.28212],[31.71842,60.28149],[31.71886,60.28084],[31.71958,60.28014],[31.72042,60.27956],[31.72165,60.27891],[31.72261,60.27853],[31.72467,60.27799],[31.72646,60.27782],[31.73073,60.2778],[31.73274,60.2775],[31.73347,60.27725],[31.73404,60.27676],[31.7342,60.27621],[31.73401,60.27564],[31.73353,60.27505],[31.73287,60.2745],[31.73209,60.27403],[31.73088,60.27353],[31.72913,60.27311],[31.72555,60.27268],[31.72369,60.27235],[31.72179,60.27189],[31.72026,60.27136],[31.71956,60.27081],[31.7187,60.26957],[31.71807,60.26884],[31.71739,60.26826],[31.71662,60.26777],[31.71376,60.26647],[31.70478,60.26287],[31.703,60.26195],[31.7007,60.26001],[31.69783,60.25778],[31.69593,60.25604],[31.69449,60.25518],[31.68774,60.25277],[31.68496,60.25151],[31.68345,60.25064],[31.68238,60.2502],[31.68107,60.24989],[31.67966,60.24976],[31.67798,60.24984],[31.67606,60.25015],[31.67518,60.25009],[31.67405,60.24967],[31.67229,60.24851],[31.67131,60.2475],[31.67073,60.24639],[31.67062,60.24549],[31.67081,60.24324],[31.67071,60.24223],[31.67037,60.24111],[31.66911,60.23796],[31.6689,60.23706],[31.66877,60.23574],[31.6684,60.23492],[31.66582,60.23109],[31.66387,60.22783],[31.66183,60.22503],[31.65945,60.22242],[31.65658,60.21906],[31.65557,60.21818],[31.6537,60.21696],[31.65334,60.21661],[31.65314,60.21579],[31.65323,60.21366],[31.6531,60.21321],[31.65281,60.21276],[31.65179,60.21185],[31.64933,60.21029],[31.6481,60.2093],[31.64681,60.20791],[31.64361,60.20387],[31.64305,60.20286],[31.64282,60.20196],[31.64283,60.20106],[31.64317,60.19881],[31.64313,60.19813],[31.64295,60.19734],[31.64192,60.19454],[31.63998,60.19084],[31.63912,60.18862],[31.63852,60.18733],[31.63749,60.18576],[31.63637,60.18457],[31.63255,60.18152],[31.63103,60.1805],[31.62919,60.17962],[31.62663,60.17869],[31.6248,60.17822],[31.62081,60.17746],[31.61833,60.17687],[31.60948,60.17397],[31.60522,60.17286],[31.60144,60.17143],[31.60024,60.17127],[31.59686,60.17126],[31.59489,60.17114],[31.59259,60.17082],[31.59022,60.17028],[31.58761,60.16937],[31.58316,60.16709],[31.58216,60.16668],[31.58089,60.16631],[31.57962,60.16611],[31.57616,60.16589],[31.57153,60.16531],[31.57031,60.165],[31.56539,60.1634],[31.56349,60.16296],[31.56086,60.1625],[31.55906,60.16239],[31.55366,60.16254],[31.55071,60.1625],[31.54804,60.16229],[31.54205,60.16157],[31.54091,60.16122],[31.53949,60.16026],[31.53841,60.15979],[31.53283,60.15841],[31.53106,60.15769],[31.53019,60.1571],[31.52975,60.15662],[31.52897,60.15538],[31.52845,60.15483],[31.52557,60.15312],[31.52544,60.15279],[31.52542,60.15246],[31.52589,60.15111],[31.52592,60.15077],[31.52583,60.15035],[31.52559,60.14998],[31.52511,60.14955],[31.52377,60.14871],[31.52349,60.14818],[31.52383,60.14765],[31.52736,60.1463],[31.52861,60.14544],[31.52929,60.14464],[31.52992,60.14346],[31.53011,60.14267],[31.52994,60.14199],[31.52884,60.14086],[31.52796,60.13918],[31.52685,60.13772],[31.52568,60.1359],[31.52478,60.13505],[31.52186,60.13384],[31.52019,60.13329],[31.51818,60.13283],[31.51478,60.1324],[31.51395,60.13208],[31.51373,60.13185],[31.51379,60.13139],[31.51518,60.13029],[31.51746,60.1282],[31.51898,60.12704],[31.51934,60.12663],[31.51937,60.12646],[31.51841,60.12566],[31.51749,60.12522],[31.51561,60.12454],[31.51299,60.12392],[31.50799,60.12312],[31.50582,60.12249],[31.50491,60.12204],[31.50428,60.12154],[31.50396,60.12112],[31.50382,60.12062],[31.50401,60.11986],[31.50444,60.11916],[31.50523,60.11826],[31.50614,60.11745],[31.50734,60.11669],[31.50821,60.11632],[31.50935,60.11598],[31.51043,60.11578],[31.51215,60.11571],[31.51384,60.11587],[31.51537,60.11619],[31.51969,60.11733],[31.52351,60.11784],[31.52666,60.11805],[31.52869,60.11806],[31.52991,60.11787],[31.53075,60.11749],[31.53175,60.11647],[31.53269,60.11499],[31.53309,60.11387],[31.5332,60.11229],[31.53335,60.11173],[31.53373,60.11101],[31.53512,60.10914],[31.53539,60.10858],[31.53545,60.10813],[31.53524,60.10768],[31.53469,60.1072],[31.53193,60.10538],[31.53019,60.10447],[31.52872,60.10396],[31.5264,60.10351],[31.51991,60.10273],[31.51721,60.10261],[31.51451,60.10275],[31.50979,60.10323],[31.50762,60.10361],[31.50585,60.10413],[31.50164,60.10583],[31.49973,60.10634],[31.49741,60.10667],[31.49507,60.10674],[31.49407,60.10657],[31.49358,60.10633],[31.49328,60.10606],[31.49291,60.10521],[31.49235,60.10301],[31.49215,60.10261],[31.49181,60.1022],[31.49081,60.10174],[31.48836,60.10131],[31.48594,60.10108],[31.48369,60.10098],[31.48144,60.10102],[31.48009,60.10118],[31.47968,60.10127],[31.47878,60.1017],[31.47616,60.1035],[31.47519,60.10399],[31.47379,60.10439],[31.47242,60.10452],[31.47103,60.1044],[31.46984,60.10404],[31.46898,60.1034],[31.46756,60.10173],[31.46641,60.10089],[31.46543,60.10041],[31.46435,60.10003],[31.46237,60.09959],[31.45984,60.09943],[31.45736,60.09966],[31.4541,60.10041],[31.45154,60.10132],[31.45041,60.10191],[31.44925,60.10273],[31.44729,60.10465],[31.44666,60.10517],[31.44245,60.10768],[31.4407,60.10883],[31.44005,60.10937],[31.43984,60.10993],[31.44011,60.11184],[31.43995,60.11331],[31.43924,60.11527],[31.43883,60.11601],[31.43833,60.11661],[31.43754,60.1171],[31.43689,60.11733],[31.43171,60.11868],[31.43003,60.11927],[31.42889,60.11982],[31.42758,60.12071],[31.42466,60.12338],[31.42337,60.1242],[31.41945,60.12641],[31.41773,60.12751],[31.41586,60.12891],[31.41465,60.13008],[31.41287,60.13277],[31.40953,60.13711],[31.40894,60.13806],[31.40879,60.13851],[31.40879,60.13896],[31.40942,60.14076],[31.40954,60.14177],[31.40925,60.14301],[31.4085,60.1445],[31.40777,60.14561],[31.40707,60.14647],[31.40424,60.14908],[31.40324,60.15036],[31.40274,60.15156],[31.4024,60.15353],[31.40222,60.15404],[31.40135,60.15525],[31.39883,60.15808],[31.39792,60.15937],[31.39664,60.16179],[31.39569,60.16449],[31.39506,60.1656],[31.39426,60.1665],[31.39353,60.16711],[31.39043,60.16919],[31.38959,60.17004],[31.38916,60.17091],[31.38833,60.17349],[31.38703,60.17631],[31.38607,60.17691],[31.38269,60.17763],[31.38075,60.17828],[31.37711,60.18012],[31.37631,60.18058],[31.37597,60.18094],[31.37592,60.18126],[31.37605,60.18153],[31.37842,60.18285],[31.37916,60.18353],[31.37952,60.18418],[31.37961,60.18497],[31.37939,60.18576],[31.379,60.18641],[31.37812,60.18725],[31.37713,60.18766],[31.37611,60.18776],[31.37443,60.18771],[31.37239,60.18738],[31.37016,60.1867],[31.36632,60.18516],[31.36455,60.18458],[31.3555,60.18233],[31.35452,60.18191],[31.35392,60.18138],[31.35372,60.18096],[31.35363,60.18013],[31.35391,60.17709],[31.35384,60.17473],[31.35406,60.17361],[31.3547,60.17198],[31.35477,60.17113],[31.35465,60.17062],[31.35431,60.17001],[31.35256,60.16798],[31.35233,60.16742],[31.35229,60.16674],[31.35256,60.16562],[31.35315,60.16427],[31.35397,60.16301],[31.35559,60.16121],[31.35582,60.16067],[31.35584,60.16011],[31.35545,60.15527],[31.3548,60.15212],[31.35369,60.14867],[31.35287,60.14671],[31.35184,60.14468],[31.35175,60.14414],[31.35204,60.14362],[31.35449,60.14126],[31.35584,60.13963],[31.35646,60.13868],[31.35683,60.13783],[31.35706,60.13693],[31.35717,60.13581],[31.35714,60.13457],[31.35691,60.13311],[31.35649,60.13188],[31.35575,60.13054],[31.35476,60.12923],[31.35389,60.12833],[31.35279,60.12745],[31.34902,60.12517],[31.34861,60.12479],[31.34831,60.12431],[31.34812,60.12298],[31.3473,60.12161],[31.3471,60.12073],[31.34733,60.12017],[31.34835,60.11933],[31.34909,60.11849],[31.34929,60.118],[31.34919,60.11763],[31.3484,60.11703],[31.3465,60.11619],[31.34569,60.11571],[31.34467,60.11486],[31.34353,60.11364],[31.34282,60.11311],[31.3421,60.11284],[31.34149,60.11273],[31.33913,60.11261],[31.33789,60.11245],[31.33474,60.11169],[31.33335,60.11112],[31.3312,60.10962],[31.32967,60.10881],[31.32821,60.1083],[31.32676,60.10804],[31.3258,60.10806],[31.32406,60.10843],[31.32305,60.10887],[31.32224,60.10949],[31.3219,60.11004],[31.32179,60.11061],[31.32186,60.11117],[31.32226,60.11256],[31.32222,60.11383],[31.32185,60.11466],[31.32117,60.11536],[31.32053,60.1158],[31.31972,60.11617],[31.31876,60.11637],[31.31741,60.11632],[31.31594,60.11589],[31.315,60.11534],[31.3144,60.1148],[31.31383,60.11409],[31.31359,60.11353],[31.31414,60.1112],[31.31488,60.10959],[31.31495,60.10903],[31.31483,60.10858],[31.31452,60.10815],[31.31389,60.10765],[31.31061,60.10608],[31.31,60.10554],[31.30966,60.10489],[31.30931,60.10374],[31.30955,60.10228],[31.30947,60.10183],[31.30915,60.10104],[31.30927,60.10071],[31.30963,60.10041],[31.31217,60.0999],[31.31321,60.09948],[31.31362,60.09912],[31.31389,60.09868],[31.31415,60.09728],[31.31448,60.09689],[31.31501,60.09659],[31.31611,60.09639],[31.31966,60.09621],[31.32309,60.09546],[31.32574,60.09525],[31.32709,60.09533],[31.33046,60.09572],[31.33496,60.09573],[31.33757,60.09592],[31.33872,60.09621],[31.34125,60.09722],[31.34296,60.09772],[31.34486,60.09805],[31.351,60.09864],[31.35391,60.09963],[31.35558,60.09997],[31.36268,60.10043],[31.36669,60.10095],[31.37265,60.10087],[31.37389,60.1011],[31.37685,60.10189],[31.37839,60.10208],[31.38086,60.102],[31.38491,60.10145],[31.38782,60.10081],[31.39582,60.09804],[31.39834,60.09726],[31.40041,60.09678],[31.40508,60.09594],[31.40629,60.09549],[31.40866,60.09413],[31.41074,60.09323],[31.41951,60.0907],[31.42672,60.08844],[31.42994,60.08774],[31.43364,60.08734],[31.43462,60.08715],[31.43839,60.08571],[31.44431,60.08407],[31.4463,60.08374],[31.44904,60.0835],[31.45005,60.08333],[31.45092,60.08233],[31.45186,60.08018],[31.45232,60.07944],[31.4531,60.07866],[31.45431,60.07785],[31.45643,60.07677],[31.45821,60.07615],[31.46006,60.07583],[31.46354,60.07567],[31.46396,60.07517],[31.46475,60.07348],[31.46561,60.07255],[31.46911,60.06982],[31.4742,60.06624],[31.47565,60.06536],[31.47881,60.0638],[31.48334,60.06127],[31.48413,60.06063],[31.48573,60.059],[31.48691,60.05811],[31.4877,60.05763],[31.48891,60.0571],[31.49173,60.05624],[31.492,60.05582],[31.49144,60.05409],[31.49156,60.05301],[31.49188,60.05233],[31.49311,60.05064],[31.49347,60.04884],[31.49376,60.04806],[31.49424,60.04739],[31.49482,60.04687],[31.49697,60.04562],[31.49849,60.04497],[31.49952,60.04466],[31.50124,60.04439],[31.50416,60.04439],[31.50502,60.04426],[31.50567,60.0436],[31.50696,60.04195],[31.50852,60.03966],[31.5104,60.0379],[31.5106,60.03759],[31.5107,60.03692],[31.51042,60.03546],[31.51032,60.03354],[31.51017,60.03287],[31.50968,60.03198],[31.50713,60.02837],[31.50689,60.02781],[31.50694,60.02747],[31.50761,60.02687],[31.51026,60.0257],[31.51166,60.02486],[31.51274,60.02388],[31.51386,60.0225],[31.51438,60.02151],[31.51445,60.02061],[31.5141,60.01995],[31.51326,60.01914],[31.51311,60.01858],[31.51332,60.01802],[31.51399,60.01735],[31.51496,60.01678],[31.51569,60.01651],[31.51654,60.01636],[31.51721,60.01635],[31.51789,60.01649],[31.51847,60.0167],[31.51929,60.01722],[31.52014,60.0174],[31.52119,60.01722],[31.52135,60.01678],[31.52115,60.01611],[31.51951,60.01399],[31.51915,60.01329],[31.51899,60.01273],[31.51908,60.01194],[31.5197,60.01071],[31.52045,60.00857],[31.52057,60.00778],[31.52044,60.00711],[31.52007,60.00651],[31.51942,60.00589],[31.5174,60.00456],[31.51647,60.00378],[31.51586,60.00294],[31.51552,60.00204],[31.51549,60.00148],[31.51572,60.00095],[31.51651,59.99999],[31.51814,59.99844],[31.51845,59.99783],[31.51828,59.99721],[31.51728,59.99496],[31.51696,59.99338],[31.51705,59.99237],[31.51806,59.98832],[31.51813,59.98776],[31.51777,59.98686],[31.51662,59.98525],[31.51569,59.98435],[31.5149,59.98383],[31.5132,59.98313],[31.51159,59.98273],[31.50461,59.98188],[31.49605,59.98012],[31.49359,59.9797],[31.49179,59.97966],[31.48682,59.98033],[31.48531,59.98031],[31.48413,59.98012],[31.48269,59.97967],[31.48174,59.97918],[31.47798,59.97618],[31.47709,59.97575],[31.47514,59.97554],[31.47019,59.97569],[31.46889,59.97549],[31.46347,59.9737],[31.45816,59.97217],[31.45565,59.97128],[31.45171,59.97019],[31.44344,59.96768],[31.44047,59.96662],[31.43419,59.9653],[31.43261,59.96518],[31.42721,59.9658],[31.42321,59.96589],[31.41911,59.96552],[31.41461,59.96464],[31.41343,59.96449],[31.40584,59.9645],[31.39976,59.96419],[31.39507,59.96409],[31.39155,59.96362],[31.38899,59.96316],[31.38706,59.96261],[31.38388,59.96131],[31.38266,59.9611],[31.38158,59.96116],[31.38088,59.96144],[31.38064,59.9618],[31.38074,59.96233],[31.38125,59.96334],[31.38126,59.96379],[31.38115,59.96413],[31.38051,59.96495],[31.37897,59.96635],[31.37835,59.96728],[31.37823,59.96807],[31.37859,59.96897],[31.37898,59.96946],[31.37973,59.97007],[31.38205,59.97134],[31.38286,59.97201],[31.38421,59.97412],[31.38612,59.9776],[31.38704,59.97848],[31.39007,59.9807],[31.39154,59.98163],[31.39429,59.98297],[31.39876,59.98477],[31.40003,59.98552],[31.40094,59.98629],[31.40157,59.98702],[31.40223,59.98806],[31.40375,59.99147],[31.40479,59.99349],[31.40643,59.99541],[31.40702,59.99631],[31.40722,59.99687],[31.40726,59.99732],[31.40718,59.99788],[31.40696,59.99838],[31.40652,59.99901],[31.40594,59.99962],[31.40326,60.00179],[31.40233,60.00273],[31.40205,60.00328],[31.40183,60.00429],[31.40149,60.00506],[31.40093,60.00586],[31.4002,60.00666],[31.39955,60.00723],[31.39837,60.00804],[31.3959,60.00923],[31.39419,60.00981],[31.39238,60.01029],[31.38882,60.01087],[31.38694,60.011],[31.38491,60.01101],[31.37884,60.01057],[31.37659,60.01055],[31.36714,60.0116],[31.36429,60.01212],[31.36194,60.01289],[31.36005,60.0139],[31.35893,60.0148],[31.35809,60.01581],[31.35746,60.01641],[31.35456,60.01843],[31.35369,60.01893],[31.34959,60.02053],[31.3482,60.02089],[31.34689,60.02101],[31.34566,60.02077],[31.34478,60.0203],[31.34379,60.01953],[31.34321,60.01881],[31.34296,60.018],[31.34296,60.01572],[31.3428,60.01487],[31.34104,60.01134],[31.3403,60.00909],[31.33953,60.00756],[31.33946,60.00666],[31.33977,60.00463],[31.33956,60.00306],[31.33961,60.00216],[31.33998,60.00103],[31.34118,59.99878],[31.34161,59.99687],[31.34183,59.99518],[31.34166,59.99462],[31.34129,59.99417],[31.33814,59.99253],[31.33685,59.9916],[31.3358,59.99059],[31.33517,59.98956],[31.33506,59.98888],[31.33518,59.98809],[31.33675,59.98416],[31.33694,59.98146],[31.33677,59.9808],[31.33575,59.97948],[31.33151,59.97495],[31.33005,59.97367],[31.32712,59.97168],[31.32615,59.97079],[31.32318,59.96766],[31.32222,59.96723],[31.31828,59.96678],[31.31668,59.96674],[31.3157,59.96703],[31.31402,59.96802],[31.31292,59.96844],[31.31089,59.96877],[31.30886,59.96877],[31.30696,59.96852],[31.30512,59.96814],[31.29934,59.96639],[31.29358,59.96513],[31.29221,59.96492],[31.29081,59.96499],[31.29031,59.96527],[31.28998,59.96559],[31.28988,59.96604],[31.28986,59.96706],[31.29009,59.96818],[31.29004,59.96886],[31.28976,59.96955],[31.28863,59.97144],[31.28803,59.97215],[31.28698,59.973],[31.28536,59.97398],[31.28389,59.97469],[31.28239,59.97522],[31.28051,59.97553],[31.27916,59.97556],[31.27601,59.97536],[31.27399,59.97556],[31.27257,59.97606],[31.27001,59.97763],[31.26915,59.97803],[31.26776,59.97849],[31.26568,59.97897],[31.26386,59.97916],[31.26251,59.97915],[31.2602,59.97892],[31.25923,59.97891],[31.25832,59.97933],[31.25742,59.98025],[31.25666,59.98081],[31.25562,59.98121],[31.25486,59.98132],[31.25398,59.9813],[31.25307,59.98112],[31.25047,59.98016],[31.24723,59.97938],[31.24612,59.97887],[31.24568,59.97851],[31.24559,59.97819],[31.24563,59.97796],[31.24608,59.97752],[31.24671,59.97714],[31.24744,59.97687],[31.24839,59.97666],[31.25104,59.97651],[31.25274,59.97622],[31.25407,59.97582],[31.25491,59.97545],[31.25564,59.97485],[31.25576,59.97381],[31.25558,59.97307],[31.2548,59.97239],[31.25319,59.97162],[31.25274,59.97128],[31.25259,59.97099],[31.25259,59.97066],[31.25273,59.97034],[31.25397,59.96895],[31.25425,59.96841],[31.25432,59.96796],[31.25422,59.96739],[31.25382,59.96641],[31.25327,59.96549],[31.25271,59.96498],[31.25116,59.96407],[31.25019,59.96364],[31.24645,59.96273],[31.24393,59.96222],[31.24107,59.96136],[31.24004,59.96093],[31.2386,59.96001],[31.23746,59.95958],[31.23619,59.95944],[31.23326,59.95964],[31.2314,59.95952],[31.23011,59.95927],[31.22674,59.95839],[31.22326,59.9577],[31.21819,59.95695],[31.21661,59.95693],[31.21413,59.95754],[31.20988,59.9581],[31.20703,59.95867],[31.20615,59.95913],[31.2046,59.96085],[31.20364,59.96143],[31.20247,59.9618],[31.19894,59.9626],[31.19661,59.96357],[31.19517,59.96453],[31.19325,59.96616],[31.19251,59.96709],[31.19165,59.96901],[31.19114,59.96976],[31.18972,59.97116],[31.18899,59.97168],[31.18843,59.9719],[31.18781,59.97203],[31.18691,59.97206],[31.18354,59.97182],[31.18174,59.97181],[31.17971,59.97193],[31.17824,59.97217],[31.17286,59.97353],[31.172,59.97403],[31.1703,59.97531],[31.16827,59.97658],[31.16687,59.97759],[31.16531,59.97828],[31.16416,59.9786],[31.16306,59.97877],[31.15946,59.9788],[31.15802,59.97894],[31.15579,59.97938],[31.15298,59.98023],[31.1521,59.98067],[31.15141,59.98117],[31.15036,59.9822],[31.14948,59.98346],[31.14854,59.98566],[31.14802,59.98612]],[[31.1244,59.99422],[31.12285,59.99519],[31.12246,59.99558],[31.12222,59.99619],[31.12218,59.99676],[31.12233,59.9973],[31.12341,59.99917],[31.12344,59.99979],[31.12313,60.00048],[31.12266,60.00098],[31.12231,60.00118],[31.12151,60.00146],[31.11887,60.00188],[31.11795,60.00232],[31.11772,60.00272],[31.11767,60.00351],[31.11805,60.00446],[31.11881,60.0055],[31.11974,60.00638],[31.12049,60.00688],[31.12137,60.00732],[31.12527,60.00855],[31.12721,60.00944],[31.12816,60.01014],[31.12959,60.01181],[31.1302,60.01239],[31.13334,60.01424],[31.1368,60.01586],[31.13949,60.01692],[31.14036,60.01722],[31.14349,60.01789],[31.14694,60.01926],[31.14862,60.02024],[31.15035,60.02168],[31.15114,60.02216],[31.15303,60.02304],[31.15523,60.02444],[31.15694,60.0257],[31.15772,60.02651],[31.15845,60.02753],[31.16072,60.02926],[31.16278,60.03114],[31.16329,60.03197],[31.16383,60.03384],[31.16483,60.03513],[31.16659,60.03648],[31.16948,60.03825],[31.17097,60.03882],[31.17597,60.04019],[31.17824,60.04063],[31.18167,60.04108],[31.18274,60.04138],[31.18535,60.04245],[31.18693,60.04321],[31.18792,60.04383],[31.18869,60.04457],[31.18899,60.04507],[31.18912,60.0455],[31.18917,60.04603],[31.1891,60.04646],[31.18621,60.04936],[31.1839,60.05143],[31.18366,60.05184],[31.18352,60.05233],[31.18336,60.05368],[31.18367,60.05573],[31.18426,60.05694],[31.18477,60.05829],[31.18513,60.06032],[31.18518,60.06156],[31.18466,60.06313],[31.18466,60.06369],[31.18499,60.06426],[31.1861,60.06536],[31.18656,60.06606],[31.18706,60.06842],[31.18821,60.07116],[31.18817,60.07164],[31.18791,60.07203],[31.18572,60.07427],[31.18469,60.07584],[31.18458,60.07618],[31.1846,60.07652],[31.18496,60.07708],[31.18762,60.07911],[31.1885,60.07989],[31.1889,60.08057],[31.18892,60.08091],[31.1888,60.08124],[31.18855,60.08156],[31.18812,60.08184],[31.18712,60.08217],[31.18601,60.08221],[31.18543,60.08211],[31.18485,60.08189],[31.18436,60.08161],[31.18376,60.08099],[31.18242,60.07911],[31.18153,60.07742],[31.18086,60.07668],[31.18002,60.07613],[31.17903,60.0758],[31.17814,60.07573],[31.17701,60.0759],[31.17639,60.07607],[31.17553,60.07653],[31.1756,60.07751],[31.1753,60.07799],[31.17488,60.07838],[31.17297,60.0796],[31.1702,60.0811],[31.16961,60.08158],[31.16901,60.08226],[31.16858,60.08293],[31.16847,60.08349],[31.1686,60.08406],[31.16925,60.08557],[31.16903,60.08608],[31.16848,60.08652],[31.16801,60.08666],[31.16734,60.08673],[31.16652,60.08662],[31.16372,60.08534],[31.15923,60.08425],[31.15857,60.08372],[31.15848,60.08327],[31.15861,60.08271],[31.15916,60.08147],[31.15953,60.07967],[31.1602,60.07852],[31.16111,60.0777],[31.16289,60.07655],[31.16441,60.07507],[31.16619,60.07382],[31.16658,60.07345],[31.16649,60.07307],[31.16577,60.07269],[31.16387,60.07217],[31.16307,60.0718],[31.16013,60.06981],[31.15953,60.06924],[31.15913,60.06864],[31.15863,60.06674],[31.15813,60.06583],[31.15662,60.06446],[31.15582,60.06389],[31.15493,60.06346],[31.1539,60.06309],[31.15249,60.06277],[31.15136,60.0627],[31.15024,60.06281],[31.14849,60.06332],[31.14528,60.06489],[31.14371,60.06546],[31.14124,60.06603],[31.13899,60.0662],[31.13661,60.06587],[31.12873,60.06392],[31.12666,60.06316],[31.12424,60.06173],[31.12326,60.06132],[31.12154,60.0609],[31.11964,60.06056],[31.11829,60.06041],[31.11694,60.0604],[31.11086,60.06092],[31.10885,60.06124],[31.10721,60.06178],[31.10654,60.06224],[31.10627,60.06271],[31.10621,60.06684],[31.10603,60.06729],[31.10563,60.06766],[31.10502,60.06789],[31.10389,60.0681],[31.09984,60.06823],[31.09822,60.0685],[31.09735,60.06897],[31.09636,60.06983],[31.09579,60.0702],[31.09469,60.07071],[31.09354,60.07103],[31.09151,60.07137],[31.09066,60.07158],[31.09048,60.0717],[31.09039,60.07202],[31.09052,60.07224],[31.09185,60.07329],[31.09219,60.07371],[31.09237,60.07416],[31.09232,60.07461],[31.09106,60.0765],[31.09041,60.07821],[31.09008,60.0788],[31.08732,60.0829],[31.08646,60.08486],[31.08599,60.08631],[31.08597,60.08676],[31.08607,60.08709],[31.08778,60.08946],[31.08808,60.09002],[31.08847,60.09182],[31.08828,60.09317],[31.08833,60.09373],[31.0889,60.09474],[31.08967,60.09576],[31.09043,60.09643],[31.0914,60.09693],[31.09267,60.09731],[31.09466,60.09768],[31.09599,60.09813],[31.09674,60.0986],[31.09721,60.09914],[31.09735,60.09969],[31.0972,60.10034],[31.09676,60.10104],[31.09544,60.10267],[31.09532,60.10363],[31.09559,60.10566],[31.09602,60.10746],[31.09649,60.10881],[31.09755,60.11117],[31.09807,60.11263],[31.09817,60.11354],[31.09791,60.11443],[31.09742,60.1152],[31.09682,60.11578],[31.09271,60.11864],[31.09099,60.12047],[31.08464,60.1265],[31.08261,60.12831],[31.08023,60.13016],[31.07628,60.13272],[31.07486,60.13379],[31.07396,60.1347],[31.07246,60.13648],[31.07143,60.13746],[31.06957,60.13875],[31.06555,60.14087],[31.06474,60.14139],[31.06416,60.14199],[31.06334,60.14334],[31.06178,60.14526],[31.06088,60.14694],[31.05984,60.14931],[31.0597,60.14987],[31.05987,60.15043],[31.06125,60.15217],[31.06172,60.15302],[31.06199,60.15403],[31.06194,60.15504],[31.06142,60.15625],[31.0608,60.15707],[31.05921,60.15876],[31.05889,60.15932],[31.05879,60.15977],[31.05893,60.16056],[31.05989,60.16269],[31.06037,60.16427],[31.06053,60.16573],[31.06035,60.16703],[31.05987,60.16809],[31.05917,60.16899],[31.05843,60.16966],[31.05638,60.17114],[31.05625,60.17158],[31.0562,60.17282],[31.056,60.17349],[31.05434,60.17653],[31.0536,60.17833],[31.05314,60.17903],[31.0524,60.17969],[31.0516,60.18015],[31.05053,60.18057],[31.0491,60.18096],[31.047,60.18135],[31.04539,60.18155],[31.04381,60.1816],[31.04229,60.1815],[31.03968,60.18096],[31.03765,60.18014],[31.03691,60.17964],[31.03647,60.17923],[31.03541,60.17769],[31.03505,60.17744],[31.03464,60.17732],[31.02887,60.17692],[31.02442,60.17646],[31.02198,60.17597],[31.01915,60.17499],[31.01839,60.17482],[31.01445,60.1748]],[[32.91044,60.56995],[32.90951,60.57052],[32.90898,60.5712],[32.9089,60.57217],[32.90896,60.57245],[32.90929,60.57285],[32.9098,60.57311],[32.91188,60.57377],[32.91527,60.57517],[32.91712,60.57694],[32.91756,60.57748],[32.91774,60.57793],[32.91772,60.57917],[32.91792,60.57971],[32.9181,60.5799],[32.91892,60.58052],[32.91989,60.58098],[32.92245,60.58179],[32.92282,60.582],[32.92332,60.58241],[32.92404,60.58337],[32.92524,60.58406],[32.9259,60.58464],[32.92617,60.58506],[32.92637,60.58581],[32.92687,60.58627],[32.92778,60.58655],[32.92886,60.58661],[32.93002,60.58648],[32.93054,60.58614],[32.9306,60.58591],[32.93038,60.58555],[32.92952,60.58477],[32.92853,60.58418],[32.92611,60.58323],[32.9257,60.58276],[32.92526,60.58186],[32.92425,60.58102],[32.9234,60.58052],[32.92246,60.58012],[32.92146,60.57999],[32.92092,60.57972],[32.92084,60.57951],[32.92102,60.57883],[32.92086,60.57829],[32.92059,60.57791],[32.91917,60.57658],[32.91888,60.57559],[32.91863,60.57531],[32.918,60.57486],[32.91701,60.57474],[32.91683,60.57464],[32.91642,60.57433],[32.91635,60.5738],[32.916,60.57345],[32.91419,60.57254],[32.91091,60.56995],[32.91044,60.56995]],[[32.63037,60.56228],[32.63168,60.5631],[32.63218,60.56354],[32.63257,60.56421],[32.63253,60.56477],[32.63201,60.56538],[32.63002,60.5667],[32.62904,60.56752],[32.62767,60.56926],[32.62719,60.56975],[32.62447,60.5711],[32.62302,60.57203],[32.62117,60.57302],[32.61811,60.576],[32.61634,60.57738],[32.61549,60.57776],[32.61355,60.57821],[32.61237,60.57874],[32.61191,60.57919],[32.61147,60.58007],[32.61107,60.5806],[32.60737,60.58324],[32.60649,60.58413],[32.60576,60.58465],[32.60444,60.58502],[32.60384,60.58508],[32.60327,60.58501],[32.60206,60.58462],[32.60151,60.58412],[32.60129,60.58356],[32.6012,60.58238],[32.60082,60.58153],[32.6005,60.58041],[32.60029,60.58005],[32.59914,60.57892],[32.59894,60.57838],[32.59919,60.57779],[32.60204,60.5756],[32.60215,60.57514],[32.60184,60.57433],[32.60179,60.57377],[32.60187,60.57335],[32.60222,60.57293],[32.6049,60.57125],[32.6056,60.57091],[32.60636,60.57068],[32.61298,60.57013],[32.61611,60.56931],[32.61736,60.56888],[32.6189,60.56805],[32.61952,60.56756],[32.61998,60.56701],[32.62064,60.56578],[32.62112,60.56511],[32.62155,60.5647],[32.62272,60.56392],[32.62375,60.5635],[32.629,60.56196],[32.62992,60.56199],[32.63037,60.56228]],[[32.59458,60.58161],[32.59488,60.58194],[32.59399,60.58238],[32.59249,60.58258],[32.59215,60.58255],[32.59193,60.58239],[32.59216,60.58193],[32.59311,60.58149],[32.59399,60.5814],[32.59458,60.58161]],[[32.90681,60.56515],[32.9062,60.5652],[32.90601,60.56567],[32.90621,60.56625],[32.90689,60.56669],[32.90691,60.56691],[32.90664,60.56781],[32.90689,60.56844],[32.90745,60.56885],[32.90839,60.56918],[32.90975,60.56943],[32.91028,60.56938],[32.91049,60.56925],[32.91053,60.56904],[32.91043,60.56871],[32.90983,60.56799],[32.90896,60.56752],[32.90774,60.56711],[32.90742,60.56691],[32.90726,60.56657],[32.90746,60.56589],[32.90742,60.56556],[32.9072,60.56519],[32.90681,60.56515]],[[32.89511,60.553],[32.89421,60.55296],[32.89286,60.55319],[32.89262,60.55354],[32.89268,60.55408],[32.89319,60.55476],[32.89399,60.55535],[32.89479,60.55569],[32.89647,60.5562],[32.89732,60.55664],[32.89774,60.55712],[32.89821,60.55797],[32.89904,60.55869],[32.90031,60.55939],[32.90172,60.55997],[32.90225,60.56029],[32.90265,60.56078],[32.90249,60.56173],[32.90256,60.56222],[32.90278,60.56257],[32.90339,60.56309],[32.90546,60.56424],[32.90626,60.56442],[32.90721,60.56406],[32.90733,60.56364],[32.90715,60.5631],[32.90666,60.56252],[32.90621,60.56175],[32.90568,60.5612],[32.90445,60.56042],[32.90254,60.5595],[32.90096,60.55894],[32.90054,60.55866],[32.90042,60.55836],[32.90061,60.55779],[32.90059,60.55734],[32.9004,60.55689],[32.90001,60.5564],[32.89861,60.55541],[32.89801,60.55457],[32.89732,60.55394],[32.89637,60.55341],[32.89511,60.553]],[[32.87261,60.54128],[32.87197,60.54122],[32.8716,60.54132],[32.87151,60.54144],[32.8722,60.5417],[32.87296,60.5423],[32.87368,60.54334],[32.87405,60.54367],[32.87485,60.54409],[32.87653,60.54459],[32.8781,60.54547],[32.88016,60.54623],[32.88181,60.54738],[32.88417,60.54806],[32.8845,60.5483],[32.885,60.54902],[32.88553,60.54954],[32.88656,60.54985],[32.88836,60.5501],[32.88917,60.55039],[32.88976,60.55093],[32.89042,60.55194],[32.89093,60.55243],[32.89185,60.55282],[32.89259,60.55297],[32.89387,60.55224],[32.89382,60.55176],[32.89351,60.55141],[32.89276,60.55087],[32.89188,60.5504],[32.89096,60.54997],[32.88907,60.5496],[32.88754,60.54856],[32.88562,60.54766],[32.88375,60.54638],[32.88202,60.5459],[32.88114,60.54549],[32.88007,60.5446],[32.87891,60.54431],[32.87758,60.54434],[32.87703,60.54422],[32.8767,60.54396],[32.8762,60.54294],[32.87558,60.54239],[32.87462,60.5419],[32.87261,60.54128]],[[32.86811,60.53868],[32.86663,60.53872],[32.86655,60.53925],[32.86689,60.53969],[32.86742,60.54012],[32.86919,60.54088],[32.87102,60.54131],[32.8714,60.54122],[32.87166,60.54102],[32.87163,60.54081],[32.87132,60.54047],[32.87115,60.54008],[32.8704,60.53945],[32.86925,60.5389],[32.86811,60.53868]],[[32.86541,60.53727],[32.86429,60.5372],[32.86343,60.53732],[32.86331,60.53745],[32.86388,60.53785],[32.86482,60.53824],[32.86581,60.53836],[32.8661,60.53799],[32.86612,60.53777],[32.8658,60.53736],[32.86541,60.53727]],[[32.86091,60.5358],[32.86024,60.53596],[32.86024,60.53614],[32.86042,60.53643],[32.86135,60.53689],[32.86271,60.53718],[32.86308,60.53711],[32.8631,60.53691],[32.86214,60.53603],[32.86091,60.5358]],[[32.84741,60.5277],[32.84684,60.52791],[32.84647,60.52854],[32.84587,60.52928],[32.84565,60.53001],[32.84596,60.53062],[32.84682,60.53108],[32.85044,60.53253],[32.85235,60.53374],[32.85322,60.53417],[32.85582,60.53514],[32.85664,60.53535],[32.85754,60.53544],[32.85858,60.53529],[32.85898,60.53505],[32.85889,60.53463],[32.85852,60.53424],[32.85679,60.53331],[32.85407,60.53242],[32.85139,60.53187],[32.85008,60.53122],[32.84867,60.53015],[32.84806,60.52956],[32.84782,60.52899],[32.84779,60.52771],[32.84741,60.5277]],[[32.71533,60.53244],[32.71594,60.53272],[32.71611,60.53293],[32.71582,60.53334],[32.71515,60.53364],[32.71459,60.53379],[32.71353,60.5338],[32.71284,60.53361],[32.71246,60.53335],[32.71245,60.53316],[32.71263,60.53284],[32.71363,60.53247],[32.71446,60.53237],[32.71533,60.53244]],[[32.73045,60.53079],[32.73055,60.53113],[32.73025,60.53145],[32.72986,60.53167],[32.72929,60.53174],[32.72794,60.53155],[32.72758,60.53124],[32.72741,60.53091],[32.72746,60.53068],[32.72766,60.53047],[32.72799,60.53029],[32.72839,60.53021],[32.72971,60.53036],[32.73014,60.53053],[32.73045,60.53079]],[[32.76731,60.5166],[32.76667,60.51657],[32.76592,60.51671],[32.76546,60.51698],[32.76529,60.51729],[32.76557,60.51765],[32.76641,60.51783],[32.76844,60.51764],[32.76956,60.51769],[32.77036,60.51757],[32.76956,60.51732],[32.76859,60.51731],[32.76785,60.51669],[32.76731,60.5166]],[[32.80781,60.49986],[32.80646,60.49969],[32.80512,60.49988],[32.80455,60.50003],[32.80357,60.50088],[32.80235,60.50233],[32.80132,60.50436],[32.7992,60.50664],[32.79843,60.50805],[32.79745,60.50955],[32.79714,60.50991],[32.7955,60.5112],[32.79511,60.51167],[32.7949,60.51212],[32.79512,60.51255],[32.79569,60.51279],[32.79679,60.51296],[32.79769,60.5129],[32.7984,60.51273],[32.79925,60.5123],[32.80176,60.51024],[32.80361,60.50804],[32.80457,60.50634],[32.80593,60.50514],[32.80631,60.50465],[32.80695,60.50278],[32.80833,60.50064],[32.80836,60.50031],[32.80826,60.50004],[32.80781,60.49986]],[[32.09313,60.39878],[32.09359,60.39897],[32.0961,60.40056],[32.10024,60.40279],[32.10138,60.40376],[32.10276,60.40541],[32.10347,60.40595],[32.10436,60.40642],[32.10594,60.40699],[32.10693,60.40721],[32.11189,60.40755],[32.11326,60.40782],[32.1144,60.40824],[32.1159,60.4092],[32.11728,60.41043],[32.11797,60.41136],[32.11808,60.41177],[32.11804,60.41211],[32.1177,60.41263],[32.11688,60.41316],[32.11326,60.4143],[32.10913,60.41593],[32.10539,60.41703],[32.10421,60.41762],[32.10354,60.4182],[32.10317,60.41874],[32.10301,60.41931],[32.10306,60.41987],[32.10329,60.42039],[32.10378,60.42099],[32.10454,60.42164],[32.10534,60.42214],[32.10711,60.42301],[32.10748,60.42336],[32.10763,60.42369],[32.10758,60.42392],[32.10705,60.42443],[32.10227,60.42572],[32.0997,60.42664],[32.09795,60.42759],[32.09593,60.42943],[32.09521,60.42976],[32.09314,60.4303],[32.09186,60.43076],[32.09092,60.43126],[32.09016,60.43202],[32.08994,60.43251],[32.08993,60.43302],[32.09015,60.43371],[32.09088,60.43508],[32.09102,60.43562],[32.09083,60.43785],[32.0909,60.43835],[32.09109,60.43877],[32.09158,60.43936],[32.09243,60.43993],[32.09627,60.44151],[32.09709,60.44207],[32.09744,60.44259],[32.09755,60.44327],[32.09738,60.44406],[32.09701,60.44466],[32.09632,60.44514],[32.09546,60.44534],[32.09231,60.44547],[32.09093,60.44571],[32.09,60.44606],[32.08802,60.44727],[32.08691,60.44759],[32.08579,60.44761],[32.08264,60.44708],[32.08095,60.447]],[[32.07161,60.41678],[32.07158,60.41548],[32.0718,60.41486],[32.07216,60.41445],[32.07383,60.41306],[32.07491,60.41199],[32.07559,60.41104],[32.07631,60.40957],[32.0767,60.40916],[32.07727,60.40888],[32.07812,60.40866],[32.08016,60.40857],[32.08117,60.40837],[32.08182,60.40809],[32.08378,60.40691],[32.08703,60.4059],[32.08776,60.40547],[32.08848,60.40479],[32.08887,60.40412],[32.08906,60.40326],[32.08905,60.40193],[32.08885,60.40131],[32.08863,60.40097],[32.08817,60.40055],[32.08545,60.39941],[32.0853,60.39915],[32.08543,60.39877],[32.08691,60.39861],[32.09186,60.39858],[32.09268,60.39864],[32.09313,60.39878]],[[32.12184,60.40069],[32.12265,60.4011],[32.12304,60.40153],[32.12324,60.40199],[32.12327,60.40243],[32.12311,60.40299],[32.12287,60.40333],[32.12239,60.40374],[32.12063,60.40435],[32.11886,60.40452],[32.11799,60.4044],[32.1174,60.4042],[32.11684,60.40388],[32.11649,60.40344],[32.11634,60.40288],[32.1165,60.40232],[32.11684,60.40187],[32.11786,60.40114],[32.11885,60.40073],[32.11981,60.40052],[32.12089,60.40049],[32.12184,60.40069]],[[32.09584,60.39521],[32.09642,60.39541],[32.09683,60.39591],[32.09681,60.39624],[32.09649,60.39665],[32.09612,60.39691],[32.09522,60.39721],[32.09441,60.39722],[32.09404,60.397],[32.09383,60.39669],[32.09379,60.39636],[32.0939,60.39602],[32.09421,60.39562],[32.09457,60.39539],[32.09529,60.39515],[32.09584,60.39521]],[[32.65569,60.37858],[32.65689,60.37899],[32.65742,60.37927],[32.658,60.37967],[32.65835,60.38004],[32.65851,60.38038],[32.65849,60.38083],[32.65823,60.38128],[32.65785,60.38167],[32.65686,60.38232],[32.65513,60.38312],[32.65121,60.38449],[32.64896,60.38512],[32.64806,60.38524],[32.64694,60.38525],[32.64508,60.38493],[32.64069,60.38304],[32.63987,60.38254],[32.63943,60.38184],[32.63942,60.38151],[32.63963,60.38106],[32.63985,60.38078],[32.64065,60.38023],[32.64255,60.37943],[32.64431,60.37896],[32.64626,60.37878],[32.64979,60.37898],[32.65391,60.37835],[32.65481,60.3784],[32.65569,60.37858]],[[32.56295,60.38274],[32.56315,60.38297],[32.56313,60.38319],[32.56262,60.38355],[32.56159,60.38346],[32.56124,60.38307],[32.56127,60.38286],[32.56152,60.38256],[32.56245,60.38249],[32.56295,60.38274]],[[32.61929,60.37014],[32.61949,60.37048],[32.61952,60.37081],[32.6193,60.37108],[32.6189,60.37125],[32.61827,60.37135],[32.61767,60.37128],[32.61717,60.37109],[32.61692,60.37081],[32.61696,60.37048],[32.61728,60.37009],[32.61795,60.36982],[32.61859,60.36981],[32.61916,60.36997],[32.61929,60.37014]],[[32.53071,60.36461],[32.53121,60.3649],[32.53141,60.36531],[32.53125,60.36562],[32.53089,60.36589],[32.52993,60.36615],[32.52904,60.36624],[32.52825,60.36613],[32.5279,60.36576],[32.52785,60.36542],[32.52797,60.36509],[32.52822,60.36481],[32.5286,60.3646],[32.52949,60.36442],[32.53009,60.36445],[32.53071,60.36461]],[[32.56291,60.35434],[32.56343,60.35459],[32.56386,60.35496],[32.56418,60.35552],[32.56409,60.35586],[32.5639,60.35605],[32.56322,60.35632],[32.56189,60.35637],[32.56057,60.35608],[32.55974,60.35558],[32.5595,60.35507],[32.55956,60.35465],[32.55978,60.35438],[32.56058,60.35401],[32.56166,60.35398],[32.56243,60.35414],[32.56291,60.35434]],[[32.56735,60.33414],[32.56685,60.33431],[32.56648,60.33414],[32.56638,60.33394],[32.56667,60.33378],[32.56702,60.33374],[32.56743,60.33394],[32.56735,60.33414]],[[31.73699,60.30744],[31.73817,60.30783],[31.7389,60.3084],[31.73935,60.30906],[31.73957,60.30973],[31.7396,60.31052],[31.73947,60.31108],[31.73915,60.3116],[31.73817,60.31236],[31.73728,60.31281],[31.73621,60.31318],[31.7355,60.31332],[31.73453,60.31326],[31.73389,60.31307],[31.73339,60.31288],[31.73268,60.31236],[31.7321,60.31153],[31.73191,60.31063],[31.73209,60.30962],[31.73259,60.30874],[31.73355,60.30797],[31.73455,60.30757],[31.73591,60.30737],[31.73699,60.30744]],[[32.17024,60.30354],[32.17042,60.30388],[32.17027,60.30428],[32.16922,60.30475],[32.16818,60.30474],[32.16735,60.30428],[32.16725,60.3039],[32.1673,60.30372],[32.16764,60.30341],[32.16838,60.30311],[32.16949,60.30318],[32.17007,60.30336],[32.17024,60.30354]],[[31.72798,60.2926],[31.72899,60.29305],[31.7295,60.29354],[31.72987,60.29421],[31.72988,60.29488],[31.72955,60.29556],[31.72894,60.29612],[31.72808,60.29658],[31.72713,60.29688],[31.72555,60.29717],[31.72399,60.29723],[31.71917,60.29662],[31.71742,60.29612],[31.71698,60.29576],[31.71678,60.29544],[31.71684,60.29499],[31.71738,60.29441],[31.71825,60.29392],[31.72018,60.29327],[31.72264,60.29279],[31.72534,60.29243],[31.72669,60.2924],[31.72798,60.2926]],[[31.99164,60.28093],[31.99466,60.28193],[31.99531,60.28233],[31.99553,60.28261],[31.99553,60.28275],[31.99509,60.28315],[31.99442,60.28336],[31.99354,60.28338],[31.9924,60.28318],[31.99134,60.28272],[31.99066,60.28224],[31.99004,60.28171],[31.98968,60.28104],[31.9898,60.28078],[31.99019,60.28065],[31.991,60.28071],[31.99164,60.28093]],[[31.99039,60.27474],[31.99089,60.27509],[31.99105,60.27544],[31.991,60.27565],[31.99084,60.27592],[31.99021,60.27644],[31.98949,60.2767],[31.98859,60.27681],[31.9875,60.27658],[31.98703,60.2763],[31.98666,60.27576],[31.98669,60.27542],[31.987,60.27501],[31.98801,60.27454],[31.98926,60.27443],[31.99007,60.27456],[31.99039,60.27474]],[[31.98521,60.26015],[31.98379,60.26018],[31.983,60.26042],[31.98262,60.26062],[31.98247,60.26113],[31.98257,60.26146],[31.98282,60.26177],[31.98433,60.2628],[31.98476,60.26324],[31.98504,60.26383],[31.98526,60.26473],[31.98551,60.26518],[31.98633,60.26559],[31.98701,60.26571],[31.99154,60.26606],[31.99277,60.26604],[31.99336,60.26552],[31.99362,60.26462],[31.99357,60.26338],[31.99332,60.26259],[31.99276,60.26197],[31.99183,60.26154],[31.99013,60.26104],[31.98701,60.26039],[31.98521,60.26015]],[[31.01445,60.24647],[31.0161,60.24657],[31.01706,60.24686],[31.01753,60.24711],[31.01805,60.24758],[31.01813,60.24796],[31.01794,60.24847],[31.01724,60.249],[31.01613,60.24935],[31.01445,60.24945]],[[32.17781,60.22861],[32.17717,60.22865],[32.17709,60.22896],[32.17714,60.22917],[32.17741,60.22922],[32.17815,60.22913],[32.17826,60.22865],[32.17781,60.22861]],[[31.3403,60.19272],[31.33984,60.19313],[31.33922,60.19323],[31.33843,60.19315],[31.33828,60.19275],[31.33847,60.19255],[31.33924,60.19241],[31.33991,60.19252],[31.34028,60.19264],[31.3403,60.19272]],[[31.34183,60.12613],[31.34213,60.12634],[31.3422,60.12656],[31.34195,60.12691],[31.34161,60.12703],[31.34076,60.12703],[31.34042,60.12685],[31.34021,60.12657],[31.34035,60.12636],[31.34103,60.12602],[31.34183,60.12613]],[[31.33534,60.11584],[31.33581,60.11609],[31.33648,60.11674],[31.33694,60.11736],[31.33715,60.11792],[31.33706,60.11859],[31.33663,60.11931],[31.33645,60.11983],[31.33657,60.12253],[31.33644,60.12332],[31.33587,60.12394],[31.33469,60.12426],[31.33291,60.12422],[31.33128,60.12381],[31.33055,60.12337],[31.33026,60.1231],[31.33,60.12264],[31.3299,60.12219],[31.32992,60.12107],[31.33063,60.11949],[31.33061,60.11916],[31.33026,60.11803],[31.33026,60.11759],[31.3304,60.11715],[31.33074,60.11669],[31.33131,60.11623],[31.33287,60.11563],[31.33361,60.11552],[31.33429,60.11553],[31.33494,60.11566],[31.33534,60.11584]],[[31.31991,60.11904],[31.31994,60.11938],[31.31962,60.1198],[31.31876,60.12008],[31.31831,60.12007],[31.31778,60.11992],[31.31745,60.11949],[31.31746,60.11927],[31.31775,60.11888],[31.31854,60.11867],[31.31955,60.11875],[31.31991,60.11904]],[[31.48506,60.10809],[31.48639,60.10835],[31.48865,60.10863],[31.48972,60.10891],[31.49035,60.10959],[31.49046,60.11004],[31.49036,60.11049],[31.49012,60.11082],[31.48959,60.1112],[31.48883,60.11129],[31.4878,60.11123],[31.48503,60.11037],[31.48258,60.10983],[31.48158,60.1095],[31.48078,60.10896],[31.48057,60.10856],[31.48079,60.10818],[31.48098,60.10804],[31.48211,60.10775],[31.48324,60.10778],[31.48506,60.10809]],[[31.34531,60.10747],[31.34398,60.10749],[31.34285,60.1078],[31.34227,60.1081],[31.34192,60.10844],[31.34182,60.10869],[31.34184,60.109],[31.34214,60.10933],[31.34254,60.10949],[31.34396,60.10964],[31.34504,60.10952],[31.34824,60.10884],[31.35027,60.10906],[31.35127,60.10906],[31.35165,60.10892],[31.35203,60.10854],[31.35186,60.10831],[31.35119,60.10803],[31.34824,60.10803],[31.34531,60.10747]],[[31.10685,60.08379],[31.1081,60.08417],[31.10883,60.08475],[31.10953,60.08586],[31.10992,60.08677],[31.10994,60.08731],[31.1098,60.08775],[31.10883,60.08917],[31.10866,60.08968],[31.10872,60.09013],[31.10927,60.09148],[31.10909,60.09351],[31.10893,60.09409],[31.10869,60.09452],[31.10709,60.09674],[31.10597,60.09721],[31.10536,60.0973],[31.10468,60.09723],[31.10358,60.0968],[31.09998,60.09417],[31.0978,60.0927],[31.09678,60.09181],[31.09657,60.09148],[31.09652,60.09114],[31.09671,60.09081],[31.09702,60.09054],[31.09998,60.08891],[31.10086,60.08828],[31.10138,60.08766],[31.10239,60.08586],[31.10354,60.08467],[31.10438,60.08416],[31.10521,60.08387],[31.10619,60.08374],[31.10685,60.08379]],[[31.21112,60.06398],[31.21279,60.06418],[31.21424,60.06475],[31.21512,60.06535],[31.21552,60.06573],[31.21593,60.06624],[31.21615,60.06675],[31.21621,60.06741],[31.21607,60.06805],[31.21565,60.06876],[31.21436,60.07028],[31.21391,60.07123],[31.21354,60.07326],[31.21349,60.07506],[31.21307,60.07719],[31.2131,60.07809],[31.2134,60.07877],[31.21462,60.08001],[31.21513,60.08066],[31.21522,60.08111],[31.21509,60.08153],[31.21433,60.08231],[31.21342,60.08295],[31.20962,60.08514],[31.20793,60.08602],[31.20601,60.08663],[31.20424,60.0869],[31.20266,60.08677],[31.20148,60.0865],[31.19994,60.08601],[31.19809,60.08511],[31.19686,60.08424],[31.19614,60.08343],[31.19605,60.08304],[31.19609,60.08271],[31.19625,60.08228],[31.19678,60.08158],[31.1968,60.08124],[31.19658,60.08093],[31.19522,60.07981],[31.19501,60.07944],[31.19498,60.07911],[31.19517,60.07872],[31.19648,60.0776],[31.19696,60.07697],[31.19721,60.07627],[31.19726,60.07494],[31.19742,60.07461],[31.19812,60.07396],[31.20019,60.07245],[31.20089,60.07172],[31.20128,60.07112],[31.20148,60.07056],[31.2015,60.06999],[31.20101,60.06819],[31.20107,60.06774],[31.20132,60.06719],[31.20169,60.0667],[31.20339,60.06529],[31.2044,60.06419],[31.2052,60.06377],[31.20604,60.0636],[31.20671,60.06358],[31.20941,60.0639],[31.21112,60.06398]],[[31.20131,60.08055],[31.20021,60.08067],[31.1989,60.08107],[31.19868,60.08136],[31.19865,60.08153],[31.1995,60.08204],[31.20079,60.08242],[31.20199,60.0825],[31.20342,60.08245],[31.20357,60.0824],[31.20378,60.08214],[31.20384,60.08169],[31.20346,60.08106],[31.20248,60.08064],[31.20131,60.08055]],[[31.20424,60.0505],[31.20504,60.05094],[31.2054,60.05129],[31.20615,60.05287],[31.20702,60.05368],[31.20784,60.05387],[31.20983,60.05401],[31.21002,60.05424],[31.21002,60.05454],[31.2096,60.05473],[31.20851,60.05477],[31.20491,60.05441],[31.20199,60.05388],[31.19971,60.05321],[31.1989,60.05275],[31.19844,60.05211],[31.19841,60.05166],[31.19865,60.05121],[31.19893,60.05092],[31.19984,60.05047],[31.20086,60.05023],[31.20199,60.05013],[31.20311,60.05022],[31.20424,60.0505]],[[31.27226,60.03039],[31.27233,60.03084],[31.27227,60.03152],[31.27211,60.03195],[31.27194,60.03212],[31.27129,60.03228],[31.27061,60.03231],[31.26986,60.03216],[31.26958,60.03195],[31.26966,60.03152],[31.27,60.03101],[31.27093,60.03022],[31.27186,60.03012],[31.27207,60.03017],[31.27226,60.03039]],[[31.1513,59.98928],[31.15174,59.98967],[31.1519,59.99012],[31.15175,59.99079],[31.15131,59.9915],[31.15064,59.99209],[31.14968,59.99261],[31.14842,59.99288]],[[31.14809,59.98972],[31.14931,59.98925],[31.14979,59.98915],[31.15046,59.98912],[31.1513,59.98928]],[[31.23674,59.95192],[31.23633,59.95243],[31.23659,59.95286],[31.23728,59.95283],[31.23769,59.95249],[31.23772,59.95236],[31.23761,59.95222],[31.23674,59.95192]],[[32.40607,60.14628],[32.40174,60.14591],[32.39902,60.14527],[32.39826,60.14519],[32.3961,60.1451],[32.39407,60.14457],[32.39331,60.14448],[32.38993,60.14452],[32.38779,60.14421],[32.38442,60.14413],[32.3828,60.1442],[32.38036,60.14445],[32.37769,60.14463],[32.3768,60.14484],[32.37587,60.14532],[32.37466,60.14576],[32.37418,60.14587],[32.37362,60.1459],[32.37227,60.14578],[32.37171,60.14579],[32.36912,60.14642],[32.36664,60.14671],[32.36467,60.14711],[32.36406,60.14715],[32.36214,60.14708],[32.36057,60.14725],[32.36014,60.14735],[32.3584,60.14802],[32.3566,60.14853],[32.35491,60.14916],[32.35163,60.15008],[32.35101,60.15018],[32.34888,60.15025],[32.34684,60.15057],[32.34579,60.15094],[32.34531,60.15138],[32.34492,60.1519],[32.34474,60.15254],[32.34444,60.15311],[32.34415,60.15342],[32.34369,60.1536],[32.34313,60.15361],[32.34252,60.15347],[32.34182,60.15315],[32.34161,60.15297],[32.34138,60.15243],[32.341,60.15206],[32.33947,60.15117],[32.33816,60.15061],[32.33706,60.15032],[32.33492,60.14994],[32.33244,60.14922],[32.33076,60.14899],[32.32896,60.14888],[32.32798,60.14864],[32.32721,60.14824],[32.32461,60.14645],[32.32414,60.14622],[32.3222,60.14554],[32.32151,60.1451],[32.32049,60.14427],[32.31926,60.14372],[32.31827,60.14358],[32.31736,60.14373],[32.31696,60.14396],[32.31688,60.14472],[32.31676,60.14488],[32.3165,60.14508],[32.31555,60.14538],[32.31512,60.14543],[32.31467,60.14537],[32.31447,60.14512],[32.3145,60.14478],[32.31476,60.14446],[32.31546,60.14393],[32.31557,60.14377],[32.31558,60.1436],[32.31535,60.14328],[32.31433,60.14253],[32.31391,60.14209],[32.3137,60.14163],[32.31365,60.1409],[32.31344,60.14055],[32.31309,60.14031],[32.31156,60.13948],[32.31056,60.13862],[32.31022,60.13839],[32.30935,60.1381],[32.30748,60.13767],[32.30699,60.13743],[32.30632,60.13676],[32.30597,60.13652],[32.30539,60.13625],[32.30466,60.13612],[32.30421,60.13617],[32.30363,60.13633],[32.3033,60.13657],[32.30326,60.13685],[32.30349,60.13741],[32.30358,60.13803],[32.30367,60.13825],[32.30395,60.13848],[32.3048,60.1388],[32.305,60.13894],[32.30517,60.13915],[32.30516,60.13938],[32.30501,60.13952],[32.30462,60.13968],[32.30354,60.1398],[32.30306,60.13993],[32.30213,60.14059],[32.30092,60.14105],[32.30055,60.14125],[32.30042,60.14152],[32.30054,60.14236],[32.30022,60.14337],[32.30032,60.14375],[32.30074,60.14399],[32.30117,60.14403],[32.30167,60.14396],[32.30209,60.14372],[32.30258,60.14334],[32.30299,60.14319],[32.30364,60.14314],[32.30403,60.14322],[32.30426,60.14334],[32.30445,60.14351],[32.30453,60.14377],[32.30432,60.145],[32.30415,60.1454],[32.30382,60.14568],[32.30354,60.14581],[32.30319,60.14587],[32.30162,60.1458],[32.30115,60.14593],[32.30026,60.14635],[32.29986,60.14644],[32.2994,60.14644],[32.298,60.14616],[32.2961,60.14532],[32.2956,60.14506],[32.29507,60.14467],[32.2948,60.14438],[32.2947,60.1441],[32.29476,60.14382],[32.29496,60.14357],[32.29537,60.14329],[32.29587,60.14307],[32.29598,60.14283],[32.2949,60.14217],[32.29459,60.14192],[32.29436,60.14157],[32.2943,60.14118],[32.29422,60.14103],[32.29395,60.14092],[32.29352,60.14089],[32.293,60.14097],[32.29263,60.14117],[32.29222,60.14189],[32.29189,60.1428],[32.29167,60.14305],[32.29134,60.14329],[32.28939,60.14411],[32.28643,60.1451],[32.28457,60.14645]],[[32.30506,60.14826],[32.30618,60.1485],[32.30692,60.14883],[32.30706,60.14893],[32.30718,60.14917],[32.30716,60.14938],[32.30706,60.14957],[32.30653,60.15004],[32.30617,60.15026],[32.30566,60.15046],[32.30436,60.15073],[32.30376,60.15078],[32.3034,60.15074],[32.30337,60.15001],[32.30297,60.14883],[32.30303,60.14853],[32.30347,60.14827],[32.30389,60.14818],[32.30506,60.14826]],[[32.30196,60.13893],[32.30155,60.13898],[32.30151,60.1391],[32.30158,60.13923],[32.30175,60.13928],[32.30218,60.13925],[32.30227,60.13901],[32.30196,60.13893]],[[32.29431,60.13849],[32.29386,60.13843],[32.29359,60.13848],[32.29351,60.13857],[32.29377,60.13873],[32.29406,60.1388],[32.29448,60.13859],[32.29431,60.13849]],[[32.33402,60.13316],[32.33366,60.13318],[32.33315,60.1333],[32.33284,60.13343],[32.33257,60.13365],[32.33223,60.1341],[32.33212,60.13471],[32.3322,60.13501],[32.33269,60.1353],[32.33357,60.13567],[32.33407,60.13569],[32.33423,60.1356],[32.33449,60.1351],[32.33458,60.13381],[32.33454,60.1336],[32.33444,60.13346],[32.33402,60.13316]],[[32.32997,60.12974],[32.32955,60.12996],[32.32946,60.13015],[32.32946,60.13032],[32.32964,60.13088],[32.32948,60.1315],[32.32954,60.13181],[32.32991,60.13207],[32.33019,60.13216],[32.33053,60.13218],[32.33095,60.13208],[32.33108,60.1319],[32.33112,60.13167],[32.3307,60.13088],[32.33068,60.1301],[32.33044,60.1298],[32.32997,60.12974]],[[32.32774,60.11087],[32.32752,60.11103],[32.32747,60.11114],[32.3277,60.11159],[32.32797,60.11266],[32.32797,60.113],[32.32784,60.11356],[32.32803,60.1139],[32.32867,60.11449],[32.33047,60.11517],[32.331,60.1152],[32.33137,60.115],[32.33143,60.1148],[32.33138,60.11449],[32.33093,60.11358],[32.33048,60.11291],[32.32986,60.1122],[32.32956,60.11158],[32.32836,60.11102],[32.32774,60.11087]],[[31.14742,59.98659],[31.14692,59.98659],[31.1464,59.98649],[31.14598,59.98627],[31.14505,59.98565],[31.14249,59.98482],[31.14141,59.98454],[31.13994,59.98429],[31.13919,59.98436],[31.13797,59.98484],[31.13746,59.98495],[31.13477,59.98492],[31.1313,59.9854],[31.13038,59.98527],[31.12985,59.98527],[31.12965,59.98534],[31.12954,59.98548],[31.12957,59.98558],[31.12983,59.9857],[31.13016,59.98574],[31.13116,59.98567],[31.13171,59.98586],[31.13212,59.98618],[31.1323,59.98643],[31.1324,59.98672],[31.13235,59.98694],[31.13214,59.98714],[31.13034,59.98782],[31.12896,59.98848],[31.12809,59.98879],[31.12757,59.98888],[31.12715,59.98878],[31.12598,59.98775],[31.12468,59.98706],[31.1232,59.98593],[31.12277,59.98573],[31.1222,59.98557],[31.12127,59.9855],[31.11958,59.98566],[31.11699,59.98569],[31.11638,59.98579],[31.11586,59.98599],[31.11569,59.98615],[31.1156,59.98632],[31.11562,59.98655],[31.11593,59.98691],[31.11801,59.98808],[31.12008,59.9889],[31.12082,59.98904],[31.12263,59.98919],[31.12363,59.98921],[31.12476,59.98937],[31.12554,59.98936],[31.12678,59.98922],[31.12723,59.98929],[31.12748,59.9897],[31.12754,59.99043],[31.12764,59.99071],[31.12798,59.99099],[31.12878,59.9914],[31.12885,59.9915],[31.12882,59.99167],[31.12782,59.99256],[31.1272,59.99299],[31.12539,59.99367],[31.12448,59.99415]],[[31.14742,59.99284],[31.14695,59.99257],[31.14667,59.99228],[31.14648,59.99193],[31.14644,59.99161],[31.14652,59.99118],[31.14669,59.99082],[31.14697,59.99044],[31.14742,59.99004]],[[31.11081,59.98393],[31.10957,59.98379],[31.10867,59.98388],[31.10827,59.98399],[31.1079,59.98422],[31.10775,59.98443],[31.10774,59.98463],[31.10791,59.98493],[31.10846,59.98528],[31.10917,59.98553],[31.11002,59.98569],[31.11103,59.98576],[31.11204,59.98571],[31.11279,59.98557],[31.11313,59.98531],[31.11316,59.98514],[31.11307,59.98492],[31.11253,59.98447],[31.11194,59.9842],[31.11081,59.98393]],[[31.09821,59.98102],[31.09754,59.98101],[31.0971,59.9811],[31.09677,59.98132],[31.09671,59.9816],[31.09694,59.98197],[31.09768,59.98272],[31.09779,59.983],[31.09786,59.98362],[31.09803,59.98397],[31.09833,59.98426],[31.09878,59.98447],[31.09978,59.98461],[31.10067,59.98447],[31.10115,59.98421],[31.10144,59.98379],[31.10144,59.98334],[31.10107,59.98309],[31.10156,59.98331],[31.10241,59.98329],[31.10324,59.98306],[31.10344,59.98292],[31.10358,59.98272],[31.10359,59.9825],[31.10342,59.98223],[31.10288,59.9819],[31.10221,59.98174],[31.10031,59.98151],[31.09821,59.98102]],[[31.09191,59.97941],[31.09112,59.97931],[31.09033,59.97932],[31.08965,59.97945],[31.08955,59.97963],[31.08975,59.97997],[31.09031,59.98037],[31.09094,59.98062],[31.09165,59.9808],[31.09258,59.9809],[31.09335,59.98088],[31.0939,59.98072],[31.09414,59.98053],[31.09415,59.98036],[31.09405,59.9802],[31.09363,59.97993],[31.09303,59.97969],[31.09191,59.97941]],[[31.08246,59.97692],[31.08144,59.9768],[31.08077,59.97686],[31.08032,59.97702],[31.08012,59.97727],[31.0801,59.97749],[31.08038,59.9779],[31.08079,59.97818],[31.08135,59.97843],[31.08224,59.97868],[31.08347,59.9788],[31.08525,59.9787],[31.08604,59.97907],[31.08665,59.97927],[31.08729,59.97936],[31.08819,59.97936],[31.08863,59.97929],[31.08871,59.97922],[31.08866,59.97903],[31.08836,59.97882],[31.08761,59.97857],[31.08696,59.97849],[31.08583,59.97853],[31.08533,59.97847],[31.08457,59.97773],[31.08412,59.97742],[31.08353,59.97717],[31.08246,59.97692]],[[31.07391,59.97215],[31.07357,59.97214],[31.07314,59.97225],[31.07298,59.97243],[31.07293,59.9726],[31.07314,59.97302],[31.07406,59.97387],[31.07521,59.97457],[31.07543,59.97476],[31.07588,59.97536],[31.07627,59.97558],[31.0767,59.97568],[31.0772,59.97566],[31.0777,59.97546],[31.0778,59.97535],[31.07789,59.97507],[31.07768,59.97475],[31.07648,59.97407],[31.07513,59.973],[31.07458,59.97244],[31.07417,59.97221],[31.07391,59.97215]],[[31.07076,59.96885],[31.07045,59.96884],[31.07012,59.96895],[31.06997,59.96913],[31.07002,59.96937],[31.07042,59.9696],[31.07076,59.96965],[31.0711,59.96962],[31.07138,59.96945],[31.07143,59.96933],[31.07136,59.96915],[31.07095,59.96889],[31.07076,59.96885]],[[31.06176,59.96188],[31.05872,59.96179],[31.05824,59.96191],[31.05809,59.96208],[31.05804,59.96225],[31.05812,59.96241],[31.05837,59.9626],[31.05979,59.96299],[31.06052,59.9633],[31.06176,59.96424],[31.06323,59.96488],[31.06516,59.96649],[31.0682,59.96758],[31.06862,59.96763],[31.06911,59.96759],[31.06943,59.96737],[31.06949,59.96708],[31.0693,59.9668],[31.06741,59.96532],[31.06643,59.9648],[31.06596,59.96464],[31.0647,59.96438],[31.0642,59.96416],[31.06368,59.96373],[31.06271,59.96306],[31.06256,59.96281],[31.0625,59.96242],[31.06239,59.96216],[31.06199,59.96192],[31.06176,59.96188]],[[31.04516,59.95448],[31.04437,59.95466],[31.0439,59.95493],[31.04342,59.95538],[31.04233,59.95606],[31.04215,59.95634],[31.04221,59.95657],[31.0424,59.95677],[31.04266,59.95692],[31.04353,59.9572],[31.04623,59.95751],[31.04803,59.95784],[31.05068,59.95811],[31.05156,59.95792],[31.05172,59.95775],[31.0517,59.9576],[31.05153,59.95746],[31.05093,59.95722],[31.04932,59.95676],[31.04795,59.95655],[31.04727,59.95633],[31.04694,59.95605],[31.0465,59.95527],[31.04612,59.9548],[31.04569,59.95452],[31.04516,59.95448]],[[31.03488,59.95473],[31.03399,59.95487],[31.03316,59.95522],[31.03267,59.95556],[31.03242,59.95583],[31.03229,59.95606],[31.03232,59.95628],[31.03266,59.95655],[31.03402,59.95721],[31.03487,59.95734],[31.03539,59.95728],[31.03563,59.95718],[31.03583,59.95701],[31.0365,59.95606],[31.03659,59.95583],[31.03653,59.95555],[31.03635,59.95519],[31.036,59.95496],[31.03554,59.95482],[31.03488,59.95473]],[[31.07841,59.95225],[31.07728,59.95224],[31.07604,59.95232],[31.07177,59.95288],[31.06919,59.95312],[31.06558,59.9538],[31.06479,59.95377],[31.06367,59.95351],[31.06299,59.95343],[31.06209,59.95344],[31.06131,59.95354],[31.061,59.95361],[31.06053,59.95382],[31.0605,59.95405],[31.06152,59.95436],[31.06178,59.95454],[31.06184,59.95471],[31.06153,59.95489],[31.06074,59.95504],[31.06048,59.95515],[31.06004,59.95556],[31.05991,59.95583],[31.05989,59.95612],[31.05999,59.95633],[31.06016,59.95649],[31.06064,59.95668],[31.06131,59.95673],[31.06194,59.95661],[31.06254,59.95636],[31.06296,59.95609],[31.06338,59.95565],[31.0637,59.95517],[31.0639,59.95503],[31.06411,59.95492],[31.06456,59.95486],[31.06485,59.95495],[31.06535,59.95541],[31.06586,59.95566],[31.06676,59.9559],[31.06772,59.95598],[31.07154,59.95588],[31.07537,59.95605],[31.08038,59.95586],[31.08302,59.95599],[31.08441,59.95586],[31.08499,59.95567],[31.08524,59.95544],[31.08522,59.95522],[31.08491,59.95495],[31.08444,59.95473],[31.08199,59.95384],[31.08131,59.95315],[31.08063,59.95273],[31.07964,59.95242],[31.07841,59.95225]],[[31.04421,59.9515],[31.04376,59.9515],[31.04337,59.95163],[31.0431,59.95195],[31.04318,59.95229],[31.04344,59.95252],[31.04387,59.95261],[31.04432,59.95262],[31.04485,59.9525],[31.04503,59.95218],[31.04492,59.95185],[31.04453,59.95159],[31.04421,59.9515]],[[30.99426,59.93349],[30.99369,59.93344],[30.99314,59.93349],[30.99267,59.93361],[30.99229,59.93382],[30.99202,59.93407],[30.9918,59.93446],[30.99177,59.93474],[30.99188,59.93502],[30.99291,59.93682],[30.99327,59.93727],[30.99392,59.93768],[30.99584,59.9383],[30.99669,59.93875],[30.99711,59.93923],[30.99801,59.9408],[30.99835,59.94104],[30.99898,59.94116],[31.00056,59.94115],[31.00158,59.94125],[31.00254,59.94146],[31.00373,59.9419],[31.00427,59.94194],[31.00584,59.94188],[31.00776,59.94157],[31.00926,59.94147],[31.01023,59.9413],[31.01282,59.94153],[31.01518,59.94135],[31.01587,59.94149],[31.01691,59.94193],[31.0173,59.94203],[31.01807,59.94168],[31.01877,59.94148],[31.01946,59.94141],[31.02001,59.94149],[31.02055,59.9417],[31.02189,59.94263],[31.02371,59.94348],[31.02379,59.94357],[31.02386,59.9438],[31.0236,59.94442],[31.02356,59.94498],[31.02335,59.94548],[31.02337,59.94571],[31.02377,59.94633],[31.02409,59.9471],[31.02592,59.94792],[31.02668,59.94858],[31.02745,59.94948],[31.02749,59.94959],[31.02743,59.94975],[31.02686,59.95046],[31.02673,59.95072],[31.02677,59.9511],[31.027,59.95134],[31.0275,59.9516],[31.02816,59.95182],[31.02947,59.95201],[31.03037,59.95195],[31.03172,59.95165],[31.03341,59.95174],[31.03378,59.95164],[31.03391,59.9515],[31.03391,59.9514],[31.0338,59.95131],[31.03341,59.95123],[31.03175,59.95141],[31.03126,59.95122],[31.02998,59.95046],[31.02846,59.94979],[31.02816,59.94956],[31.02813,59.94938],[31.02821,59.94913],[31.0282,59.94887],[31.02782,59.94865],[31.02766,59.94848],[31.02756,59.94797],[31.02696,59.94771],[31.02671,59.9475],[31.02678,59.94729],[31.02773,59.9462],[31.02771,59.94587],[31.0273,59.94549],[31.02656,59.94504],[31.02618,59.94464],[31.02587,59.9439],[31.0259,59.94369],[31.02612,59.94327],[31.02548,59.94304],[31.02498,59.94263],[31.02466,59.94205],[31.02462,59.94121],[31.02364,59.9407],[31.02292,59.94008],[31.02261,59.94004],[31.02126,59.94017],[31.02024,59.94016],[31.01964,59.94008],[31.01833,59.93976],[31.01694,59.93966],[31.01631,59.93944],[31.01555,59.93877],[31.01349,59.93824],[31.01203,59.938],[31.01067,59.93762],[31.01012,59.93759],[31.0094,59.93765],[31.00741,59.93818],[31.00607,59.93837],[31.00567,59.93832],[31.00503,59.93767],[31.00438,59.93744],[31.00224,59.93751],[31.00056,59.93728],[30.99947,59.93693],[30.9989,59.93653],[30.9987,59.93603],[30.99878,59.93519],[30.99858,59.9349],[30.99802,59.93471],[30.9967,59.93442],[30.99504,59.93369],[30.99426,59.93349]],[[31.00937,59.94042],[31.00946,59.94059],[31.00939,59.94079],[31.00899,59.94089],[31.00841,59.94077],[31.00821,59.94059],[31.00816,59.94042],[31.00829,59.94027],[31.00866,59.94021],[31.00911,59.94028],[31.00929,59.94033],[31.00937,59.94042]]]}},{"type":"Feature","properties":{"depth_m":5,"n_lines":68},"geometry":{"type":"MultiLineString","coordinates":[[[32.78179,60.85012],[32.78184,60.84939],[32.78208,60.84881],[32.78273,60.84824],[32.78379,60.84767],[32.78576,60.84699],[32.79071,60.8458],[32.79287,60.84519],[32.79649,60.84385],[32.79914,60.84258],[32.80011,60.84187],[32.80138,60.84051],[32.80287,60.83853],[32.80349,60.83724],[32.80359,60.83668],[32.80356,60.83623],[32.80324,60.83511],[32.80269,60.83229],[32.80245,60.83038],[32.80131,60.82847],[32.80037,60.82532],[32.80004,60.82484],[32.79905,60.82408],[32.79902,60.82395],[32.79913,60.82356],[32.80005,60.82357],[32.80159,60.82413],[32.80286,60.8242],[32.80371,60.82404],[32.80423,60.82363],[32.80437,60.82329],[32.80426,60.82307],[32.80369,60.82267],[32.8022,60.82213],[32.80156,60.8217],[32.80115,60.82116],[32.80077,60.81992],[32.79982,60.81789],[32.7992,60.81721],[32.7973,60.81595],[32.79709,60.81564],[32.79701,60.81531],[32.79711,60.81499],[32.79741,60.81461],[32.79919,60.81328],[32.80001,60.81235],[32.80042,60.81126],[32.80054,60.80934],[32.80094,60.80834],[32.80178,60.80754],[32.80348,60.80648],[32.80395,60.80606],[32.80428,60.80563],[32.80453,60.80508],[32.80457,60.8042],[32.80425,60.80349],[32.80321,60.80214],[32.80285,60.80147],[32.80275,60.80102],[32.80286,60.79967],[32.80278,60.79921],[32.80088,60.79862],[32.80016,60.79829],[32.79643,60.7957],[32.79555,60.79478],[32.79543,60.79404],[32.79561,60.79351],[32.79601,60.79304],[32.79667,60.7926],[32.79745,60.79226],[32.79904,60.79187],[32.80375,60.79121],[32.8055,60.79075],[32.80622,60.79044],[32.80726,60.78956],[32.80815,60.78803],[32.80824,60.78707],[32.80806,60.78606],[32.8069,60.78358],[32.80547,60.78124],[32.80534,60.78076],[32.80538,60.78037],[32.80563,60.77995],[32.80629,60.77942],[32.80721,60.77902],[32.80892,60.77851],[32.80991,60.77809],[32.81055,60.77739],[32.81115,60.77616],[32.81181,60.77546],[32.81185,60.77514],[32.81179,60.77485],[32.81084,60.77332],[32.80927,60.7718],[32.80862,60.77087],[32.80843,60.77031],[32.80836,60.76974],[32.8086,60.76772],[32.80853,60.76693],[32.80821,60.76628],[32.80706,60.76508],[32.8067,60.76446],[32.80669,60.76412],[32.8068,60.76378],[32.80766,60.76243],[32.8079,60.76164],[32.80782,60.76108],[32.80704,60.75906],[32.80689,60.75816],[32.8069,60.75748],[32.80711,60.75684],[32.80761,60.75624],[32.80802,60.75595],[32.8099,60.75501],[32.81066,60.75451],[32.81125,60.75399],[32.81178,60.75335],[32.81195,60.75276],[32.81211,60.75118],[32.81282,60.74927],[32.81288,60.74859],[32.81257,60.7481],[32.81173,60.74753],[32.81132,60.74713],[32.81061,60.74611],[32.80993,60.74533],[32.80945,60.74443],[32.80936,60.74398],[32.8094,60.74353],[32.80971,60.74286],[32.81034,60.74219],[32.81266,60.74069],[32.81369,60.73987],[32.81447,60.73877],[32.81467,60.73813],[32.81477,60.73734],[32.81484,60.73509],[32.81474,60.73431],[32.81441,60.73361],[32.81337,60.73273],[32.81215,60.73225],[32.81096,60.73206],[32.80984,60.73204],[32.80733,60.73225],[32.80639,60.73215],[32.80543,60.73179],[32.80367,60.73087],[32.80104,60.72995],[32.80024,60.72938],[32.80003,60.7291],[32.79992,60.72857],[32.80015,60.72744],[32.80055,60.72666],[32.80185,60.72504],[32.8022,60.72407],[32.80218,60.72362],[32.80197,60.72313],[32.8017,60.72285],[32.80106,60.72245],[32.80013,60.72214],[32.79926,60.72202],[32.79836,60.72205],[32.79731,60.7223],[32.79636,60.7228],[32.79434,60.72446],[32.79377,60.72474],[32.79284,60.72502],[32.79184,60.72506],[32.79096,60.72485],[32.79016,60.72447],[32.78921,60.72374],[32.78833,60.72281],[32.78758,60.72139],[32.78735,60.72069],[32.78726,60.71968],[32.78745,60.71781],[32.78791,60.71631],[32.78834,60.71507],[32.78921,60.71368],[32.79008,60.71284],[32.79095,60.71233],[32.79541,60.71034],[32.79624,60.71009],[32.79701,60.71001],[32.79825,60.71017],[32.79874,60.71068],[32.79885,60.71091],[32.79881,60.71113],[32.79832,60.71154],[32.79631,60.71213],[32.79557,60.71244],[32.79479,60.71295],[32.79429,60.71349],[32.79399,60.71406],[32.79386,60.71473],[32.79394,60.71541],[32.79421,60.71597],[32.79464,60.71649],[32.79543,60.71703],[32.7964,60.7174],[32.79746,60.71756],[32.79836,60.71755],[32.79927,60.71743],[32.80039,60.71714],[32.80186,60.71648],[32.80243,60.71597],[32.80276,60.71558],[32.80312,60.71439],[32.80356,60.71371],[32.80458,60.71289],[32.80542,60.71196],[32.80595,60.71091],[32.80651,60.71019],[32.80827,60.70881],[32.809,60.70809],[32.80945,60.70731],[32.80993,60.7052],[32.81058,60.7044],[32.81131,60.70383],[32.81356,60.70253],[32.81649,60.70123],[32.81909,60.7003],[32.82458,60.6986],[32.82689,60.69771],[32.82888,60.6967],[32.83244,60.69452],[32.83399,60.69379],[32.83529,60.69333],[32.8367,60.69299],[32.84051,60.69257],[32.84203,60.69221],[32.84279,60.69177],[32.84417,60.69054],[32.84507,60.68993],[32.84601,60.68949],[32.84757,60.689],[32.84956,60.68852],[32.85223,60.68807],[32.86133,60.68696],[32.86217,60.6867],[32.86737,60.68441],[32.87015,60.68361],[32.87832,60.68182],[32.88004,60.68155],[32.88251,60.68136],[32.88721,60.68143],[32.88811,60.68135],[32.88922,60.6811],[32.88996,60.68087],[32.89083,60.68043],[32.89348,60.6785],[32.89645,60.67691],[32.89864,60.67595],[32.90298,60.67439],[32.90446,60.67373],[32.90866,60.67092],[32.91166,60.66913],[32.91626,60.66656],[32.91699,60.66605],[32.91755,60.66546],[32.91792,60.66487],[32.91842,60.66321],[32.91879,60.66242],[32.91957,60.66147],[32.92057,60.66065],[32.92144,60.66013],[32.92277,60.65953],[32.92864,60.65744],[32.92957,60.657],[32.9305,60.6564],[32.93148,60.6555],[32.93337,60.65303],[32.93502,60.65121],[32.93598,60.6505],[32.93773,60.64941],[32.93907,60.64824],[32.93956,60.64763],[32.93994,60.64689],[32.94013,60.64509],[32.94037,60.6444],[32.94096,60.64364],[32.94324,60.64139],[32.94392,60.6404],[32.94426,60.63958],[32.94439,60.63868],[32.94445,60.63553],[32.94485,60.63193],[32.94474,60.63081],[32.94441,60.62991],[32.944,60.62928],[32.94346,60.62869],[32.94058,60.62611],[32.93963,60.62505],[32.93898,60.62383],[32.93818,60.62124],[32.93778,60.62056],[32.93683,60.61944],[32.93506,60.61792],[32.92963,60.61435],[32.92868,60.61341],[32.9283,60.61269],[32.92805,60.61179],[32.92803,60.61101],[32.92832,60.60977],[32.92773,60.60851],[32.92747,60.60763],[32.9274,60.60673],[32.92751,60.60538],[32.92738,60.60471],[32.92698,60.60389],[32.9257,60.60189],[32.92452,60.60032],[32.92359,60.59864],[32.92203,60.59649],[32.92154,60.59547],[32.92098,60.59358],[32.92057,60.5932],[32.91896,60.59266],[32.91793,60.5922],[32.91368,60.58965],[32.91231,60.58869],[32.90981,60.58753],[32.90598,60.58553],[32.90525,60.58511],[32.90474,60.58469],[32.90441,60.58421],[32.90442,60.58374],[32.90501,60.58299],[32.905,60.58279],[32.9035,60.58201],[32.90205,60.58064],[32.90148,60.57984],[32.90135,60.57917],[32.90163,60.57759],[32.90152,60.57714],[32.90131,60.57681],[32.90071,60.57635],[32.90002,60.57606],[32.89824,60.57558],[32.89744,60.57511],[32.89748,60.57467],[32.8982,60.57343],[32.89846,60.57253],[32.89844,60.57208],[32.89829,60.57165],[32.89774,60.57107],[32.89713,60.5707],[32.8945,60.56996],[32.8934,60.56943],[32.89279,60.56884],[32.89204,60.56715],[32.89155,60.56656],[32.89103,60.56615],[32.89026,60.56573],[32.88823,60.56483],[32.88738,60.56436],[32.88565,60.56259],[32.8849,60.56203],[32.88336,60.56125],[32.87874,60.5594],[32.87713,60.55863],[32.87403,60.55653],[32.87209,60.55536],[32.87097,60.55448],[32.87026,60.55409],[32.86848,60.55356],[32.86675,60.5529],[32.86496,60.55215],[32.86322,60.55118],[32.86234,60.55084],[32.85398,60.54908],[32.84935,60.54782],[32.8477,60.54729],[32.8449,60.546],[32.84049,60.54476],[32.83656,60.54315],[32.83604,60.54278],[32.8353,60.54135],[32.83478,60.54093],[32.83375,60.54045],[32.83243,60.54008],[32.82311,60.53837],[32.82086,60.53817],[32.81636,60.53809],[32.81096,60.53731],[32.80489,60.53724],[32.79991,60.53781],[32.79459,60.53781],[32.79296,60.53803],[32.78653,60.53917],[32.78486,60.53935],[32.78374,60.53935],[32.7828,60.53921],[32.78221,60.5388],[32.78207,60.53865],[32.78176,60.53777],[32.7813,60.53732],[32.7809,60.53711],[32.77929,60.53649],[32.776,60.53497],[32.77483,60.53463],[32.77242,60.53415],[32.76731,60.53369],[32.76529,60.53366],[32.76414,60.5338],[32.76331,60.53406],[32.76133,60.53511],[32.76077,60.53524],[32.75966,60.53529],[32.75762,60.53508],[32.75685,60.53512],[32.75561,60.53536],[32.75471,60.53539],[32.75381,60.5353],[32.75287,60.53509],[32.75194,60.5347],[32.7504,60.53388],[32.74951,60.53357],[32.74807,60.53326],[32.74661,60.53317],[32.74279,60.53354],[32.73941,60.53356],[32.73616,60.53378],[32.73525,60.53404],[32.73352,60.53487],[32.73083,60.53561],[32.72707,60.53687],[32.72632,60.53742],[32.72533,60.53871],[32.72439,60.53917],[32.72299,60.53925],[32.72252,60.53919],[32.72195,60.53878],[32.72189,60.53856],[32.72206,60.53822],[32.72355,60.53677],[32.72538,60.53578],[32.72667,60.53484],[32.72702,60.53439],[32.72699,60.53417],[32.72678,60.53394],[32.72646,60.53374],[32.72524,60.53344],[32.72389,60.53345],[32.72276,60.53381],[32.72072,60.53504],[32.72,60.53524],[32.71894,60.53537],[32.71624,60.53534],[32.71106,60.53557],[32.70949,60.53544],[32.70841,60.53513],[32.70783,60.53461],[32.70776,60.53406],[32.70835,60.53254],[32.70897,60.53199],[32.71194,60.5312],[32.7148,60.53066],[32.7155,60.53024],[32.71556,60.5301],[32.7155,60.5297],[32.71451,60.52925],[32.71287,60.52919],[32.71084,60.52947],[32.7092,60.52988],[32.70547,60.53151],[32.69551,60.53486],[32.69351,60.53542],[32.68923,60.53642],[32.68839,60.53671],[32.6867,60.53756],[32.68393,60.53916],[32.68062,60.54054],[32.67769,60.54254],[32.67683,60.54301],[32.67407,60.54406],[32.67101,60.54494],[32.66716,60.54736],[32.66561,60.54796],[32.66325,60.54862],[32.66233,60.54905],[32.66171,60.54956],[32.66083,60.55071],[32.66039,60.55112],[32.65702,60.55355],[32.65607,60.55403],[32.65331,60.55523],[32.65157,60.55584],[32.64971,60.55626],[32.64691,60.55667],[32.64529,60.5572],[32.64424,60.55791],[32.64201,60.56004],[32.64088,60.56091],[32.63977,60.56148],[32.6371,60.56239],[32.6365,60.56272],[32.63622,60.563],[32.63555,60.56454],[32.63501,60.56533],[32.63437,60.56589],[32.63252,60.56703],[32.63188,60.56752],[32.63034,60.56916],[32.62964,60.57017],[32.62908,60.57068],[32.62728,60.57124],[32.62641,60.5716],[32.62541,60.5729],[32.6245,60.57335],[32.62309,60.57385],[32.62239,60.57425],[32.6214,60.57512],[32.62032,60.57666],[32.61848,60.57787],[32.6173,60.5783],[32.61475,60.5788],[32.61409,60.57917],[32.6137,60.57963],[32.61341,60.58063],[32.6131,60.58119],[32.6115,60.58266],[32.61102,60.58325],[32.61098,60.58373],[32.61123,60.58434],[32.6112,60.58466],[32.60993,60.58507],[32.60806,60.58552],[32.60303,60.58646],[32.60183,60.58683],[32.60025,60.58778],[32.59879,60.58811],[32.59834,60.58813],[32.59747,60.58791],[32.59664,60.58689],[32.59663,60.58633],[32.5976,60.58507],[32.59752,60.58471],[32.59723,60.58446],[32.5967,60.58415],[32.59204,60.5835],[32.59124,60.58328],[32.5904,60.58277],[32.59023,60.5824],[32.59032,60.58189],[32.59072,60.58141],[32.59169,60.58063],[32.59178,60.58041],[32.59165,60.57962],[32.59193,60.57914],[32.59302,60.57876],[32.59485,60.57878],[32.59604,60.57854],[32.59665,60.57825],[32.59775,60.57743],[32.59966,60.57621],[32.60032,60.57566],[32.6005,60.57501],[32.60006,60.57321],[32.60021,60.5712],[32.60058,60.57039],[32.60124,60.56986],[32.60284,60.56907],[32.60466,60.5684],[32.60734,60.56727],[32.60914,60.56678],[32.60981,60.56675],[32.61038,60.56687],[32.61079,60.56714],[32.61105,60.56753],[32.61182,60.56805],[32.61296,60.56822],[32.61388,60.56806],[32.61457,60.5675],[32.61474,60.56634],[32.61519,60.56544],[32.61547,60.56439],[32.61652,60.56307],[32.61745,60.5626],[32.61881,60.56227],[32.6228,60.56215],[32.62367,60.56168],[32.62393,60.56128],[32.62392,60.56106],[32.62371,60.5607],[32.62188,60.55986],[32.62134,60.55937],[32.62111,60.55881],[32.62149,60.55779],[32.62147,60.55746],[32.62094,60.55674],[32.62005,60.55601],[32.61913,60.55582],[32.61367,60.55666],[32.61197,60.55674],[32.61131,60.55663],[32.61087,60.55646],[32.61061,60.55621],[32.61069,60.55453],[32.61044,60.55399],[32.60988,60.55351],[32.60917,60.55315],[32.60844,60.55293],[32.60469,60.55237],[32.60252,60.55179],[32.60183,60.55143],[32.60168,60.55116],[32.60171,60.55082],[32.60194,60.55043],[32.60271,60.54958],[32.60279,60.54936],[32.60272,60.54902],[32.60239,60.5486],[32.60194,60.54827],[32.59942,60.54724],[32.59881,60.54686],[32.5988,60.54666],[32.59936,60.54615],[32.59953,60.54586],[32.59963,60.54542],[32.59957,60.54509],[32.59922,60.54465],[32.59813,60.54383],[32.59755,60.54323],[32.59729,60.54272],[32.59698,60.54159],[32.59664,60.54099],[32.59577,60.54052],[32.59452,60.54008],[32.59396,60.53962],[32.59366,60.53912],[32.59313,60.53871],[32.59045,60.53776],[32.58869,60.53687],[32.58792,60.53635],[32.58597,60.53476],[32.58569,60.53439],[32.58563,60.53417],[32.58572,60.53385],[32.58628,60.53293],[32.58645,60.53248],[32.58658,60.53057],[32.58679,60.52972],[32.58801,60.52742],[32.58906,60.52596],[32.58927,60.52539],[32.5893,60.52483],[32.58898,60.52416],[32.58818,60.52336],[32.58754,60.52284],[32.58566,60.5217],[32.58498,60.52111],[32.58333,60.51898],[32.58317,60.51842],[32.58317,60.51754],[32.58303,60.51725],[32.58269,60.51703],[32.58213,60.51687],[32.58034,60.51684],[32.57745,60.5171],[32.57491,60.51773],[32.57381,60.51783],[32.57304,60.51769],[32.57087,60.51691],[32.57043,60.51671],[32.57003,60.51628],[32.56983,60.51583],[32.56982,60.51549],[32.57018,60.51484],[32.57242,60.51311],[32.57391,60.51215],[32.57434,60.51165],[32.57425,60.51121],[32.57339,60.51026],[32.57231,60.50855],[32.57211,60.50796],[32.5722,60.5073],[32.57257,60.50688],[32.5732,60.50654],[32.57539,60.50623],[32.57615,60.50604],[32.5777,60.50525],[32.57864,60.5045],[32.57885,60.50402],[32.57891,60.50357],[32.57884,60.50301],[32.57863,60.50244],[32.57774,60.50148],[32.57595,60.50047],[32.57572,60.50008],[32.5758,60.49965],[32.57694,60.4983],[32.57732,60.49761],[32.57771,60.49639],[32.57868,60.49555],[32.57956,60.49394],[32.58007,60.49277],[32.58032,60.49131],[32.58058,60.49071],[32.58119,60.49005],[32.58264,60.48906],[32.58332,60.48844],[32.58383,60.48771],[32.58455,60.48613],[32.58571,60.4847],[32.58594,60.4842],[32.58639,60.48253],[32.58722,60.48073],[32.58757,60.47931],[32.58789,60.47859],[32.58845,60.47792],[32.58996,60.47657],[32.59145,60.47453],[32.59233,60.47358],[32.59466,60.47159],[32.59663,60.4704],[32.60049,60.46869],[32.60662,60.46629],[32.60823,60.46553],[32.60925,60.46493],[32.61147,60.46318],[32.6135,60.46176],[32.61416,60.46116],[32.61493,60.46014],[32.61602,60.45789],[32.61757,60.45596],[32.61915,60.45367],[32.62004,60.45275],[32.62365,60.44963],[32.62448,60.44911],[32.6254,60.44871],[32.62826,60.44785],[32.62989,60.44718],[32.63522,60.44437],[32.63874,60.44269],[32.64076,60.44153],[32.64171,60.44074],[32.64212,60.44012],[32.64228,60.43956],[32.64242,60.43787],[32.64254,60.43747],[32.64293,60.43697],[32.64343,60.43655],[32.6461,60.43518],[32.64925,60.43337],[32.64983,60.43301],[32.65026,60.43258],[32.65048,60.43224],[32.65053,60.43191],[32.65042,60.43157],[32.65016,60.43124],[32.64961,60.43084],[32.64766,60.42992],[32.64738,60.42966],[32.64726,60.42921],[32.64795,60.42803],[32.64785,60.42774],[32.64715,60.42709],[32.64618,60.42665],[32.64548,60.42617],[32.64532,60.42583],[32.6455,60.42538],[32.64656,60.42448],[32.64809,60.42351],[32.65317,60.42114],[32.65817,60.41897],[32.65967,60.41813],[32.66079,60.41733],[32.66142,60.41675],[32.66184,60.41593],[32.66193,60.41526],[32.66179,60.41334],[32.6619,60.41289],[32.66217,60.41244],[32.66233,60.41225],[32.66303,60.41183],[32.66591,60.41044],[32.66686,60.40959],[32.66708,60.40907],[32.66742,60.40783],[32.66738,60.40682],[32.6671,60.40603],[32.66624,60.40457],[32.66593,60.40376],[32.66586,60.40299],[32.66609,60.40142],[32.66597,60.40055],[32.66515,60.39877],[32.66391,60.39691],[32.66347,60.39591],[32.66339,60.39523],[32.66366,60.39399],[32.66368,60.39343],[32.66325,60.39203],[32.66323,60.39158],[32.66345,60.39096],[32.66413,60.3902],[32.66495,60.38968],[32.66679,60.38883],[32.66773,60.38806],[32.66798,60.38736],[32.66787,60.3867],[32.66737,60.38622],[32.66671,60.38591],[32.66584,60.38576],[32.66494,60.38581],[32.66362,60.3862],[32.6615,60.38754],[32.66066,60.3878],[32.65639,60.38856],[32.6508,60.38983],[32.64803,60.39024],[32.64559,60.39033],[32.64221,60.39031],[32.63447,60.38977],[32.63241,60.38943],[32.63169,60.38915],[32.63142,60.38891],[32.63127,60.38859],[32.63132,60.38814],[32.63189,60.38691],[32.63201,60.38623],[32.63193,60.38556],[32.63154,60.38432],[32.63148,60.38364],[32.63179,60.38184],[32.632,60.37948],[32.63277,60.37734],[32.6331,60.37622],[32.63313,60.37577],[32.63289,60.37521],[32.63147,60.37329],[32.63077,60.37271],[32.62987,60.37228],[32.62808,60.37185],[32.6265,60.37175],[32.62511,60.37193],[32.62369,60.37237],[32.62295,60.37275],[32.62239,60.37319],[32.62197,60.3737],[32.62145,60.37476],[32.62086,60.37532],[32.61998,60.37581],[32.61745,60.3768],[32.61458,60.3785],[32.61376,60.37911],[32.61246,60.38083],[32.61147,60.38161],[32.61019,60.38214],[32.60914,60.38224],[32.60823,60.38217],[32.60661,60.38166],[32.60397,60.38021],[32.60318,60.37959],[32.60288,60.37908],[32.60292,60.37854],[32.60308,60.37822],[32.60469,60.37621],[32.605,60.37566],[32.60517,60.37509],[32.60536,60.37251],[32.60598,60.36992],[32.60587,60.36948],[32.60563,60.36911],[32.60485,60.3686],[32.60378,60.36827],[32.60292,60.36816],[32.60212,60.36827],[32.60114,60.36862],[32.6007,60.36913],[32.60047,60.36958],[32.60034,60.37125],[32.60001,60.37194],[32.59919,60.37268],[32.59844,60.37312],[32.59756,60.37348],[32.59573,60.37396],[32.59384,60.37421],[32.59114,60.37442],[32.58934,60.37437],[32.588,60.37401],[32.58532,60.37266],[32.58221,60.37149],[32.57963,60.37037],[32.5771,60.36945],[32.57644,60.3691],[32.57581,60.36861],[32.57505,60.36772],[32.57419,60.36705],[32.57135,60.36607],[32.57075,60.36545],[32.57014,60.36464],[32.56959,60.36415],[32.56871,60.36377],[32.56771,60.36362],[32.56696,60.36368],[32.5662,60.36393],[32.56587,60.36407],[32.56549,60.36441],[32.56526,60.36486],[32.56527,60.36586],[32.56513,60.36634],[32.56375,60.36723],[32.56336,60.36763],[32.56313,60.36891],[32.56258,60.36958],[32.56151,60.37001],[32.56054,60.3701],[32.55965,60.37002],[32.55869,60.36968],[32.5579,60.3691],[32.55723,60.36816],[32.55631,60.36714],[32.55596,60.36643],[32.55601,60.36576],[32.55638,60.36519],[32.55828,60.36382],[32.55871,60.36328],[32.55868,60.36261],[32.55827,60.36103],[32.55799,60.36043],[32.55762,60.36012],[32.55725,60.35997],[32.55427,60.35965],[32.55311,60.35925],[32.55222,60.35865],[32.55083,60.35729],[32.54883,60.35657],[32.54846,60.35631],[32.5482,60.35597],[32.54822,60.35552],[32.5488,60.35495],[32.55079,60.35425],[32.55161,60.35373],[32.55381,60.35158],[32.55593,60.3498],[32.55625,60.34929],[32.55626,60.34889],[32.55612,60.34846],[32.55539,60.34778],[32.55448,60.34755],[32.55199,60.34727],[32.55075,60.34695],[32.54984,60.34658],[32.54899,60.34609],[32.54805,60.34522],[32.54771,60.34461],[32.54756,60.34393],[32.54765,60.34337],[32.54792,60.34291],[32.54846,60.34257],[32.54893,60.34241],[32.55086,60.34216],[32.55244,60.34218],[32.55446,60.34236],[32.55592,60.34256],[32.55736,60.34292],[32.55839,60.3434],[32.55897,60.34382],[32.55971,60.34481],[32.56063,60.34523],[32.56441,60.34654],[32.56527,60.34698],[32.56553,60.34731],[32.56561,60.34764],[32.56524,60.34928],[32.56498,60.3497],[32.56415,60.35057],[32.56395,60.35102],[32.56399,60.35169],[32.56427,60.3524],[32.56491,60.35316],[32.56584,60.35386],[32.56818,60.35512],[32.56969,60.35608],[32.57052,60.3565],[32.57111,60.35664],[32.57179,60.3567],[32.57242,60.35665],[32.57317,60.35643],[32.57414,60.35592],[32.57508,60.35518],[32.57524,60.35484],[32.57529,60.35451],[32.57517,60.35413],[32.57411,60.35334],[32.57384,60.35282],[32.57435,60.35079],[32.57426,60.35018],[32.57376,60.34966],[32.57208,60.34839],[32.57174,60.34798],[32.57159,60.34764],[32.5716,60.34719],[32.57178,60.34686],[32.57322,60.34566],[32.57343,60.34538],[32.57354,60.34506],[32.57349,60.34474],[32.57314,60.34437],[32.57111,60.34351],[32.57034,60.34306],[32.56985,60.34259],[32.56961,60.34213],[32.56977,60.34165],[32.57089,60.34076],[32.57123,60.34011],[32.57118,60.33684],[32.57104,60.33628],[32.57069,60.33578],[32.57039,60.33566],[32.56962,60.33567],[32.56784,60.33621],[32.56824,60.33718],[32.56817,60.33763],[32.56784,60.33802],[32.56667,60.33843],[32.5654,60.33846],[32.56279,60.3381],[32.56082,60.33801],[32.55973,60.33762],[32.55968,60.33712],[32.55988,60.3367],[32.56033,60.33619],[32.56245,60.33444],[32.56321,60.33353],[32.56473,60.33201],[32.56484,60.33156],[32.56419,60.33003],[32.56407,60.32919],[32.56431,60.32856],[32.56513,60.32773],[32.56677,60.32657],[32.56769,60.32622],[32.56877,60.32621],[32.57056,60.32689],[32.57145,60.32692],[32.57579,60.32531],[32.57629,60.325],[32.57683,60.32446],[32.57696,60.32391],[32.57693,60.32289],[32.57714,60.32233],[32.57774,60.32181],[32.57842,60.32144],[32.57831,60.3213],[32.57764,60.32123],[32.57471,60.32172],[32.57089,60.3218],[32.57021,60.32166],[32.56963,60.32141],[32.56934,60.32087],[32.56937,60.32019],[32.56985,60.3195],[32.57249,60.3175],[32.57524,60.31562],[32.57684,60.31381],[32.57786,60.3129],[32.57801,60.31243],[32.57779,60.31191],[32.5769,60.31147],[32.57422,60.3109],[32.57327,60.31056],[32.57249,60.31001],[32.57229,60.30973],[32.57224,60.30951],[32.57228,60.30914],[32.57252,60.3087],[32.57362,60.30759],[32.57421,60.30716],[32.5766,60.30601],[32.57662,60.30579],[32.57649,60.30561],[32.57594,60.30537],[32.57508,60.30481],[32.57466,60.30433],[32.57443,60.30377],[32.57446,60.30343],[32.5746,60.30321],[32.57497,60.30283],[32.57587,60.30241],[32.57767,60.30198],[32.57813,60.30171],[32.57839,60.30141],[32.5784,60.30107],[32.57823,60.30073],[32.57644,60.29893],[32.57601,60.29836],[32.57577,60.29781],[32.5757,60.29736],[32.57577,60.29679],[32.57652,60.29466],[32.57655,60.29421],[32.57646,60.29376],[32.57596,60.293],[32.57516,60.29275],[32.57471,60.29271],[32.57201,60.29294],[32.57128,60.29277],[32.57109,60.29251],[32.57149,60.29207],[32.57246,60.29188],[32.57429,60.29173],[32.57514,60.2914],[32.57759,60.28752],[32.57853,60.28667],[32.58332,60.28321],[32.58406,60.28226],[32.58405,60.28132],[32.58319,60.28016],[32.58229,60.27946],[32.58093,60.27864],[32.57963,60.27763],[32.57879,60.27737],[32.57849,60.27745],[32.57833,60.27774],[32.57951,60.27866],[32.57983,60.27914],[32.57984,60.27969],[32.57951,60.28038],[32.57911,60.28081],[32.57855,60.28123],[32.57784,60.28159],[32.57688,60.28192],[32.57584,60.28212],[32.57201,60.28235],[32.56964,60.28223],[32.56868,60.28178],[32.57044,60.28159],[32.57144,60.28132],[32.57227,60.28082],[32.57251,60.28045],[32.57322,60.27873],[32.57384,60.27767],[32.57423,60.27594],[32.57594,60.27275],[32.5767,60.27114],[32.57717,60.26991],[32.5775,60.26833],[32.57771,60.26778],[32.57824,60.26698],[32.57956,60.26558],[32.57969,60.26529],[32.57974,60.26484],[32.57937,60.26372],[32.57929,60.26293],[32.5795,60.26142],[32.57982,60.26079],[32.58047,60.26028],[32.58112,60.26006],[32.58236,60.25987],[32.58511,60.25979],[32.58588,60.2595],[32.58626,60.25911],[32.58642,60.25866],[32.58642,60.25708],[32.58668,60.25612],[32.58713,60.25528],[32.58813,60.25416],[32.58835,60.25371],[32.58836,60.25337],[32.58807,60.25179],[32.58814,60.25078],[32.58832,60.25023],[32.58858,60.24985],[32.58925,60.24929],[32.59199,60.24749],[32.59256,60.24684],[32.59298,60.24611],[32.59311,60.24561],[32.59309,60.24495],[32.59254,60.24291],[32.59261,60.24234],[32.59291,60.24172],[32.59371,60.2409],[32.59457,60.24027],[32.59568,60.2397],[32.59844,60.23857],[32.59923,60.23805],[32.5996,60.23751],[32.5996,60.23717],[32.59939,60.23675],[32.59816,60.23559],[32.59796,60.23526],[32.59789,60.23492],[32.59839,60.23312],[32.59835,60.23256],[32.59808,60.23154],[32.59809,60.23109],[32.59843,60.23046],[32.59935,60.22958],[32.5995,60.22929],[32.59965,60.22873],[32.59956,60.22817],[32.59936,60.22774],[32.59779,60.22592],[32.59686,60.22412],[32.59653,60.22311],[32.59617,60.22074],[32.59586,60.22],[32.59505,60.21861],[32.59456,60.21669],[32.59408,60.21561],[32.59304,60.21439],[32.59112,60.21284],[32.59045,60.21199],[32.5903,60.21129],[32.59036,60.20925],[32.59004,60.20859],[32.58948,60.20801],[32.58851,60.20755],[32.58603,60.20702],[32.58495,60.20663],[32.58439,60.20601],[32.58393,60.20486],[32.58358,60.20432],[32.58319,60.20387],[32.5815,60.20256],[32.58052,60.20073],[32.57956,60.19987],[32.57857,60.19941],[32.57302,60.19775],[32.57037,60.19677],[32.56871,60.19584],[32.56703,60.19436],[32.56624,60.19383],[32.56431,60.19309],[32.56256,60.19276],[32.5599,60.19315],[32.5581,60.19317],[32.55671,60.19295],[32.55532,60.19249],[32.5542,60.19184],[32.55375,60.19138],[32.55345,60.19087],[32.55317,60.18992],[32.55254,60.18911],[32.55165,60.18772],[32.55082,60.18726],[32.54803,60.1864],[32.54208,60.18321],[32.53921,60.18183],[32.53717,60.18099],[32.53208,60.17918],[32.52928,60.17843],[32.52361,60.17724],[32.51733,60.17534],[32.51265,60.1742],[32.50497,60.17285],[32.49641,60.1722],[32.49281,60.17172],[32.4843,60.16967],[32.47211,60.16723],[32.46875,60.16635],[32.46296,60.16391],[32.4581,60.1625],[32.45698,60.16244],[32.45472,60.16309],[32.45344,60.16335],[32.45254,60.16338],[32.45164,60.16326],[32.45072,60.16296],[32.45013,60.1625],[32.44989,60.16213],[32.44981,60.16146],[32.45016,60.15988],[32.45006,60.15937],[32.44976,60.15894],[32.4491,60.15846],[32.44817,60.15802],[32.44361,60.15623],[32.44195,60.15573],[32.43653,60.15439],[32.43091,60.15342],[32.42455,60.15179],[32.41586,60.15057],[32.40643,60.14858]],[[32.28435,60.15923],[32.28382,60.16033],[32.28323,60.16104],[32.28257,60.16165],[32.2808,60.16273],[32.27999,60.16334],[32.27896,60.16451],[32.27855,60.16482],[32.27796,60.1651],[32.27553,60.16568],[32.27368,60.1664],[32.27148,60.16687],[32.27092,60.16707],[32.27041,60.16743],[32.27007,60.16785],[32.26992,60.16821],[32.26953,60.17091],[32.26926,60.17151],[32.26665,60.1721],[32.26551,60.17263],[32.26482,60.17338],[32.26367,60.17514],[32.26189,60.1765],[32.26168,60.17678],[32.26159,60.17709],[32.26169,60.17754],[32.26276,60.17917],[32.26298,60.17979],[32.26293,60.18011],[32.2627,60.18048],[32.2621,60.18097],[32.26102,60.18147],[32.26,60.18177],[32.25237,60.1833],[32.24579,60.18547],[32.24491,60.18603],[32.24468,60.18631],[32.24462,60.18677],[32.24475,60.18728],[32.24499,60.18756],[32.24562,60.18823],[32.24641,60.18879],[32.24845,60.18984],[32.24864,60.19005],[32.24873,60.19037],[32.24863,60.19057],[32.24831,60.1908],[32.24752,60.19091],[32.24673,60.19082],[32.24481,60.19041],[32.2438,60.19041],[32.24324,60.19051],[32.24203,60.19085],[32.24115,60.19132],[32.24017,60.19217],[32.23993,60.19262],[32.23986,60.19307],[32.24,60.19352],[32.24028,60.19399],[32.24117,60.19491],[32.24206,60.19537],[32.24313,60.1957],[32.24387,60.19606],[32.24425,60.19656],[32.24429,60.19689],[32.24416,60.19722],[32.24386,60.19747],[32.2431,60.19741],[32.24286,60.19731],[32.24134,60.19604],[32.24093,60.19588],[32.2403,60.19581],[32.23845,60.19616],[32.23741,60.19673],[32.23723,60.19723],[32.23734,60.19755],[32.23755,60.19777],[32.2386,60.19826],[32.24104,60.19901],[32.24156,60.1993],[32.24183,60.19959],[32.24185,60.19993],[32.24169,60.20027],[32.24036,60.20176],[32.23973,60.20297],[32.23933,60.20346],[32.238,60.20393],[32.23249,60.20455],[32.23091,60.20458],[32.22695,60.20437],[32.22573,60.20445],[32.22413,60.20489],[32.22314,60.20571],[32.22303,60.20634],[32.22315,60.20708],[32.22362,60.20814],[32.22396,60.2085],[32.22709,60.20823],[32.22889,60.20832],[32.23004,60.20854],[32.23122,60.20889],[32.23219,60.20931],[32.23296,60.20983],[32.23344,60.21039],[32.23369,60.21107],[32.2337,60.21174],[32.23353,60.21321],[32.23361,60.21377],[32.23395,60.21427],[32.23524,60.21514],[32.23559,60.21568],[32.23544,60.21613],[32.23492,60.2166],[32.23412,60.21657],[32.23309,60.21606],[32.23171,60.21515],[32.23047,60.21471],[32.22866,60.2144],[32.22695,60.21425],[32.22601,60.21431],[32.2257,60.21448],[32.22545,60.21478],[32.22527,60.21523],[32.22529,60.21602],[32.22612,60.21804],[32.22669,60.21892],[32.22724,60.21951],[32.22732,60.21984],[32.22716,60.22016],[32.22668,60.22054],[32.22401,60.22191],[32.22344,60.22243],[32.22329,60.22277],[32.22333,60.22322],[32.22405,60.2242],[32.22406,60.22456],[32.22347,60.22521],[32.22306,60.22549],[32.22236,60.22577],[32.22031,60.2264],[32.21858,60.22686],[32.21741,60.22694],[32.21679,60.22689],[32.21584,60.22647],[32.21512,60.22585],[32.21413,60.22464],[32.21347,60.22411],[32.21253,60.2237],[32.21134,60.22349],[32.20954,60.2235],[32.20706,60.22402],[32.20571,60.22416],[32.20391,60.22407],[32.20132,60.22373],[32.19924,60.22372],[32.19778,60.22406],[32.19724,60.22446],[32.19722,60.22479],[32.19763,60.22518],[32.19976,60.22597],[32.20067,60.22642],[32.20089,60.22671],[32.20103,60.22727],[32.2006,60.2283],[32.20056,60.22873],[32.20065,60.22913],[32.20166,60.22938],[32.20414,60.22893],[32.20571,60.22893],[32.20696,60.2292],[32.2078,60.2296],[32.20801,60.22988],[32.20804,60.23041],[32.20774,60.23092],[32.20701,60.23163],[32.20604,60.23227],[32.20429,60.23285],[32.19867,60.23399],[32.19822,60.2342],[32.19788,60.23454],[32.19824,60.23493],[32.19974,60.23588],[32.20018,60.23627],[32.20199,60.23829],[32.20434,60.24032],[32.20597,60.24222],[32.20696,60.24296],[32.20876,60.24397],[32.20899,60.24437],[32.20897,60.24459],[32.20879,60.24489],[32.20697,60.24626],[32.20552,60.24751],[32.20453,60.24853],[32.20441,60.24887],[32.20444,60.24932],[32.20519,60.25055],[32.2054,60.25134],[32.20514,60.2522],[32.20427,60.253],[32.2033,60.25309],[32.20257,60.25292],[32.19851,60.251],[32.19806,60.25085],[32.19739,60.25086],[32.19304,60.25206],[32.19042,60.25249],[32.18978,60.2527],[32.18919,60.25313],[32.18877,60.25371],[32.18854,60.25449],[32.18865,60.25551],[32.18843,60.25581],[32.18811,60.25596],[32.18726,60.25601],[32.18543,60.25542],[32.18434,60.25536],[32.18354,60.25553],[32.18312,60.25572],[32.1826,60.25604],[32.18224,60.25652],[32.18201,60.25708],[32.18197,60.25764],[32.18212,60.25877],[32.18244,60.25966],[32.18318,60.26068],[32.18556,60.26316],[32.18599,60.26383],[32.18629,60.2646],[32.18631,60.26525],[32.18545,60.26721],[32.18531,60.26822],[32.18546,60.26968],[32.18615,60.271],[32.18629,60.27152],[32.18613,60.27195],[32.18564,60.27245],[32.18358,60.27369],[32.1829,60.27428],[32.18084,60.27681],[32.18047,60.27744],[32.18011,60.27846],[32.18005,60.27969],[32.17989,60.28041],[32.17904,60.28222],[32.17877,60.28307],[32.17876,60.28374],[32.17909,60.285],[32.17908,60.28542],[32.17887,60.28579],[32.17827,60.28631],[32.17742,60.28671],[32.17334,60.28801],[32.17259,60.28852],[32.17253,60.28881],[32.1726,60.2891],[32.17382,60.29031],[32.17406,60.29072],[32.17409,60.29106],[32.1737,60.2917],[32.1718,60.29296],[32.1716,60.29331],[32.17165,60.29385],[32.17276,60.29526],[32.17287,60.29589],[32.17266,60.29693],[32.17167,60.29828],[32.17155,60.29871],[32.17165,60.299],[32.17244,60.30006],[32.17249,60.30039],[32.17238,60.30096],[32.17245,60.30129],[32.17397,60.30321],[32.1742,60.30377],[32.17424,60.30422],[32.17403,60.30489],[32.17348,60.30553],[32.1727,60.30604],[32.17165,60.30644],[32.16971,60.30678],[32.16747,60.3067],[32.16647,60.30652],[32.16508,60.3061],[32.16273,60.30494],[32.16179,60.3046],[32.16071,60.30445],[32.15666,60.30436],[32.15564,60.30471],[32.155,60.30527],[32.15364,60.30602],[32.15343,60.30624],[32.15337,60.30647],[32.15348,60.30669],[32.15486,60.3077],[32.15521,60.30816],[32.15532,60.30849],[32.15524,60.30883],[32.1549,60.30921],[32.15384,60.30967],[32.15171,60.30996],[32.14932,60.31013],[32.14811,60.31002],[32.14496,60.30953],[32.13934,60.30962],[32.13169,60.3089],[32.13034,60.30886],[32.12921,60.30894],[32.12449,60.30993],[32.12044,60.31022],[32.11869,60.31054],[32.11775,60.31111],[32.11738,60.31164],[32.11689,60.31276],[32.11619,60.31326],[32.11589,60.31336],[32.11436,60.31355],[32.10986,60.3135],[32.10784,60.3136],[32.10623,60.31386],[32.10326,60.3146],[32.10177,60.31511],[32.10091,60.31552],[32.09775,60.31731],[32.09641,60.3178],[32.09524,60.31809],[32.09344,60.31834],[32.08961,60.31855],[32.08534,60.31938],[32.08309,60.31965],[32.08061,60.31964],[32.07838,60.31932],[32.0771,60.31888],[32.0761,60.31826],[32.0754,60.31747],[32.07516,60.31693],[32.0751,60.31648],[32.07528,60.31592],[32.07618,60.31457],[32.07648,60.31379],[32.07649,60.30969],[32.07689,60.30921],[32.07829,60.30855],[32.07918,60.30793],[32.07954,60.30737],[32.07957,60.30681],[32.07915,60.30608],[32.07834,60.30552],[32.07792,60.30535],[32.07736,60.30517],[32.07656,60.30505],[32.07447,60.30524],[32.07421,60.3051],[32.07419,60.30489],[32.07437,60.3046],[32.07478,60.30432],[32.07731,60.30323],[32.07826,60.3025],[32.08036,60.29949],[32.0805,60.29882],[32.08039,60.29792],[32.08008,60.29704],[32.07981,60.29656],[32.07938,60.29603],[32.07864,60.29533],[32.07844,60.29499],[32.07845,60.29466],[32.079,60.29376],[32.07889,60.29342],[32.07857,60.2931],[32.07834,60.29296],[32.07791,60.2929],[32.07521,60.29284],[32.07372,60.29253],[32.07274,60.29215],[32.07194,60.29168],[32.07148,60.29117],[32.07138,60.29072],[32.07157,60.29016],[32.07195,60.28972],[32.07266,60.2894],[32.07464,60.28897],[32.07643,60.28817],[32.08003,60.2858],[32.08146,60.28464],[32.0819,60.28407],[32.08192,60.28351],[32.08165,60.28315],[32.0811,60.28268],[32.08006,60.28208],[32.07899,60.28167],[32.07736,60.28132],[32.07573,60.28136],[32.07462,60.28173],[32.07371,60.28244],[32.07001,60.28574],[32.06957,60.28656],[32.06931,60.28812],[32.06888,60.28855],[32.06727,60.28933],[32.06698,60.28982],[32.06711,60.29061],[32.06702,60.29106],[32.06648,60.29163],[32.06566,60.29213],[32.06456,60.29258],[32.061,60.29361],[32.05847,60.29451],[32.05674,60.29531],[32.05431,60.29673],[32.05293,60.29731],[32.0503,60.2979],[32.04776,60.29825],[32.04664,60.29826],[32.04584,60.29801],[32.04496,60.29617],[32.04329,60.29376],[32.04307,60.29296],[32.04325,60.29173],[32.04318,60.29119],[32.04117,60.2908],[32.03792,60.29079],[32.03651,60.29097],[32.03535,60.29124],[32.03328,60.29216],[32.03256,60.29206],[32.03228,60.29189],[32.03082,60.28949],[32.03,60.28836],[32.02899,60.28716],[32.02789,60.28624],[32.02706,60.2858],[32.0258,60.28541],[32.02459,60.28522],[32.02301,60.28511],[32.01919,60.28505],[32.0181,60.28518],[32.01773,60.28537],[32.01664,60.28656],[32.01601,60.2871],[32.01435,60.28807],[32.01329,60.28849],[32.01199,60.28884],[32.01092,60.28901],[32.00977,60.28904],[32.00799,60.28872],[32.00632,60.28801],[32.00519,60.2871],[32.00486,60.28656],[32.00478,60.28599],[32.005,60.28532],[32.00587,60.28386],[32.00624,60.28336],[32.00694,60.28285],[32.00728,60.28272],[32.00771,60.28272],[32.00929,60.28313],[32.00998,60.28319],[32.01077,60.28313],[32.01134,60.28274],[32.01124,60.28256],[32.01042,60.28232],[32.00986,60.28222],[32.00926,60.28227],[32.00726,60.28265],[32.00456,60.2824],[32.00256,60.28249],[32.00179,60.2827],[32.00025,60.28404],[31.99938,60.28456],[31.99823,60.28496],[31.99646,60.2852],[31.99399,60.2852],[31.99058,60.28493],[31.98814,60.28452],[31.98649,60.28402],[31.98546,60.28355],[31.98411,60.28262],[31.98318,60.28161],[31.9822,60.28014],[31.9818,60.27913],[31.98152,60.27767],[31.98097,60.27586],[31.98102,60.27497],[31.98146,60.27384],[31.98133,60.27358],[31.97919,60.2726],[31.97836,60.272],[31.97565,60.26963],[31.97478,60.26915],[31.97396,60.26893],[31.97306,60.26887],[31.97189,60.26908],[31.97091,60.26945],[31.96853,60.27059],[31.96746,60.27089],[31.96666,60.27098],[31.96606,60.27091],[31.9648,60.27054],[31.96391,60.26987],[31.96256,60.26811],[31.96172,60.26732],[31.96036,60.26647],[31.95747,60.26518],[31.95639,60.2646],[31.95558,60.26394],[31.95408,60.26196],[31.95313,60.2611],[31.94989,60.25924],[31.94888,60.25844],[31.94859,60.25785],[31.94859,60.25747],[31.94873,60.25713],[31.94914,60.25664],[31.95031,60.25557],[31.95052,60.25529],[31.95061,60.25494],[31.9505,60.25428],[31.95016,60.25392],[31.94955,60.25352],[31.94809,60.25308],[31.94651,60.25291],[31.94449,60.25294],[31.94111,60.25323],[31.93841,60.2531],[31.93528,60.25253],[31.92979,60.25116],[31.92761,60.25093],[31.92607,60.25113],[31.92508,60.25163],[31.92436,60.25242],[31.92394,60.25326],[31.92349,60.2539],[31.92099,60.25606],[31.9207,60.25652],[31.92062,60.25697],[31.92074,60.25749],[31.92146,60.25838],[31.92294,60.25956],[31.92399,60.26019],[31.92509,60.26066],[31.92632,60.26101],[31.93031,60.26168],[31.93148,60.26201],[31.9324,60.26244],[31.9329,60.26283],[31.93315,60.26316],[31.93325,60.26372],[31.93302,60.26428],[31.93247,60.26486],[31.93081,60.26602],[31.93029,60.26654],[31.92986,60.26731],[31.92954,60.26878],[31.92923,60.26946],[31.92874,60.27001],[31.92783,60.27053],[31.92627,60.2709],[31.92464,60.27095],[31.92258,60.27058],[31.92157,60.2701],[31.921,60.26958],[31.92058,60.26889],[31.92032,60.26799],[31.91999,60.26597],[31.91986,60.26557],[31.91949,60.26507],[31.91803,60.2638],[31.91715,60.26318],[31.91634,60.26282],[31.91501,60.26261],[31.91389,60.26262],[31.91279,60.26275],[31.91088,60.26327],[31.9099,60.26376],[31.90903,60.26466],[31.90886,60.26541],[31.90899,60.26611],[31.91097,60.2695],[31.91129,60.27036],[31.91122,60.27069],[31.91098,60.27103],[31.90984,60.27142],[31.908,60.27138],[31.9047,60.27067],[31.89856,60.26856],[31.89443,60.26741],[31.89152,60.2665],[31.88388,60.26377],[31.88214,60.26329],[31.88014,60.26298],[31.87856,60.26294],[31.87699,60.26315],[31.87584,60.26354],[31.87477,60.26418],[31.87382,60.26512],[31.8732,60.26605],[31.87272,60.26698],[31.87243,60.26799],[31.8724,60.26968],[31.87209,60.27046],[31.87124,60.27141],[31.87037,60.27189],[31.86979,60.27202],[31.86911,60.27207],[31.86837,60.27197],[31.8676,60.27167],[31.86677,60.27104],[31.866,60.27004],[31.86515,60.26812],[31.86493,60.26784],[31.86406,60.26723],[31.86314,60.26685],[31.86169,60.2666],[31.86056,60.2666],[31.85927,60.26681],[31.85791,60.26723],[31.85677,60.26775],[31.85509,60.26874],[31.85397,60.26954],[31.84871,60.27415],[31.84787,60.27504],[31.84611,60.2774],[31.84523,60.27828],[31.84398,60.27915],[31.84052,60.28076],[31.83889,60.28179],[31.83752,60.28307],[31.83538,60.28562],[31.83459,60.28641],[31.83354,60.28728],[31.83257,60.28779],[31.83166,60.28808],[31.83086,60.28819],[31.82974,60.28823],[31.82861,60.28816],[31.82585,60.28764],[31.82144,60.28637],[31.82029,60.28623],[31.81892,60.28625],[31.8172,60.28669],[31.81646,60.28728],[31.81624,60.28791],[31.81638,60.28936],[31.8163,60.28986],[31.81603,60.29027],[31.81555,60.29067],[31.81486,60.2909],[31.81331,60.29103],[31.80839,60.29077],[31.80465,60.29078],[31.79689,60.29129],[31.7948,60.29169],[31.79394,60.29228],[31.79373,60.29257],[31.79356,60.29308],[31.79356,60.29398],[31.79398,60.29601],[31.7939,60.29673],[31.79358,60.29747],[31.79287,60.29838],[31.79214,60.29898],[31.79097,60.29971],[31.78954,60.30034],[31.78846,60.30068],[31.78699,60.30097],[31.78564,60.3011],[31.78429,60.30109],[31.78294,60.30094],[31.78145,60.30057],[31.77851,60.29928],[31.77681,60.29875],[31.77574,60.29867],[31.77486,60.29874],[31.7741,60.2989],[31.77321,60.29936],[31.77286,60.29973],[31.77272,60.30006],[31.7727,60.30039],[31.77289,60.30084],[31.77367,60.30161],[31.77632,60.30344],[31.77688,60.30414],[31.77701,60.30456],[31.777,60.30489],[31.77687,60.30527],[31.77654,60.3057],[31.77492,60.30684],[31.77376,60.30737],[31.77196,60.3078],[31.76921,60.30805],[31.76681,60.30789],[31.76501,60.30743],[31.76066,60.30584],[31.75593,60.30475],[31.75516,60.30426],[31.75499,60.30377],[31.75503,60.30334],[31.75544,60.30264],[31.75657,60.30163],[31.75696,60.30109],[31.75659,60.30074],[31.75609,60.30057],[31.75527,60.30056],[31.75421,60.30071],[31.7507,60.30171],[31.74959,60.30213],[31.74886,60.30249],[31.74823,60.30295],[31.74693,60.30421],[31.74582,60.30505],[31.7447,60.30558],[31.7428,60.30623],[31.74229,60.30652],[31.74181,60.30701],[31.74163,60.30737],[31.7416,60.30827],[31.74172,60.31007],[31.74155,60.31119],[31.74117,60.31186],[31.74034,60.31254],[31.73903,60.3133],[31.73725,60.31396],[31.73569,60.31423],[31.73439,60.3142],[31.73277,60.31374],[31.73188,60.31321],[31.73104,60.31233],[31.73048,60.31108],[31.73043,60.30996],[31.73073,60.30885],[31.73115,60.30793],[31.7324,60.30614],[31.73277,60.30534],[31.73269,60.30458],[31.7325,60.30429],[31.73199,60.30382],[31.73085,60.30326],[31.72708,60.30207],[31.72446,60.3007],[31.72335,60.30024],[31.72149,60.29978],[31.71715,60.29937],[31.71499,60.29898],[31.71357,60.29848],[31.71284,60.29798],[31.71255,60.29758],[31.71234,60.29702],[31.71236,60.29634],[31.71254,60.29578],[31.71335,60.29409],[31.71339,60.29364],[31.7133,60.29331],[31.71304,60.2929],[31.71268,60.29257],[31.7102,60.29118],[31.7091,60.29041],[31.70832,60.28945],[31.70797,60.28836],[31.70797,60.28757],[31.70821,60.28669],[31.70973,60.28408],[31.71024,60.28272],[31.71069,60.28014],[31.71067,60.27936],[31.71051,60.27846],[31.71018,60.27765],[31.70836,60.27547],[31.70789,60.27463],[31.7075,60.27367],[31.70704,60.27182],[31.70654,60.27053],[31.70583,60.26948],[31.70441,60.26776],[31.70293,60.2665],[31.70147,60.26564],[31.69672,60.26326],[31.69286,60.26152],[31.6914,60.26071],[31.69058,60.26003],[31.68875,60.258],[31.68788,60.2574],[31.6866,60.25684],[31.6833,60.25586],[31.68227,60.25531],[31.68158,60.25449],[31.68095,60.25269],[31.68048,60.25204],[31.67937,60.25199],[31.67771,60.25252],[31.67606,60.25282],[31.67471,60.25288],[31.67336,60.2528],[31.67192,60.25254],[31.67053,60.25209],[31.66896,60.25126],[31.6679,60.25049],[31.66692,60.2496],[31.66606,60.24857],[31.66572,60.24797],[31.66552,60.24729],[31.6655,60.24673],[31.66562,60.24617],[31.66683,60.24359],[31.66698,60.24307],[31.66705,60.24234],[31.66698,60.2409],[31.66685,60.24009],[31.6657,60.23683],[31.66528,60.23595],[31.66494,60.23546],[31.66125,60.23109],[31.65889,60.22729],[31.65815,60.22629],[31.65744,60.22559],[31.65675,60.22509],[31.6531,60.22329],[31.65169,60.22235],[31.65126,60.22186],[31.65096,60.22131],[31.65065,60.21973],[31.65017,60.21849],[31.64977,60.21792],[31.64902,60.21734],[31.64804,60.21687],[31.64651,60.21643],[31.6409,60.21554],[31.63914,60.21514],[31.638,60.21471],[31.63725,60.21427],[31.63688,60.21388],[31.63661,60.21343],[31.63651,60.21298],[31.63693,60.21062],[31.63686,60.20994],[31.6366,60.20916],[31.63617,60.20826],[31.63543,60.20709],[31.63466,60.2061],[31.63291,60.20424],[31.63269,60.20391],[31.6325,60.20331],[31.63253,60.20274],[31.63275,60.20213],[31.63422,60.20004],[31.63458,60.19906],[31.63452,60.19816],[31.63375,60.19634],[31.63362,60.19535],[31.63383,60.19442],[31.6348,60.19217],[31.6349,60.19149],[31.63483,60.19082],[31.63456,60.18996],[31.63363,60.18815],[31.63187,60.18366],[31.63094,60.18234],[31.63001,60.18145],[31.62915,60.18087],[31.62752,60.18008],[31.62634,60.17965],[31.6247,60.1792],[31.61847,60.17808],[31.61271,60.17651],[31.60843,60.17558],[31.60383,60.17469],[31.60093,60.17423],[31.59844,60.17399],[31.59259,60.17368],[31.59042,60.1734],[31.58858,60.17304],[31.58672,60.17251],[31.58495,60.17179],[31.5829,60.17065],[31.58045,60.16893],[31.57925,60.1684],[31.57751,60.1682],[31.57598,60.1683],[31.57301,60.1687],[31.57189,60.1687],[31.57054,60.16854],[31.56918,60.16822],[31.56797,60.1678],[31.56515,60.16638],[31.56348,60.16565],[31.56221,60.16524],[31.56087,60.16493],[31.55951,60.16474],[31.55726,60.16465],[31.54961,60.16488],[31.5444,60.16475],[31.54165,60.16432],[31.53736,60.16285],[31.53656,60.16267],[31.53555,60.16278],[31.53466,60.16343],[31.5337,60.16347],[31.53289,60.16293],[31.5316,60.16101],[31.53076,60.15999],[31.5281,60.1576],[31.52603,60.15528],[31.52411,60.15347],[31.52364,60.15268],[31.52298,60.15079],[31.52165,60.14886],[31.52149,60.14841],[31.52146,60.14796],[31.52161,60.14739],[31.52192,60.14685],[31.52249,60.14616],[31.52535,60.14324],[31.52571,60.14268],[31.52562,60.14233],[31.52549,60.1422],[31.52373,60.14097],[31.52272,60.14005],[31.52123,60.13773],[31.51844,60.13598],[31.51679,60.13456],[31.51611,60.13417],[31.51561,60.13406],[31.51361,60.13404],[31.51249,60.13393],[31.51138,60.13366],[31.51044,60.13324],[31.50985,60.13276],[31.50953,60.13221],[31.5095,60.13176],[31.50977,60.13086],[31.50974,60.13053],[31.50942,60.13014],[31.50851,60.1297],[31.50563,60.12885],[31.50034,60.12804],[31.49605,60.12695],[31.49218,60.12561],[31.49128,60.12516],[31.49038,60.12419],[31.48971,60.12381],[31.48852,60.12342],[31.48614,60.12292],[31.48288,60.12247],[31.47761,60.12211],[31.47514,60.12215],[31.47336,60.12243],[31.46951,60.12365],[31.46574,60.12435],[31.46463,60.12478],[31.46274,60.12588],[31.46141,60.12622],[31.46029,60.12632],[31.45871,60.12632],[31.45376,60.12587],[31.45196,60.12586],[31.45016,60.12611],[31.44654,60.127],[31.44476,60.12713],[31.44297,60.12694],[31.43938,60.12604],[31.43759,60.12599],[31.43673,60.12615],[31.43572,60.12655],[31.43327,60.12834],[31.43221,60.12881],[31.43149,60.129],[31.43023,60.12922],[31.42923,60.12928],[31.42541,60.12914],[31.42394,60.12918],[31.4223,60.12953],[31.42108,60.12999],[31.42016,60.1305],[31.41948,60.13111],[31.41874,60.13322],[31.4182,60.13446],[31.41775,60.13515],[31.4165,60.13671],[31.41583,60.13775],[31.41562,60.13884],[31.41594,60.14076],[31.41588,60.1414],[31.41536,60.14199],[31.41224,60.14407],[31.41146,60.14511],[31.41098,60.14672],[31.41044,60.14766],[31.40955,60.14858],[31.40778,60.14996],[31.40681,60.15099],[31.40642,60.15167],[31.4062,60.15234],[31.40605,60.15414],[31.40577,60.15538],[31.40501,60.15752],[31.40472,60.15808],[31.40331,60.15986],[31.40045,60.16237],[31.39964,60.16324],[31.39904,60.16438],[31.39836,60.16652],[31.39784,60.16747],[31.39695,60.16871],[31.39501,60.17107],[31.39396,60.17271],[31.39357,60.17394],[31.39356,60.17496],[31.39391,60.17562],[31.39524,60.17678],[31.39558,60.17721],[31.39576,60.17777],[31.39554,60.17844],[31.39512,60.17897],[31.39289,60.18103],[31.39153,60.18284],[31.38897,60.18503],[31.38709,60.18781],[31.38616,60.18878],[31.38543,60.18922],[31.38441,60.18955],[31.38176,60.18977],[31.3801,60.19009],[31.37462,60.19178],[31.37377,60.19216],[31.37336,60.19255],[31.37333,60.19274],[31.37415,60.19397],[31.37427,60.19431],[31.37424,60.19453],[31.37381,60.19501],[31.37299,60.19522],[31.37231,60.19518],[31.37155,60.19492],[31.37107,60.19431],[31.37079,60.19315],[31.37043,60.19263],[31.36456,60.18871],[31.3635,60.18821],[31.36186,60.18772],[31.35994,60.18754],[31.35814,60.18754],[31.35634,60.18771],[31.3544,60.18817],[31.35194,60.18907],[31.35014,60.18996],[31.34937,60.19048],[31.3471,60.19251],[31.3462,60.19319],[31.34525,60.19371],[31.34391,60.19418],[31.34149,60.19458],[31.33946,60.19461],[31.33846,60.19447],[31.33753,60.1942],[31.33638,60.1935],[31.33612,60.19318],[31.336,60.19284],[31.33604,60.19251],[31.33623,60.19217],[31.33663,60.19174],[31.3385,60.19045],[31.33891,60.18981],[31.33899,60.18913],[31.33877,60.18767],[31.33884,60.18564],[31.339,60.18452],[31.33936,60.1837],[31.34023,60.18304],[31.34284,60.18208],[31.34383,60.18151],[31.34432,60.18081],[31.34439,60.18047],[31.34434,60.18013],[31.344,60.17952],[31.34363,60.17918],[31.34294,60.17873],[31.34171,60.17837],[31.34059,60.17838],[31.33789,60.17894],[31.33654,60.17908],[31.33519,60.179],[31.33396,60.17864],[31.33334,60.17823],[31.33298,60.17782],[31.33286,60.17732],[31.33291,60.17619],[31.33277,60.17574],[31.33249,60.17541],[31.33103,60.17425],[31.33074,60.17372],[31.33079,60.17327],[31.3312,60.17282],[31.33225,60.17244],[31.33314,60.17238],[31.33411,60.1725],[31.33536,60.17292],[31.33598,60.17333],[31.33753,60.17462],[31.33845,60.17513],[31.34091,60.17616],[31.34191,60.17621],[31.34302,60.17583],[31.34593,60.17424],[31.34949,60.17266],[31.3503,60.17207],[31.35047,60.17169],[31.35044,60.17136],[31.35021,60.17099],[31.34953,60.17062],[31.34652,60.16975],[31.34568,60.16925],[31.34541,60.16887],[31.34535,60.16843],[31.34603,60.16686],[31.34618,60.16607],[31.34603,60.16539],[31.34566,60.16477],[31.34458,60.16401],[31.34115,60.16253],[31.34032,60.16205],[31.33934,60.16118],[31.33838,60.15998],[31.33798,60.15932],[31.33777,60.15876],[31.33768,60.15797],[31.33773,60.15696],[31.33791,60.15628],[31.33841,60.15575],[31.34014,60.15529],[31.34114,60.15486],[31.34151,60.15448],[31.34166,60.15414],[31.3416,60.15381],[31.34138,60.15352],[31.34059,60.15321],[31.33991,60.15312],[31.33879,60.15325],[31.33676,60.15376],[31.33609,60.15377],[31.33559,60.15366],[31.33483,60.15329],[31.334,60.15255],[31.33287,60.1512],[31.33207,60.14996],[31.33134,60.14971],[31.32952,60.14938],[31.32858,60.14911],[31.32811,60.14874],[31.32782,60.14829],[31.32776,60.14796],[31.32782,60.14751],[31.32829,60.14675],[31.32944,60.14586],[31.3316,60.14454],[31.33193,60.14413],[31.33199,60.14368],[31.33163,60.14301],[31.33083,60.14233],[31.32674,60.14003],[31.32615,60.13929],[31.32611,60.13907],[31.3262,60.13873],[31.32667,60.13819],[31.32753,60.13774],[31.33326,60.13558],[31.33423,60.13508],[31.33543,60.13425],[31.3361,60.13356],[31.33645,60.13277],[31.3364,60.13176],[31.33601,60.13086],[31.33531,60.12996],[31.33427,60.1291],[31.33302,60.12835],[31.33148,60.12775],[31.33032,60.12744],[31.32844,60.12717],[31.32709,60.12713],[31.32484,60.12724],[31.32394,60.12711],[31.32115,60.12518],[31.31688,60.12276],[31.31589,60.12211],[31.31538,60.12164],[31.31502,60.12115],[31.31471,60.12039],[31.31409,60.11811],[31.31381,60.11747],[31.31184,60.11499],[31.31129,60.11398],[31.31119,60.11319],[31.31141,60.11083],[31.31115,60.10892],[31.31101,60.10847],[31.31037,60.10764],[31.30868,60.10632],[31.30827,60.10566],[31.30797,60.10408],[31.30799,60.10239],[31.30769,60.10104],[31.30785,60.10042],[31.30873,60.09981],[31.3106,60.09909],[31.31149,60.09864],[31.31219,60.09807],[31.31325,60.09671],[31.31396,60.09619],[31.31473,60.09586],[31.31598,60.09554],[31.3195,60.09501],[31.32259,60.09435],[31.32574,60.09395],[31.32685,60.09402],[31.33055,60.09455],[31.33564,60.09472],[31.33764,60.09491],[31.33958,60.09535],[31.3429,60.09652],[31.35,60.0972],[31.35181,60.09758],[31.35457,60.09834],[31.35589,60.09854],[31.36331,60.09886],[31.37254,60.09943],[31.37726,60.0993],[31.38041,60.09899],[31.3853,60.09826],[31.38881,60.09763],[31.39099,60.09709],[31.39664,60.09535],[31.40329,60.09415],[31.40687,60.09271],[31.40849,60.09226],[31.41049,60.09188],[31.4115,60.09147],[31.41321,60.09057],[31.41453,60.09005],[31.41595,60.08966],[31.41846,60.08914],[31.41956,60.0888],[31.42304,60.08691],[31.42601,60.08571],[31.42879,60.08492],[31.43765,60.08287],[31.43919,60.08224],[31.44349,60.0801],[31.44814,60.07737],[31.45092,60.07609],[31.45143,60.07572],[31.45186,60.07526],[31.45267,60.0738],[31.45329,60.07292],[31.45462,60.07166],[31.45606,60.07071],[31.4591,60.06897],[31.46057,60.06828],[31.46264,60.06747],[31.46331,60.06699],[31.46413,60.06606],[31.46487,60.06539],[31.46715,60.06398],[31.46871,60.06156],[31.46984,60.06046],[31.47213,60.05863],[31.47256,60.05813],[31.47343,60.05675],[31.47489,60.05413],[31.47572,60.05166],[31.47608,60.05085],[31.47678,60.04986],[31.4783,60.04816],[31.47884,60.04731],[31.47898,60.04671],[31.47914,60.04479],[31.47943,60.04367],[31.48008,60.04243],[31.48095,60.04151],[31.4816,60.04104],[31.48241,60.04063],[31.48357,60.04023],[31.48504,60.03989],[31.48899,60.03926],[31.49119,60.03861],[31.49238,60.03805],[31.49325,60.03743],[31.49372,60.03692],[31.49405,60.03637],[31.49424,60.03568],[31.49423,60.03501],[31.49355,60.03287],[31.49361,60.03242],[31.49397,60.03152],[31.49409,60.03096],[31.49405,60.03039],[31.4938,60.02983],[31.49331,60.0293],[31.49119,60.02798],[31.48968,60.02661],[31.48715,60.02472],[31.48631,60.02389],[31.48456,60.02175],[31.48334,60.02079],[31.48142,60.01994],[31.47691,60.0188],[31.47495,60.01808],[31.4735,60.01714],[31.47293,60.01656],[31.47165,60.01492],[31.47122,60.01454],[31.47045,60.01404],[31.46936,60.01356],[31.46658,60.01262],[31.46389,60.012],[31.46181,60.01177],[31.45646,60.01152],[31.4549,60.01132],[31.45379,60.01105],[31.45307,60.01079],[31.45229,60.01036],[31.4509,60.0091],[31.44914,60.00788],[31.44863,60.00733],[31.44834,60.00678],[31.44822,60.00621],[31.44828,60.00548],[31.44874,60.00441],[31.45028,60.00226],[31.45053,60.00171],[31.45063,60.00114],[31.45054,60.00058],[31.45026,60.00005],[31.44992,59.9997],[31.44915,59.99917],[31.44763,59.99858],[31.44545,59.998],[31.44298,59.99748],[31.44116,59.99726],[31.43918,59.9973],[31.43441,59.99813],[31.43104,59.99837],[31.42835,59.99831],[31.42747,59.99807],[31.4268,59.99775],[31.42634,59.99731],[31.42612,59.99676],[31.42619,59.99619],[31.42656,59.99551],[31.4273,59.99475],[31.42802,59.99418],[31.43085,59.9924],[31.43205,59.99152],[31.43312,59.99032],[31.4336,59.98922],[31.43367,59.98854],[31.43357,59.98776],[31.43329,59.98697],[31.43284,59.98613],[31.4318,59.9848],[31.4312,59.98426],[31.43022,59.98358],[31.42788,59.98245],[31.4267,59.98205],[31.42541,59.98174],[31.42294,59.98146],[31.42073,59.98164],[31.41935,59.9821],[31.4187,59.98264],[31.4179,59.98391],[31.41733,59.98449],[31.4164,59.98511],[31.41417,59.98624],[31.41313,59.98701],[31.41265,59.98764],[31.41234,59.9883],[31.41173,59.99046],[31.41092,59.99237],[31.41078,59.99316],[31.41088,59.99372],[31.41122,59.99432],[31.41275,59.99586],[31.41316,59.99646],[31.41328,59.99709],[31.41305,59.99781],[31.41236,59.99872],[31.41026,60.00087],[31.40914,60.00171],[31.4068,60.0032],[31.40628,60.00373],[31.40595,60.00456],[31.40582,60.00666],[31.40564,60.00756],[31.40516,60.00863],[31.40451,60.00946],[31.40364,60.01026],[31.40263,60.01098],[31.39909,60.01294],[31.397,60.01375],[31.39481,60.01431],[31.39234,60.01467],[31.38986,60.01476],[31.38717,60.01459],[31.38433,60.01412],[31.38173,60.0134],[31.37857,60.0122],[31.37696,60.0118],[31.37619,60.01176],[31.37297,60.01229],[31.36967,60.01257],[31.36458,60.01403],[31.36196,60.01502],[31.35898,60.0171],[31.35675,60.0191],[31.35557,60.0198],[31.35465,60.02022],[31.35045,60.02186],[31.34842,60.02256],[31.34734,60.02279],[31.34621,60.02289],[31.34531,60.0228],[31.34422,60.02247],[31.34317,60.02187],[31.34217,60.02102],[31.3413,60.01984],[31.34008,60.01734],[31.33947,60.01545],[31.33886,60.01453],[31.33755,60.01312],[31.33656,60.01233],[31.33421,60.01075],[31.33355,60.01014],[31.33324,60.00969],[31.33308,60.00902],[31.33333,60.00823],[31.33378,60.00762],[31.33572,60.00572],[31.33607,60.00519],[31.33623,60.00463],[31.33613,60.00407],[31.33575,60.00321],[31.33436,60.00126],[31.33429,60.00081],[31.33448,59.99968],[31.33437,59.99934],[31.33401,59.99883],[31.33221,59.99731],[31.3285,59.99533],[31.32691,59.99423],[31.32606,59.99328],[31.32476,59.9912],[31.3241,59.99055],[31.32226,59.9891],[31.32121,59.98861],[31.31786,59.98786],[31.31676,59.98731],[31.3155,59.98651],[31.31505,59.98612],[31.31488,59.98573],[31.31495,59.98438],[31.31479,59.98382],[31.31436,59.98336],[31.31333,59.98296],[31.31134,59.9827],[31.30796,59.98279],[31.30688,59.98269],[31.3059,59.9824],[31.30278,59.98098],[31.30189,59.98079],[31.30076,59.98076],[31.29623,59.98129],[31.28977,59.98296],[31.28717,59.98349],[31.28231,59.98409],[31.27939,59.98422],[31.27827,59.98409],[31.27722,59.98381],[31.27636,59.98342],[31.27442,59.98212],[31.27341,59.98167],[31.27219,59.98137],[31.27061,59.98128],[31.269,59.98159],[31.26719,59.98248],[31.26483,59.98392],[31.26312,59.98442],[31.26097,59.98476],[31.25891,59.98495],[31.25464,59.98481],[31.25306,59.98489],[31.25118,59.98524],[31.24562,59.98676],[31.24429,59.98692],[31.24226,59.98693],[31.24024,59.98681],[31.23873,59.98658],[31.23617,59.98566],[31.23461,59.9848],[31.23258,59.98295],[31.23136,59.98206],[31.22989,59.98137],[31.22791,59.9808],[31.22606,59.98048],[31.22471,59.9804],[31.21909,59.98093],[31.21729,59.98097],[31.21627,59.98067],[31.21503,59.97987],[31.21391,59.9795],[31.21211,59.97927],[31.20986,59.97927],[31.20823,59.97945],[31.20695,59.9798],[31.20628,59.98038],[31.2056,59.98146],[31.20511,59.98201],[31.20433,59.98251],[31.20316,59.98299],[31.20283,59.98326],[31.20283,59.98346],[31.20348,59.98381],[31.20435,59.98465],[31.20464,59.98539],[31.20455,59.98584],[31.20408,59.98653],[31.20352,59.98705],[31.20285,59.98748],[31.20172,59.98794],[31.1965,59.98936],[31.19369,59.98975],[31.19164,59.98981],[31.19017,59.98968],[31.18892,59.98937],[31.18811,59.98888],[31.18778,59.98843],[31.18749,59.98731],[31.18758,59.98652],[31.18818,59.98571],[31.18898,59.98514],[31.18992,59.98475],[31.19074,59.98457],[31.19321,59.98471],[31.19659,59.98413],[31.19929,59.9841],[31.2006,59.98387],[31.20212,59.98346],[31.20224,59.98341],[31.20228,59.98326],[31.20191,59.98295],[31.19994,59.98235],[31.19884,59.98191],[31.19807,59.98149],[31.19624,59.98028],[31.19427,59.97945],[31.19299,59.97919],[31.19006,59.97915],[31.18714,59.97868],[31.18579,59.97858],[31.18469,59.97873],[31.18372,59.97912],[31.18092,59.98103],[31.17992,59.98145],[31.17836,59.98172],[31.17431,59.98193],[31.17161,59.98229],[31.16885,59.98301],[31.16757,59.98346],[31.16665,59.98393],[31.16636,59.9843],[31.16629,59.98483],[31.16644,59.98534],[31.16693,59.98607],[31.16807,59.98704],[31.17073,59.98866],[31.17151,59.98923],[31.17179,59.98956],[31.17188,59.99001],[31.17167,59.99034],[31.17124,59.99068],[31.17051,59.99102],[31.16912,59.99148],[31.16779,59.99162],[31.16654,59.99148],[31.16384,59.99071],[31.16281,59.99051],[31.16149,59.99049],[31.15946,59.9908],[31.15742,59.99127],[31.15577,59.99187],[31.15293,59.99321],[31.15046,59.99473],[31.14845,59.99649],[31.14633,59.99957],[31.14629,60.00013],[31.14678,60.00188],[31.14707,60.00396],[31.14682,60.00609],[31.14686,60.00722],[31.14719,60.00789],[31.14847,60.00962],[31.14914,60.01127],[31.14969,60.01218],[31.15049,60.01305],[31.15286,60.01503],[31.15441,60.01656],[31.15473,60.01712],[31.15519,60.01858],[31.15602,60.01971],[31.15762,60.02113],[31.16092,60.02358],[31.16264,60.02498],[31.16845,60.03034],[31.16904,60.03074],[31.17171,60.03211],[31.17478,60.03415],[31.17638,60.03493],[31.1792,60.03604],[31.18123,60.03735],[31.18542,60.03844],[31.18713,60.039],[31.18987,60.04018],[31.19383,60.04153],[31.19549,60.04233],[31.19621,60.04286],[31.19648,60.04323],[31.19647,60.04366],[31.19554,60.04524],[31.19496,60.04727],[31.19443,60.04865],[31.19407,60.04929],[31.19352,60.04999],[31.19345,60.05048],[31.19375,60.05076],[31.19422,60.05095],[31.19456,60.05095],[31.19539,60.05054],[31.19581,60.04998],[31.1963,60.04962],[31.19706,60.04938],[31.19968,60.0491],[31.20289,60.04849],[31.20469,60.04844],[31.20761,60.04866],[31.21166,60.04863],[31.21684,60.04897],[31.21854,60.04868],[31.22123,60.04774],[31.22269,60.04741],[31.22404,60.04738],[31.22508,60.04776],[31.22535,60.04817],[31.22543,60.04851],[31.22537,60.04896],[31.22508,60.04961],[31.22431,60.05057],[31.22219,60.05261],[31.22174,60.05334],[31.22147,60.05413],[31.22106,60.05672],[31.22035,60.05998],[31.22025,60.06257],[31.21985,60.06426],[31.21987,60.06459],[31.22037,60.06594],[31.22033,60.06696],[31.22005,60.06774],[31.21965,60.06848],[31.21818,60.07056],[31.21798,60.07123],[31.21774,60.07303],[31.21746,60.07416],[31.21697,60.07525],[31.21597,60.07693],[31.21582,60.07742],[31.21593,60.07854],[31.21665,60.08023],[31.21679,60.08079],[31.21671,60.08136],[31.2163,60.082],[31.21515,60.083],[31.21259,60.08482],[31.21057,60.086],[31.20878,60.08688],[31.20768,60.08726],[31.20649,60.08749],[31.20424,60.0877],[31.20266,60.08768],[31.2007,60.08738],[31.19805,60.08647],[31.19471,60.08475],[31.1926,60.08334],[31.19141,60.08324],[31.18669,60.08392],[31.1856,60.08389],[31.18477,60.08365],[31.18357,60.08297],[31.18254,60.0821],[31.18207,60.08147],[31.18151,60.08012],[31.18096,60.07955],[31.18018,60.07918],[31.17926,60.07895],[31.17814,60.07885],[31.17724,60.07889],[31.1762,60.07912],[31.17491,60.07974],[31.17393,60.08055],[31.17271,60.08188],[31.1722,60.08259],[31.17181,60.08339],[31.17142,60.08541],[31.17121,60.08606],[31.17087,60.08664],[31.17019,60.08744],[31.16932,60.0881],[31.16858,60.08844],[31.16779,60.08859],[31.16711,60.08858],[31.16651,60.08846],[31.16569,60.08814],[31.16369,60.08692],[31.16194,60.08609],[31.1602,60.08559],[31.15758,60.08511],[31.1566,60.08473],[31.1563,60.08439],[31.15616,60.08406],[31.15617,60.08361],[31.15671,60.0819],[31.15683,60.08102],[31.15668,60.07925],[31.1564,60.07742],[31.15643,60.07686],[31.15671,60.07619],[31.15775,60.0748],[31.15825,60.07393],[31.15849,60.07313],[31.15845,60.07253],[31.15815,60.07202],[31.15777,60.07162],[31.15521,60.06966],[31.15449,60.06886],[31.1532,60.06703],[31.15288,60.06675],[31.15238,60.06652],[31.15159,60.06632],[31.15039,60.06622],[31.14911,60.06629],[31.14821,60.06644],[31.1473,60.06673],[31.14421,60.06835],[31.1424,60.069],[31.1405,60.0695],[31.1368,60.07017],[31.1323,60.07119],[31.13111,60.07131],[31.12967,60.07121],[31.1261,60.07025],[31.1253,60.07022],[31.1225,60.07082],[31.11881,60.07116],[31.11688,60.07164],[31.11592,60.07216],[31.11331,60.07425],[31.11256,60.07524],[31.11222,60.07618],[31.11214,60.07686],[31.11219,60.07764],[31.11275,60.07967],[31.11283,60.08034],[31.11265,60.081],[31.11189,60.08226],[31.11167,60.08293],[31.11183,60.08451],[31.1118,60.08586],[31.11214,60.08687],[31.1122,60.08754],[31.11202,60.09058],[31.11171,60.09227],[31.11177,60.09373],[31.11149,60.09464],[31.11093,60.0954],[31.10716,60.09954],[31.10624,60.1001],[31.10302,60.10135],[31.10222,60.10184],[31.1014,60.10251],[31.10002,60.10408],[31.09887,60.10567],[31.09831,60.10667],[31.09822,60.10734],[31.09862,60.10926],[31.10006,60.11211],[31.10037,60.11308],[31.10032,60.11432],[31.0998,60.11558],[31.09919,60.11622],[31.09676,60.11747],[31.09385,60.11943],[31.09164,60.1219],[31.08915,60.12427],[31.0868,60.12669],[31.08322,60.13006],[31.08156,60.13132],[31.07842,60.1333],[31.07731,60.13411],[31.07629,60.13505],[31.07426,60.13726],[31.07303,60.13833],[31.07188,60.13913],[31.06926,60.14063],[31.06823,60.14137],[31.06741,60.14218],[31.06577,60.14409],[31.06351,60.14627],[31.06258,60.14751],[31.06215,60.14859],[31.06213,60.14952],[31.06245,60.15032],[31.06366,60.15201],[31.06413,60.15291],[31.06438,60.15392],[31.06432,60.15482],[31.06396,60.15578],[31.06337,60.15661],[31.0623,60.15756],[31.06035,60.15893],[31.06005,60.15932],[31.05993,60.15977],[31.06017,60.16044],[31.06145,60.16247],[31.06206,60.16404],[31.06245,60.16584],[31.06244,60.16663],[31.06232,60.16731],[31.06198,60.16821],[31.06149,60.16899],[31.06083,60.16978],[31.0591,60.17147],[31.05776,60.17386],[31.05535,60.17664],[31.05504,60.17731],[31.05469,60.17878],[31.05412,60.17966],[31.05347,60.1802],[31.05269,60.18065],[31.05172,60.18105],[31.05042,60.18141],[31.04606,60.18219],[31.0432,60.18233],[31.04179,60.1822],[31.04039,60.18194],[31.03867,60.18147],[31.03715,60.18092],[31.03548,60.18004],[31.03488,60.17955],[31.03417,60.17877],[31.03336,60.17827],[31.02803,60.17777],[31.02514,60.17764],[31.02131,60.17767],[31.01445,60.17793]],[[32.7907,60.73554],[32.79056,60.73582],[32.79019,60.73591],[32.7892,60.73587],[32.7891,60.73566],[32.78915,60.73535],[32.78941,60.73529],[32.79037,60.7353],[32.79062,60.73538],[32.7907,60.73554]],[[32.59254,60.56454],[32.59234,60.56494],[32.5921,60.56505],[32.59175,60.56476],[32.59159,60.56443],[32.59191,60.56413],[32.59219,60.56408],[32.59242,60.56423],[32.59254,60.56454]],[[32.60464,60.55586],[32.60497,60.55614],[32.60497,60.55634],[32.6021,60.55792],[32.60113,60.55809],[32.60066,60.55746],[32.6006,60.55712],[32.60071,60.55679],[32.60126,60.55634],[32.60329,60.55576],[32.60393,60.55572],[32.60464,60.55586]],[[32.62331,60.55215],[32.6225,60.55215],[32.62185,60.55232],[32.62118,60.55274],[32.62104,60.55296],[32.62108,60.55318],[32.62154,60.55356],[32.62186,60.55363],[32.62359,60.55309],[32.62391,60.55282],[32.62395,60.55251],[32.62372,60.55221],[32.62331,60.55215]],[[32.73491,60.53133],[32.73401,60.53128],[32.73319,60.53145],[32.73245,60.5319],[32.73247,60.5325],[32.73289,60.53271],[32.73379,60.53286],[32.73446,60.53278],[32.7352,60.53249],[32.73558,60.53203],[32.73568,60.5316],[32.73554,60.53147],[32.73491,60.53133]],[[32.80447,60.50358],[32.80366,60.50382],[32.80265,60.5049],[32.80082,60.50624],[32.80005,60.50721],[32.79994,60.50751],[32.79989,60.50807],[32.80002,60.50867],[32.80061,60.50887],[32.8012,60.50881],[32.80183,60.50847],[32.80271,60.50761],[32.8038,60.50556],[32.80458,60.50499],[32.80474,60.50469],[32.80476,60.50413],[32.80456,60.50358],[32.80447,60.50358]],[[32.09136,60.45327],[32.09278,60.45361],[32.09623,60.45469],[32.09703,60.45472],[32.09861,60.4545],[32.09951,60.4545],[32.10012,60.45459],[32.1008,60.455],[32.10053,60.45534],[32.10019,60.45557],[32.09807,60.45638],[32.09744,60.45699],[32.09736,60.45744],[32.09746,60.45801],[32.09805,60.45907],[32.09827,60.45969],[32.09828,60.46003],[32.09812,60.46045],[32.09749,60.46073],[32.09681,60.46085],[32.09614,60.46076],[32.09534,60.46044],[32.09498,60.45992],[32.09412,60.45823],[32.09343,60.45737],[32.09259,60.45685],[32.09072,60.45604],[32.08974,60.4554],[32.08941,60.45497],[32.0893,60.45452],[32.08942,60.45384],[32.08973,60.4533],[32.08988,60.45312],[32.09011,60.45308],[32.09136,60.45327]],[[32.11235,60.45233],[32.11511,60.45278],[32.11607,60.45324],[32.11573,60.45371],[32.11479,60.4541],[32.11301,60.45447],[32.11181,60.4546],[32.11054,60.45458],[32.10941,60.45435],[32.10869,60.45411],[32.10828,60.45373],[32.10817,60.45351],[32.10824,60.45306],[32.10853,60.45261],[32.10882,60.45228],[32.10941,60.45207],[32.11009,60.45199],[32.11235,60.45233]],[[32.12896,60.38348],[32.12938,60.38409],[32.12942,60.38443],[32.12931,60.38477],[32.12869,60.38552],[32.12723,60.38657],[32.12643,60.38736],[32.12619,60.38792],[32.1262,60.38826],[32.12635,60.38859],[32.12708,60.3893],[32.12791,60.38977],[32.13222,60.39079],[32.13406,60.39143],[32.13494,60.39205],[32.13518,60.39253],[32.13529,60.39309],[32.13523,60.39366],[32.13501,60.39426],[32.13451,60.39478],[32.13404,60.39517],[32.13135,60.3964],[32.13068,60.39703],[32.13036,60.39771],[32.13005,60.39962],[32.12977,60.40029],[32.12928,60.40087],[32.12781,60.40201],[32.12719,60.40266],[32.12634,60.40423],[32.12502,60.40591],[32.12485,60.40637],[32.12482,60.40682],[32.12501,60.40736],[32.12649,60.40929],[32.12765,60.4113],[32.12822,60.41256],[32.12872,60.41308],[32.12954,60.41363],[32.12973,60.41391],[32.12981,60.41424],[32.12968,60.41461],[32.12868,60.41537],[32.12767,60.4159],[32.1253,60.41695],[32.12218,60.41814],[32.12188,60.41852],[32.1219,60.41874],[32.12327,60.4203],[32.1234,60.42077],[32.12329,60.42126],[32.12292,60.42167],[32.12231,60.42214],[32.12136,60.42258],[32.12021,60.42289],[32.11886,60.423],[32.11751,60.42291],[32.11612,60.4226],[32.1156,60.42222],[32.11545,60.42178],[32.11565,60.42111],[32.11622,60.42039],[32.11724,60.4194],[32.11746,60.41908],[32.11755,60.41874],[32.11741,60.41841],[32.11708,60.41809],[32.11536,60.41723],[32.11369,60.41685],[32.11211,60.41683],[32.10992,60.41726],[32.10873,60.41765],[32.10782,60.41808],[32.10731,60.41852],[32.10704,60.41901],[32.10739,60.41964],[32.10815,60.4202],[32.11046,60.42127],[32.11307,60.42266],[32.11353,60.42307],[32.11356,60.42336],[32.11348,60.42359],[32.11294,60.42414],[32.10919,60.42669],[32.10804,60.42718],[32.10532,60.42804],[32.10436,60.42848],[32.10358,60.42899],[32.10159,60.43064],[32.10078,60.43118],[32.09685,60.43305],[32.09628,60.43347],[32.09587,60.43427],[32.09586,60.43483],[32.09608,60.43539],[32.09626,60.43567],[32.09713,60.4363],[32.09795,60.43663],[32.09906,60.43684],[32.10019,60.43689],[32.10109,60.43678],[32.10176,60.4366],[32.10253,60.43611],[32.10374,60.43437],[32.10435,60.43388],[32.1051,60.43356],[32.10671,60.43319],[32.11009,60.4328],[32.11194,60.43249],[32.11319,60.43201],[32.11458,60.43087],[32.11553,60.43031],[32.11868,60.42887],[32.11954,60.4286],[32.12021,60.42851],[32.12066,60.42857],[32.1214,60.42886],[32.12179,60.42943],[32.12182,60.42999],[32.12142,60.43071],[32.12087,60.4311],[32.1196,60.43161],[32.11698,60.43208],[32.11567,60.43245],[32.1149,60.43287],[32.1145,60.43337],[32.11348,60.43641],[32.11339,60.43697],[32.11346,60.43731],[32.11371,60.43764],[32.11518,60.43878],[32.11549,60.43922],[32.11557,60.43989],[32.11518,60.44064],[32.11438,60.44122],[32.11393,60.44139],[32.1133,60.44154],[32.11144,60.44167],[32.11068,60.44186],[32.11049,60.44205],[32.11034,60.44248],[32.1104,60.44326],[32.11056,60.44348],[32.1108,60.44355],[32.11166,60.44353],[32.11459,60.44307],[32.11571,60.44313],[32.11693,60.44341],[32.11781,60.4438],[32.1182,60.44418],[32.11838,60.44462],[32.1182,60.44506],[32.11779,60.44538],[32.11713,60.44569],[32.11451,60.44649],[32.1138,60.44689],[32.11249,60.44787],[32.11144,60.44815],[32.11076,60.44816],[32.10989,60.448],[32.10779,60.44721],[32.10648,60.44692],[32.10702,60.44664],[32.10791,60.44598],[32.10837,60.44518],[32.10833,60.44484],[32.10815,60.44465],[32.10694,60.4446],[32.10595,60.44468],[32.10156,60.44556],[32.10063,60.44592],[32.0988,60.44688],[32.09524,60.44705],[32.09348,60.44734],[32.09167,60.44803],[32.0905,60.4487],[32.08909,60.4497],[32.08849,60.44988],[32.08781,60.44988],[32.08673,60.44958],[32.08399,60.44908],[32.08095,60.44891]],[[32.06712,60.41678],[32.06695,60.41447],[32.06712,60.41357],[32.06743,60.41294],[32.06844,60.41207],[32.07093,60.41089],[32.07176,60.41039],[32.07237,60.40974],[32.0726,60.40907],[32.07246,60.40862],[32.07203,60.4082],[32.06742,60.40599],[32.06655,60.40508],[32.06666,60.40467],[32.06742,60.40416],[32.06838,60.40413],[32.06909,60.40422],[32.07338,60.40549],[32.07652,60.40684],[32.07814,60.40702],[32.07926,60.40693],[32.0818,60.40579],[32.08457,60.40508],[32.08533,60.4046],[32.08546,60.40411],[32.08505,60.40344],[32.08344,60.40194],[32.0828,60.40103],[32.08237,60.39973],[32.08237,60.39917],[32.08251,60.39872],[32.08302,60.39804],[32.08364,60.39751],[32.08693,60.3955],[32.08807,60.39469],[32.08896,60.39376],[32.09027,60.39207],[32.09125,60.39129],[32.09209,60.39079],[32.09654,60.38895],[32.09799,60.38815],[32.09899,60.38794],[32.0994,60.38859],[32.10007,60.39141],[32.10014,60.39231],[32.1,60.39354],[32.10004,60.39399],[32.10044,60.39489],[32.10134,60.39624],[32.1017,60.39699],[32.10184,60.39793],[32.10164,60.39917],[32.10164,60.39971],[32.10182,60.40019],[32.10225,60.40074],[32.10254,60.40103],[32.10348,60.40156],[32.10443,60.4019],[32.10559,60.40208],[32.10739,60.40207],[32.11076,60.40179],[32.1123,60.40157],[32.11341,60.40123],[32.1144,60.40074],[32.11521,60.40016],[32.11575,60.39939],[32.11586,60.39894],[32.1158,60.39861],[32.11474,60.39681],[32.11477,60.39636],[32.11498,60.39598],[32.11561,60.39546],[32.11681,60.39487],[32.12128,60.39333],[32.12222,60.39288],[32.12335,60.39207],[32.12462,60.39051],[32.1256,60.38859],[32.12564,60.38781],[32.12519,60.38657],[32.12509,60.38601],[32.12518,60.38533],[32.12549,60.38466],[32.12613,60.384],[32.12685,60.38355],[32.12749,60.38328],[32.12788,60.38319],[32.1285,60.38321],[32.12896,60.38348]],[[32.56501,60.37943],[32.56613,60.37958],[32.56689,60.37996],[32.56747,60.38083],[32.56764,60.38173],[32.56738,60.38263],[32.56678,60.38337],[32.56601,60.38391],[32.56491,60.38437],[32.56346,60.38468],[32.56211,60.38473],[32.55739,60.38408],[32.5536,60.38401],[32.55251,60.38372],[32.55221,60.3835],[32.55205,60.38319],[32.5521,60.38286],[32.55239,60.38248],[32.55343,60.38173],[32.55526,60.38066],[32.55711,60.3799],[32.55871,60.37952],[32.56031,60.37933],[32.56501,60.37943]],[[32.51532,60.37141],[32.51608,60.37175],[32.51662,60.37219],[32.51668,60.37267],[32.51607,60.37313],[32.51475,60.37357],[32.51329,60.37379],[32.51196,60.37374],[32.51106,60.37346],[32.5106,60.37307],[32.51044,60.37273],[32.51053,60.37228],[32.51091,60.37185],[32.51202,60.3713],[32.51284,60.37114],[32.51374,60.37109],[32.51476,60.37123],[32.51532,60.37141]],[[32.53048,60.36009],[32.53174,60.36023],[32.53297,60.36049],[32.53375,60.36093],[32.53397,60.36137],[32.53408,60.36317],[32.53427,60.36373],[32.53486,60.36486],[32.53491,60.36542],[32.5347,60.36593],[32.53435,60.36635],[32.53372,60.3669],[32.5328,60.36748],[32.53092,60.36822],[32.52971,60.36847],[32.52821,60.36863],[32.52659,60.36865],[32.52499,60.36855],[32.52004,60.36784],[32.51891,60.3679],[32.51644,60.3684],[32.51563,60.36837],[32.51534,60.36819],[32.51531,60.36779],[32.5157,60.3674],[32.51839,60.36641],[32.51921,60.36588],[32.52289,60.36235],[32.5238,60.36164],[32.52467,60.36111],[32.52614,60.36052],[32.52746,60.36021],[32.52904,60.36006],[32.53048,60.36009]],[[32.54403,60.35754],[32.5443,60.35777],[32.54439,60.35799],[32.54429,60.35833],[32.54403,60.35866],[32.54307,60.35929],[32.54141,60.35991],[32.53982,60.36015],[32.53817,60.36007],[32.53715,60.35972],[32.53688,60.35934],[32.53695,60.35879],[32.53738,60.35827],[32.53807,60.3578],[32.53915,60.35739],[32.54051,60.35715],[32.54186,60.35711],[32.54354,60.35731],[32.54403,60.35754]],[[32.61611,60.34953],[32.61545,60.34969],[32.61532,60.35001],[32.61538,60.35026],[32.6157,60.35041],[32.61633,60.35052],[32.61675,60.35043],[32.61717,60.35012],[32.61717,60.34989],[32.61687,60.34963],[32.61611,60.34953]],[[32.54159,60.33983],[32.54284,60.34015],[32.54381,60.34064],[32.54425,60.34112],[32.54428,60.34134],[32.54419,60.34156],[32.54365,60.34189],[32.54299,60.34212],[32.54186,60.34231],[32.54074,60.34235],[32.53908,60.34205],[32.53834,60.3416],[32.53807,60.34125],[32.5381,60.34069],[32.53847,60.34032],[32.53885,60.34012],[32.5399,60.33981],[32.54159,60.33983]],[[32.57203,60.32811],[32.57146,60.32813],[32.56911,60.33077],[32.56886,60.33122],[32.56883,60.33156],[32.56923,60.3321],[32.57131,60.33374],[32.57172,60.33391],[32.57229,60.33399],[32.57359,60.33381],[32.57521,60.33345],[32.57633,60.33309],[32.5771,60.33264],[32.57742,60.33212],[32.57746,60.33156],[32.57718,60.33043],[32.57685,60.32979],[32.57627,60.32938],[32.5752,60.32894],[32.57314,60.32829],[32.57203,60.32811]],[[31.69987,60.31422],[31.70044,60.31442],[31.70092,60.31491],[31.70091,60.31524],[31.70042,60.31566],[31.69946,60.31584],[31.69879,60.31577],[31.69822,60.31559],[31.6978,60.31513],[31.69779,60.31491],[31.69791,60.31469],[31.69838,60.31434],[31.6993,60.31413],[31.69987,60.31422]],[[32.32277,60.31296],[32.3231,60.31324],[32.32307,60.31374],[32.32214,60.31426],[32.32114,60.31434],[32.3203,60.3142],[32.31984,60.31389],[32.31959,60.31356],[32.31968,60.31322],[32.3199,60.31299],[32.32026,60.31276],[32.32069,60.31265],[32.32181,60.31261],[32.32232,60.31271],[32.32277,60.31296]],[[31.74849,60.30878],[31.74919,60.30887],[31.74988,60.3091],[31.75077,60.30954],[31.75193,60.31041],[31.75235,60.31096],[31.75248,60.31144],[31.75236,60.3119],[31.75204,60.31231],[31.75144,60.31273],[31.75071,60.31302],[31.74971,60.31324],[31.7488,60.31329],[31.74781,60.3132],[31.74682,60.31296],[31.74617,60.31268],[31.74552,60.31221],[31.74526,60.31191],[31.74506,60.31131],[31.74526,60.31058],[31.74555,60.31018],[31.74611,60.30962],[31.74693,60.3091],[31.74794,60.30877],[31.74849,60.30878]],[[32.04017,60.29892],[32.04218,60.29934],[32.0431,60.29972],[32.04318,60.29978],[32.04311,60.30021],[32.04247,60.30105],[32.04122,60.3024],[32.04051,60.303],[32.03986,60.30332],[32.03921,60.30346],[32.03832,60.30345],[32.03776,60.30337],[32.03683,60.30293],[32.03624,60.30219],[32.03587,60.30129],[32.03572,60.30028],[32.036,60.29961],[32.03681,60.29881],[32.03764,60.29856],[32.03854,60.29858],[32.04017,60.29892]],[[32.10311,60.30087],[32.10221,60.30072],[32.10132,60.30088],[32.10076,60.30113],[32.10059,60.30152],[32.10062,60.30171],[32.10086,60.30203],[32.10177,60.30237],[32.10266,60.3024],[32.10347,60.3022],[32.10385,60.30195],[32.10398,60.30152],[32.10362,60.30107],[32.10311,60.30087]],[[31.99511,60.27586],[31.99454,60.27589],[31.99366,60.27685],[31.99354,60.27756],[31.99374,60.2781],[31.99461,60.27887],[31.99639,60.27983],[31.99814,60.28043],[31.99914,60.28045],[31.99931,60.28014],[31.99933,60.27981],[31.99916,60.27942],[31.99877,60.27891],[31.99632,60.27641],[31.99549,60.27588],[31.99511,60.27586]],[[31.98971,60.27036],[31.98814,60.27027],[31.98661,60.27056],[31.98572,60.27098],[31.98515,60.2714],[31.98478,60.27181],[31.98461,60.27233],[31.98589,60.2726],[31.98926,60.27271],[31.99151,60.2726],[31.99203,60.27247],[31.99231,60.27226],[31.99237,60.27204],[31.9923,60.27171],[31.99211,60.27141],[31.99169,60.27106],[31.99056,60.27055],[31.98971,60.27036]],[[32.19401,60.24842],[32.19336,60.24846],[32.19315,60.24876],[32.19315,60.24892],[32.19616,60.2497],[32.19794,60.25046],[32.19885,60.25022],[32.19964,60.24984],[32.20009,60.24953],[32.20024,60.24932],[32.20017,60.24901],[32.19991,60.24888],[32.19671,60.24888],[32.19466,60.24845],[32.19401,60.24842]],[[31.01445,60.2459],[31.01636,60.24603],[31.01717,60.24621],[31.0179,60.24652],[31.01886,60.2472],[31.0191,60.24755],[31.01921,60.24797],[31.01913,60.24841],[31.01889,60.2488],[31.0181,60.24942],[31.01711,60.24981],[31.01634,60.24997],[31.01445,60.25009]],[[32.22217,60.21004],[32.22192,60.21051],[32.22188,60.21084],[32.22201,60.21129],[32.22227,60.21167],[32.22249,60.21129],[32.22254,60.21062],[32.2224,60.21011],[32.22228,60.21],[32.22217,60.21004]],[[31.3487,60.20182],[31.34928,60.20209],[31.34954,60.20241],[31.34984,60.20297],[31.34997,60.20353],[31.34992,60.20477],[31.3496,60.20657],[31.34938,60.2072],[31.34913,60.20753],[31.34824,60.20798],[31.34658,60.20797],[31.3456,60.20758],[31.34514,60.20713],[31.34477,60.2066],[31.34444,60.20556],[31.34378,60.20447],[31.34368,60.20398],[31.34386,60.20349],[31.34473,60.20285],[31.3467,60.20193],[31.3477,60.20169],[31.34836,60.20167],[31.3487,60.20182]],[[32.25713,60.19949],[32.25768,60.19994],[32.25775,60.20027],[32.25763,60.20049],[32.25735,60.20077],[32.25679,60.20097],[32.25544,60.20116],[32.24914,60.20117],[32.24779,60.2011],[32.24619,60.20077],[32.24544,60.20032],[32.24525,60.19994],[32.24547,60.19973],[32.24621,60.19958],[32.25409,60.1991],[32.25611,60.19918],[32.25713,60.19949]],[[31.29681,60.19767],[31.29748,60.19804],[31.29771,60.19836],[31.29775,60.19858],[31.29752,60.19902],[31.29692,60.1994],[31.29602,60.19959],[31.29494,60.19954],[31.29423,60.19932],[31.2938,60.19903],[31.29356,60.19869],[31.29354,60.19847],[31.29372,60.19814],[31.29444,60.19767],[31.29559,60.19749],[31.29681,60.19767]],[[31.33901,60.14463],[31.33834,60.14461],[31.33746,60.14486],[31.33735,60.14505],[31.33744,60.14541],[31.3384,60.1459],[31.33942,60.14589],[31.33982,60.14559],[31.33996,60.14526],[31.33966,60.14486],[31.33901,60.14463]],[[31.48739,60.1252],[31.48607,60.12521],[31.48593,60.12519],[31.4859,60.1251],[31.48607,60.12484],[31.48639,60.1248],[31.48722,60.12498],[31.48748,60.12512],[31.48739,60.1252]],[[31.45181,60.11707],[31.45087,60.11723],[31.45027,60.11756],[31.45,60.11797],[31.45011,60.11836],[31.45086,60.11867],[31.45151,60.11866],[31.45214,60.1185],[31.45285,60.11803],[31.45285,60.11747],[31.45181,60.11707]],[[31.49561,60.11463],[31.49471,60.11447],[31.49381,60.11458],[31.49308,60.11484],[31.49273,60.11522],[31.49269,60.11544],[31.49296,60.11583],[31.49349,60.11607],[31.49405,60.1162],[31.49504,60.11617],[31.49602,60.1158],[31.49632,60.11544],[31.49631,60.11511],[31.49612,60.11483],[31.49561,60.11463]],[[31.09781,60.08099],[31.09714,60.08092],[31.09636,60.08099],[31.09538,60.08144],[31.09452,60.0824],[31.09409,60.08338],[31.09421,60.08394],[31.09454,60.08461],[31.09602,60.08664],[31.09628,60.08695],[31.09719,60.0874],[31.0982,60.08741],[31.0987,60.08709],[31.09894,60.08676],[31.09889,60.08642],[31.09844,60.08552],[31.09836,60.08496],[31.09867,60.08372],[31.09912,60.08256],[31.09916,60.08195],[31.09898,60.08159],[31.09881,60.08145],[31.09818,60.08107],[31.09781,60.08099]],[[31.19321,60.06793],[31.19188,60.06806],[31.19089,60.06839],[31.1903,60.06909],[31.19026,60.06932],[31.19034,60.06954],[31.19158,60.07078],[31.19172,60.07146],[31.1914,60.07201],[31.19079,60.07242],[31.19014,60.07314],[31.18971,60.07461],[31.18864,60.07652],[31.18847,60.07719],[31.18852,60.07764],[31.18878,60.07804],[31.18921,60.07829],[31.18992,60.07848],[31.19051,60.07849],[31.19097,60.07844],[31.19166,60.07816],[31.19261,60.07741],[31.19341,60.07629],[31.19353,60.07573],[31.19334,60.07449],[31.19343,60.07394],[31.19402,60.07224],[31.19472,60.07123],[31.19493,60.07056],[31.1947,60.06898],[31.19446,60.0682],[31.19413,60.06801],[31.19321,60.06793]],[[31.19861,60.05566],[31.19771,60.05556],[31.19704,60.05562],[31.19621,60.05584],[31.1959,60.05616],[31.19541,60.05723],[31.19513,60.05897],[31.1946,60.06032],[31.19466,60.06099],[31.19518,60.06173],[31.19625,60.06253],[31.19707,60.06289],[31.19749,60.0629],[31.19812,60.06273],[31.1997,60.06165],[31.19998,60.06137],[31.20014,60.06099],[31.20011,60.06066],[31.19994,60.06031],[31.19875,60.05914],[31.19855,60.05874],[31.1986,60.05807],[31.19916,60.05683],[31.1993,60.05627],[31.19911,60.05582],[31.19861,60.05566]],[[31.26002,60.03835],[31.26111,60.0388],[31.26157,60.03928],[31.2617,60.03984],[31.26134,60.04232],[31.25964,60.04545],[31.25938,60.04565],[31.25869,60.04586],[31.25711,60.04591],[31.25473,60.04564],[31.25428,60.04547],[31.2538,60.04516],[31.25332,60.04434],[31.25317,60.04367],[31.2537,60.04155],[31.25409,60.04096],[31.25557,60.03964],[31.25739,60.03856],[31.2585,60.0382],[31.25932,60.03822],[31.26002,60.03835]],[[31.23805,60.03669],[31.2401,60.03871],[31.24043,60.03916],[31.24057,60.03962],[31.24047,60.04015],[31.24009,60.04074],[31.23943,60.04145],[31.23863,60.04201],[31.23728,60.04239],[31.22966,60.04307],[31.22877,60.04302],[31.22782,60.04278],[31.22728,60.04242],[31.22682,60.04195],[31.22672,60.04131],[31.22682,60.04101],[31.22718,60.04062],[31.22885,60.03923],[31.23042,60.0383],[31.23326,60.0372],[31.23565,60.03645],[31.23709,60.03636],[31.23772,60.03648],[31.23805,60.03669]],[[31.28072,60.01495],[31.28223,60.01577],[31.2832,60.01656],[31.28358,60.01706],[31.28447,60.01887],[31.28473,60.01982],[31.28487,60.02139],[31.28503,60.02207],[31.2855,60.02289],[31.28631,60.02388],[31.2866,60.02466],[31.28655,60.02544],[31.28607,60.02679],[31.286,60.02826],[31.28589,60.02859],[31.28559,60.02895],[31.28521,60.02911],[31.28446,60.02933],[31.28366,60.02937],[31.28186,60.02923],[31.27916,60.02873],[31.27829,60.0287],[31.27788,60.0288],[31.2776,60.02904],[31.27749,60.02938],[31.27819,60.03064],[31.27822,60.0315],[31.27768,60.03287],[31.27687,60.03399],[31.27305,60.03714],[31.27183,60.03876],[31.27108,60.03935],[31.27014,60.03972],[31.26927,60.03979],[31.2683,60.03966],[31.26725,60.03925],[31.26658,60.03876],[31.26634,60.03825],[31.26641,60.03783],[31.26705,60.03658],[31.26702,60.03591],[31.26649,60.0352],[31.26549,60.03437],[31.26483,60.03367],[31.26451,60.03309],[31.26443,60.03253],[31.26499,60.03096],[31.2652,60.02927],[31.26543,60.0285],[31.26654,60.02631],[31.2673,60.02386],[31.26803,60.02263],[31.26912,60.02035],[31.27004,60.01897],[31.2728,60.01764],[31.27428,60.01671],[31.27542,60.01579],[31.27627,60.01531],[31.2773,60.01494],[31.27871,60.01467],[31.27982,60.0147],[31.28072,60.01495]],[[31.4185,60.03698],[31.41946,60.03742],[31.4198,60.03782],[31.41996,60.03827],[31.41986,60.03872],[31.41947,60.03923],[31.41861,60.03972],[31.41731,60.04],[31.41596,60.03996],[31.41496,60.03967],[31.4143,60.03918],[31.41403,60.0388],[31.41401,60.03833],[31.41417,60.03801],[31.41498,60.03734],[31.41592,60.037],[31.41667,60.03687],[31.41753,60.03685],[31.4185,60.03698]],[[31.33086,60.00159],[31.33083,60.00181],[31.33067,60.002],[31.33023,60.00228],[31.32953,60.00246],[31.32839,60.00242],[31.32809,60.00225],[31.32785,60.00193],[31.32789,60.00171],[31.32828,60.00134],[31.32911,60.0011],[31.32979,60.00109],[31.33039,60.00121],[31.33076,60.00141],[31.33086,60.00159]],[[31.18135,59.99479],[31.18198,59.99508],[31.18267,59.99563],[31.18297,59.99609],[31.18309,59.99664],[31.18303,59.99698],[31.18278,59.99742],[31.18211,59.9979],[31.18129,59.99817],[31.18032,59.99832],[31.1793,59.99832],[31.17727,59.998],[31.17555,59.99737],[31.17504,59.99698],[31.17477,59.99653],[31.17481,59.99608],[31.17526,59.99557],[31.17616,59.99512],[31.17721,59.99481],[31.17839,59.99456],[31.17949,59.99447],[31.18039,59.99454],[31.18135,59.99479]],[[31.21868,59.98299],[31.22066,59.98378],[31.22141,59.98437],[31.22163,59.98484],[31.22164,59.98528],[31.22148,59.98569],[31.22101,59.98616],[31.22039,59.98653],[31.21952,59.98684],[31.21867,59.98702],[31.21779,59.98706],[31.21661,59.98694],[31.21536,59.98662],[31.21472,59.98628],[31.21438,59.98599],[31.21421,59.98571],[31.21418,59.98529],[31.21447,59.98438],[31.21513,59.98337],[31.2159,59.98279],[31.21661,59.98258],[31.21729,59.98258],[31.21868,59.98299]],[[31.1916,59.98179],[31.19175,59.98208],[31.19159,59.98236],[31.19125,59.98264],[31.19091,59.98277],[31.19051,59.98279],[31.18983,59.98265],[31.1894,59.98213],[31.18942,59.98191],[31.1897,59.98149],[31.19029,59.98124],[31.19092,59.98127],[31.1916,59.98179]],[[31.23401,59.96542],[31.23259,59.96562],[31.23163,59.96599],[31.23124,59.96627],[31.23104,59.96661],[31.23101,59.96694],[31.23114,59.96724],[31.23162,59.96765],[31.23219,59.96789],[31.23303,59.96807],[31.23406,59.96813],[31.23506,59.96802],[31.23605,59.96779],[31.23678,59.96742],[31.2371,59.96706],[31.23719,59.96672],[31.23713,59.96649],[31.23695,59.96622],[31.23657,59.96594],[31.23551,59.96557],[31.23401,59.96542]],[[32.40607,60.14842],[32.40512,60.14837],[32.40393,60.14849],[32.40292,60.14869],[32.40084,60.14931],[32.40022,60.14937],[32.39769,60.149],[32.39619,60.14845],[32.39567,60.14835],[32.39522,60.14836],[32.39409,60.14857],[32.39353,60.14862],[32.39061,60.14837],[32.38971,60.14836],[32.38767,60.14874],[32.38566,60.14874],[32.38476,60.14883],[32.38267,60.14933],[32.38,60.14982],[32.37834,60.15038],[32.37643,60.15063],[32.37497,60.15073],[32.37249,60.15063],[32.36824,60.15067],[32.36561,60.15116],[32.3615,60.15161],[32.35776,60.1519],[32.35711,60.15208],[32.35622,60.15253],[32.35562,60.15266],[32.35494,60.15267],[32.3531,60.1525],[32.35191,60.15245],[32.35057,60.1525],[32.34943,60.15262],[32.34891,60.15273],[32.34844,60.15293],[32.34806,60.15321],[32.34792,60.1534],[32.34782,60.15367],[32.34773,60.15445],[32.3471,60.15562],[32.34716,60.15662],[32.34706,60.15682],[32.34668,60.15725],[32.34611,60.1576],[32.34438,60.15832],[32.34354,60.15883],[32.34313,60.15896],[32.34279,60.159],[32.34249,60.15893],[32.34224,60.15877],[32.34139,60.15755],[32.34144,60.15727],[32.34188,60.1567],[32.34189,60.15653],[32.34178,60.15634],[32.34142,60.15606],[32.33987,60.15523],[32.33958,60.15497],[32.3394,60.15468],[32.33931,60.15445],[32.33916,60.15344],[32.33924,60.15316],[32.33951,60.15278],[32.33962,60.15248],[32.33957,60.15228],[32.33936,60.15215],[32.33908,60.15203],[32.33863,60.15196],[32.33762,60.152],[32.33424,60.15283],[32.33256,60.15313],[32.33176,60.15321],[32.33131,60.15318],[32.33091,60.15307],[32.33068,60.15293],[32.33049,60.15266],[32.33049,60.15205],[32.33036,60.15186],[32.33002,60.15162],[32.32941,60.15146],[32.32866,60.15139],[32.32727,60.15134],[32.32592,60.15146],[32.32423,60.15167],[32.32153,60.15216],[32.32097,60.15213],[32.31936,60.1518],[32.31884,60.15176],[32.31839,60.15186],[32.31787,60.15213],[32.31741,60.15229],[32.31695,60.15213],[32.31627,60.15147],[32.31614,60.15119],[32.31627,60.15091],[32.31698,60.15027],[32.31719,60.14984],[32.31742,60.14959],[32.31793,60.14945],[32.31838,60.14944],[32.32052,60.14977],[32.32142,60.14978],[32.32194,60.14968],[32.32224,60.14953],[32.32245,60.14932],[32.32254,60.14894],[32.32237,60.14847],[32.32218,60.14821],[32.32196,60.14797],[32.32153,60.14775],[32.32065,60.14754],[32.31818,60.14715],[32.31748,60.14707],[32.31683,60.14709],[32.31439,60.14736],[32.31386,60.14758],[32.31329,60.14805],[32.3131,60.14838],[32.31313,60.14877],[32.31383,60.15003],[32.31353,60.15091],[32.31359,60.15136],[32.31355,60.15158],[32.3134,60.15185],[32.31317,60.15209],[32.31216,60.15275],[32.3116,60.15322],[32.31118,60.15345],[32.31051,60.1535],[32.31021,60.15343],[32.31002,60.15327],[32.30945,60.1522],[32.30924,60.15147],[32.30909,60.15119],[32.30886,60.15095],[32.30826,60.15081],[32.30789,60.15088],[32.30612,60.15153],[32.30433,60.15179],[32.30423,60.15198],[32.30432,60.15248],[32.30427,60.15277],[32.30405,60.15301],[32.3036,60.15321],[32.30286,60.15334],[32.30167,60.15341],[32.30038,60.15374],[32.2994,60.15369],[32.29805,60.15328],[32.29706,60.15274],[32.29679,60.15244],[32.29666,60.15209],[32.2968,60.15097],[32.29674,60.15071],[32.29622,60.15066],[32.29579,60.1507],[32.29498,60.15099],[32.2941,60.15164],[32.29371,60.15184],[32.29209,60.15227],[32.29169,60.15248],[32.29157,60.15277],[32.29167,60.15333],[32.29166,60.15355],[32.29151,60.15383],[32.29117,60.15417],[32.29002,60.15504],[32.28964,60.15524],[32.28878,60.15549],[32.28742,60.15572],[32.28695,60.1559],[32.28668,60.15615],[32.28619,60.15682],[32.28501,60.15771],[32.28454,60.15814]],[[32.29526,60.15501],[32.29572,60.15529],[32.29583,60.15544],[32.29583,60.15567],[32.29562,60.15591],[32.29492,60.15634],[32.29479,60.15665],[32.29508,60.1571],[32.29565,60.15772],[32.29571,60.15794],[32.29566,60.15817],[32.29544,60.15847],[32.29472,60.15912],[32.29447,60.15971],[32.29428,60.15995],[32.29405,60.16005],[32.29363,60.1601],[32.29319,60.16004],[32.29278,60.1599],[32.29194,60.1593],[32.29173,60.15907],[32.29161,60.15878],[32.29168,60.15822],[32.29237,60.15648],[32.29236,60.15625],[32.29211,60.15575],[32.29215,60.15552],[32.29256,60.15519],[32.29353,60.15492],[32.29442,60.15486],[32.29526,60.15501]],[[32.30723,60.15485],[32.3079,60.15529],[32.30814,60.15537],[32.31006,60.15563],[32.31148,60.15567],[32.31174,60.15572],[32.31208,60.15586],[32.31218,60.15603],[32.3122,60.1562],[32.31201,60.15649],[32.31158,60.15679],[32.31107,60.15695],[32.31039,60.15695],[32.30931,60.15679],[32.30886,60.15666],[32.30842,60.15641],[32.30783,60.1559],[32.30747,60.15572],[32.30544,60.15557],[32.30506,60.15548],[32.30494,60.15535],[32.30502,60.15518],[32.30527,60.15499],[32.30613,60.15465],[32.30668,60.15462],[32.30723,60.15485]],[[32.31638,60.15367],[32.31671,60.1539],[32.31682,60.15423],[32.31661,60.15457],[32.31617,60.15483],[32.31563,60.15499],[32.31478,60.15505],[32.31424,60.15499],[32.31392,60.15473],[32.3139,60.15451],[32.314,60.15417],[32.3143,60.15383],[32.31477,60.15365],[32.31524,60.15359],[32.316,60.15359],[32.31638,60.15367]],[[32.30781,60.14551],[32.30744,60.14555],[32.3076,60.14562],[32.308,60.14554],[32.30781,60.14551]],[[31.14231,59.99134],[31.14186,59.99136],[31.13938,59.99186],[31.13911,59.99206],[31.13908,59.99234],[31.13938,59.99273],[31.13973,59.99298],[31.14052,59.99329],[31.14152,59.99342],[31.14249,59.9933],[31.14297,59.99298],[31.14316,59.99262],[31.14322,59.99223],[31.14314,59.99189],[31.14296,59.99157],[31.1426,59.99139],[31.14231,59.99134]],[[31.13691,59.99117],[31.13657,59.99116],[31.13651,59.99123],[31.13662,59.99142],[31.13715,59.99143],[31.13709,59.99119],[31.13691,59.99117]],[[31.13241,59.98999],[31.1321,59.99006],[31.13208,59.99031],[31.13252,59.99045],[31.13303,59.99029],[31.13284,59.99006],[31.13241,59.98999]],[[31.12161,59.98686],[31.12104,59.98679],[31.12039,59.98689],[31.11998,59.98715],[31.11994,59.9874],[31.12008,59.98757],[31.12036,59.98775],[31.12094,59.98791],[31.12183,59.98794],[31.12267,59.98779],[31.12268,59.98758],[31.12243,59.98728],[31.12221,59.98711],[31.12161,59.98686]],[[31.0997,59.98331],[31.09918,59.98342],[31.09902,59.98362],[31.09906,59.98379],[31.09931,59.98397],[31.09967,59.98403],[31.09993,59.98399],[31.10022,59.98384],[31.10026,59.98373],[31.10018,59.98354],[31.0997,59.98331]],[[31.08156,59.97722],[31.08115,59.97724],[31.08084,59.9774],[31.08079,59.97749],[31.08132,59.97788],[31.08246,59.97823],[31.08313,59.97825],[31.08353,59.97814],[31.08363,59.978],[31.08365,59.97788],[31.08353,59.97769],[31.08307,59.97747],[31.08156,59.97722]],[[31.06581,59.96525],[31.06546,59.96525],[31.06524,59.96551],[31.06521,59.9659],[31.06539,59.96621],[31.06581,59.96634],[31.06637,59.96641],[31.06681,59.96638],[31.06707,59.96623],[31.06709,59.96602],[31.06689,59.96574],[31.06643,59.96545],[31.06581,59.96525]],[[31.04511,59.95537],[31.04477,59.95534],[31.04438,59.95541],[31.04304,59.9561],[31.04288,59.95629],[31.0429,59.9564],[31.04302,59.95654],[31.04383,59.95677],[31.04477,59.95689],[31.04618,59.95694],[31.04758,59.95739],[31.04814,59.95739],[31.04857,59.95722],[31.0483,59.95697],[31.04656,59.95662],[31.04573,59.95567],[31.04528,59.95541],[31.04511,59.95537]],[[31.07526,59.95355],[31.07402,59.95344],[31.07199,59.95389],[31.06974,59.95398],[31.06898,59.95424],[31.06878,59.95443],[31.06873,59.9546],[31.06882,59.95476],[31.06914,59.95496],[31.06963,59.95505],[31.07199,59.95501],[31.07325,59.95522],[31.07503,59.95539],[31.07548,59.95535],[31.07592,59.9552],[31.07635,59.95495],[31.0768,59.95453],[31.07688,59.95415],[31.07684,59.95403],[31.07669,59.95393],[31.07646,59.95382],[31.07526,59.95355]],[[31.02846,59.95045],[31.02815,59.95045],[31.02769,59.95064],[31.02753,59.95088],[31.02759,59.95115],[31.02806,59.95143],[31.02868,59.95154],[31.02924,59.95149],[31.02957,59.9514],[31.02969,59.95128],[31.02975,59.95111],[31.02971,59.951],[31.02942,59.95073],[31.02902,59.95055],[31.02846,59.95045]],[[31.02576,59.94544],[31.02531,59.94543],[31.02482,59.94554],[31.02451,59.94571],[31.02453,59.946],[31.02504,59.94656],[31.02559,59.94682],[31.02591,59.94688],[31.02629,59.94685],[31.02681,59.94663],[31.02701,59.94622],[31.02701,59.94605],[31.02693,59.94591],[31.02649,59.94566],[31.02576,59.94544]],[[31.02216,59.94062],[31.02114,59.9406],[31.02084,59.94068],[31.02068,59.94082],[31.02089,59.94104],[31.02189,59.94149],[31.02249,59.9416],[31.0229,59.94151],[31.023,59.94127],[31.02284,59.94101],[31.02242,59.9407],[31.02216,59.94062]],[[31.01811,59.94027],[31.0177,59.94035],[31.01756,59.94048],[31.01756,59.94059],[31.01784,59.94078],[31.01832,59.94082],[31.01869,59.94077],[31.01892,59.94059],[31.01889,59.94049],[31.01869,59.94035],[31.01811,59.94027]],[[30.99471,59.93409],[30.99414,59.93411],[30.99354,59.93427],[30.99314,59.93453],[30.99295,59.93485],[30.99293,59.93513],[30.99305,59.93549],[30.99398,59.93696],[30.99431,59.93721],[30.99471,59.93733],[30.99666,59.93764],[30.99726,59.93782],[30.99755,59.93816],[30.99802,59.93923],[30.99894,59.94055],[30.99954,59.94066],[31.00224,59.94047],[31.00296,59.94033],[31.00342,59.94011],[31.00367,59.93986],[31.00377,59.93958],[31.00374,59.93918],[31.00352,59.93857],[31.00334,59.93835],[31.00232,59.9381],[30.99807,59.93738],[30.99776,59.9371],[30.99764,59.9366],[30.99775,59.93609],[30.99811,59.93542],[30.9981,59.93513],[30.99658,59.93477],[30.99504,59.93416],[30.99471,59.93409]],[[31.01046,59.93783],[31.00981,59.93786],[31.00919,59.93809],[31.00865,59.9384],[31.00826,59.93871],[31.00818,59.93885],[31.0082,59.939],[31.00847,59.93921],[31.00919,59.93945],[31.01019,59.93966],[31.01102,59.93973],[31.01382,59.93967],[31.01471,59.93947],[31.01494,59.93924],[31.01493,59.93913],[31.01477,59.93898],[31.0142,59.93886],[31.01335,59.93852],[31.01198,59.93831],[31.01046,59.93783]]]}},{"type":"Feature","properties":{"depth_m":6,"n_lines":49},"geometry":{"type":"MultiLineString","coordinates":[[[32.77697,60.85012],[32.777,60.84962],[32.77716,60.84917],[32.77746,60.84872],[32.77793,60.84826],[32.77924,60.84739],[32.78203,60.84606],[32.78315,60.84566],[32.78475,60.84524],[32.79013,60.84427],[32.79275,60.84363],[32.79583,60.84264],[32.79827,60.8416],[32.79914,60.841],[32.80114,60.83857],[32.80164,60.83769],[32.80175,60.83713],[32.80167,60.83646],[32.80074,60.83409],[32.80048,60.83308],[32.80045,60.83218],[32.80073,60.83094],[32.80065,60.83049],[32.80039,60.83016],[32.79908,60.82896],[32.7976,60.82679],[32.79579,60.82476],[32.79537,60.82408],[32.79528,60.82363],[32.79537,60.82307],[32.79555,60.82267],[32.79662,60.82104],[32.79678,60.82059],[32.79679,60.82014],[32.7965,60.81949],[32.79546,60.81825],[32.79468,60.81705],[32.79425,60.81609],[32.79417,60.81553],[32.79434,60.81497],[32.79472,60.81444],[32.79554,60.81376],[32.7973,60.81254],[32.79809,60.81174],[32.79861,60.81081],[32.79914,60.80871],[32.79947,60.80799],[32.80001,60.80731],[32.80175,60.80597],[32.80243,60.80529],[32.80279,60.80466],[32.80285,60.80384],[32.80241,60.80282],[32.80082,60.80054],[32.79725,60.79746],[32.79436,60.79537],[32.79379,60.79473],[32.7936,60.79436],[32.79354,60.79393],[32.79375,60.79343],[32.79431,60.79296],[32.79522,60.79243],[32.79666,60.79176],[32.79888,60.79105],[32.80266,60.79023],[32.80447,60.78961],[32.80545,60.78893],[32.80591,60.78831],[32.80618,60.78774],[32.80631,60.78696],[32.80615,60.78606],[32.80547,60.78433],[32.80463,60.78256],[32.80368,60.78168],[32.80277,60.7811],[32.80178,60.78055],[32.80011,60.77985],[32.79969,60.77941],[32.79962,60.77874],[32.80001,60.77764],[32.8005,60.77719],[32.80132,60.7768],[32.80399,60.77611],[32.80545,60.77555],[32.80633,60.77494],[32.8067,60.77447],[32.80697,60.77391],[32.80709,60.77278],[32.80676,60.77031],[32.80703,60.76817],[32.80702,60.76749],[32.80672,60.76671],[32.80539,60.76513],[32.8051,60.76446],[32.8052,60.76367],[32.80602,60.76221],[32.80619,60.76142],[32.80606,60.76086],[32.80498,60.75827],[32.80481,60.75748],[32.80483,60.75681],[32.805,60.75624],[32.80545,60.75562],[32.80628,60.75513],[32.80906,60.75428],[32.80998,60.75386],[32.8105,60.75332],[32.81063,60.75276],[32.81028,60.75017],[32.80994,60.74935],[32.80932,60.74875],[32.8072,60.7471],[32.80669,60.74657],[32.80615,60.74566],[32.80606,60.74477],[32.80649,60.74363],[32.80733,60.74262],[32.80858,60.74172],[32.8109,60.74034],[32.81161,60.7398],[32.81213,60.73926],[32.81264,60.73851],[32.81278,60.73812],[32.8132,60.73588],[32.81313,60.73509],[32.81271,60.73435],[32.81183,60.73374],[32.81089,60.73346],[32.80992,60.73345],[32.80746,60.73411],[32.80467,60.73464],[32.80379,60.735],[32.8034,60.73544],[32.80315,60.73611],[32.8029,60.73779],[32.80248,60.73859],[32.80198,60.73902],[32.80169,60.73915],[32.80093,60.73942],[32.80015,60.73948],[32.79914,60.73943],[32.79836,60.73926],[32.79541,60.7383],[32.79407,60.73796],[32.78926,60.73717],[32.78827,60.7368],[32.78765,60.73635],[32.78735,60.73594],[32.78731,60.73566],[32.78738,60.73532],[32.78772,60.73496],[32.78839,60.73451],[32.79195,60.73324],[32.7929,60.73269],[32.79464,60.73131],[32.79507,60.73071],[32.7952,60.73003],[32.79509,60.72947],[32.7948,60.72899],[32.79439,60.72865],[32.79383,60.72839],[32.793,60.72816],[32.79184,60.72799],[32.78836,60.7278],[32.78815,60.72771],[32.78788,60.72733],[32.78744,60.72548],[32.7871,60.72486],[32.78584,60.7232],[32.78541,60.72249],[32.78489,60.72126],[32.78465,60.72013],[32.78467,60.71867],[32.78497,60.71721],[32.78562,60.71553],[32.78646,60.71415],[32.78761,60.71288],[32.78919,60.71175],[32.79174,60.71047],[32.79493,60.70924],[32.79654,60.70889],[32.79826,60.70882],[32.8018,60.70936],[32.80331,60.70942],[32.80458,60.70925],[32.80629,60.70865],[32.80731,60.70801],[32.80784,60.70742],[32.80809,60.7069],[32.80852,60.70528],[32.80907,60.70434],[32.81031,60.70326],[32.81264,60.70172],[32.8145,60.70076],[32.81668,60.69985],[32.82346,60.6977],[32.82526,60.69703],[32.82702,60.6962],[32.83144,60.69369],[32.83355,60.69274],[32.83522,60.6922],[32.83954,60.69122],[32.84055,60.69083],[32.84296,60.68947],[32.844,60.68899],[32.84899,60.68745],[32.85304,60.6865],[32.85889,60.68565],[32.86033,60.68532],[32.86213,60.6845],[32.8633,60.68373],[32.86475,60.6826],[32.86561,60.6822],[32.87193,60.68114],[32.87849,60.67945],[32.88026,60.67924],[32.88352,60.67909],[32.88539,60.67868],[32.88643,60.67822],[32.88914,60.67641],[32.89085,60.67545],[32.89433,60.67418],[32.90008,60.67236],[32.90669,60.66917],[32.90737,60.6687],[32.91105,60.66534],[32.91286,60.66354],[32.91612,60.66002],[32.91794,60.65841],[32.91967,60.65725],[32.92151,60.65623],[32.92967,60.65228],[32.93059,60.65173],[32.93165,60.65003],[32.9332,60.64849],[32.93356,60.64801],[32.93466,60.64532],[32.93552,60.64397],[32.93657,60.64302],[32.93871,60.64184],[32.93948,60.64126],[32.93973,60.64081],[32.93973,60.64014],[32.93885,60.63767],[32.93826,60.63362],[32.93738,60.63126],[32.93724,60.63036],[32.93715,60.62878],[32.93702,60.62825],[32.9367,60.62783],[32.93511,60.62668],[32.93436,60.62601],[32.93232,60.62337],[32.9293,60.62079],[32.92838,60.61978],[32.92627,60.6171],[32.92407,60.61523],[32.92319,60.61425],[32.92273,60.61337],[32.92248,60.61241],[32.92219,60.61056],[32.92202,60.60774],[32.9221,60.60696],[32.92282,60.60549],[32.92277,60.60504],[32.92235,60.60442],[32.9212,60.60313],[32.91846,60.60111],[32.91758,60.60031],[32.91693,60.59956],[32.91633,60.59852],[32.91592,60.59672],[32.9154,60.59587],[32.91432,60.59499],[32.91164,60.59318],[32.9106,60.59275],[32.90407,60.59089],[32.90218,60.59016],[32.90152,60.58969],[32.9008,60.58871],[32.89922,60.58687],[32.89698,60.58466],[32.89616,60.58344],[32.89597,60.58277],[32.89588,60.58153],[32.89552,60.57996],[32.89556,60.57917],[32.89584,60.57793],[32.89574,60.57741],[32.89359,60.5761],[32.893,60.5756],[32.89177,60.57426],[32.88927,60.57248],[32.88896,60.57206],[32.88836,60.57068],[32.88736,60.56977],[32.88529,60.56851],[32.87933,60.56524],[32.8782,60.56445],[32.87668,60.56304],[32.87615,60.56271],[32.87032,60.56011],[32.86602,60.55852],[32.86189,60.55724],[32.86062,60.55663],[32.85858,60.55535],[32.8576,60.55495],[32.85308,60.55359],[32.85227,60.5531],[32.85129,60.55226],[32.85048,60.55177],[32.84695,60.55019],[32.84505,60.54953],[32.8405,60.54835],[32.83596,60.54661],[32.8327,60.5451],[32.83053,60.54377],[32.82872,60.54303],[32.82694,60.54251],[32.82199,60.54178],[32.81974,60.54158],[32.81771,60.54152],[32.81209,60.54187],[32.79904,60.54165],[32.79364,60.54192],[32.78936,60.54156],[32.78824,60.54167],[32.78488,60.54226],[32.78195,60.54234],[32.78059,60.5422],[32.77925,60.5419],[32.77841,60.54144],[32.77751,60.54058],[32.77671,60.54003],[32.77586,60.53996],[32.77361,60.54005],[32.77294,60.53998],[32.7693,60.53859],[32.76782,60.53821],[32.76641,60.538],[32.76056,60.53792],[32.75764,60.53803],[32.75494,60.5379],[32.74931,60.53802],[32.74751,60.53814],[32.74245,60.53873],[32.74144,60.53863],[32.74062,60.53844],[32.73856,60.53744],[32.73761,60.53731],[32.73285,60.53789],[32.73097,60.53828],[32.72984,60.53871],[32.7279,60.53993],[32.72661,60.54049],[32.72524,60.54079],[32.72074,60.54144],[32.71909,60.54188],[32.71543,60.54322],[32.71309,60.5436],[32.70949,60.54395],[32.70589,60.54446],[32.7046,60.54418],[32.70417,60.54373],[32.70364,60.54288],[32.70319,60.5424],[32.70285,60.54217],[32.70199,60.54187],[32.69779,60.5417],[32.69676,60.54136],[32.69559,60.54055],[32.69464,60.54013],[32.69329,60.53992],[32.69192,60.54002],[32.69075,60.54042],[32.68939,60.54117],[32.68859,60.5415],[32.68451,60.54212],[32.68295,60.54253],[32.68213,60.54285],[32.68036,60.5438],[32.67708,60.54527],[32.67468,60.54617],[32.67412,60.54645],[32.67246,60.54772],[32.67186,60.54806],[32.66869,60.5491],[32.66696,60.55002],[32.66574,60.55079],[32.66164,60.5538],[32.66056,60.55449],[32.65967,60.55494],[32.65711,60.55593],[32.65165,60.55832],[32.64693,60.56023],[32.64085,60.56357],[32.63978,60.56429],[32.6382,60.56572],[32.63603,60.56742],[32.63569,60.56792],[32.63535,60.56887],[32.63443,60.56976],[32.63188,60.57117],[32.62899,60.57246],[32.62752,60.57348],[32.62623,60.57423],[32.62561,60.57472],[32.62207,60.57803],[32.6217,60.57861],[32.62135,60.57962],[32.62093,60.5801],[32.61749,60.58102],[32.61687,60.58142],[32.61527,60.58323],[32.61497,60.58378],[32.6147,60.58466],[32.61411,60.58518],[32.61313,60.58557],[32.6093,60.58656],[32.60521,60.58735],[32.60329,60.58831],[32.60205,60.58876],[32.59658,60.59001],[32.59496,60.59021],[32.5939,60.5901],[32.59378,60.58986],[32.59376,60.58941],[32.5942,60.58749],[32.59413,60.58704],[32.59391,60.58655],[32.59332,60.58582],[32.59258,60.58524],[32.58954,60.5837],[32.58877,60.58313],[32.58849,60.58281],[32.58823,60.58221],[32.58822,60.58029],[32.58838,60.57963],[32.58882,60.57894],[32.59055,60.57752],[32.59133,60.57674],[32.59211,60.57631],[32.5932,60.57593],[32.59666,60.57533],[32.59697,60.57518],[32.59723,60.57489],[32.5972,60.57468],[32.59676,60.57442],[32.5958,60.57419],[32.59491,60.5738],[32.5947,60.57342],[32.59472,60.57281],[32.59549,60.57186],[32.59577,60.57116],[32.59585,60.57039],[32.59574,60.56979],[32.59547,60.56938],[32.59486,60.56887],[32.59406,60.56859],[32.59339,60.56849],[32.59271,60.56854],[32.59215,60.5687],[32.59115,60.56921],[32.58957,60.57026],[32.58844,60.57057],[32.58709,60.57056],[32.58587,60.57032],[32.58548,60.56994],[32.58535,60.56949],[32.58545,60.56904],[32.58584,60.56842],[32.58693,60.56745],[32.5877,60.56622],[32.58856,60.56528],[32.58885,60.56409],[32.58936,60.56332],[32.59035,60.56257],[32.59339,60.56124],[32.5942,60.56078],[32.59478,60.56028],[32.59561,60.55932],[32.59627,60.55824],[32.59625,60.55757],[32.59593,60.55667],[32.59539,60.55566],[32.59481,60.55495],[32.59402,60.55442],[32.59128,60.55343],[32.58906,60.55235],[32.58844,60.55195],[32.5882,60.55149],[32.58828,60.55116],[32.58853,60.55086],[32.59046,60.55076],[32.59361,60.55099],[32.59412,60.55091],[32.59486,60.55043],[32.59511,60.54992],[32.59516,60.54947],[32.59505,60.54903],[32.5948,60.54861],[32.59422,60.54805],[32.59234,60.54661],[32.59029,60.54556],[32.58898,60.54429],[32.5887,60.54373],[32.58883,60.54339],[32.58914,60.54311],[32.58952,60.5429],[32.59034,60.54268],[32.59125,60.54277],[32.59244,60.54326],[32.59361,60.54353],[32.59427,60.54346],[32.59464,60.54327],[32.59474,60.54306],[32.5945,60.54272],[32.59391,60.54234],[32.59119,60.54196],[32.58979,60.5405],[32.58921,60.54009],[32.58851,60.53976],[32.58731,60.53943],[32.58504,60.53915],[32.58404,60.53874],[32.58411,60.53772],[32.58392,60.53721],[32.583,60.53561],[32.58287,60.53518],[32.58288,60.53473],[32.58311,60.5342],[32.58404,60.5333],[32.5845,60.53271],[32.58468,60.53214],[32.58494,60.53017],[32.58527,60.52944],[32.58594,60.52847],[32.58601,60.52798],[32.58583,60.52749],[32.58531,60.5271],[32.58286,60.52622],[32.58214,60.52573],[32.5816,60.52506],[32.58127,60.52425],[32.58111,60.52314],[32.58114,60.52236],[32.58141,60.52089],[32.58138,60.52029],[32.58104,60.51943],[32.58046,60.51845],[32.57966,60.5182],[32.57876,60.51821],[32.5777,60.51844],[32.57588,60.51934],[32.57513,60.51957],[32.57359,60.51977],[32.57248,60.5197],[32.57176,60.51934],[32.57075,60.5184],[32.56989,60.51796],[32.56788,60.51717],[32.56527,60.51648],[32.56442,60.51615],[32.56414,60.51586],[32.56396,60.51538],[32.56386,60.51459],[32.56392,60.51414],[32.56414,60.51384],[32.56496,60.5135],[32.56862,60.51283],[32.56955,60.51258],[32.57052,60.51203],[32.57111,60.51144],[32.5713,60.51088],[32.57114,60.51032],[32.57066,60.50976],[32.56929,60.50874],[32.56915,60.50841],[32.56965,60.50723],[32.57013,60.50548],[32.57046,60.50474],[32.57098,60.50424],[32.5724,60.50325],[32.57274,60.50267],[32.57275,60.50211],[32.57227,60.50105],[32.57217,60.50064],[32.57252,60.49851],[32.57245,60.49784],[32.57212,60.49659],[32.57219,60.49596],[32.57314,60.49502],[32.57594,60.49281],[32.57687,60.49195],[32.57833,60.49007],[32.57993,60.48826],[32.58105,60.48648],[32.58292,60.4847],[32.58363,60.48388],[32.58443,60.48264],[32.58482,60.48141],[32.58535,60.48017],[32.58676,60.47744],[32.58815,60.47533],[32.59049,60.47266],[32.5916,60.47161],[32.59286,60.47072],[32.59635,60.4689],[32.60078,60.46715],[32.60579,60.4646],[32.60747,60.4636],[32.61014,60.46163],[32.61288,60.46001],[32.61326,60.45958],[32.61344,60.45913],[32.61335,60.45744],[32.61357,60.45666],[32.61417,60.45587],[32.6156,60.45467],[32.61614,60.45407],[32.61641,60.45357],[32.61663,60.45216],[32.61695,60.45137],[32.61755,60.45065],[32.61893,60.44947],[32.61916,60.44919],[32.61954,60.44833],[32.61998,60.44779],[32.62072,60.44731],[32.62177,60.44691],[32.62617,60.44595],[32.62825,60.44521],[32.62913,60.44471],[32.62984,60.44416],[32.63058,60.44339],[32.63113,60.44259],[32.63147,60.44192],[32.63162,60.44136],[32.63156,60.44102],[32.63122,60.44061],[32.63007,60.44012],[32.62697,60.43933],[32.62625,60.43894],[32.62609,60.43875],[32.62609,60.43832],[32.62632,60.43795],[32.6277,60.43663],[32.6282,60.43575],[32.62828,60.43528],[32.62821,60.43478],[32.628,60.43436],[32.62765,60.43394],[32.62698,60.43344],[32.62614,60.43298],[32.62262,60.43142],[32.62092,60.43084],[32.61823,60.43023],[32.61697,60.42977],[32.61637,60.42941],[32.61591,60.42876],[32.61593,60.42819],[32.61628,60.42765],[32.61649,60.42748],[32.61735,60.42716],[32.61832,60.4271],[32.62376,60.42783],[32.62601,60.4279],[32.62871,60.42785],[32.63084,60.42757],[32.6319,60.42723],[32.63277,60.4268],[32.63356,60.42623],[32.63415,60.42561],[32.63576,60.42324],[32.6366,60.42223],[32.63767,60.42124],[32.6389,60.42036],[32.64116,60.41906],[32.64335,60.41805],[32.64541,60.41731],[32.64963,60.4161],[32.65085,60.41543],[32.65132,60.41481],[32.65225,60.41314],[32.65376,60.41109],[32.65434,60.40896],[32.65469,60.40806],[32.65529,60.407],[32.6578,60.40322],[32.65796,60.40276],[32.65793,60.4023],[32.65727,60.40164],[32.65517,60.40011],[32.65442,60.3993],[32.65384,60.39816],[32.65335,60.39563],[32.65303,60.39512],[32.65264,60.39473],[32.65185,60.39433],[32.65076,60.39405],[32.64948,60.39387],[32.64671,60.39378],[32.64533,60.39391],[32.64343,60.39427],[32.63805,60.39568],[32.63704,60.39573],[32.63616,60.39565],[32.63367,60.39512],[32.62987,60.39384],[32.6253,60.39278],[32.62354,60.39211],[32.62196,60.39126],[32.62146,60.39084],[32.6212,60.39039],[32.62117,60.38769],[32.62103,60.38707],[32.62081,60.38665],[32.62026,60.38609],[32.61958,60.3857],[32.61839,60.38528],[32.61746,60.38508],[32.61409,60.38462],[32.60646,60.38395],[32.60393,60.38346],[32.60011,60.38242],[32.59879,60.38226],[32.59723,60.38245],[32.59342,60.38348],[32.58506,60.38422],[32.58191,60.38412],[32.57629,60.38336],[32.57429,60.38338],[32.5725,60.38375],[32.56726,60.3854],[32.56583,60.3857],[32.56414,60.38591],[32.56189,60.3859],[32.55806,60.38543],[32.55491,60.38549],[32.55356,60.38542],[32.55255,60.38527],[32.55147,60.38495],[32.55053,60.38446],[32.54994,60.38393],[32.54971,60.38351],[32.54967,60.38308],[32.55026,60.38184],[32.55026,60.38139],[32.54985,60.38078],[32.54893,60.38033],[32.54749,60.38008],[32.54321,60.37981],[32.54079,60.37945],[32.53893,60.37896],[32.53782,60.37853],[32.53697,60.37808],[32.53613,60.37733],[32.53545,60.37628],[32.53502,60.37532],[32.53436,60.37318],[32.53395,60.37239],[32.53331,60.37181],[32.53241,60.37146],[32.53128,60.37127],[32.52994,60.37121],[32.52828,60.37133],[32.52724,60.37154],[32.52643,60.37177],[32.5255,60.37218],[32.52353,60.37357],[32.52207,60.37429],[32.52027,60.37478],[32.51824,60.37503],[32.51104,60.37553],[32.50991,60.37549],[32.50935,60.37538],[32.50866,60.37477],[32.50826,60.37408],[32.50809,60.37329],[32.50821,60.37251],[32.50861,60.37179],[32.5093,60.37108],[32.5109,60.36983],[32.51161,60.36902],[32.51277,60.36654],[32.51303,60.36497],[32.51318,60.36463],[32.51341,60.36441],[32.51629,60.36266],[32.51727,60.36187],[32.51914,60.36002],[32.52097,60.35893],[32.52205,60.35849],[32.52362,60.358],[32.52831,60.35693],[32.52999,60.35646],[32.53124,60.35596],[32.53273,60.35512],[32.53373,60.35427],[32.53417,60.35361],[32.53433,60.35293],[32.53429,60.35169],[32.53456,60.35118],[32.53738,60.34933],[32.5381,60.34874],[32.53875,60.34798],[32.53905,60.34747],[32.53922,60.34663],[32.53909,60.34609],[32.5386,60.34551],[32.53821,60.34521],[32.53729,60.34477],[32.53348,60.34346],[32.53238,60.34299],[32.5315,60.34245],[32.53082,60.34173],[32.53056,60.34089],[32.53072,60.34011],[32.5314,60.33898],[32.53243,60.33786],[32.53335,60.33711],[32.53387,60.33681],[32.5347,60.33657],[32.53601,60.33649],[32.53813,60.33664],[32.54017,60.33702],[32.54179,60.33754],[32.54405,60.33856],[32.54533,60.33893],[32.54659,60.339],[32.54802,60.33892],[32.54988,60.33849],[32.55078,60.33806],[32.55253,60.33664],[32.5538,60.33526],[32.55455,60.33414],[32.5557,60.33156],[32.55661,60.33009],[32.55832,60.32818],[32.56067,60.32635],[32.56105,60.32593],[32.56388,60.32054],[32.56475,60.31965],[32.56657,60.31839],[32.56714,60.31789],[32.56911,60.31479],[32.56919,60.31434],[32.56894,60.31368],[32.56724,60.31119],[32.5668,60.31041],[32.56658,60.30962],[32.56659,60.30883],[32.56683,60.30771],[32.56728,60.30669],[32.56928,60.30411],[32.56975,60.30338],[32.57122,60.29938],[32.57136,60.29848],[32.5711,60.29781],[32.57009,60.29601],[32.56947,60.29529],[32.56794,60.29386],[32.56745,60.29308],[32.56733,60.29252],[32.56743,60.29184],[32.56837,60.28982],[32.56857,60.28914],[32.56857,60.28847],[32.5683,60.28656],[32.56804,60.28579],[32.56758,60.28509],[32.56605,60.28357],[32.56546,60.28284],[32.56522,60.28228],[32.56521,60.28183],[32.5654,60.28138],[32.56594,60.28083],[32.56685,60.28034],[32.56784,60.27996],[32.56839,60.27936],[32.5689,60.27654],[32.56949,60.27486],[32.57024,60.27351],[32.57233,60.2705],[32.57337,60.2682],[32.57462,60.26574],[32.57483,60.26473],[32.57487,60.26237],[32.5753,60.26091],[32.57646,60.25877],[32.57889,60.25615],[32.57969,60.25494],[32.57992,60.25393],[32.57997,60.25157],[32.58011,60.25033],[32.58048,60.24898],[32.58103,60.24774],[32.58164,60.24673],[32.58231,60.24588],[32.58502,60.24313],[32.58616,60.24122],[32.58729,60.23964],[32.58763,60.23893],[32.58784,60.23773],[32.58783,60.23627],[32.58708,60.23177],[32.58678,60.23042],[32.58537,60.22569],[32.58495,60.22462],[32.58412,60.22321],[32.58284,60.22153],[32.58255,60.22097],[32.58255,60.22063],[32.58272,60.22018],[32.58409,60.21819],[32.58461,60.21714],[32.58474,60.21613],[32.5845,60.21523],[32.58404,60.21443],[32.58277,60.21276],[32.58218,60.21149],[32.58178,60.21096],[32.58139,60.21064],[32.58079,60.21044],[32.57777,60.20966],[32.5769,60.20931],[32.5761,60.2088],[32.5748,60.20755],[32.57239,60.20567],[32.5713,60.20449],[32.56956,60.20219],[32.56891,60.20161],[32.56813,60.20115],[32.56705,60.20072],[32.56573,60.20041],[32.55807,60.19956],[32.5554,60.19909],[32.55345,60.19861],[32.54716,60.19627],[32.54173,60.19449],[32.53554,60.19262],[32.52846,60.18992],[32.52756,60.18952],[32.52715,60.18919],[32.52588,60.18734],[32.52501,60.18633],[32.52187,60.18335],[32.52039,60.18223],[32.51909,60.18154],[32.51754,60.18096],[32.51274,60.17966],[32.512,60.17938],[32.51105,60.17884],[32.50844,60.17693],[32.50761,60.17644],[32.50633,60.1761],[32.50384,60.17583],[32.50227,60.17554],[32.49866,60.1745],[32.49439,60.17434],[32.49037,60.17387],[32.4875,60.1734],[32.48251,60.17238],[32.47751,60.17184],[32.47525,60.1715],[32.46898,60.17012],[32.4671,60.16957],[32.46517,60.16888],[32.46083,60.16681],[32.45708,60.16571],[32.45524,60.16537],[32.45254,60.16536],[32.4508,60.16524],[32.449,60.16491],[32.44729,60.16437],[32.44621,60.16386],[32.44505,60.16302],[32.44433,60.16212],[32.44363,60.16074],[32.44313,60.16025],[32.44264,60.15992],[32.44106,60.15932],[32.43465,60.15758],[32.42936,60.15692],[32.42419,60.15583],[32.41519,60.15498],[32.40675,60.15433]],[[32.29065,60.1709],[32.29175,60.17271],[32.29205,60.17372],[32.29193,60.17462],[32.29109,60.17619],[32.29107,60.17653],[32.2912,60.17686],[32.29182,60.17735],[32.29268,60.17776],[32.29441,60.17838],[32.29556,60.17868],[32.29585,60.17889],[32.29581,60.17934],[32.29373,60.18227],[32.29343,60.18306],[32.29349,60.18351],[32.29366,60.18384],[32.29511,60.18525],[32.29537,60.18564],[32.29545,60.18621],[32.29514,60.1867],[32.29423,60.18718],[32.29339,60.18737],[32.29234,60.18741],[32.29113,60.18725],[32.29006,60.18687],[32.28944,60.1865],[32.2879,60.18509],[32.28708,60.18455],[32.28554,60.184],[32.28401,60.18377],[32.28199,60.1838],[32.27987,60.18413],[32.27802,60.18464],[32.27602,60.18548],[32.27532,60.18591],[32.27432,60.18675],[32.27173,60.1896],[32.27106,60.19004],[32.27011,60.19042],[32.26699,60.19132],[32.26594,60.19176],[32.26541,60.19219],[32.2647,60.19362],[32.26443,60.19442],[32.26433,60.19509],[32.26443,60.19575],[32.26467,60.19626],[32.26549,60.19715],[32.26853,60.19926],[32.26909,60.19985],[32.26933,60.20027],[32.26948,60.20083],[32.26945,60.20139],[32.26919,60.20205],[32.26886,60.20245],[32.26814,60.20302],[32.26725,60.20348],[32.25855,60.20715],[32.25479,60.20892],[32.25177,60.21061],[32.25109,60.21116],[32.25079,60.21164],[32.2505,60.21242],[32.25034,60.21343],[32.25034,60.21444],[32.25048,60.21546],[32.25074,60.21624],[32.25112,60.21691],[32.25162,60.21745],[32.25227,60.21794],[32.25297,60.21834],[32.25442,60.2189],[32.25564,60.2192],[32.25701,60.21941],[32.25904,60.21945],[32.26309,60.21898],[32.26478,60.21913],[32.26585,60.21955],[32.26645,60.22006],[32.26662,60.22063],[32.26641,60.22116],[32.26545,60.22192],[32.26179,60.22366],[32.25839,60.22602],[32.25656,60.22694],[32.25542,60.22728],[32.25386,60.22751],[32.24779,60.22745],[32.24576,60.22761],[32.24392,60.22789],[32.24242,60.22825],[32.24145,60.22871],[32.24091,60.2292],[32.24023,60.23025],[32.23948,60.23176],[32.23933,60.23235],[32.23935,60.23273],[32.23953,60.23301],[32.2403,60.2336],[32.24127,60.23383],[32.24216,60.23386],[32.24759,60.23312],[32.24936,60.2331],[32.25117,60.2333],[32.25317,60.23386],[32.25554,60.23498],[32.25651,60.23583],[32.2568,60.23661],[32.25672,60.23728],[32.25621,60.23886],[32.25633,60.24066],[32.25622,60.24144],[32.25569,60.24264],[32.25466,60.24415],[32.25375,60.24532],[32.25313,60.24589],[32.2522,60.24643],[32.25007,60.24735],[32.24887,60.248],[32.24771,60.24896],[32.24706,60.24988],[32.24676,60.25078],[32.24673,60.25168],[32.24693,60.25247],[32.24769,60.25427],[32.24778,60.25483],[32.24773,60.25528],[32.24754,60.25576],[32.24702,60.25641],[32.24448,60.25836],[32.24381,60.25923],[32.24364,60.26012],[32.24386,60.26204],[32.24371,60.26271],[32.24345,60.26316],[32.2429,60.26371],[32.24203,60.26422],[32.24028,60.26479],[32.23848,60.26513],[32.23654,60.26532],[32.23474,60.26533],[32.23301,60.26514],[32.23188,60.26484],[32.23132,60.26462],[32.23053,60.26413],[32.23012,60.2637],[32.22987,60.26316],[32.22993,60.26237],[32.23062,60.26079],[32.23084,60.26001],[32.23077,60.25922],[32.23034,60.25841],[32.2295,60.25769],[32.22837,60.25712],[32.22709,60.25677],[32.22574,60.25665],[32.22399,60.25686],[32.22225,60.25747],[32.21778,60.2602],[32.21596,60.26099],[32.2121,60.26237],[32.21136,60.26283],[32.21094,60.26338],[32.21073,60.26394],[32.21055,60.26603],[32.20919,60.26811],[32.20886,60.26878],[32.20874,60.26954],[32.20886,60.27002],[32.20952,60.27114],[32.20994,60.27227],[32.21032,60.2727],[32.21093,60.27317],[32.21416,60.27502],[32.21868,60.27725],[32.21951,60.27778],[32.22008,60.27834],[32.22035,60.27879],[32.22047,60.27937],[32.22006,60.28183],[32.22015,60.28262],[32.22071,60.28453],[32.22067,60.28521],[32.22044,60.28578],[32.21955,60.28672],[32.2187,60.28722],[32.21764,60.2875],[32.21674,60.28752],[32.21508,60.28722],[32.21054,60.28583],[32.20792,60.28527],[32.20504,60.28499],[32.19941,60.2848],[32.19739,60.28456],[32.1961,60.28422],[32.19348,60.28317],[32.19264,60.283],[32.19176,60.28295],[32.19078,60.28308],[32.18982,60.28353],[32.18956,60.28386],[32.18944,60.28419],[32.18949,60.28453],[32.18969,60.28494],[32.19007,60.28536],[32.19183,60.2868],[32.19236,60.28746],[32.19272,60.28814],[32.193,60.28903],[32.1933,60.29072],[32.19371,60.29196],[32.1937,60.29218],[32.19346,60.29254],[32.19041,60.2928],[32.18793,60.29319],[32.18532,60.29381],[32.18171,60.29487],[32.1799,60.29553],[32.17846,60.2963],[32.17769,60.29702],[32.17736,60.29781],[32.17748,60.29882],[32.17792,60.30039],[32.1782,60.30106],[32.18033,60.30377],[32.18115,60.30458],[32.18171,60.30493],[32.18251,60.30524],[32.18389,60.30549],[32.18749,60.30585],[32.18822,60.30604],[32.18912,60.30653],[32.18945,60.30714],[32.18928,60.30759],[32.18897,60.30789],[32.18744,60.30846],[32.18546,60.3088],[32.18254,60.30902],[32.17916,60.309],[32.17781,60.30908],[32.17601,60.30934],[32.17185,60.31017],[32.16656,60.31025],[32.16431,60.3104],[32.16229,60.31073],[32.15683,60.31203],[32.15374,60.31258],[32.15081,60.31287],[32.14609,60.31292],[32.14451,60.31311],[32.14274,60.31365],[32.14151,60.31428],[32.14049,60.31519],[32.13948,60.3169],[32.13867,60.31776],[32.13772,60.31827],[32.13641,60.31858],[32.13484,60.31865],[32.13327,60.31845],[32.13227,60.31821],[32.1288,60.31698],[32.12719,60.31675],[32.12597,60.31688],[32.12473,60.31717],[32.11797,60.31935],[32.11504,60.31986],[32.11346,60.31993],[32.11189,60.31986],[32.10559,60.31895],[32.10356,60.31891],[32.09918,60.31962],[32.09299,60.32025],[32.0899,60.32092],[32.08713,60.32184],[32.08275,60.32363],[32.08185,60.32407],[32.07907,60.32581],[32.07737,60.32633],[32.07611,60.32643],[32.07454,60.32638],[32.07019,60.32587],[32.06908,60.32555],[32.06827,60.32508],[32.06761,60.32438],[32.06742,60.3241],[32.06734,60.32369],[32.06767,60.32301],[32.06927,60.32142],[32.07018,60.32031],[32.07045,60.31974],[32.07054,60.31929],[32.07049,60.31896],[32.0703,60.31859],[32.06985,60.31825],[32.06909,60.31786],[32.06299,60.31595],[32.06128,60.31525],[32.06016,60.31466],[32.05935,60.31408],[32.05861,60.31325],[32.05763,60.31094],[32.05703,60.31007],[32.05486,60.30795],[32.05392,60.30744],[32.05271,60.30718],[32.05136,60.30714],[32.04686,60.30761],[32.04529,60.30764],[32.04398,60.30746],[32.04035,60.30654],[32.03921,60.30642],[32.03765,60.3065],[32.03433,60.30701],[32.03325,60.30702],[32.03258,60.30691],[32.03144,60.30653],[32.03053,60.30602],[32.02956,60.3053],[32.02684,60.30296],[32.02598,60.30251],[32.02436,60.30218],[32.02301,60.3022],[32.02141,60.30242],[32.01974,60.30282],[32.01631,60.30385],[32.0143,60.30426],[32.01245,60.30435],[32.01167,60.30427],[32.01069,60.30402],[32.00926,60.30335],[32.00712,60.30161],[32.00622,60.30105],[32.00441,60.30035],[32.001,60.2995],[31.99995,60.29887],[31.99976,60.29837],[31.99975,60.29792],[32.00012,60.29623],[32.00015,60.29556],[31.99998,60.29479],[31.99952,60.29398],[31.99907,60.29346],[31.99809,60.2926],[31.99413,60.28992],[31.99325,60.28903],[31.99262,60.28814],[31.99192,60.28786],[31.99151,60.28788],[31.98912,60.28852],[31.98746,60.28878],[31.98566,60.28888],[31.98206,60.28886],[31.9805,60.28902],[31.97925,60.28943],[31.97741,60.29118],[31.97645,60.29162],[31.97552,60.29182],[31.97441,60.29188],[31.97358,60.29178],[31.97282,60.29155],[31.97221,60.29122],[31.97195,60.29097],[31.97179,60.29071],[31.97175,60.29027],[31.9719,60.28985],[31.97215,60.28949],[31.97416,60.28779],[31.9746,60.28712],[31.97473,60.28644],[31.97467,60.28566],[31.97448,60.28509],[31.97407,60.28455],[31.96934,60.28044],[31.96483,60.27729],[31.96379,60.27688],[31.96105,60.27644],[31.95979,60.27613],[31.95855,60.27561],[31.95765,60.27503],[31.95656,60.27405],[31.95577,60.27288],[31.9555,60.27193],[31.95536,60.27013],[31.95521,60.26969],[31.95491,60.26921],[31.95424,60.26866],[31.95326,60.26821],[31.95214,60.26796],[31.95079,60.26789],[31.94966,60.26801],[31.94862,60.26827],[31.94762,60.26869],[31.94504,60.27007],[31.94387,60.27052],[31.94226,60.27096],[31.93853,60.27177],[31.9369,60.27229],[31.93596,60.27271],[31.93432,60.27371],[31.93288,60.27497],[31.93189,60.27621],[31.93099,60.27801],[31.9305,60.27846],[31.92708,60.27998],[31.92555,60.28047],[31.92424,60.28069],[31.92311,60.28072],[31.92178,60.28056],[31.91723,60.2795],[31.91501,60.27918],[31.91209,60.27905],[31.90556,60.27914],[31.90395,60.27902],[31.90271,60.27877],[31.90117,60.27817],[31.90033,60.27756],[31.89965,60.27677],[31.89838,60.27466],[31.8973,60.27373],[31.89637,60.27327],[31.89562,60.27304],[31.89379,60.27277],[31.8927,60.2728],[31.89139,60.27299],[31.89034,60.27327],[31.88937,60.27366],[31.88694,60.27516],[31.88564,60.27581],[31.87569,60.27977],[31.87476,60.28032],[31.87275,60.28194],[31.87151,60.28276],[31.87037,60.28327],[31.86881,60.28364],[31.86731,60.2837],[31.86604,60.28351],[31.86493,60.28314],[31.86408,60.28265],[31.86357,60.28217],[31.86316,60.2816],[31.8626,60.27981],[31.86224,60.27908],[31.86134,60.27819],[31.86048,60.2777],[31.85966,60.27743],[31.85876,60.2773],[31.85786,60.27733],[31.85698,60.27748],[31.85562,60.27794],[31.85418,60.27866],[31.85136,60.28077],[31.84875,60.28223],[31.84645,60.28309],[31.84165,60.28453],[31.84068,60.28495],[31.84001,60.28554],[31.83896,60.28717],[31.83798,60.28809],[31.83604,60.28933],[31.83348,60.29048],[31.83146,60.29114],[31.82861,60.29185],[31.82266,60.29303],[31.81804,60.29415],[31.81114,60.2953],[31.80742,60.29619],[31.80451,60.29722],[31.80104,60.29895],[31.79987,60.29976],[31.79835,60.30147],[31.79771,60.30203],[31.79685,60.30256],[31.79586,60.30297],[31.7944,60.30336],[31.79209,60.30383],[31.78315,60.30532],[31.77856,60.30645],[31.77742,60.30689],[31.77616,60.30835],[31.77495,60.30912],[31.7733,60.30976],[31.77101,60.31039],[31.76782,60.31104],[31.76291,60.3112],[31.7616,60.31137],[31.76077,60.31158],[31.75959,60.31213],[31.75645,60.31446],[31.75434,60.3156],[31.75146,60.31668],[31.74671,60.31803],[31.74509,60.31863],[31.74427,60.31914],[31.74381,60.31963],[31.74295,60.32086],[31.74211,60.3214],[31.74087,60.32173],[31.73816,60.32193],[31.73701,60.32217],[31.73614,60.32259],[31.73356,60.32453],[31.73262,60.32505],[31.73097,60.32567],[31.72993,60.32592],[31.72871,60.32607],[31.72759,60.32609],[31.72634,60.32595],[31.72482,60.32548],[31.72394,60.32495],[31.72319,60.32413],[31.72281,60.32324],[31.72275,60.32227],[31.72299,60.32121],[31.72446,60.31817],[31.7245,60.31749],[31.72431,60.31693],[31.7236,60.31601],[31.7226,60.31514],[31.72162,60.31456],[31.71983,60.31384],[31.71752,60.31321],[31.71521,60.31276],[31.71386,60.31271],[31.71225,60.31291],[31.71016,60.31335],[31.70826,60.31394],[31.70665,60.3147],[31.70454,60.31597],[31.70344,60.31645],[31.70149,60.31702],[31.69991,60.31726],[31.69811,60.31724],[31.69657,60.31692],[31.69549,60.31643],[31.69464,60.31568],[31.69439,60.31524],[31.69427,60.31468],[31.69433,60.31412],[31.69456,60.31356],[31.69549,60.31235],[31.69736,60.31055],[31.69781,60.30996],[31.69808,60.30939],[31.69829,60.30782],[31.6981,60.30478],[31.69783,60.30425],[31.69729,60.30384],[31.6903,60.30072],[31.6902,60.30031],[31.69024,60.30022],[31.69181,60.30003],[31.69305,60.29969],[31.69393,60.29931],[31.69512,60.29855],[31.69619,60.29758],[31.69721,60.29634],[31.69817,60.29488],[31.69869,60.29364],[31.69878,60.29252],[31.69794,60.29004],[31.69789,60.28948],[31.69796,60.28892],[31.69823,60.28814],[31.69877,60.28712],[31.70079,60.28419],[31.70101,60.28363],[31.70107,60.28307],[31.70094,60.28239],[31.70061,60.28161],[31.69914,60.27924],[31.69882,60.27857],[31.69865,60.27767],[31.69864,60.27508],[31.69845,60.27456],[31.69767,60.27311],[31.69677,60.27178],[31.6953,60.27013],[31.69294,60.26781],[31.69128,60.26644],[31.68998,60.26569],[31.68863,60.26511],[31.68213,60.26311],[31.68032,60.26241],[31.6792,60.26169],[31.67691,60.2597],[31.67418,60.25789],[31.67237,60.25688],[31.66872,60.25525],[31.66695,60.25423],[31.66518,60.2528],[31.66274,60.25023],[31.66198,60.24921],[31.66171,60.24797],[31.6618,60.24651],[31.66249,60.24345],[31.66248,60.24262],[31.66226,60.24178],[31.66095,60.23953],[31.66035,60.23751],[31.65979,60.23628],[31.65891,60.23493],[31.65688,60.2323],[31.65515,60.22923],[31.65419,60.22789],[31.65337,60.22714],[31.65206,60.2264],[31.6489,60.22511],[31.64441,60.22344],[31.64291,60.22273],[31.64183,60.22194],[31.63998,60.22011],[31.63838,60.21885],[31.6362,60.21748],[31.63356,60.21611],[31.63226,60.21524],[31.63127,60.21434],[31.63047,60.21332],[31.62973,60.21197],[31.62814,60.20843],[31.62746,60.20744],[31.62537,60.20485],[31.62466,60.20345],[31.62448,60.20252],[31.62448,60.20162],[31.62468,60.20033],[31.62538,60.19757],[31.62539,60.19678],[31.62521,60.19611],[31.62472,60.19521],[31.62388,60.19426],[31.62287,60.19339],[31.62125,60.19221],[31.62079,60.19171],[31.62066,60.19116],[31.62098,60.18902],[31.6208,60.18778],[31.62046,60.18699],[31.61947,60.18542],[31.61882,60.18384],[31.61799,60.18294],[31.61711,60.18235],[31.61571,60.18167],[31.61383,60.18098],[31.61262,60.18065],[31.6095,60.18012],[31.60474,60.17978],[31.60204,60.17979],[31.59942,60.18002],[31.59588,60.18061],[31.59056,60.1819],[31.58921,60.18199],[31.58779,60.18186],[31.5863,60.18146],[31.5851,60.18096],[31.57523,60.17555],[31.57248,60.17422],[31.56717,60.17217],[31.56351,60.17059],[31.55802,60.16883],[31.55444,60.16793],[31.55172,60.16748],[31.54916,60.16728],[31.54399,60.16719],[31.5408,60.16699],[31.53566,60.16634],[31.53285,60.16567],[31.5319,60.16527],[31.53025,60.16428],[31.5292,60.16345],[31.52836,60.16252],[31.52691,60.16022],[31.52393,60.15586],[31.52138,60.1535],[31.51977,60.15144],[31.51869,60.14953],[31.51816,60.14739],[31.51787,60.14661],[31.51747,60.14594],[31.5167,60.14519],[31.51542,60.14448],[31.51161,60.14316],[31.51014,60.14248],[31.50899,60.14166],[31.50685,60.13953],[31.50601,60.13897],[31.50502,60.13846],[31.50238,60.13753],[31.49746,60.13639],[31.49604,60.1359],[31.49335,60.13405],[31.49026,60.1316],[31.489,60.13103],[31.48751,60.13095],[31.48391,60.13136],[31.48121,60.13152],[31.47491,60.13143],[31.46908,60.131],[31.46708,60.1307],[31.46446,60.13012],[31.46276,60.12997],[31.46169,60.13012],[31.45896,60.13089],[31.45553,60.13151],[31.45419,60.13191],[31.44788,60.13421],[31.44649,60.13478],[31.4451,60.13549],[31.44348,60.13659],[31.44018,60.13959],[31.43864,60.14076],[31.43691,60.14185],[31.43211,60.14459],[31.42865,60.14683],[31.42755,60.14722],[31.42676,60.14734],[31.42212,60.14764],[31.41956,60.14793],[31.41794,60.14824],[31.41681,60.14862],[31.41606,60.14916],[31.41299,60.15261],[31.41253,60.15347],[31.41123,60.15665],[31.40996,60.15864],[31.40908,60.15966],[31.40813,60.16056],[31.40501,60.16296],[31.40392,60.16395],[31.4033,60.16484],[31.40258,60.16663],[31.40207,60.16754],[31.39918,60.17113],[31.39843,60.17271],[31.39805,60.17428],[31.3981,60.17518],[31.39859,60.17653],[31.39873,60.17721],[31.39869,60.17788],[31.39843,60.17867],[31.39786,60.17963],[31.39649,60.18137],[31.39517,60.18324],[31.39301,60.18576],[31.39069,60.1891],[31.38954,60.19031],[31.38792,60.19163],[31.387,60.19218],[31.38409,60.19357],[31.38253,60.19455],[31.37704,60.19937],[31.37486,60.20106],[31.37435,60.20161],[31.37429,60.20207],[31.37444,60.20259],[31.37641,60.20568],[31.37654,60.20623],[31.3764,60.20669],[31.37544,60.20713],[31.37164,60.20835],[31.36105,60.21271],[31.35931,60.21329],[31.35833,60.21349],[31.35701,60.21347],[31.34849,60.21221],[31.34565,60.21112],[31.34299,60.20974],[31.34161,60.20871],[31.34036,60.20745],[31.3394,60.20612],[31.33872,60.20466],[31.33848,60.20353],[31.33849,60.20241],[31.33876,60.20117],[31.33947,60.19926],[31.33953,60.19881],[31.33945,60.19844],[31.33915,60.19809],[31.33847,60.19762],[31.3358,60.19623],[31.33483,60.19554],[31.33393,60.19467],[31.33254,60.19296],[31.33219,60.19222],[31.33206,60.19149],[31.3325,60.18823],[31.33244,60.18733],[31.33217,60.18635],[31.33129,60.18473],[31.3293,60.18201],[31.32685,60.17827],[31.32575,60.17631],[31.3253,60.17507],[31.32523,60.17439],[31.32531,60.17372],[31.32555,60.17304],[31.3259,60.17247],[31.32943,60.16888],[31.33037,60.16807],[31.33129,60.1675],[31.33409,60.16656],[31.33475,60.16607],[31.33477,60.16573],[31.33392,60.16523],[31.33032,60.16474],[31.32873,60.16433],[31.32817,60.16402],[31.32765,60.16343],[31.32694,60.15988],[31.32676,60.15936],[31.32637,60.15876],[31.32595,60.15835],[31.32514,60.15787],[31.32219,60.15669],[31.3214,60.1562],[31.32086,60.15561],[31.32066,60.15516],[31.3206,60.15471],[31.32082,60.15313],[31.3208,60.15234],[31.32007,60.15009],[31.32,60.14931],[31.32032,60.14848],[31.32215,60.14631],[31.32231,60.14588],[31.32231,60.14541],[31.32202,60.14481],[31.32136,60.14414],[31.31914,60.14275],[31.31847,60.1422],[31.31808,60.14166],[31.31767,60.14053],[31.31714,60.14034],[31.31651,60.14034],[31.31592,60.14047],[31.31416,60.14138],[31.31336,60.14162],[31.31224,60.14177],[31.31111,60.14172],[31.30949,60.14129],[31.3069,60.14023],[31.30601,60.13979],[31.30524,60.13928],[31.30494,60.13884],[31.30493,60.13862],[31.30515,60.13823],[31.306,60.13773],[31.30783,60.13687],[31.30852,60.13642],[31.3116,60.13381],[31.31196,60.13311],[31.31191,60.13164],[31.31219,60.13092],[31.31324,60.13012],[31.31494,60.12918],[31.31599,60.12835],[31.31662,60.12748],[31.31683,60.12669],[31.31673,60.12591],[31.31635,60.12512],[31.31277,60.12051],[31.31129,60.11769],[31.30992,60.11567],[31.30936,60.11454],[31.30914,60.11342],[31.30942,60.11094],[31.30934,60.10914],[31.30919,60.10858],[31.30896,60.10815],[31.30744,60.10644],[31.30692,60.10542],[31.30676,60.10431],[31.30684,60.10251],[31.3066,60.10104],[31.30681,60.10032],[31.30711,60.09998],[31.30779,60.09946],[31.31063,60.09802],[31.31144,60.09736],[31.31276,60.09598],[31.31336,60.09557],[31.31421,60.09518],[31.316,60.09467],[31.32139,60.09365],[31.32489,60.09318],[31.32684,60.09316],[31.33114,60.09364],[31.33541,60.09363],[31.33744,60.09374],[31.33935,60.09404],[31.34171,60.09476],[31.34305,60.09498],[31.34447,60.09502],[31.34711,60.0949],[31.34855,60.09498],[31.35104,60.09548],[31.35553,60.09692],[31.35679,60.09708],[31.36047,60.09728],[31.36556,60.09719],[31.37126,60.09681],[31.37781,60.09586],[31.38269,60.09494],[31.38777,60.09454],[31.38885,60.09425],[31.39229,60.09286],[31.39425,60.09233],[31.39639,60.09202],[31.39974,60.09189],[31.40066,60.09147],[31.40234,60.09006],[31.40402,60.08908],[31.40501,60.08871],[31.40897,60.08757],[31.41413,60.08532],[31.4195,60.08337],[31.42606,60.07911],[31.42756,60.07793],[31.42839,60.07704],[31.42901,60.07596],[31.4292,60.07483],[31.42893,60.07371],[31.42803,60.07191],[31.42779,60.07123],[31.42775,60.07044],[31.428,60.06977],[31.42842,60.06917],[31.4292,60.06839],[31.43586,60.06273],[31.43648,60.06207],[31.43661,60.06144],[31.43653,60.05818],[31.43674,60.05537],[31.4367,60.04929],[31.43694,60.04806],[31.43755,60.04687],[31.43815,60.04614],[31.43876,60.04558],[31.43939,60.04513],[31.44035,60.04462],[31.44229,60.044],[31.44645,60.04321],[31.44742,60.04288],[31.44824,60.04236],[31.4494,60.04062],[31.45024,60.03977],[31.45115,60.03914],[31.45434,60.03734],[31.45508,60.03681],[31.45566,60.03622],[31.45597,60.03568],[31.45609,60.03501],[31.45592,60.03422],[31.45548,60.03329],[31.45502,60.03264],[31.45446,60.03207],[31.45292,60.03107],[31.44977,60.02973],[31.44658,60.02863],[31.44454,60.02822],[31.44251,60.02812],[31.44078,60.02832],[31.43912,60.02884],[31.43822,60.02934],[31.43724,60.03021],[31.43671,60.03096],[31.43538,60.03332],[31.43462,60.0342],[31.43391,60.0348],[31.4327,60.03554],[31.4315,60.03609],[31.42754,60.03728],[31.42657,60.03774],[31.42644,60.03804],[31.42653,60.03847],[31.42723,60.03939],[31.42756,60.04012],[31.42758,60.04057],[31.4275,60.0409],[31.4271,60.04153],[31.42617,60.04231],[31.42396,60.04373],[31.42126,60.04567],[31.4184,60.04734],[31.41768,60.048],[31.4155,60.05054],[31.41472,60.05177],[31.41455,60.05233],[31.41451,60.05289],[31.41461,60.05346],[31.41486,60.05407],[31.41619,60.05593],[31.41652,60.05661],[31.41649,60.05728],[31.41619,60.05771],[31.41584,60.05801],[31.41494,60.05848],[31.41394,60.05883],[31.4096,60.06007],[31.40832,60.06033],[31.40674,60.06029],[31.39909,60.05938],[31.39775,60.05909],[31.39694,60.0586],[31.39607,60.0572],[31.39581,60.05627],[31.39581,60.05537],[31.39604,60.05451],[31.3966,60.05346],[31.39737,60.05233],[31.39796,60.05169],[31.39865,60.0513],[31.40234,60.05001],[31.40326,60.04949],[31.40411,60.04863],[31.40437,60.04806],[31.40447,60.04738],[31.4041,60.04501],[31.40413,60.04426],[31.40425,60.04377],[31.40476,60.04277],[31.40623,60.04074],[31.4071,60.03827],[31.40796,60.037],[31.40896,60.0361],[31.41044,60.03517],[31.41487,60.03334],[31.41542,60.03286],[31.41565,60.03242],[31.41558,60.03186],[31.41513,60.0312],[31.4145,60.03073],[31.41382,60.03037],[31.412,60.02984],[31.40772,60.02934],[31.40674,60.02879],[31.40658,60.02848],[31.40654,60.02814],[31.40682,60.02751],[31.40752,60.027],[31.40986,60.02574],[31.41045,60.02528],[31.4111,60.02432],[31.41118,60.02353],[31.41088,60.02286],[31.4102,60.02223],[31.40934,60.0218],[31.4085,60.02155],[31.40719,60.02141],[31.40606,60.02146],[31.40486,60.02168],[31.40365,60.02209],[31.40279,60.02253],[31.40029,60.02444],[31.39931,60.02485],[31.39774,60.02514],[31.39661,60.02518],[31.39526,60.02509],[31.38612,60.02394],[31.38432,60.0235],[31.38303,60.02286],[31.38221,60.02217],[31.38096,60.02064],[31.38016,60.01985],[31.37898,60.01896],[31.37805,60.01841],[31.37171,60.01552],[31.37088,60.01528],[31.36984,60.01518],[31.36864,60.01536],[31.36513,60.01654],[31.36369,60.01711],[31.3619,60.0181],[31.36026,60.01951],[31.35818,60.02071],[31.35686,60.02124],[31.35444,60.02199],[31.35183,60.02304],[31.34981,60.02371],[31.34822,60.02406],[31.34621,60.02421],[31.34419,60.02409],[31.34308,60.02387],[31.34196,60.0235],[31.33852,60.02164],[31.33754,60.02078],[31.33658,60.01946],[31.33467,60.01816],[31.3331,60.01671],[31.33229,60.01629],[31.32893,60.0154],[31.3259,60.01431],[31.32239,60.01351],[31.3214,60.01307],[31.32088,60.01261],[31.32056,60.01206],[31.32033,60.01026],[31.32011,60.00969],[31.31866,60.00817],[31.31744,60.00621],[31.31669,60.00539],[31.31597,60.00486],[31.31398,60.00367],[31.31153,60.00184],[31.31065,60.00134],[31.30909,60.00073],[31.30636,60.0],[31.30432,59.99894],[31.30321,59.99859],[31.29914,59.99773],[31.29604,59.99723],[31.29379,59.99709],[31.29154,59.99721],[31.28975,59.99759],[31.28809,59.9983],[31.28693,59.99907],[31.28535,60.00053],[31.28451,60.00103],[31.28366,60.00116],[31.28299,60.00115],[31.28174,60.00098],[31.28054,60.00068],[31.27619,59.99921],[31.27529,59.99877],[31.27459,59.99825],[31.27366,59.99691],[31.27266,59.99673],[31.27189,59.99696],[31.27043,59.9982],[31.26867,59.99922],[31.26788,59.99979],[31.26729,60.00047],[31.26649,60.00197],[31.2656,60.00326],[31.26524,60.00363],[31.26456,60.004],[31.26351,60.00415],[31.26284,60.00409],[31.26191,60.00384],[31.26052,60.00319],[31.25925,60.00232],[31.25882,60.00182],[31.25833,60.001],[31.25786,60.0005],[31.25711,60.0001],[31.25621,59.9999],[31.25509,59.99988],[31.25395,60.00009],[31.25113,60.00132],[31.24934,60.0018],[31.24678,60.00223],[31.24479,60.00237],[31.24111,60.00179],[31.23709,60.00161],[31.23166,60.00048],[31.23017,60.00007],[31.22869,59.99913],[31.22779,59.99872],[31.22651,59.99848],[31.22487,59.99829],[31.22337,59.99824],[31.21954,59.99855],[31.21841,59.9985],[31.21691,59.99802],[31.2159,59.99752],[31.21509,59.997],[31.21451,59.99631],[31.21422,59.9952],[31.21392,59.99474],[31.2134,59.99443],[31.21245,59.99422],[31.21147,59.9944],[31.21077,59.99473],[31.20884,59.99647],[31.20824,59.99732],[31.20755,59.99934],[31.20652,60.00058],[31.20568,60.00181],[31.20524,60.00223],[31.20354,60.00302],[31.20075,60.00404],[31.19896,60.00458],[31.19617,60.00584],[31.19543,60.00652],[31.1942,60.00814],[31.19338,60.00887],[31.19241,60.00945],[31.19001,60.01047],[31.18925,60.011],[31.18883,60.01161],[31.18817,60.01319],[31.18768,60.01374],[31.18728,60.01403],[31.18454,60.01491],[31.18367,60.01539],[31.18337,60.01577],[31.18329,60.01611],[31.18377,60.01791],[31.18379,60.01847],[31.18366,60.01899],[31.18274,60.01987],[31.17985,60.02168],[31.17961,60.02218],[31.17986,60.02268],[31.18049,60.02319],[31.18178,60.02395],[31.18453,60.02528],[31.18639,60.02603],[31.19299,60.02825],[31.19479,60.02865],[31.19708,60.02889],[31.19828,60.02926],[31.19872,60.02961],[31.19894,60.02994],[31.19894,60.03064],[31.1987,60.03174],[31.19877,60.03206],[31.19902,60.03249],[31.20013,60.03335],[31.20097,60.03382],[31.20213,60.03429],[31.20356,60.03468],[31.20616,60.03524],[31.20959,60.03614],[31.21661,60.03764],[31.22043,60.03823],[31.22246,60.03837],[31.22326,60.03833],[31.22426,60.03813],[31.22683,60.03741],[31.22801,60.0369],[31.23112,60.03511],[31.23281,60.03446],[31.23461,60.03408],[31.23619,60.03409],[31.23858,60.03459],[31.24126,60.03562],[31.24368,60.03699],[31.24744,60.03937],[31.24844,60.03973],[31.24991,60.03943],[31.25235,60.0384],[31.25442,60.03765],[31.25654,60.03662],[31.25875,60.03573],[31.25954,60.0352],[31.25985,60.03478],[31.26003,60.03433],[31.26028,60.03253],[31.26112,60.03119],[31.26134,60.03051],[31.26124,60.02972],[31.26048,60.02781],[31.26044,60.02713],[31.26057,60.02646],[31.26136,60.02454],[31.26268,60.02241],[31.2636,60.02065],[31.26426,60.01982],[31.26528,60.01883],[31.26752,60.01717],[31.26905,60.01539],[31.26973,60.01478],[31.27344,60.01215],[31.27526,60.01117],[31.27669,60.0106],[31.27782,60.01032],[31.27871,60.01022],[31.2807,60.01035],[31.28279,60.01088],[31.2864,60.01218],[31.28749,60.01235],[31.29061,60.01255],[31.29147,60.01278],[31.29224,60.01316],[31.29315,60.01396],[31.29407,60.01521],[31.29446,60.01599],[31.29511,60.01791],[31.29518,60.01847],[31.29511,60.01892],[31.29444,60.02049],[31.29435,60.02123],[31.29487,60.0218],[31.29715,60.02276],[31.29792,60.02319],[31.29829,60.02364],[31.29829,60.02421],[31.29796,60.02483],[31.29586,60.02747],[31.29559,60.02803],[31.29524,60.02932],[31.29454,60.03022],[31.28943,60.033],[31.28867,60.03366],[31.2879,60.03462],[31.28638,60.0357],[31.28533,60.03684],[31.2845,60.0375],[31.28267,60.03834],[31.28204,60.03881],[31.28091,60.04022],[31.27991,60.04032],[31.27849,60.03981],[31.27729,60.03966],[31.27579,60.03981],[31.27455,60.04013],[31.27349,60.04053],[31.27046,60.04197],[31.2691,60.0428],[31.26748,60.04416],[31.26674,60.04464],[31.26408,60.04592],[31.26255,60.04694],[31.26116,60.04757],[31.26,60.04788],[31.25621,60.04853],[31.2532,60.04916],[31.25198,60.04953],[31.2492,60.05063],[31.24699,60.05125],[31.24451,60.0517],[31.23964,60.05232],[31.23709,60.05288],[31.23492,60.05349],[31.23152,60.05462],[31.23054,60.055],[31.22993,60.05537],[31.22944,60.05587],[31.22871,60.05774],[31.22725,60.05976],[31.22684,60.06064],[31.22676,60.06122],[31.22682,60.06171],[31.22743,60.06347],[31.22742,60.06392],[31.22726,60.06437],[31.22637,60.06583],[31.22395,60.06877],[31.2228,60.07044],[31.22224,60.07169],[31.22181,60.07371],[31.22155,60.07441],[31.21936,60.07698],[31.21871,60.07788],[31.21833,60.07888],[31.21843,60.08068],[31.2183,60.08124],[31.21807,60.08169],[31.21716,60.08271],[31.21374,60.08551],[31.21099,60.08703],[31.20897,60.08789],[31.20716,60.08819],[31.20199,60.08847],[31.20064,60.08844],[31.19977,60.08831],[31.19866,60.08799],[31.19358,60.08601],[31.19141,60.08541],[31.18916,60.08526],[31.18511,60.08573],[31.18444,60.08573],[31.18362,60.08559],[31.18281,60.08509],[31.18153,60.08361],[31.17951,60.08204],[31.17835,60.08091],[31.1775,60.08075],[31.17723,60.08084],[31.17445,60.08385],[31.17378,60.08494],[31.17153,60.08934],[31.17101,60.09005],[31.17021,60.09054],[31.16891,60.09083],[31.16779,60.09085],[31.16638,60.09061],[31.16534,60.09009],[31.16388,60.08871],[31.16294,60.08796],[31.16113,60.08694],[31.15957,60.08638],[31.15632,60.08576],[31.1557,60.08554],[31.15492,60.08509],[31.15463,60.0848],[31.15434,60.08439],[31.15421,60.08394],[31.1543,60.08271],[31.15426,60.08158],[31.15397,60.08015],[31.15332,60.07866],[31.15238,60.07742],[31.15186,60.07652],[31.15124,60.07434],[31.1509,60.07348],[31.15038,60.07278],[31.14969,60.0723],[31.1488,60.07195],[31.14776,60.07176],[31.14664,60.07176],[31.14529,60.07191],[31.14281,60.07232],[31.14121,60.07269],[31.13907,60.07347],[31.13696,60.07485],[31.13608,60.07486],[31.13426,60.07458],[31.13314,60.07456],[31.13145,60.07478],[31.12917,60.07524],[31.12772,60.07565],[31.12684,60.07608],[31.12588,60.07735],[31.12512,60.07792],[31.12391,60.07817],[31.12145,60.07834],[31.12044,60.07862],[31.11974,60.07926],[31.11984,60.08079],[31.11914,60.08293],[31.11865,60.08384],[31.11745,60.08563],[31.11704,60.08643],[31.11678,60.08721],[31.11672,60.08777],[31.11684,60.08934],[31.11676,60.09069],[31.11652,60.09216],[31.11673,60.09362],[31.11665,60.09407],[31.11648,60.09441],[31.11598,60.09501],[31.11539,60.09553],[31.11139,60.09816],[31.10894,60.10096],[31.10801,60.10173],[31.10569,60.10317],[31.10418,60.10499],[31.10194,60.10684],[31.1014,60.10757],[31.10119,60.10836],[31.10124,60.10926],[31.10175,60.11033],[31.10276,60.112],[31.10304,60.11308],[31.10299,60.11387],[31.10276,60.11475],[31.10241,60.11556],[31.10194,60.11631],[31.10088,60.11726],[31.0983,60.11856],[31.09549,60.12028],[31.09354,60.12241],[31.09094,60.12472],[31.08949,60.12646],[31.0872,60.12868],[31.08498,60.13119],[31.08351,60.13228],[31.08027,60.13403],[31.07933,60.13466],[31.07843,60.13551],[31.07694,60.13738],[31.07565,60.13868],[31.0744,60.13965],[31.07113,60.14179],[31.0686,60.1446],[31.06759,60.14544],[31.06496,60.14728],[31.06445,60.14784],[31.06424,60.14841],[31.06439,60.14908],[31.06481,60.14973],[31.06617,60.15122],[31.06677,60.15206],[31.06719,60.15302],[31.06733,60.15403],[31.06725,60.15482],[31.06703,60.15549],[31.06663,60.15621],[31.06611,60.15684],[31.06471,60.15797],[31.06211,60.15936],[31.06188,60.15977],[31.06201,60.1602],[31.06298,60.16171],[31.06444,60.16528],[31.06468,60.16663],[31.06453,60.16787],[31.06413,60.16887],[31.0635,60.16989],[31.06042,60.17376],[31.059,60.17506],[31.05679,60.17651],[31.05642,60.17688],[31.05622,60.17743],[31.0563,60.17856],[31.05622,60.17912],[31.05596,60.17972],[31.05543,60.18036],[31.05475,60.1809],[31.05395,60.18134],[31.0521,60.18198],[31.04584,60.18311],[31.04437,60.18325],[31.043,60.18325],[31.04049,60.18292],[31.0353,60.18139],[31.03412,60.18096],[31.03152,60.17963],[31.03004,60.17913],[31.02787,60.17873],[31.02649,60.17866],[31.02524,60.17872],[31.02308,60.17916],[31.02186,60.17963],[31.02113,60.18003],[31.02005,60.1809],[31.01859,60.18261],[31.01759,60.18325],[31.01624,60.18367],[31.01445,60.18378]],[[32.88814,60.59049],[32.88855,60.59087],[32.8885,60.59103],[32.88827,60.59116],[32.88748,60.59128],[32.8871,60.59118],[32.88684,60.59097],[32.88687,60.59076],[32.88728,60.59043],[32.88814,60.59049]],[[32.60171,60.56307],[32.6011,60.56316],[32.6001,60.56374],[32.59946,60.56432],[32.59938,60.56454],[32.59944,60.56477],[32.60026,60.56528],[32.60107,60.56523],[32.60205,60.56483],[32.60229,60.56421],[32.60226,60.56364],[32.60212,60.56321],[32.60171,60.56307]],[[32.71151,60.53777],[32.71087,60.53772],[32.71033,60.53781],[32.70978,60.53816],[32.70973,60.53831],[32.71019,60.53855],[32.71101,60.53851],[32.71146,60.5383],[32.71185,60.53783],[32.71151,60.53777]],[[32.1349,60.37628],[32.13594,60.3765],[32.1369,60.37684],[32.13791,60.37736],[32.13944,60.37842],[32.14047,60.37925],[32.14129,60.38008],[32.14177,60.38083],[32.14205,60.38162],[32.14215,60.38227],[32.1421,60.38286],[32.14194,60.38331],[32.14159,60.38376],[32.14071,60.38439],[32.13769,60.38589],[32.13709,60.38646],[32.13688,60.38691],[32.13703,60.38736],[32.13765,60.38789],[32.13979,60.38886],[32.14067,60.3894],[32.14138,60.39013],[32.14171,60.39084],[32.1418,60.39163],[32.14163,60.39242],[32.14135,60.39302],[32.14041,60.39433],[32.14025,60.3947],[32.14059,60.39726],[32.14067,60.39928],[32.14054,60.3997],[32.14034,60.39997],[32.13844,60.40185],[32.13773,60.40284],[32.13749,60.40378],[32.13768,60.40592],[32.13765,60.40643],[32.13744,60.40716],[32.13679,60.40826],[32.13488,60.41034],[32.13428,60.41132],[32.13419,60.41177],[32.13425,60.41211],[32.13504,60.41353],[32.13522,60.41413],[32.13519,60.41481],[32.13495,60.41542],[32.13413,60.41645],[32.132,60.41811],[32.13132,60.41881],[32.13016,60.42054],[32.12949,60.42206],[32.12938,60.42313],[32.1296,60.42432],[32.13018,60.42572],[32.13171,60.42842],[32.13189,60.42909],[32.13179,60.42954],[32.13122,60.43013],[32.12864,60.43162],[32.12675,60.43293],[32.12525,60.43434],[32.12429,60.43561],[32.124,60.43641],[32.12395,60.43731],[32.12409,60.43803],[32.12484,60.44023],[32.1249,60.44147],[32.12469,60.44259],[32.12431,60.44383],[32.12384,60.44484],[32.12332,60.44562],[32.12242,60.4465],[32.12147,60.44709],[32.12054,60.44746],[32.11709,60.44833],[32.11604,60.44872],[32.11517,60.4492],[32.11473,60.44958],[32.1145,60.44991],[32.11446,60.45024],[32.11456,60.45047],[32.11515,60.45098],[32.11628,60.45134],[32.11959,60.45188],[32.12056,60.45219],[32.12085,60.45233],[32.12095,60.45249],[32.12085,60.45294],[32.12011,60.45361],[32.11927,60.45409],[32.11801,60.45461],[32.11682,60.45497],[32.11437,60.45551],[32.11031,60.45623],[32.10748,60.45687],[32.10518,60.45725],[32.10344,60.45772],[32.10252,60.45814],[32.10171,60.45871],[32.09985,60.46087],[32.09891,60.46137],[32.09794,60.46158],[32.09704,60.46162],[32.09542,60.46131],[32.09449,60.46086],[32.0926,60.4593],[32.09089,60.45813],[32.0864,60.45591],[32.08492,60.45497],[32.0845,60.45455],[32.08422,60.45396],[32.08425,60.45351],[32.08464,60.45248],[32.08474,60.45193],[32.0846,60.4514],[32.08421,60.45112],[32.08378,60.45088],[32.08286,60.45068],[32.08095,60.45058]],[[32.06373,60.41678],[32.06383,60.41498],[32.06415,60.41357],[32.06474,60.41226],[32.06592,60.41041],[32.06619,60.40952],[32.06613,60.40896],[32.06583,60.4083],[32.06433,60.40637],[32.06381,60.40551],[32.06367,60.40502],[32.06365,60.40446],[32.06385,60.40372],[32.06402,60.40344],[32.06454,60.40282],[32.06491,60.40254],[32.06547,60.40224],[32.06639,60.40198],[32.06779,60.40181],[32.07161,60.40169],[32.07371,60.40149],[32.07557,60.40104],[32.07648,60.40059],[32.07709,60.39996],[32.07758,60.39916],[32.07793,60.39816],[32.07805,60.39714],[32.07798,60.39647],[32.07776,60.39579],[32.07741,60.39513],[32.07645,60.39383],[32.07637,60.39332],[32.07963,60.39074],[32.08059,60.3901],[32.0816,60.38959],[32.08272,60.38917],[32.08682,60.388],[32.08893,60.38729],[32.09674,60.3844],[32.09896,60.38348],[32.09988,60.38303],[32.10064,60.38251],[32.10163,60.38121],[32.1022,60.38075],[32.10277,60.38045],[32.1036,60.38022],[32.10437,60.38022],[32.10495,60.3804],[32.10536,60.38062],[32.10572,60.38106],[32.10589,60.38162],[32.10579,60.38297],[32.10597,60.38387],[32.10676,60.38544],[32.10701,60.38579],[32.10746,60.38612],[32.10919,60.38683],[32.11159,60.38745],[32.11346,60.3876],[32.11507,60.38741],[32.11599,60.38705],[32.11629,60.38677],[32.11728,60.38499],[32.11913,60.38308],[32.11982,60.38206],[32.12002,60.38139],[32.12001,60.38061],[32.11917,60.37802],[32.11928,60.37757],[32.11965,60.37717],[32.12069,60.37675],[32.12179,60.37651],[32.12327,60.37628],[32.12516,60.37612],[32.13146,60.37606],[32.1349,60.37628]],[[32.12549,60.45159],[32.12528,60.45186],[32.12493,60.4519],[32.12473,60.45179],[32.12465,60.4515],[32.12477,60.45139],[32.12526,60.45137],[32.12548,60.45144],[32.12549,60.45159]],[[32.09681,60.44953],[32.09569,60.4494],[32.09445,60.44962],[32.09389,60.45013],[32.09384,60.45058],[32.09405,60.45091],[32.09441,60.45119],[32.09521,60.4515],[32.09569,60.45157],[32.09636,60.4516],[32.09727,60.45148],[32.0982,60.45104],[32.0984,60.45058],[32.09813,60.4501],[32.0972,60.44962],[32.09681,60.44953]],[[32.61913,60.43883],[32.61972,60.43922],[32.61987,60.43944],[32.61984,60.43978],[32.61939,60.44027],[32.61818,60.4409],[32.61513,60.44195],[32.61277,60.44334],[32.61116,60.44372],[32.60959,60.44368],[32.60837,60.44331],[32.60792,60.44293],[32.60772,60.44259],[32.60772,60.44237],[32.6079,60.44204],[32.60845,60.4416],[32.60935,60.44124],[32.61197,60.44063],[32.6127,60.44036],[32.61457,60.43925],[32.61556,60.43883],[32.61656,60.43862],[32.61746,60.43856],[32.61913,60.43883]],[[32.57381,60.37396],[32.57246,60.37376],[32.57111,60.3737],[32.56999,60.37378],[32.56887,60.37402],[32.56785,60.37447],[32.56752,60.37476],[32.56722,60.37521],[32.5672,60.37566],[32.56737,60.37599],[32.56775,60.37638],[32.56846,60.3768],[32.56949,60.37721],[32.57179,60.37776],[32.57415,60.37808],[32.57517,60.37796],[32.57601,60.37768],[32.57867,60.3763],[32.57919,60.37588],[32.57933,60.37566],[32.57924,60.37535],[32.57842,60.37503],[32.57381,60.37396]],[[32.11293,60.37495],[32.11437,60.37534],[32.11478,60.37577],[32.11484,60.37599],[32.11477,60.37621],[32.11445,60.37646],[32.11392,60.37667],[32.11256,60.37682],[32.11143,60.37674],[32.11063,60.37646],[32.11031,60.3762],[32.1103,60.37577],[32.11066,60.37538],[32.11184,60.37501],[32.11293,60.37495]],[[32.54956,60.36857],[32.549,60.36864],[32.5483,60.36902],[32.54812,60.36924],[32.54819,60.36958],[32.54885,60.37003],[32.54996,60.37017],[32.55084,60.37005],[32.55137,60.36958],[32.55138,60.36924],[32.55097,60.36885],[32.55048,60.36866],[32.54956,60.36857]],[[32.53871,60.36807],[32.53805,60.36802],[32.53728,60.36819],[32.5371,60.36847],[32.5371,60.36878],[32.53728,60.36906],[32.53784,60.36918],[32.53846,60.36918],[32.53902,60.36905],[32.53931,60.36878],[32.53936,60.36846],[32.53913,60.36816],[32.53871,60.36807]],[[32.54591,60.36125],[32.5453,60.3612],[32.54498,60.36132],[32.54491,60.36147],[32.54513,60.36163],[32.54548,60.36169],[32.54639,60.36144],[32.54591,60.36125]],[[31.72894,60.34809],[31.72886,60.34843],[31.72823,60.34883],[31.72719,60.34887],[31.72701,60.34854],[31.72705,60.34821],[31.72724,60.3479],[31.72781,60.34775],[31.72843,60.34777],[31.72877,60.34791],[31.72894,60.34809]],[[31.73591,60.31723],[31.73456,60.31717],[31.7329,60.31737],[31.73175,60.31778],[31.73148,60.31817],[31.73149,60.31839],[31.73168,60.3187],[31.73276,60.31934],[31.73411,60.31977],[31.73524,60.31993],[31.73614,60.31988],[31.73716,60.31959],[31.7379,60.31912],[31.73819,60.31878],[31.73827,60.31851],[31.73821,60.31822],[31.73778,60.31781],[31.73692,60.31744],[31.73591,60.31723]],[[32.3235,60.31254],[32.32392,60.31285],[32.32407,60.31314],[32.32412,60.31344],[32.32403,60.31378],[32.32369,60.31414],[32.32329,60.3144],[32.32221,60.31478],[32.32091,60.31486],[32.31962,60.31463],[32.31876,60.31415],[32.3184,60.31365],[32.3184,60.31324],[32.31866,60.31282],[32.31935,60.31235],[32.32024,60.31209],[32.32114,60.31199],[32.32204,60.31204],[32.32303,60.31228],[32.3235,60.31254]],[[32.06261,60.30468],[32.06143,60.30482],[32.0604,60.30518],[32.05998,60.30559],[32.06,60.306],[32.06046,60.30642],[32.06094,60.30665],[32.06204,60.30698],[32.06306,60.30706],[32.06386,60.30704],[32.06469,60.30687],[32.06538,60.30649],[32.0657,60.30613],[32.06564,60.30565],[32.06487,60.30506],[32.06374,60.30474],[32.06261,60.30468]],[[31.59568,60.30205],[31.59615,60.30233],[31.59627,60.30254],[31.59613,60.30294],[31.59586,60.30311],[31.59529,60.30324],[31.59461,60.30323],[31.59394,60.30303],[31.59371,60.30276],[31.59371,60.30244],[31.59417,60.30209],[31.59488,60.30195],[31.59568,60.30205]],[[32.05271,60.30051],[32.05204,60.30047],[32.0512,60.30063],[32.05106,60.30096],[32.05112,60.30126],[32.05143,60.30158],[32.05249,60.30197],[32.05316,60.30194],[32.05396,60.3016],[32.05398,60.30111],[32.05366,60.30083],[32.05332,60.30063],[32.05271,60.30051]],[[32.23368,60.27285],[32.23429,60.27329],[32.23448,60.27362],[32.23451,60.27396],[32.2344,60.27418],[32.23396,60.27458],[32.23339,60.27476],[32.23226,60.2749],[32.23119,60.27476],[32.23053,60.2745],[32.23018,60.27421],[32.23004,60.27396],[32.23003,60.27362],[32.23024,60.27316],[32.23108,60.27266],[32.23181,60.27252],[32.23249,60.27252],[32.23308,60.27262],[32.23368,60.27285]],[[31.01445,60.24527],[31.01555,60.24529],[31.01681,60.24546],[31.01801,60.2458],[31.01888,60.2462],[31.01995,60.24706],[31.02028,60.24763],[31.02036,60.24808],[31.0203,60.24853],[31.02002,60.24905],[31.01964,60.24945],[31.01882,60.24999],[31.0181,60.25031],[31.01683,60.25064],[31.01569,60.25078],[31.01445,60.25081]],[[32.23001,60.24686],[32.22911,60.24671],[32.22799,60.24672],[32.22709,60.24685],[32.2261,60.24714],[32.22522,60.2476],[32.22475,60.24802],[32.22448,60.24853],[32.22452,60.24898],[32.22482,60.24944],[32.22546,60.24984],[32.22692,60.25025],[32.22855,60.25025],[32.22933,60.25011],[32.23029,60.24979],[32.23142,60.24903],[32.23167,60.24864],[32.23177,60.24819],[32.23167,60.24786],[32.23134,60.24745],[32.23063,60.24705],[32.23001,60.24686]],[[32.21291,60.24795],[32.21179,60.24784],[32.21058,60.24797],[32.21012,60.24831],[32.21003,60.24864],[32.21053,60.24915],[32.21179,60.24945],[32.21331,60.2494],[32.21421,60.24895],[32.21417,60.24847],[32.21331,60.24802],[32.21291,60.24795]],[[32.21232,60.23362],[32.21147,60.23384],[32.21136,60.23412],[32.21201,60.23423],[32.21257,60.23414],[32.21258,60.23391],[32.21232,60.23362]],[[32.29109,60.21624],[32.29115,60.21658],[32.2906,60.21699],[32.2894,60.21697],[32.28872,60.21668],[32.28855,60.21646],[32.28873,60.21604],[32.28964,60.21582],[32.29065,60.21591],[32.29109,60.21624]],[[31.29742,60.19681],[31.29824,60.1971],[31.29894,60.19751],[31.29929,60.19791],[31.29949,60.19836],[31.29947,60.19881],[31.29913,60.19935],[31.29812,60.19999],[31.29707,60.20029],[31.29641,60.20037],[31.29539,60.20038],[31.29453,60.20028],[31.29311,60.1998],[31.29252,60.19944],[31.29209,60.19881],[31.29205,60.19836],[31.29225,60.19791],[31.29252,60.19758],[31.29345,60.19703],[31.29439,60.19674],[31.29537,60.19661],[31.29649,60.19664],[31.29742,60.19681]],[[32.30766,60.1738],[32.30868,60.17448],[32.30938,60.17515],[32.30972,60.17574],[32.30979,60.17642],[32.30946,60.17727],[32.30891,60.17796],[32.30793,60.17871],[32.30692,60.17919],[32.30503,60.17966],[32.30381,60.17976],[32.30246,60.17975],[32.30081,60.1796],[32.29817,60.17919],[32.29654,60.17878],[32.29641,60.17865],[32.29695,60.17801],[32.29831,60.17597],[32.29873,60.17557],[32.29959,60.17508],[32.30155,60.17441],[32.30561,60.1734],[32.30673,60.17341],[32.30766,60.1738]],[[32.28491,60.17684],[32.28401,60.17676],[32.28338,60.17685],[32.28332,60.17697],[32.28363,60.17728],[32.28458,60.17743],[32.28497,60.17732],[32.28529,60.17697],[32.28491,60.17684]],[[32.30865,60.17103],[32.30778,60.17158],[32.30701,60.17168],[32.30678,60.17164],[32.30624,60.17108]],[[31.30464,60.15009],[31.30493,60.15032],[31.30499,60.15066],[31.30468,60.15098],[31.30417,60.15126],[31.30329,60.15135],[31.30257,60.15124],[31.30218,60.15097],[31.30199,60.15066],[31.302,60.15044],[31.30214,60.15024],[31.30262,60.14998],[31.30332,60.14986],[31.30391,60.14987],[31.30433,60.14991],[31.30464,60.15009]],[[31.1148,60.10769],[31.11568,60.10805],[31.11571,60.10824],[31.11553,60.10853],[31.11469,60.10884],[31.11345,60.10898],[31.11223,60.10873],[31.11185,60.10856],[31.11168,60.10836],[31.11184,60.10803],[31.1127,60.10766],[31.11379,60.10759],[31.1148,60.10769]],[[31.24743,60.04093],[31.24645,60.04138],[31.2458,60.04197],[31.24555,60.04244],[31.24507,60.04356],[31.245,60.04401],[31.24521,60.04446],[31.24559,60.04478],[31.24631,60.04498],[31.24699,60.04495],[31.24764,60.04473],[31.24814,60.04412],[31.24875,60.04232],[31.24881,60.04187],[31.24863,60.04144],[31.24839,60.04115],[31.24773,60.04093],[31.24743,60.04093]],[[31.48391,60.02868],[31.48189,60.02845],[31.47964,60.02848],[31.47761,60.02875],[31.47585,60.02926],[31.47462,60.02989],[31.4737,60.03072],[31.47342,60.03115],[31.47319,60.03174],[31.47315,60.03219],[31.47324,60.03264],[31.47362,60.03325],[31.4744,60.03387],[31.47524,60.03428],[31.47602,60.03453],[31.47784,60.03491],[31.47986,60.03507],[31.48189,60.03501],[31.48349,60.03478],[31.48518,60.0343],[31.48611,60.03385],[31.4872,60.03295],[31.48778,60.032],[31.48788,60.03157],[31.48786,60.03112],[31.48746,60.03039],[31.48676,60.02977],[31.48528,60.02904],[31.48391,60.02868]],[[31.22226,60.00865],[31.22303,60.00909],[31.22333,60.00938],[31.22358,60.00981],[31.22366,60.01026],[31.22354,60.01071],[31.22328,60.01107],[31.2229,60.01137],[31.22213,60.01173],[31.22044,60.012],[31.21855,60.01186],[31.21787,60.01167],[31.21709,60.01126],[31.21672,60.0109],[31.2165,60.01048],[31.21649,60.00992],[31.21678,60.00943],[31.2176,60.00884],[31.21849,60.00847],[31.21954,60.00827],[31.22044,60.00826],[31.22133,60.00837],[31.22226,60.00865]],[[31.19861,59.99777],[31.19794,59.99772],[31.19716,59.99783],[31.19672,59.99822],[31.19664,59.99844],[31.19671,59.99866],[31.19719,59.9991],[31.19785,59.99922],[31.19814,59.99922],[31.19897,59.99894],[31.19928,59.99866],[31.1994,59.99833],[31.19896,59.99782],[31.19861,59.99777]],[[31.15636,59.99466],[31.15572,59.9947],[31.15469,59.99507],[31.15428,59.99552],[31.15432,59.99597],[31.15489,59.99645],[31.15587,59.99664],[31.15695,59.99653],[31.1575,59.99632],[31.15786,59.99605],[31.15807,59.99563],[31.15782,59.99511],[31.15725,59.99483],[31.15669,59.99466],[31.15636,59.99466]],[[32.40607,60.1542],[32.40444,60.1542],[32.40338,60.15409],[32.40256,60.15391],[32.40207,60.15361],[32.40158,60.15296],[32.40121,60.15265],[32.40075,60.15249],[32.39994,60.15244],[32.39924,60.15249],[32.39758,60.15281],[32.39589,60.15287],[32.3953,60.15295],[32.39397,60.15352],[32.3934,60.15363],[32.39118,60.15378],[32.39069,60.15391],[32.3893,60.15447],[32.38847,60.15466],[32.38757,60.15471],[32.38521,60.15464],[32.38228,60.15487],[32.38059,60.15491],[32.37981,60.15506],[32.37795,60.15565],[32.37722,60.15577],[32.37635,60.15567],[32.37592,60.15544],[32.37503,60.15479],[32.37462,60.15468],[32.37396,60.15468],[32.37331,60.1548],[32.37292,60.155],[32.37233,60.15544],[32.37187,60.15548],[32.37141,60.15524],[32.37096,60.15478],[32.37047,60.15462],[32.36946,60.15452],[32.36784,60.15456],[32.36541,60.155],[32.36363,60.15566],[32.36169,60.15597],[32.36057,60.15599],[32.35832,60.15577],[32.35337,60.15625],[32.35061,60.15632],[32.35011,60.15639],[32.34976,60.1565],[32.34939,60.15674],[32.34758,60.15837],[32.34666,60.15902],[32.34546,60.15957],[32.34392,60.15993],[32.3431,60.16042],[32.34263,60.16062],[32.34216,60.16048],[32.34182,60.1603],[32.34131,60.15989],[32.34103,60.15952],[32.34078,60.159],[32.34015,60.15822],[32.33995,60.15764],[32.33954,60.15741],[32.33901,60.15724],[32.33818,60.15712],[32.33762,60.15715],[32.33588,60.15769],[32.33498,60.15814],[32.33447,60.15829],[32.33372,60.15837],[32.33178,60.15835],[32.33089,60.15858],[32.33014,60.1589],[32.32986,60.15893],[32.32827,60.1585],[32.32738,60.15811],[32.32628,60.15725],[32.32552,60.15634],[32.32512,60.15607],[32.32465,60.15588],[32.32389,60.15573],[32.32311,60.15568],[32.32097,60.15582],[32.32046,60.15573],[32.31928,60.15533],[32.31838,60.1553],[32.3169,60.15572],[32.31608,60.15589],[32.31563,60.15612],[32.31554,60.15665],[32.31516,60.15722],[32.31515,60.15777],[32.31505,60.15811],[32.31473,60.15862],[32.31434,60.15949],[32.31388,60.15996],[32.31309,60.1604],[32.31203,60.16084],[32.30978,60.16152],[32.3093,60.16173],[32.30875,60.16212],[32.30848,60.1625],[32.30842,60.16286],[32.30862,60.16317],[32.30933,60.16376],[32.30936,60.16402],[32.30907,60.16427],[32.308,60.16474],[32.30656,60.16494],[32.30577,60.16513],[32.30545,60.16537],[32.30544,60.16593],[32.30533,60.16615],[32.30527,60.16623],[32.3048,60.16646],[32.30437,60.16648],[32.30403,60.16643],[32.30347,60.16624],[32.30326,60.1661],[32.3031,60.16593],[32.30305,60.16576],[32.30321,60.16531],[32.30319,60.1651],[32.30293,60.16489],[32.30229,60.1647],[32.30196,60.1647],[32.30161,60.1648],[32.30113,60.16533],[32.30078,60.16556],[32.29971,60.16573],[32.29881,60.16574],[32.29791,60.16565],[32.29584,60.16508],[32.29522,60.16511],[32.29443,60.1653],[32.29223,60.16646],[32.29172,60.16686],[32.29108,60.16818],[32.29007,60.1693],[32.28993,60.16955],[32.28997,60.16984],[32.29067,60.17074]],[[32.31002,60.16534],[32.30985,60.16576],[32.30985,60.16593],[32.31024,60.16621],[32.31053,60.16652],[32.31125,60.16688],[32.31267,60.16736],[32.31308,60.16762],[32.31297,60.16782],[32.31226,60.16803],[32.30994,60.16832],[32.30933,60.16849],[32.3092,60.1688],[32.30919,60.16942],[32.30937,60.17031],[32.30931,60.1705],[32.30911,60.17074]],[[32.30607,60.17074],[32.30589,60.17032],[32.30595,60.16964],[32.30587,60.16936],[32.30571,60.16917],[32.30481,60.16872],[32.3046,60.1684],[32.30466,60.16818],[32.30481,60.16802],[32.30533,60.1679],[32.30736,60.16824],[32.30814,60.16822],[32.3086,60.16809],[32.30881,60.16785],[32.30902,60.16728],[32.30968,60.16598],[32.30969,60.16582],[32.30944,60.16537],[32.30972,60.16525],[32.31002,60.16534]],[[32.31435,60.17035],[32.3142,60.17044],[32.31399,60.17044],[32.31378,60.17037],[32.31374,60.17027],[32.31383,60.17017],[32.3142,60.17017],[32.31435,60.17024],[32.31435,60.17035]],[[32.30144,60.16902],[32.30164,60.16921],[32.30166,60.16943],[32.3013,60.16964],[32.30074,60.1696],[32.30062,60.16936],[32.30077,60.16891],[32.30122,60.16887],[32.30144,60.16902]],[[32.3288,60.16407],[32.32895,60.1643],[32.32889,60.16452],[32.32871,60.16471],[32.32825,60.1649],[32.32779,60.16489],[32.32735,60.1647],[32.32706,60.16447],[32.32698,60.1643],[32.32706,60.16413],[32.32727,60.16397],[32.32772,60.16385],[32.32828,60.16386],[32.32869,60.16398],[32.3288,60.16407]],[[32.3173,60.16405],[32.31744,60.16423],[32.31725,60.16441],[32.31699,60.16453],[32.31645,60.1645],[32.31628,60.1643],[32.31635,60.16414],[32.31658,60.164],[32.317,60.16395],[32.3173,60.16405]],[[32.33293,60.15999],[32.33328,60.16013],[32.33347,60.1603],[32.33356,60.16053],[32.33352,60.1607],[32.3334,60.16085],[32.33315,60.16097],[32.33234,60.16122],[32.33183,60.1613],[32.33121,60.16123],[32.33062,60.161],[32.33036,60.16084],[32.33025,60.16064],[32.33027,60.16047],[32.33041,60.16031],[32.33109,60.16005],[32.33199,60.15986],[32.33244,60.15988],[32.33293,60.15999]],[[31.00011,59.93849],[30.99966,59.93845],[30.99926,59.93851],[30.99892,59.93875],[30.99891,59.939],[30.99927,59.93933],[30.99971,59.9395],[31.00022,59.93955],[31.00077,59.93945],[31.00097,59.93918],[31.00091,59.9389],[31.00075,59.93874],[31.00011,59.93849]],[[31.01046,59.93851],[31.01014,59.93853],[31.01006,59.93868],[31.01008,59.9388],[31.01056,59.93887],[31.01084,59.93877],[31.01082,59.93868],[31.01066,59.93853],[31.01046,59.93851]],[[30.99516,59.93484],[30.99471,59.93479],[30.99432,59.93486],[30.99397,59.93514],[30.99397,59.93539],[30.99445,59.93582],[30.99516,59.93603],[30.9958,59.93596],[30.99608,59.93582],[30.99627,59.93564],[30.99625,59.93538],[30.996,59.9352],[30.99516,59.93484]]]}},{"type":"Feature","properties":{"depth_m":7,"n_lines":35},"geometry":{"type":"MultiLineString","coordinates":[[[32.76669,60.85012],[32.76659,60.84795],[32.76669,60.84776],[32.76717,60.84752],[32.77037,60.84698],[32.77744,60.84545],[32.77832,60.84501],[32.77936,60.84396],[32.78018,60.84328],[32.78109,60.84289],[32.78216,60.8428],[32.78509,60.84301],[32.78656,60.84297],[32.79194,60.84202],[32.79369,60.84156],[32.79498,60.84107],[32.79647,60.84025],[32.79914,60.83831],[32.79943,60.83801],[32.7996,60.83758],[32.79951,60.83724],[32.7992,60.83676],[32.79772,60.83511],[32.79724,60.83409],[32.79713,60.83297],[32.79755,60.83106],[32.79737,60.83031],[32.79572,60.8276],[32.79409,60.82532],[32.79363,60.8244],[32.79348,60.82341],[32.79379,60.82161],[32.79379,60.82088],[32.79344,60.82003],[32.79226,60.81857],[32.79237,60.81722],[32.79225,60.81542],[32.79244,60.81463],[32.79298,60.81388],[32.79583,60.812],[32.79681,60.81103],[32.79734,60.81006],[32.79781,60.80844],[32.79813,60.80771],[32.79888,60.80676],[32.80049,60.80529],[32.801,60.80471],[32.8013,60.80406],[32.80131,60.80338],[32.80107,60.80275],[32.80046,60.80181],[32.79893,60.8001],[32.79614,60.7975],[32.79318,60.79565],[32.79196,60.79477],[32.79125,60.79404],[32.79103,60.79343],[32.79177,60.79295],[32.79376,60.79222],[32.79735,60.7906],[32.80057,60.78935],[32.80211,60.78857],[32.80278,60.78804],[32.80335,60.78718],[32.80353,60.78639],[32.80346,60.78549],[32.80317,60.78448],[32.80275,60.78352],[32.80192,60.78265],[32.80116,60.78225],[32.79773,60.78087],[32.79548,60.77954],[32.79382,60.7788],[32.79206,60.77846],[32.78937,60.77838],[32.78878,60.77822],[32.78862,60.77806],[32.78882,60.77774],[32.78929,60.77736],[32.79427,60.77489],[32.79611,60.7743],[32.80017,60.77341],[32.80193,60.77279],[32.80278,60.77231],[32.80329,60.77189],[32.80372,60.77143],[32.80406,60.77087],[32.80469,60.76918],[32.80489,60.76783],[32.80467,60.76685],[32.80371,60.76507],[32.80349,60.76434],[32.80347,60.76367],[32.80391,60.76198],[32.80392,60.76119],[32.80353,60.76025],[32.80182,60.7579],[32.80157,60.75726],[32.80154,60.75669],[32.80176,60.75599],[32.8025,60.75504],[32.80365,60.75416],[32.80623,60.75286],[32.80667,60.75241],[32.80673,60.75186],[32.80636,60.75067],[32.80581,60.74972],[32.80548,60.74931],[32.80369,60.74796],[32.80275,60.74707],[32.80186,60.74579],[32.80183,60.74526],[32.80303,60.74342],[32.80385,60.74172],[32.80462,60.74126],[32.80653,60.74088],[32.80802,60.74028],[32.80879,60.73959],[32.80895,60.73926],[32.80898,60.73892],[32.80876,60.73847],[32.80821,60.73803],[32.80722,60.73798],[32.80651,60.73812],[32.80547,60.73854],[32.80473,60.73907],[32.80423,60.73959],[32.80365,60.74052],[32.80328,60.7408],[32.80241,60.74102],[32.80016,60.74094],[32.79639,60.74044],[32.79181,60.73924],[32.78831,60.73811],[32.78741,60.73767],[32.78661,60.73708],[32.7862,60.73656],[32.78602,60.73599],[32.78608,60.73543],[32.78637,60.73491],[32.78743,60.734],[32.78997,60.7326],[32.79108,60.73179],[32.79187,60.73087],[32.79204,60.73045],[32.79204,60.73005],[32.79179,60.72955],[32.79115,60.72905],[32.79003,60.72865],[32.78769,60.72817],[32.7868,60.72769],[32.78639,60.7272],[32.78542,60.72519],[32.78393,60.72331],[32.78356,60.72272],[32.78313,60.72182],[32.78284,60.72091],[32.78269,60.72002],[32.78267,60.71912],[32.78278,60.71822],[32.78304,60.71721],[32.78344,60.71619],[32.78396,60.71523],[32.78465,60.71423],[32.78539,60.7134],[32.78724,60.71189],[32.7885,60.71112],[32.79024,60.71024],[32.79376,60.70883],[32.79547,60.70834],[32.79724,60.70808],[32.79904,60.70805],[32.80309,60.70828],[32.80421,60.7082],[32.80546,60.70793],[32.80633,60.70746],[32.80666,60.70708],[32.80737,60.70493],[32.8081,60.70384],[32.81081,60.7016],[32.8121,60.70075],[32.81365,60.6999],[32.81555,60.69905],[32.82157,60.69708],[32.82378,60.69624],[32.82892,60.69355],[32.83259,60.69182],[32.83421,60.69125],[32.838,60.69025],[32.83884,60.68995],[32.84252,60.68823],[32.84592,60.68722],[32.84849,60.68623],[32.85032,60.68563],[32.85317,60.68493],[32.85855,60.68407],[32.8593,60.68383],[32.86038,60.68321],[32.86206,60.68172],[32.86288,60.68123],[32.8638,60.68083],[32.86609,60.68023],[32.87045,60.67964],[32.87215,60.67915],[32.87447,60.67785],[32.87699,60.67593],[32.87789,60.67543],[32.87909,60.67513],[32.88277,60.6746],[32.88521,60.67394],[32.89331,60.6712],[32.89872,60.66915],[32.90175,60.66787],[32.90352,60.66696],[32.90426,60.66643],[32.90729,60.6639],[32.90879,60.66247],[32.91092,60.6598],[32.91221,60.65713],[32.91293,60.65589],[32.91351,60.65513],[32.91432,60.65433],[32.91521,60.65373],[32.91621,60.65322],[32.92219,60.65105],[32.92345,60.65042],[32.92425,60.64988],[32.92518,60.649],[32.92597,60.64809],[32.92675,60.64689],[32.92689,60.64644],[32.92693,60.64588],[32.92683,60.64532],[32.92656,60.64464],[32.92612,60.64397],[32.92589,60.64377],[32.92532,60.64342],[32.92459,60.64323],[32.92324,60.64319],[32.91985,60.64359],[32.9181,60.64363],[32.91671,60.64337],[32.91613,60.64315],[32.91584,60.64284],[32.91568,60.64251],[32.91574,60.64206],[32.9161,60.64143],[32.91696,60.64028],[32.91712,60.63969],[32.91705,60.63907],[32.91664,60.63823],[32.91527,60.63636],[32.91463,60.63531],[32.91412,60.63418],[32.91334,60.63203],[32.91231,60.63002],[32.91239,60.62946],[32.91338,60.62791],[32.91372,60.62698],[32.91377,60.62597],[32.91346,60.62465],[32.91309,60.62372],[32.91266,60.62295],[32.91162,60.62171],[32.91077,60.62105],[32.90804,60.61974],[32.90793,60.61944],[32.90794,60.61914],[32.90808,60.61886],[32.90892,60.61836],[32.91154,60.61899],[32.91241,60.61897],[32.9133,60.61876],[32.91432,60.61821],[32.91456,60.61795],[32.91475,60.61753],[32.91477,60.61708],[32.9146,60.61664],[32.9129,60.61461],[32.91237,60.61348],[32.91197,60.61224],[32.91164,60.61033],[32.91178,60.60673],[32.91171,60.60585],[32.91157,60.60545],[32.91096,60.60479],[32.90987,60.60429],[32.90814,60.60395],[32.90404,60.60353],[32.90328,60.60329],[32.90267,60.60292],[32.90244,60.60256],[32.90227,60.60201],[32.90233,60.60111],[32.90266,60.60039],[32.90391,60.59863],[32.90424,60.59773],[32.90423,60.59739],[32.90408,60.59706],[32.90375,60.59669],[32.90328,60.59641],[32.90231,60.59605],[32.89899,60.59516],[32.89623,60.5941],[32.89489,60.59379],[32.89354,60.59373],[32.89093,60.59411],[32.88971,60.59418],[32.88833,60.59406],[32.88717,60.59376],[32.88639,60.59342],[32.88458,60.5923],[32.88259,60.59129],[32.882,60.59089],[32.88031,60.58937],[32.87918,60.58872],[32.87765,60.58811],[32.8747,60.5873],[32.86934,60.58553],[32.86668,60.58416],[32.86474,60.58246],[32.86389,60.58206],[32.86208,60.58149],[32.86111,60.58101],[32.8611,60.58066],[32.86119,60.58054],[32.8631,60.58061],[32.86429,60.5805],[32.86924,60.57901],[32.87383,60.57832],[32.87471,60.57784],[32.87495,60.57726],[32.87495,60.57692],[32.8748,60.57649],[32.87415,60.57597],[32.87317,60.57546],[32.87209,60.57516],[32.86609,60.57534],[32.86451,60.57527],[32.86334,60.57506],[32.86206,60.57455],[32.85868,60.57244],[32.85587,60.5712],[32.8541,60.57065],[32.84879,60.56949],[32.84683,60.56889],[32.8459,60.56847],[32.84529,60.56792],[32.84474,60.56634],[32.84416,60.56579],[32.84335,60.56549],[32.84059,60.56481],[32.83986,60.56435],[32.83962,60.56403],[32.83953,60.56353],[32.83963,60.56301],[32.84111,60.56094],[32.8414,60.56004],[32.84135,60.55948],[32.84115,60.55903],[32.84072,60.55853],[32.84018,60.55812],[32.8364,60.55581],[32.83235,60.554],[32.82981,60.55261],[32.82878,60.55225],[32.82716,60.55204],[32.82559,60.55205],[32.82256,60.55275],[32.82131,60.55289],[32.8198,60.5527],[32.81837,60.5522],[32.81768,60.55171],[32.81726,60.55093],[32.81718,60.55026],[32.81727,60.54857],[32.81711,60.54779],[32.81661,60.54727],[32.81597,60.54699],[32.81541,60.5468],[32.81389,60.54654],[32.81105,60.54637],[32.80489,60.54644],[32.79949,60.54663],[32.79737,60.54683],[32.79406,60.54737],[32.79223,60.54773],[32.79042,60.54831],[32.78936,60.5485],[32.78104,60.5489],[32.7802,60.5488],[32.77955,60.54853],[32.77915,60.54818],[32.77846,60.54727],[32.77788,60.54682],[32.77719,60.54648],[32.77482,60.54561],[32.77339,60.54528],[32.77249,60.54522],[32.77159,60.54529],[32.76863,60.54609],[32.76731,60.54616],[32.75772,60.54503],[32.75606,60.54499],[32.75269,60.54513],[32.75143,60.54507],[32.74706,60.54433],[32.74499,60.5441],[32.74358,60.54419],[32.74246,60.54458],[32.74156,60.54514],[32.73987,60.54651],[32.73788,60.5477],[32.73408,60.54945],[32.73289,60.54981],[32.73154,60.54985],[32.72815,60.54904],[32.72614,60.54895],[32.72074,60.54949],[32.71961,60.54973],[32.71669,60.5506],[32.71534,60.5508],[32.71421,60.55081],[32.71309,60.55068],[32.71213,60.5504],[32.71155,60.54991],[32.71107,60.5488],[32.7108,60.54866],[32.71016,60.54867],[32.70812,60.54922],[32.7036,60.54992],[32.70192,60.55041],[32.70005,60.55081],[32.69927,60.55136],[32.69828,60.5524],[32.69658,60.55361],[32.6958,60.55407],[32.69419,60.55464],[32.69218,60.55495],[32.69081,60.55501],[32.69017,60.5549],[32.69056,60.55451],[32.6935,60.55229],[32.69474,60.55117],[32.6958,60.55075],[32.6982,60.55037],[32.6989,60.55002],[32.69908,60.54981],[32.69916,60.54936],[32.69905,60.54902],[32.6988,60.54869],[32.69819,60.54823],[32.69737,60.54787],[32.69654,60.54767],[32.69554,60.5476],[32.69405,60.54773],[32.69143,60.54819],[32.68316,60.54873],[32.68001,60.54927],[32.67586,60.55053],[32.6723,60.55133],[32.67077,60.55179],[32.6696,60.55226],[32.66858,60.55286],[32.66769,60.55354],[32.66619,60.55503],[32.66496,60.5558],[32.66055,60.55762],[32.64959,60.56298],[32.64267,60.56674],[32.63894,60.56919],[32.63533,60.57201],[32.63169,60.57403],[32.62928,60.57616],[32.62674,60.57728],[32.6257,60.57789],[32.62504,60.57849],[32.62398,60.57996],[32.62323,60.58052],[32.62197,60.58109],[32.61914,60.58192],[32.6184,60.58237],[32.6177,60.58311],[32.61662,60.58474],[32.6163,60.58507],[32.61562,60.58555],[32.61455,60.58593],[32.61266,60.58639],[32.61011,60.58737],[32.60742,60.58822],[32.60462,60.58936],[32.60329,60.5897],[32.60118,60.59003],[32.59841,60.59092],[32.5973,60.59138],[32.59503,60.59271],[32.59399,60.59318],[32.5911,60.59405],[32.59017,60.59447],[32.58976,60.59503],[32.58966,60.59582],[32.58947,60.59633],[32.58875,60.59676],[32.58776,60.59691],[32.58672,60.59679],[32.5865,60.59638],[32.58649,60.59604],[32.58674,60.5954],[32.58735,60.59447],[32.58741,60.59323],[32.58753,60.59273],[32.58848,60.59177],[32.59084,60.58884],[32.59139,60.58794],[32.59152,60.58738],[32.59129,60.58685],[32.59036,60.58597],[32.58913,60.58518],[32.58652,60.5838],[32.58594,60.58328],[32.58403,60.58014],[32.58351,60.57838],[32.58345,60.57793],[32.5839,60.57738],[32.58761,60.57544],[32.59003,60.57337],[32.59069,60.57313],[32.59203,60.5729],[32.59246,60.57274],[32.59301,60.57244],[32.59323,60.57186],[32.59314,60.57148],[32.59295,60.57125],[32.59239,60.57094],[32.59202,60.57087],[32.59122,60.57097],[32.5896,60.57149],[32.58861,60.57168],[32.58754,60.57169],[32.58613,60.5715],[32.58557,60.57133],[32.58477,60.57091],[32.58416,60.5703],[32.58399,60.56989],[32.58399,60.56931],[32.58426,60.56859],[32.58546,60.56702],[32.5861,60.56567],[32.58762,60.56295],[32.58858,60.56172],[32.59104,60.5595],[32.59139,60.55899],[32.59151,60.55847],[32.59126,60.55762],[32.5905,60.55663],[32.58911,60.55541],[32.58619,60.55319],[32.58572,60.55268],[32.58544,60.55206],[32.58539,60.55116],[32.58577,60.54898],[32.58607,60.54855],[32.58723,60.54767],[32.58806,60.54688],[32.58828,60.54643],[32.5882,60.54587],[32.58782,60.54541],[32.58723,60.54507],[32.5852,60.54452],[32.58449,60.54415],[32.58442,60.54396],[32.58486,60.54306],[32.58522,60.54159],[32.58516,60.54097],[32.58464,60.54056],[32.58308,60.53966],[32.58251,60.53901],[32.58225,60.53828],[32.58197,60.53788],[32.58137,60.53736],[32.58007,60.5365],[32.57973,60.53597],[32.57977,60.53529],[32.58022,60.53454],[32.58082,60.53406],[32.58233,60.53317],[32.58278,60.53271],[32.58288,60.53226],[32.58279,60.53034],[32.58315,60.52883],[32.58313,60.52838],[32.58267,60.52776],[32.57955,60.52509],[32.57861,60.52437],[32.57634,60.52291],[32.57594,60.52253],[32.57544,60.52169],[32.57494,60.52127],[32.57421,60.52104],[32.57218,60.52078],[32.57131,60.52057],[32.57056,60.52027],[32.56873,60.51904],[32.56755,60.51859],[32.56693,60.51846],[32.5644,60.51855],[32.56312,60.5182],[32.56229,60.51776],[32.56155,60.51713],[32.56119,60.51639],[32.5612,60.51561],[32.5618,60.51414],[32.56216,60.5136],[32.56251,60.51329],[32.56455,60.51218],[32.56601,60.51124],[32.56683,60.51096],[32.56841,60.51065],[32.56884,60.51045],[32.5688,60.5103],[32.5678,60.50959],[32.56746,60.50897],[32.56745,60.50852],[32.56791,60.5076],[32.56785,60.50677],[32.56722,60.50584],[32.56538,60.50391],[32.56523,60.50357],[32.56529,60.50334],[32.56547,60.50316],[32.56597,60.50297],[32.56885,60.50254],[32.56957,60.50223],[32.56981,60.50195],[32.56993,60.50166],[32.57005,60.50064],[32.57046,60.49974],[32.57047,60.49952],[32.56928,60.49794],[32.56902,60.49738],[32.56896,60.49659],[32.56927,60.49569],[32.57023,60.49446],[32.57197,60.49278],[32.57249,60.49236],[32.57448,60.49116],[32.57538,60.49041],[32.57676,60.4887],[32.57849,60.48607],[32.58059,60.48435],[32.58144,60.48344],[32.58204,60.48242],[32.58233,60.48116],[32.58256,60.48062],[32.58293,60.48007],[32.58403,60.47884],[32.58432,60.47836],[32.58446,60.47781],[32.58449,60.47623],[32.5847,60.47556],[32.5863,60.47342],[32.58766,60.47124],[32.58851,60.4703],[32.58945,60.46953],[32.59205,60.46799],[32.59402,60.46721],[32.59741,60.46646],[32.59815,60.46616],[32.60045,60.46404],[32.60116,60.46314],[32.60124,60.46251],[32.60115,60.46222],[32.60087,60.46194],[32.60011,60.46145],[32.59807,60.46053],[32.59719,60.46],[32.59669,60.45948],[32.59649,60.45901],[32.59647,60.45857],[32.59659,60.45809],[32.59697,60.45733],[32.59849,60.45505],[32.59942,60.45416],[32.60189,60.45233],[32.60258,60.45159],[32.60282,60.45114],[32.60292,60.45069],[32.60289,60.45024],[32.60272,60.44979],[32.60219,60.44909],[32.60115,60.44827],[32.60022,60.44774],[32.59845,60.44693],[32.59671,60.44628],[32.59519,60.44588],[32.59209,60.44558],[32.5917,60.44529],[32.59165,60.44512],[32.59405,60.44449],[32.5948,60.44419],[32.59572,60.44363],[32.60081,60.43925],[32.60589,60.43568],[32.60676,60.4349],[32.60733,60.43422],[32.60776,60.43348],[32.60797,60.43281],[32.60802,60.43202],[32.60788,60.43134],[32.60714,60.42999],[32.60507,60.42729],[32.60482,60.42662],[32.60502,60.42606],[32.60581,60.42489],[32.60658,60.42399],[32.60753,60.42312],[32.60913,60.42206],[32.61119,60.42109],[32.61673,60.41917],[32.62093,60.418],[32.62275,60.41723],[32.62637,60.41544],[32.62803,60.41471],[32.63211,60.41364],[32.63285,60.41326],[32.63322,60.41289],[32.63339,60.41244],[32.63332,60.41199],[32.63269,60.41111],[32.63173,60.41037],[32.63057,60.40974],[32.62992,60.4095],[32.62916,60.40937],[32.62826,60.40936],[32.6272,60.40954],[32.62477,60.41051],[32.62309,60.41087],[32.62219,60.4109],[32.62129,60.4108],[32.62074,60.41064],[32.62026,60.41035],[32.62002,60.40999],[32.62079,60.40941],[32.62338,60.4085],[32.62418,60.40806],[32.62442,60.40772],[32.62448,60.40738],[32.62423,60.40659],[32.6219,60.4036],[32.62065,60.40142],[32.62003,60.40059],[32.61897,60.39959],[32.61525,60.39681],[32.61437,60.396],[32.6137,60.39521],[32.61334,60.39456],[32.61313,60.39377],[32.61289,60.39068],[32.61266,60.39016],[32.61233,60.38972],[32.61133,60.38887],[32.61012,60.38813],[32.6089,60.38754],[32.60748,60.38707],[32.60259,60.38616],[32.60104,60.38598],[32.59946,60.38593],[32.59406,60.38626],[32.58799,60.38638],[32.57899,60.38622],[32.57494,60.38627],[32.57179,60.38653],[32.56639,60.38737],[32.56369,60.38757],[32.56153,60.38755],[32.55806,60.38732],[32.55379,60.38738],[32.5517,60.38709],[32.55059,60.38675],[32.54903,60.38592],[32.54625,60.38401],[32.54527,60.38352],[32.54389,60.38316],[32.54231,60.38304],[32.54051,60.38315],[32.53905,60.38347],[32.53785,60.384],[32.53545,60.38572],[32.53444,60.38603],[32.53331,60.38607],[32.53252,60.38589],[32.53196,60.38563],[32.53153,60.3853],[32.53118,60.38477],[32.53078,60.38364],[32.53048,60.38308],[32.53003,60.38259],[32.52936,60.38213],[32.52832,60.38163],[32.52368,60.37989],[32.52287,60.37942],[32.52111,60.37806],[32.52012,60.37763],[32.51733,60.37701],[32.51465,60.37671],[32.51309,60.37701],[32.50921,60.37823],[32.50755,60.37852],[32.50667,60.37854],[32.50584,60.37841],[32.50502,60.37806],[32.50473,60.37773],[32.50462,60.37723],[32.50542,60.37363],[32.50595,60.37228],[32.50663,60.37131],[32.50845,60.36953],[32.5088,60.36902],[32.50944,60.36774],[32.51036,60.36506],[32.51082,60.36419],[32.51124,60.36366],[32.51318,60.3618],[32.51411,60.36058],[32.51477,60.3592],[32.51522,60.35743],[32.51554,60.35686],[32.5167,60.35613],[32.5193,60.35515],[32.52229,60.35438],[32.52647,60.35379],[32.52689,60.35349],[32.52716,60.35316],[32.52762,60.35023],[32.5276,60.34978],[32.52737,60.34926],[32.52666,60.34876],[32.52611,60.34856],[32.52284,60.34787],[32.52101,60.34722],[32.52016,60.34669],[32.51973,60.34629],[32.51929,60.34569],[32.51916,60.34526],[32.51923,60.3443],[32.52067,60.34146],[32.52129,60.33943],[32.52212,60.33729],[32.52278,60.33521],[32.52305,60.33471],[32.52333,60.33439],[32.52394,60.33397],[32.52999,60.33081],[32.5312,60.33046],[32.53691,60.3293],[32.54159,60.3278],[32.54352,60.32708],[32.5482,60.32507],[32.55135,60.32387],[32.55235,60.32325],[32.55262,60.32276],[32.55246,60.32228],[32.5519,60.3217],[32.55045,60.32051],[32.54965,60.31951],[32.54937,60.31862],[32.54952,60.31783],[32.54984,60.31732],[32.55026,60.31694],[32.55277,60.31517],[32.55361,60.3143],[32.55388,60.31378],[32.554,60.31322],[32.55399,60.31266],[32.55375,60.31142],[32.55389,60.31086],[32.55431,60.31034],[32.55611,60.30871],[32.5589,60.30527],[32.5624,60.30197],[32.56327,60.29978],[32.5647,60.29747],[32.56489,60.29679],[32.56475,60.29623],[32.56317,60.29439],[32.56276,60.29342],[32.56284,60.29241],[32.56345,60.29124],[32.56361,60.29072],[32.56321,60.28903],[32.56314,60.28836],[32.56358,60.28554],[32.56335,60.28492],[32.56255,60.28394],[32.56209,60.28318],[32.56185,60.28239],[32.56185,60.28161],[32.56201,60.28093],[32.56232,60.2803],[32.56388,60.27823],[32.56456,60.27699],[32.56486,60.27598],[32.56515,60.27367],[32.56565,60.27238],[32.56713,60.27011],[32.56852,60.26754],[32.56925,60.26664],[32.57053,60.26541],[32.57073,60.26506],[32.57066,60.26452],[32.56981,60.26271],[32.56961,60.26113],[32.56966,60.25939],[32.5698,60.25821],[32.57008,60.25708],[32.57071,60.25528],[32.57086,60.25438],[32.57045,60.24864],[32.57045,60.24504],[32.57071,60.24369],[32.57124,60.24259],[32.57231,60.24125],[32.57365,60.23998],[32.57389,60.23953],[32.57377,60.23886],[32.57253,60.23661],[32.57228,60.23599],[32.57224,60.23559],[32.57235,60.23498],[32.57348,60.23244],[32.57388,60.23121],[32.57407,60.22929],[32.57387,60.22806],[32.57334,60.22727],[32.57228,60.22649],[32.56964,60.2252],[32.56511,60.22332],[32.5635,60.22231],[32.56257,60.22148],[32.56192,60.22063],[32.56161,60.21984],[32.56153,60.21916],[32.56161,60.21737],[32.56143,60.21646],[32.55934,60.21253],[32.55893,60.21198],[32.55826,60.21143],[32.55527,60.20939],[32.5527,60.20793],[32.54993,60.2066],[32.54034,60.20306],[32.53824,60.2021],[32.53196,60.19895],[32.52995,60.19813],[32.52627,60.19684],[32.52407,60.19588],[32.52216,60.19485],[32.52015,60.19357],[32.51657,60.19085],[32.51517,60.18994],[32.51124,60.18794],[32.50761,60.18636],[32.50488,60.18547],[32.49863,60.18364],[32.49614,60.18315],[32.49053,60.18231],[32.48867,60.18187],[32.48492,60.18078],[32.48359,60.18069],[32.48046,60.18097],[32.47864,60.18102],[32.47703,60.1809],[32.47583,60.18065],[32.47491,60.18029],[32.47406,60.17973],[32.47357,60.17912],[32.47291,60.17777],[32.47231,60.17693],[32.47135,60.17611],[32.47042,60.17563],[32.46882,60.17514],[32.46402,60.17393],[32.45639,60.17168],[32.45456,60.17129],[32.45186,60.17095],[32.45085,60.17073],[32.45004,60.17019],[32.44884,60.16904],[32.44828,60.16875],[32.44711,60.16843],[32.43859,60.16666],[32.43063,60.16573],[32.42914,60.16529],[32.42652,60.16427],[32.42389,60.1634],[32.42094,60.16261],[32.41828,60.16204],[32.41504,60.16159],[32.41159,60.16131],[32.40934,60.16131],[32.40675,60.16151]],[[32.321,60.17108],[32.32214,60.17306],[32.3235,60.17597],[32.32398,60.1767],[32.32483,60.17757],[32.32577,60.17816],[32.32659,60.17847],[32.33022,60.17913],[32.33122,60.1794],[32.33222,60.17988],[32.33288,60.18053],[32.33302,60.18104],[32.33285,60.18175],[32.33233,60.18249],[32.33134,60.18361],[32.33097,60.18429],[32.33092,60.18486],[32.33123,60.18586],[32.33112,60.1863],[32.33052,60.18639],[32.3299,60.18634],[32.3288,60.18596],[32.32664,60.18503],[32.3237,60.18421],[32.32159,60.18386],[32.31979,60.1839],[32.31782,60.18449],[32.31316,60.18651],[32.31115,60.1872],[32.30899,60.18751],[32.30494,60.18759],[32.30355,60.18783],[32.30237,60.18818],[32.30067,60.18889],[32.29954,60.18949],[32.29824,60.19036],[32.29715,60.19135],[32.29587,60.19297],[32.29409,60.19567],[32.29354,60.19666],[32.2927,60.19858],[32.29105,60.20083],[32.29089,60.20128],[32.29089,60.20162],[32.29107,60.20207],[32.2915,60.2026],[32.29365,60.20422],[32.29425,60.20482],[32.29471,60.20544],[32.29504,60.20611],[32.29525,60.20679],[32.29538,60.20949],[32.29571,60.21062],[32.29601,60.21116],[32.29673,60.21204],[32.29914,60.21423],[32.29986,60.21502],[32.30012,60.21546],[32.3002,60.21579],[32.29998,60.21646],[32.2993,60.21714],[32.29812,60.21796],[32.29655,60.21882],[32.29258,60.22069],[32.29061,60.22191],[32.28797,60.22419],[32.28719,60.22509],[32.28611,60.22681],[32.28542,60.22731],[32.27535,60.23092],[32.27335,60.23183],[32.27205,60.23266],[32.27169,60.23317],[32.27183,60.2337],[32.27239,60.23436],[32.27482,60.23661],[32.27529,60.23732],[32.27544,60.23796],[32.27531,60.23858],[32.27468,60.2394],[32.27122,60.24178],[32.27059,60.24246],[32.27029,60.24313],[32.2703,60.24369],[32.27062,60.24435],[32.27261,60.24629],[32.27323,60.24718],[32.27338,60.24763],[32.27339,60.24808],[32.27324,60.24853],[32.27294,60.24895],[32.27244,60.24937],[32.27168,60.24978],[32.26996,60.25028],[32.26781,60.25047],[32.2635,60.25026],[32.26129,60.25033],[32.25848,60.25082],[32.25728,60.25116],[32.25639,60.2516],[32.25592,60.25224],[32.25546,60.25385],[32.25507,60.25461],[32.25424,60.25551],[32.25195,60.25736],[32.25133,60.25809],[32.24911,60.2615],[32.24872,60.26237],[32.24818,60.26417],[32.24774,60.26506],[32.24708,60.26597],[32.24523,60.26811],[32.24438,60.26934],[32.2438,60.27046],[32.24352,60.27126],[32.24306,60.27405],[32.24281,60.27455],[32.24247,60.27496],[32.24112,60.27591],[32.23965,60.27657],[32.23752,60.27718],[32.23401,60.27784],[32.23244,60.27823],[32.23084,60.27893],[32.2299,60.27969],[32.22937,60.28043],[32.22791,60.28318],[32.22781,60.28363],[32.22799,60.28396],[32.22861,60.28443],[32.2303,60.28495],[32.23451,60.28549],[32.23586,60.2858],[32.23671,60.28619],[32.23714,60.28667],[32.23722,60.28712],[32.23683,60.28762],[32.23581,60.28812],[32.23291,60.2889],[32.23145,60.28948],[32.23022,60.29018],[32.22751,60.29199],[32.22606,60.29271],[32.22439,60.29319],[32.22218,60.29347],[32.21865,60.29347],[32.21572,60.2931],[32.21326,60.29247],[32.20542,60.28987],[32.20438,60.28975],[32.20365,60.2899],[32.20281,60.29049],[32.19947,60.29378],[32.19799,60.29487],[32.19622,60.29578],[32.19252,60.29739],[32.18817,60.29913],[32.18719,60.29983],[32.18706,60.30019],[32.18716,60.30065],[32.18795,60.30164],[32.18893,60.30248],[32.19165,60.30428],[32.19255,60.30518],[32.19285,60.30568],[32.1931,60.30658],[32.19295,60.30737],[32.1925,60.30805],[32.19162,60.30876],[32.19074,60.30922],[32.18853,60.3101],[32.18591,60.31087],[32.17579,60.31268],[32.16987,60.31328],[32.16735,60.31366],[32.14955,60.31788],[32.14854,60.31831],[32.14808,60.31874],[32.14791,60.31918],[32.1476,60.32091],[32.14701,60.32187],[32.14661,60.32225],[32.1458,60.32274],[32.14471,60.32312],[32.14316,60.32337],[32.14159,60.32337],[32.14022,60.32321],[32.13619,60.32245],[32.13349,60.32209],[32.13034,60.32186],[32.12741,60.32187],[32.12539,60.32207],[32.12314,60.32247],[32.11435,60.32456],[32.11279,60.32478],[32.11166,60.32481],[32.10946,60.3246],[32.10434,60.32368],[32.10074,60.32314],[32.09699,60.3227],[32.09501,60.32265],[32.09443,60.32272],[32.09331,60.32304],[32.08908,60.32454],[32.08691,60.32548],[32.08209,60.32785],[32.07918,60.32897],[32.07304,60.33091],[32.07184,60.33103],[32.07073,60.33092],[32.06832,60.33039],[32.0621,60.32855],[32.0583,60.3277],[32.05384,60.32647],[32.05211,60.32632],[32.04799,60.32685],[32.04596,60.32691],[32.04491,60.32679],[32.04417,60.32656],[32.04367,60.32634],[32.04306,60.32592],[32.04267,60.32526],[32.04261,60.32481],[32.04267,60.32436],[32.04361,60.32233],[32.04418,60.32076],[32.04455,60.32019],[32.04506,60.3197],[32.04586,60.31921],[32.04652,60.319],[32.04754,60.31891],[32.04857,60.31903],[32.04955,60.31932],[32.05034,60.31971],[32.05063,60.32],[32.05077,60.32042],[32.05045,60.32188],[32.05057,60.32256],[32.05114,60.32322],[32.05208,60.32367],[32.05294,60.32378],[32.054,60.32366],[32.05498,60.32331],[32.0558,60.3228],[32.05613,60.32244],[32.05643,60.32188],[32.05642,60.32154],[32.05628,60.32121],[32.05575,60.32056],[32.05448,60.3196],[32.05414,60.31918],[32.05399,60.31862],[32.05394,60.31739],[32.05363,60.31671],[32.05303,60.3161],[32.05215,60.3156],[32.05112,60.31533],[32.04979,60.31533],[32.0486,60.31554],[32.04619,60.31621],[32.04484,60.31638],[32.03989,60.31619],[32.03141,60.31509],[32.02391,60.31388],[32.02146,60.31332],[32.01994,60.31278],[32.01894,60.31228],[32.01792,60.31152],[32.01746,60.31097],[32.01721,60.31041],[32.01716,60.30973],[32.01785,60.30793],[32.01774,60.30759],[32.01743,60.30731],[32.01692,60.30712],[32.01601,60.30698],[32.01178,60.30703],[32.00996,60.30688],[32.00839,60.30663],[32.00627,60.30607],[32.0033,60.30484],[32.00005,60.3041],[31.99848,60.30363],[31.99715,60.30302],[31.99638,60.30246],[31.99574,60.30163],[31.99519,60.30017],[31.99487,60.29961],[31.99461,60.29929],[31.99418,60.29901],[31.99331,60.29864],[31.99196,60.29846],[31.99061,60.29862],[31.98951,60.29897],[31.9866,60.30032],[31.98488,60.30074],[31.98274,60.30089],[31.98023,60.30066],[31.97718,60.29992],[31.97204,60.29809],[31.96928,60.29724],[31.96225,60.29568],[31.96102,60.29527],[31.95763,60.29384],[31.95508,60.29315],[31.95236,60.2928],[31.94899,60.29271],[31.94539,60.29288],[31.9394,60.29345],[31.93788,60.29349],[31.93683,60.29339],[31.93522,60.29298],[31.93081,60.29079],[31.92805,60.28983],[31.92469,60.28912],[31.91816,60.28833],[31.91501,60.28777],[31.91268,60.28716],[31.90761,60.28541],[31.90547,60.28483],[31.90219,60.28434],[31.89566,60.28397],[31.89251,60.28369],[31.88981,60.2833],[31.88673,60.28262],[31.88509,60.28247],[31.88435,60.2826],[31.88389,60.28291],[31.88371,60.2832],[31.88338,60.28442],[31.88306,60.28501],[31.88235,60.28585],[31.8808,60.28714],[31.87893,60.28848],[31.87743,60.28939],[31.876,60.29004],[31.8747,60.29047],[31.87304,60.29082],[31.87114,60.29102],[31.86934,60.29103],[31.86763,60.29085],[31.8658,60.29036],[31.86241,60.28894],[31.86056,60.2883],[31.85876,60.28784],[31.85688,60.28758],[31.85516,60.28754],[31.85329,60.28767],[31.85034,60.28802],[31.84785,60.28846],[31.84248,60.28989],[31.84084,60.29043],[31.83976,60.2909],[31.83854,60.29166],[31.83614,60.2938],[31.83442,60.29508],[31.8298,60.29793],[31.82893,60.29841],[31.82837,60.2986],[31.82726,60.29878],[31.82546,60.2988],[31.82096,60.29863],[31.81646,60.29822],[31.81558,60.29824],[31.8151,60.29835],[31.8144,60.2988],[31.8125,60.30075],[31.80798,60.3046],[31.80713,60.30517],[31.80595,60.30564],[31.80193,60.30652],[31.79734,60.30714],[31.79149,60.30812],[31.78451,60.30896],[31.78231,60.30955],[31.77865,60.31109],[31.77529,60.31207],[31.77191,60.31272],[31.76741,60.31307],[31.76605,60.31332],[31.76509,60.31374],[31.76457,60.31423],[31.76435,60.31491],[31.7646,60.31558],[31.76501,60.31602],[31.7658,60.31646],[31.76791,60.31722],[31.76891,60.31769],[31.76961,60.31819],[31.77004,60.31896],[31.77001,60.31963],[31.76923,60.32132],[31.7688,60.32301],[31.76864,60.32328],[31.76809,60.32374],[31.7671,60.32411],[31.76629,60.32419],[31.76505,60.32407],[31.76395,60.32368],[31.76321,60.32319],[31.76294,60.32289],[31.76201,60.32143],[31.76154,60.32088],[31.76062,60.32023],[31.7597,60.31986],[31.75864,60.31966],[31.75751,60.31961],[31.75639,60.31972],[31.75513,60.32001],[31.75374,60.3206],[31.75077,60.32238],[31.74888,60.32319],[31.74596,60.32401],[31.7409,60.32486],[31.7396,60.32526],[31.73828,60.32588],[31.73336,60.32858],[31.73116,60.32996],[31.73036,60.33066],[31.7299,60.33123],[31.72957,60.33212],[31.72943,60.33414],[31.72907,60.33489],[31.72871,60.33527],[31.72812,60.33574],[31.72721,60.3362],[31.72623,60.3365],[31.72511,60.33663],[31.72421,60.33658],[31.72335,60.33639],[31.72261,60.33612],[31.72157,60.33546],[31.72103,60.33488],[31.72077,60.33446],[31.71999,60.33226],[31.71931,60.33127],[31.71831,60.33035],[31.71464,60.32768],[31.7141,60.32717],[31.71389,60.32672],[31.71387,60.32616],[31.7144,60.32379],[31.71442,60.32334],[31.71415,60.32279],[31.71371,60.32243],[31.71018,60.3209],[31.70662,60.31911],[31.70544,60.31868],[31.70374,60.31849],[31.70282,60.31862],[31.70112,60.31912],[31.69991,60.31934],[31.69834,60.31944],[31.69654,60.31932],[31.69471,60.319],[31.69298,60.31844],[31.69179,60.3178],[31.69122,60.31734],[31.69075,60.31682],[31.69018,60.31581],[31.68977,60.31446],[31.68967,60.31333],[31.68989,60.31119],[31.68974,60.31063],[31.68945,60.31012],[31.68848,60.30925],[31.6846,60.3071],[31.68335,60.30615],[31.68287,60.30556],[31.68246,60.30478],[31.6822,60.30395],[31.6821,60.30321],[31.68216,60.30219],[31.68242,60.30118],[31.68298,60.29984],[31.68363,60.29871],[31.68412,60.29802],[31.68488,60.29721],[31.6867,60.29569],[31.68749,60.2949],[31.68813,60.29409],[31.68841,60.29353],[31.68832,60.29297],[31.68754,60.29178],[31.68721,60.29106],[31.68705,60.29027],[31.6871,60.28948],[31.68763,60.288],[31.69012,60.28329],[31.69042,60.28239],[31.69052,60.28149],[31.69034,60.27956],[31.69009,60.27823],[31.68956,60.2769],[31.6887,60.27532],[31.68761,60.27371],[31.68622,60.27204],[31.6851,60.2709],[31.68402,60.2701],[31.67948,60.26788],[31.67596,60.26602],[31.67423,60.26504],[31.6709,60.26293],[31.66775,60.26156],[31.66711,60.26095],[31.66617,60.25965],[31.66581,60.2593],[31.66513,60.25884],[31.66138,60.25751],[31.66039,60.25703],[31.66023,60.25652],[31.66047,60.25517],[31.66051,60.25438],[31.6603,60.25292],[31.65989,60.25193],[31.65841,60.24966],[31.65803,60.24842],[31.65803,60.24684],[31.65857,60.24358],[31.65845,60.24257],[31.65796,60.24171],[31.65645,60.23964],[31.65427,60.23595],[31.65237,60.23321],[31.65077,60.23],[31.65006,60.22912],[31.64934,60.22865],[31.64851,60.22826],[31.6406,60.22524],[31.63822,60.22415],[31.63658,60.22318],[31.63274,60.22058],[31.628,60.21825],[31.62563,60.21695],[31.62416,60.21591],[31.62297,60.21473],[31.62182,60.21306],[31.62046,60.21028],[31.61983,60.20927],[31.61882,60.20814],[31.61568,60.20525],[31.61489,60.20424],[31.6143,60.20308],[31.61398,60.20173],[31.61376,60.19858],[31.61347,60.19723],[31.61258,60.19532],[31.61088,60.19262],[31.61049,60.19138],[31.61053,60.19048],[31.61082,60.18969],[31.61251,60.18744],[31.61289,60.18667],[31.61295,60.18636],[31.61284,60.18576],[31.61226,60.18503],[31.611,60.18441],[31.61004,60.18417],[31.60901,60.18405],[31.60721,60.18403],[31.60136,60.18427],[31.60001,60.18445],[31.59484,60.18545],[31.58325,60.18728],[31.58179,60.18742],[31.58068,60.18738],[31.57966,60.18721],[31.576,60.18609],[31.5743,60.18544],[31.5694,60.18324],[31.5688,60.18281],[31.56629,60.18],[31.56448,60.17858],[31.56264,60.17758],[31.55803,60.1755],[31.55295,60.17241],[31.54999,60.1709],[31.54904,60.17053],[31.54781,60.17034],[31.54219,60.17037],[31.54039,60.17026],[31.53902,60.17006],[31.5372,60.16958],[31.53469,60.16868],[31.53288,60.1679],[31.53111,60.16697],[31.52892,60.16536],[31.52632,60.16396],[31.52515,60.16304],[31.52445,60.16224],[31.52192,60.15885],[31.5216,60.15808],[31.52145,60.15673],[31.52125,60.15617],[31.5185,60.15486],[31.51731,60.15408],[31.51425,60.15111],[31.51233,60.14902],[31.51173,60.14862],[31.51031,60.14813],[31.50664,60.14741],[31.50416,60.14706],[31.49989,60.1467],[31.49794,60.14629],[31.49686,60.14587],[31.49602,60.14539],[31.49315,60.14327],[31.49225,60.14279],[31.4912,60.14239],[31.49021,60.14215],[31.48886,60.14198],[31.48423,60.14183],[31.48345,60.14172],[31.47973,60.14048],[31.47799,60.14001],[31.47532,60.13947],[31.47258,60.13914],[31.47064,60.1391],[31.46794,60.13925],[31.46445,60.13958],[31.46158,60.13997],[31.45984,60.14041],[31.45816,60.14126],[31.45637,60.14267],[31.45375,60.14512],[31.45217,60.14635],[31.44936,60.14812],[31.44735,60.14902],[31.44566,60.14949],[31.44431,60.14971],[31.43846,60.15019],[31.43554,60.15055],[31.43284,60.15103],[31.42992,60.15168],[31.42699,60.15244],[31.42539,60.15299],[31.42316,60.15407],[31.42118,60.15525],[31.41908,60.15675],[31.41636,60.15932],[31.41458,60.1608],[31.41258,60.1622],[31.40893,60.16444],[31.40789,60.16532],[31.40566,60.16877],[31.40325,60.17152],[31.40295,60.17214],[31.40262,60.17327],[31.40173,60.17754],[31.40078,60.17991],[31.39959,60.18183],[31.39714,60.18506],[31.39513,60.18865],[31.39331,60.19124],[31.39179,60.19305],[31.39066,60.19418],[31.38613,60.19761],[31.38501,60.1986],[31.38409,60.19959],[31.38358,60.20034],[31.38314,60.20128],[31.38287,60.20241],[31.38273,60.20432],[31.38254,60.20481],[31.38202,60.20544],[31.37969,60.20753],[31.37561,60.21015],[31.37431,60.21113],[31.37346,60.21197],[31.37296,60.21264],[31.37259,60.21338],[31.37215,60.21456],[31.37175,60.21518],[31.36773,60.21861],[31.36504,60.22041],[31.36434,60.22101],[31.36402,60.22164],[31.36406,60.22232],[31.3653,60.22524],[31.36619,60.22693],[31.3662,60.22738],[31.3659,60.22783],[31.36423,60.22929],[31.36376,60.22961],[31.36277,60.23003],[31.36174,60.2302],[31.36084,60.23018],[31.36004,60.23003],[31.35919,60.22955],[31.35878,60.22884],[31.35865,60.22749],[31.3585,60.22693],[31.35732,60.2251],[31.35702,60.22446],[31.35688,60.22367],[31.35698,60.22164],[31.35671,60.22098],[31.35622,60.22041],[31.35463,60.21923],[31.35147,60.21747],[31.34667,60.21515],[31.34214,60.2133],[31.34115,60.21281],[31.34016,60.21215],[31.33933,60.21131],[31.3384,60.20983],[31.33792,60.20928],[31.33492,60.2071],[31.33373,60.20588],[31.33114,60.20213],[31.32907,60.19847],[31.32737,60.19631],[31.32628,60.19533],[31.32499,60.19446],[31.32126,60.19266],[31.32095,60.19206],[31.32112,60.19048],[31.32107,60.19014],[31.32085,60.18981],[31.32051,60.18951],[31.31943,60.18914],[31.31591,60.18821],[31.31501,60.18777],[31.31443,60.18722],[31.31426,60.18688],[31.31427,60.18643],[31.31452,60.18598],[31.31503,60.18545],[31.31607,60.18484],[31.31883,60.18366],[31.31958,60.18324],[31.32027,60.18265],[31.32054,60.18232],[31.32082,60.18171],[31.32095,60.18103],[31.32096,60.18024],[31.32077,60.17923],[31.32032,60.17829],[31.3196,60.17734],[31.31799,60.17554],[31.31715,60.17417],[31.31683,60.17295],[31.31643,60.16922],[31.31618,60.16809],[31.31547,60.16641],[31.31329,60.16253],[31.31289,60.16134],[31.31249,60.15944],[31.31222,60.15885],[31.31161,60.15833],[31.3106,60.15801],[31.30931,60.15797],[31.30616,60.15817],[31.30414,60.15817],[31.30246,60.15802],[31.3007,60.15761],[31.29886,60.15667],[31.2953,60.15437],[31.29454,60.15369],[31.29438,60.15336],[31.29443,60.15302],[31.29473,60.15257],[31.29765,60.14931],[31.30069,60.14635],[31.30296,60.14446],[31.30389,60.14334],[31.3042,60.14258],[31.30425,60.14182],[31.30401,60.14098],[31.30327,60.13966],[31.303,60.13896],[31.30298,60.13839],[31.30328,60.13772],[31.30421,60.13686],[31.30722,60.13508],[31.30811,60.13446],[31.30884,60.13378],[31.30933,60.13299],[31.30963,60.13144],[31.31004,60.13052],[31.31075,60.12978],[31.31282,60.12826],[31.31323,60.12785],[31.31362,60.12714],[31.31371,60.12658],[31.31363,60.12591],[31.31261,60.12254],[31.31229,60.12213],[31.3108,60.12075],[31.31013,60.11994],[31.30872,60.11774],[31.3076,60.11623],[31.30707,60.11511],[31.30682,60.11431],[31.30678,60.11364],[31.30759,60.11083],[31.30774,60.10971],[31.30773,60.10892],[31.30748,60.10824],[31.30603,60.10629],[31.30565,60.10532],[31.30551,60.10453],[31.30577,60.10262],[31.30546,60.10093],[31.30556,60.10048],[31.30581,60.10005],[31.30694,60.09907],[31.30959,60.09768],[31.31024,60.09724],[31.31064,60.09688],[31.31145,60.09582],[31.31237,60.09504],[31.31323,60.09456],[31.3142,60.09415],[31.31597,60.09368],[31.32133,60.09272],[31.32551,60.09239],[31.32754,60.09238],[31.33136,60.0927],[31.33699,60.09219],[31.34284,60.09202],[31.3475,60.09147],[31.34959,60.09136],[31.35206,60.09159],[31.35649,60.09267],[31.35859,60.09301],[31.36016,60.09307],[31.36219,60.09301],[31.36489,60.09269],[31.36969,60.09131],[31.37351,60.09038],[31.37536,60.08963],[31.37879,60.08795],[31.38182,60.08697],[31.38259,60.08653],[31.38404,60.08546],[31.3854,60.08472],[31.39075,60.08267],[31.395,60.08051],[31.40445,60.07621],[31.40508,60.07574],[31.40538,60.07517],[31.40593,60.07334],[31.40601,60.07191],[31.40591,60.07128],[31.40565,60.07067],[31.40534,60.07025],[31.40486,60.06983],[31.4031,60.06891],[31.40069,60.068],[31.39603,60.06758],[31.39337,60.06712],[31.38973,60.06616],[31.38696,60.06513],[31.38581,60.06454],[31.3847,60.06382],[31.38198,60.06156],[31.38063,60.06003],[31.38007,60.05908],[31.37974,60.05829],[31.37956,60.05739],[31.37965,60.05638],[31.3805,60.05334],[31.38095,60.05232],[31.38172,60.05142],[31.38304,60.05031],[31.38973,60.04548],[31.39011,60.04491],[31.3907,60.04335],[31.39106,60.04266],[31.39163,60.04191],[31.39284,60.04063],[31.39325,60.03996],[31.39332,60.03962],[31.39324,60.03917],[31.39298,60.03872],[31.39252,60.03822],[31.3915,60.03758],[31.38982,60.03693],[31.38333,60.03523],[31.37792,60.03362],[31.37613,60.03319],[31.37096,60.0323],[31.36894,60.03222],[31.36519,60.03242],[31.36377,60.03267],[31.36126,60.03342],[31.35994,60.03365],[31.35881,60.03364],[31.35749,60.03338],[31.3537,60.03199],[31.34978,60.03035],[31.34918,60.02977],[31.34908,60.02837],[31.34871,60.02759],[31.34803,60.02702],[31.34734,60.02668],[31.34678,60.02654],[31.34531,60.02646],[31.34104,60.02662],[31.33924,60.0268],[31.33773,60.02711],[31.3365,60.02754],[31.33571,60.02796],[31.33543,60.02826],[31.33509,60.02893],[31.33499,60.03017],[31.33486,60.03069],[31.33441,60.03117],[31.33372,60.03157],[31.33292,60.03183],[31.33197,60.032],[31.32776,60.03212],[31.32619,60.03228],[31.32502,60.0325],[31.32079,60.0336],[31.31966,60.03363],[31.31863,60.03339],[31.31617,60.03234],[31.31328,60.03144],[31.31047,60.02995],[31.30965,60.02971],[31.30841,60.02956],[31.30684,60.02961],[31.30523,60.02993],[31.30169,60.03141],[31.29815,60.03262],[31.29734,60.03304],[31.29567,60.03422],[31.29421,60.03502],[31.29342,60.03561],[31.29268,60.03669],[31.29207,60.03838],[31.29134,60.03919],[31.28777,60.04137],[31.28563,60.04293],[31.28396,60.04375],[31.28051,60.0448],[31.27826,60.04521],[31.27519,60.04544],[31.27463,60.04555],[31.27365,60.04598],[31.27211,60.04702],[31.27059,60.04896],[31.26816,60.05088],[31.26636,60.05267],[31.26561,60.05324],[31.26467,60.05378],[31.26269,60.05463],[31.2612,60.05502],[31.25734,60.05496],[31.25642,60.05504],[31.25537,60.05527],[31.25184,60.05678],[31.2477,60.05822],[31.24572,60.05902],[31.2441,60.05955],[31.24078,60.0604],[31.23959,60.06086],[31.23871,60.06134],[31.23527,60.06411],[31.23044,60.06711],[31.22855,60.06886],[31.22768,60.06984],[31.22609,60.07201],[31.22549,60.07382],[31.22496,60.07478],[31.22201,60.07788],[31.22124,60.07879],[31.22087,60.07944],[31.22022,60.08102],[31.21962,60.08195],[31.21876,60.08288],[31.21571,60.08554],[31.21432,60.0865],[31.21255,60.08746],[31.21078,60.08831],[31.20975,60.08865],[31.20806,60.08893],[31.20469,60.08891],[31.20333,60.08915],[31.20254,60.08962],[31.20236,60.09002],[31.20223,60.09091],[31.20187,60.0912],[31.20146,60.09137],[31.20077,60.09147],[31.1998,60.09144],[31.19802,60.09098],[31.1975,60.09047],[31.19715,60.08962],[31.1966,60.08905],[31.1943,60.08787],[31.19179,60.08692],[31.18999,60.0865],[31.18893,60.08639],[31.18781,60.08639],[31.18466,60.08665],[31.18283,60.08645],[31.18167,60.08607],[31.18084,60.08561],[31.17923,60.08415],[31.17859,60.08408],[31.17808,60.08413],[31.17731,60.08446],[31.17643,60.08509],[31.17533,60.08619],[31.17488,60.08698],[31.17445,60.08822],[31.17432,60.08889],[31.17433,60.08991],[31.17424,60.09036],[31.17371,60.09096],[31.17248,60.09137],[31.17094,60.09162],[31.16666,60.09207],[31.16474,60.09197],[31.16381,60.09164],[31.16301,60.091],[31.16184,60.08911],[31.16149,60.08871],[31.16109,60.08845],[31.15879,60.08756],[31.15609,60.08714],[31.15497,60.08687],[31.154,60.08646],[31.15341,60.08609],[31.15263,60.08551],[31.15185,60.08472],[31.14952,60.08141],[31.14869,60.08099],[31.14754,60.08074],[31.14664,60.08079],[31.14586,60.08108],[31.1424,60.08302],[31.14157,60.08337],[31.13776,60.08423],[31.13676,60.08459],[31.136,60.08515],[31.13489,60.08637],[31.13417,60.08693],[31.13328,60.0874],[31.13125,60.08811],[31.13049,60.08862],[31.13038,60.08912],[31.13082,60.09047],[31.13076,60.09114],[31.13023,60.09227],[31.12859,60.09489],[31.12802,60.09547],[31.12163,60.10098],[31.1197,60.1022],[31.11916,60.10273],[31.11858,60.10352],[31.11822,60.10431],[31.11838,60.10487],[31.11884,60.10538],[31.12037,60.10666],[31.1207,60.10712],[31.12081,60.10746],[31.12073,60.10817],[31.11999,60.1091],[31.11886,60.10988],[31.1179,60.11029],[31.11693,60.11056],[31.11379,60.11098],[31.10929,60.11131],[31.108,60.11163],[31.10754,60.11196],[31.10699,60.11255],[31.10378,60.11802],[31.10303,60.11892],[31.10175,60.11977],[31.09816,60.12113],[31.09729,60.12162],[31.09671,60.12207],[31.09489,60.12375],[31.09355,60.12474],[31.09311,60.12523],[31.09247,60.12636],[31.09193,60.12702],[31.08992,60.12859],[31.08935,60.12916],[31.08906,60.12967],[31.08845,60.13141],[31.08768,60.1324],[31.08645,60.13327],[31.08553,60.13371],[31.08195,60.13493],[31.08105,60.13552],[31.07987,60.13761],[31.07853,60.13913],[31.07749,60.14008],[31.07474,60.14227],[31.07223,60.14498],[31.07124,60.14592],[31.06837,60.14809],[31.06822,60.14852],[31.06845,60.14902],[31.06995,60.15066],[31.07073,60.15189],[31.07105,60.15291],[31.07111,60.15392],[31.07075,60.15572],[31.07046,60.15639],[31.07002,60.15708],[31.06901,60.1581],[31.06617,60.16011],[31.06569,60.16067],[31.06543,60.16134],[31.06533,60.16224],[31.0655,60.16303],[31.06575,60.16356],[31.06686,60.16529],[31.06727,60.16629],[31.06738,60.16731],[31.06717,60.16843],[31.06675,60.16939],[31.06598,60.17067],[31.0646,60.17271],[31.0636,60.17394],[31.06286,60.17467],[31.06188,60.17546],[31.05941,60.17691],[31.05883,60.17743],[31.05866,60.17788],[31.05864,60.17901],[31.05846,60.1797],[31.05803,60.18046],[31.05725,60.18126],[31.05642,60.18185],[31.05543,60.18236],[31.05416,60.18284],[31.05296,60.18316],[31.04629,60.18436],[31.04449,60.18452],[31.04269,60.18452],[31.04111,60.18439],[31.03961,60.18414],[31.03851,60.18382],[31.03702,60.18317],[31.03639,60.18302],[31.03252,60.18276],[31.03081,60.18242],[31.02959,60.18186],[31.02906,60.1814],[31.02789,60.1801],[31.02715,60.17987],[31.02629,60.17989],[31.02579,60.18007],[31.02537,60.18058],[31.02526,60.18103],[31.0253,60.18225],[31.025,60.18294],[31.02332,60.18466],[31.02268,60.18551],[31.02245,60.18621],[31.02254,60.18684],[31.02335,60.18729],[31.02379,60.18731],[31.02539,60.18723],[31.02883,60.1868],[31.0298,60.18681],[31.03073,60.18702],[31.03169,60.18752],[31.03203,60.18789],[31.03226,60.18834],[31.03229,60.18868],[31.03217,60.18913],[31.03151,60.18996],[31.03064,60.19054],[31.02888,60.19135],[31.02784,60.19156],[31.02694,60.19155],[31.02556,60.19127],[31.02434,60.19078],[31.02328,60.19006],[31.02176,60.18847],[31.02113,60.18825],[31.01981,60.18815],[31.01445,60.18844]],[[32.78072,60.83899],[32.78137,60.83932],[32.78163,60.83972],[32.78168,60.84006],[32.78159,60.84039],[32.78126,60.84088],[32.78048,60.84128],[32.7795,60.84129],[32.77867,60.84098],[32.77822,60.84069],[32.77775,60.84006],[32.77769,60.83972],[32.77782,60.83939],[32.77855,60.83892],[32.77969,60.83879],[32.78033,60.83884],[32.78072,60.83899]],[[32.76079,60.75794],[32.76155,60.75815],[32.76203,60.75861],[32.76207,60.75883],[32.76194,60.75917],[32.76137,60.75969],[32.76034,60.76003],[32.75944,60.76007],[32.75851,60.75982],[32.758,60.75928],[32.75801,60.75883],[32.75858,60.75827],[32.75966,60.75795],[32.76045,60.75787],[32.76079,60.75794]],[[32.56821,60.60594],[32.56854,60.60662],[32.56854,60.60741],[32.56828,60.60795],[32.56771,60.60826],[32.56639,60.60835],[32.56441,60.60803],[32.563,60.60757],[32.56269,60.60729],[32.56259,60.60707],[32.56272,60.60673],[32.56334,60.60622],[32.5643,60.6058],[32.56527,60.60554],[32.56616,60.60541],[32.56706,60.60542],[32.56784,60.60561],[32.56821,60.60594]],[[32.88791,60.57926],[32.88732,60.57938],[32.88706,60.57954],[32.88701,60.57971],[32.88732,60.57993],[32.88791,60.58004],[32.88829,60.57999],[32.88858,60.57982],[32.88864,60.57962],[32.88845,60.5794],[32.88791,60.57926]],[[32.08312,60.46762],[32.08352,60.46813],[32.08344,60.46836],[32.08312,60.46862],[32.08219,60.46887],[32.08095,60.46891]],[[32.11012,60.35782],[32.11391,60.35855],[32.12212,60.36048],[32.12576,60.36238],[32.12774,60.36323],[32.12944,60.36372],[32.13146,60.36403],[32.13889,60.36424],[32.14282,60.36409],[32.14492,60.3638],[32.14901,60.36292],[32.15081,60.36263],[32.15846,60.36201],[32.16724,60.36073],[32.17061,60.36051],[32.17241,60.36057],[32.17399,60.36075],[32.17532,60.36103],[32.17638,60.3614],[32.17723,60.3619],[32.17784,60.36249],[32.17825,60.3632],[32.17835,60.36396],[32.17819,60.36462],[32.17783,60.36519],[32.17714,60.36587],[32.17636,60.36639],[32.17449,60.36724],[32.16921,60.36879],[32.16607,60.37002],[32.16243,60.37183],[32.16119,60.37267],[32.1603,60.3736],[32.15993,60.37431],[32.1598,60.37487],[32.1599,60.37542],[32.16023,60.37584],[32.1609,60.37632],[32.1618,60.37676],[32.1663,60.37815],[32.1678,60.37882],[32.16849,60.3793],[32.16892,60.37982],[32.1691,60.38038],[32.16901,60.38083],[32.1687,60.38128],[32.16826,60.38168],[32.16738,60.38215],[32.16575,60.38266],[32.16202,60.38349],[32.16102,60.3839],[32.1603,60.38437],[32.15922,60.38548],[32.157,60.38871],[32.15614,60.38971],[32.15542,60.3903],[32.15208,60.39251],[32.15015,60.3941],[32.14929,60.39512],[32.14882,60.39624],[32.14877,60.39714],[32.14909,60.39973],[32.14895,60.40063],[32.1486,60.4015],[32.14799,60.40254],[32.14734,60.40335],[32.1465,60.40401],[32.14486,60.40495],[32.14474,60.40515],[32.14481,60.4056],[32.14566,60.40605],[32.14749,60.40653],[32.14924,60.40666],[32.15396,60.40651],[32.15531,60.40663],[32.15656,60.40687],[32.15764,60.40727],[32.1584,60.40775],[32.15885,60.40839],[32.1589,60.40873],[32.15882,60.40907],[32.15841,60.4096],[32.15761,60.41006],[32.15653,60.4104],[32.15569,60.41054],[32.15351,60.4106],[32.14946,60.41023],[32.14856,60.41028],[32.14755,60.41047],[32.14572,60.4112],[32.14481,60.41177],[32.1443,60.41221],[32.14355,60.41312],[32.14218,60.41544],[32.14043,60.41776],[32.14004,60.41852],[32.13986,60.41919],[32.13988,60.42032],[32.14027,60.42136],[32.14101,60.42231],[32.14243,60.42351],[32.14257,60.42381],[32.14252,60.42398],[32.14032,60.42485],[32.13946,60.42534],[32.1386,60.42601],[32.13795,60.42673],[32.1374,60.42752],[32.136,60.43056],[32.13515,60.43174],[32.13404,60.43263],[32.13059,60.43448],[32.12995,60.43506],[32.1296,60.4356],[32.12952,60.43622],[32.12972,60.43686],[32.13112,60.43876],[32.13156,60.43956],[32.13172,60.44023],[32.13172,60.44113],[32.1315,60.44248],[32.13107,60.44372],[32.1305,60.44471],[32.12906,60.44653],[32.12857,60.44728],[32.12833,60.44799],[32.12839,60.44867],[32.12864,60.44918],[32.12905,60.44968],[32.13041,60.45072],[32.13212,60.45151],[32.13465,60.45234],[32.13556,60.45282],[32.13593,60.45318],[32.13599,60.45339],[32.13598,60.45368],[32.1357,60.45401],[32.13485,60.45454],[32.13433,60.45473],[32.13319,60.45504],[32.13214,60.45516],[32.13056,60.45514],[32.12561,60.45471],[32.12381,60.45472],[32.12201,60.4549],[32.11959,60.45534],[32.11459,60.45654],[32.10705,60.45817],[32.1053,60.45865],[32.10432,60.45905],[32.10365,60.45944],[32.1029,60.46002],[32.10162,60.46131],[32.10083,60.46185],[32.09987,60.46224],[32.09839,60.46247],[32.09681,60.4624],[32.0951,60.46195],[32.09385,60.46131],[32.09196,60.45989],[32.09104,60.45935],[32.08871,60.45842],[32.08669,60.45788],[32.08444,60.45744],[32.08276,60.45724],[32.08095,60.45719]],[[32.06022,60.41678],[32.06026,60.41594],[32.06046,60.41514],[32.06081,60.41436],[32.06204,60.41226],[32.06256,60.41076],[32.06285,60.40952],[32.06289,60.40862],[32.06276,60.40783],[32.06177,60.40558],[32.06154,60.40457],[32.06168,60.40344],[32.06194,60.40282],[32.06229,60.40231],[32.06314,60.40147],[32.06383,60.401],[32.0648,60.40054],[32.06649,60.40011],[32.06981,60.39983],[32.07099,60.39966],[32.07204,60.3993],[32.0727,60.39886],[32.0731,60.39826],[32.07316,60.39759],[32.07293,60.39687],[32.07207,60.39501],[32.07192,60.39436],[32.07191,60.39377],[32.07196,60.39335],[32.07222,60.39264],[32.07313,60.39141],[32.07385,60.39073],[32.07515,60.38974],[32.07816,60.38789],[32.08091,60.38659],[32.08535,60.3848],[32.08716,60.38389],[32.08833,60.3831],[32.08898,60.38253],[32.08963,60.38173],[32.09006,60.38092],[32.0904,60.37982],[32.09052,60.37858],[32.09042,60.37723],[32.09011,60.37589],[32.08967,60.37487],[32.08906,60.37389],[32.08652,60.37116],[32.08385,60.36587],[32.08348,60.36486],[32.08338,60.36396],[32.08356,60.36311],[32.08401,60.36238],[32.08453,60.36186],[32.08527,60.36137],[32.0872,60.36051],[32.09013,60.35965],[32.09344,60.35895],[32.09636,60.35854],[32.10536,60.35757],[32.10761,60.35755],[32.11012,60.35782]],[[32.14253,60.44754],[32.14259,60.44786],[32.1422,60.44807],[32.14159,60.44803],[32.14112,60.44783],[32.14127,60.44749],[32.14154,60.44736],[32.14225,60.44732],[32.14253,60.44754]],[[31.01445,60.26428],[31.01726,60.26438],[31.01904,60.26469],[31.01995,60.26509],[31.02052,60.26563],[31.02075,60.26604],[31.02084,60.26692]],[[32.14436,60.43663],[32.14508,60.43684],[32.14557,60.43713],[32.14585,60.43747],[32.14573,60.43791],[32.14484,60.43837],[32.14384,60.43848],[32.14302,60.43844],[32.14232,60.43829],[32.14173,60.43804],[32.14148,60.43787],[32.14124,60.43748],[32.14161,60.437],[32.1424,60.43667],[32.1432,60.43655],[32.14436,60.43663]],[[31.73162,60.34572],[31.732,60.346],[31.73232,60.34641],[31.73248,60.34686],[31.73248,60.34731],[31.73231,60.34776],[31.73205,60.34809],[31.73175,60.34838],[31.73093,60.34884],[31.72913,60.34928],[31.72741,60.34925],[31.72628,60.34885],[31.72591,60.34832],[31.72574,60.34753],[31.72592,60.34686],[31.7264,60.34619],[31.72724,60.34567],[31.72826,60.34537],[31.72939,60.34527],[31.73051,60.34537],[31.73162,60.34572]],[[32.32274,60.31151],[32.32397,60.31191],[32.32457,60.3123],[32.32497,60.31273],[32.32514,60.31322],[32.32504,60.31376],[32.32474,60.31418],[32.3241,60.31468],[32.32323,60.31507],[32.32226,60.31531],[32.32136,60.3154],[32.32046,60.31539],[32.31939,60.31523],[32.31866,60.31501],[32.31788,60.31461],[32.3174,60.3142],[32.31715,60.31378],[32.3171,60.31322],[32.31731,60.31277],[32.31765,60.31237],[32.31848,60.31187],[32.3196,60.31152],[32.32049,60.31139],[32.32159,60.31136],[32.32274,60.31151]],[[31.59556,60.3016],[31.5967,60.30205],[31.59697,60.30243],[31.59698,60.30276],[31.59688,60.30301],[31.5962,60.30346],[31.59529,60.30368],[31.59417,60.30364],[31.59323,60.30334],[31.59275,60.30286],[31.59274,60.30242],[31.59318,60.30194],[31.59414,60.30159],[31.59499,60.30153],[31.59556,60.3016]],[[32.2354,60.29724],[32.23551,60.29747],[32.23546,60.29758],[32.23487,60.29799],[32.23394,60.29798],[32.23298,60.29751],[32.23303,60.29706],[32.23406,60.2968],[32.23487,60.29688],[32.2354,60.29724]],[[31.01445,60.24455],[31.01591,60.24459],[31.0173,60.24481],[31.01893,60.24533],[31.01963,60.2457],[31.02055,60.24633],[31.02115,60.24696],[31.02153,60.24763],[31.02164,60.24831],[31.0215,60.24898],[31.02107,60.24966],[31.02042,60.25024],[31.01961,60.25072],[31.0185,60.25115],[31.01726,60.25145],[31.01602,60.2516],[31.01445,60.25164]],[[31.3391,60.22602],[31.33939,60.22616],[31.33961,60.22639],[31.33961,60.22659],[31.3394,60.22692],[31.33879,60.22706],[31.33811,60.22705],[31.33749,60.22689],[31.3373,60.22659],[31.33734,60.2263],[31.33776,60.22602],[31.33851,60.2259],[31.3391,60.22602]],[[31.29858,60.19587],[31.2997,60.19629],[31.30052,60.19679],[31.30117,60.19746],[31.30148,60.19813],[31.30147,60.19892],[31.30115,60.19959],[31.30047,60.20024],[31.29955,60.20073],[31.29829,60.20109],[31.29706,60.20126],[31.2954,60.20126],[31.29401,60.20107],[31.29268,60.2007],[31.29172,60.20025],[31.29075,60.19943],[31.29048,60.19892],[31.29042,60.19824],[31.29071,60.19753],[31.29158,60.1967],[31.29257,60.19618],[31.29409,60.19572],[31.29559,60.19554],[31.29716,60.19559],[31.29858,60.19587]],[[32.49565,60.19869],[32.49557,60.19903],[32.49495,60.19943],[32.49408,60.19939],[32.49314,60.19898],[32.49315,60.19852],[32.49416,60.19817],[32.49502,60.19824],[32.49549,60.19849],[32.49565,60.19869]],[[32.31478,60.19317],[32.31524,60.19345],[32.31565,60.19386],[32.31581,60.19413],[32.31587,60.19452],[32.31568,60.19499],[32.3153,60.1954],[32.31426,60.19597],[32.31308,60.19627],[32.31146,60.19626],[32.31032,60.19593],[32.30958,60.19533],[32.30946,60.19476],[32.30971,60.19417],[32.31038,60.19355],[32.3113,60.19309],[32.31214,60.19288],[32.31304,60.1928],[32.31392,60.19289],[32.31478,60.19317]],[[31.32641,60.18716],[31.32529,60.187],[31.32406,60.18728],[31.32361,60.18778],[31.32358,60.18812],[31.32386,60.18842],[31.32426,60.1886],[31.32505,60.18865],[31.32598,60.18848],[31.32675,60.18817],[31.32698,60.18778],[31.32676,60.18727],[31.32641,60.18716]],[[32.30111,60.18307],[32.30058,60.18313],[32.30043,60.18327],[32.30062,60.18352],[32.30128,60.18375],[32.30165,60.18375],[32.30196,60.1836],[32.30201,60.18339],[32.30192,60.18322],[32.30111,60.18307]],[[31.34056,60.08709],[31.34059,60.08742],[31.34026,60.08777],[31.33945,60.08799],[31.33843,60.08784],[31.33789,60.08743],[31.33781,60.08721],[31.3381,60.08683],[31.33901,60.08662],[31.34024,60.08682],[31.34056,60.08709]],[[31.37322,60.07932],[31.37377,60.07952],[31.37441,60.07991],[31.37474,60.08024],[31.37496,60.08068],[31.37491,60.08113],[31.37463,60.08153],[31.37368,60.08196],[31.37264,60.08198],[31.37153,60.08166],[31.37032,60.08111],[31.36968,60.08055],[31.36978,60.0801],[31.3708,60.07953],[31.37191,60.07924],[31.37266,60.07921],[31.37322,60.07932]],[[31.2362,60.07851],[31.23572,60.07872],[31.23508,60.07876],[31.23453,60.07854],[31.23445,60.07833],[31.23488,60.07807],[31.23572,60.07799],[31.2362,60.07822],[31.23627,60.07832],[31.2362,60.07851]],[[31.25081,60.02283],[31.24948,60.02291],[31.2432,60.02384],[31.24208,60.02415],[31.24115,60.02468],[31.23917,60.02647],[31.23887,60.02702],[31.23901,60.02758],[31.23983,60.02871],[31.24016,60.02938],[31.24022,60.02994],[31.24005,60.03141],[31.24026,60.03207],[31.24111,60.03256],[31.24649,60.03429],[31.24743,60.03424],[31.24841,60.03379],[31.24874,60.03321],[31.24888,60.03219],[31.24872,60.03163],[31.24811,60.03051],[31.24792,60.02994],[31.24784,60.02724],[31.24796,60.02691],[31.24833,60.02639],[31.24924,60.02568],[31.25141,60.02475],[31.25207,60.0244],[31.25234,60.02409],[31.25248,60.02364],[31.2524,60.02343],[31.25212,60.02316],[31.25143,60.0229],[31.25081,60.02283]],[[31.25531,60.03082],[31.25467,60.03089],[31.25397,60.03119],[31.25355,60.03164],[31.25353,60.03196],[31.25363,60.03216],[31.25395,60.03242],[31.25465,60.03257],[31.25545,60.03238],[31.25576,60.03221],[31.25623,60.03163],[31.25625,60.03129],[31.25587,60.03093],[31.25531,60.03082]],[[31.48301,60.03059],[31.48234,60.03066],[31.48154,60.0311],[31.48155,60.03158],[31.48243,60.03203],[31.48319,60.03206],[31.48352,60.03201],[31.48434,60.03162],[31.48444,60.0312],[31.48433,60.031],[31.48358,60.03064],[31.48301,60.03059]],[[31.36871,60.02156],[31.3664,60.02168],[31.36457,60.02214],[31.36363,60.02257],[31.36295,60.02304],[31.36252,60.02355],[31.36249,60.02398],[31.36275,60.02437],[31.36366,60.02527],[31.36471,60.02582],[31.36624,60.02602],[31.36939,60.0258],[31.37029,60.02589],[31.37114,60.02611],[31.37178,60.02665],[31.37203,60.02724],[31.37218,60.02826],[31.37254,60.02879],[31.37351,60.02928],[31.37414,60.02947],[31.37623,60.02978],[31.37727,60.02968],[31.37836,60.02934],[31.379,60.02895],[31.37928,60.02859],[31.37949,60.02814],[31.37944,60.02758],[31.3791,60.02708],[31.37855,60.02667],[31.3773,60.02607],[31.37473,60.02521],[31.37366,60.02473],[31.37268,60.02387],[31.37179,60.02255],[31.37108,60.02206],[31.36992,60.02168],[31.36871,60.02156]],[[32.40607,60.16156],[32.40429,60.16174],[32.40219,60.16214],[32.40152,60.16218],[32.40084,60.16211],[32.40012,60.16193],[32.39855,60.16125],[32.39806,60.16096],[32.39734,60.16036],[32.3966,60.16002],[32.39317,60.15921],[32.39207,60.15906],[32.39118,60.15917],[32.3886,60.1599],[32.38656,60.16038],[32.38597,60.16062],[32.3849,60.16128],[32.3834,60.16198],[32.38239,60.16225],[32.38104,60.16244],[32.38052,60.16238],[32.38021,60.16221],[32.37953,60.16151],[32.37888,60.16064],[32.37793,60.15975],[32.37746,60.15948],[32.37699,60.1594],[32.37361,60.15975],[32.37159,60.16008],[32.36784,60.16039],[32.36552,60.1605],[32.36486,60.16062],[32.36349,60.161],[32.3628,60.16109],[32.36163,60.16103],[32.3606,60.16062],[32.35962,60.16041],[32.35877,60.16035],[32.35797,60.16039],[32.3566,60.16069],[32.35482,60.1613],[32.35251,60.1624],[32.35114,60.16285],[32.34984,60.16363],[32.3489,60.16393],[32.34752,60.16415],[32.34617,60.1642],[32.3453,60.16408],[32.3445,60.16372],[32.34393,60.16372],[32.34386,60.1638],[32.34386,60.16396],[32.34415,60.16503],[32.34409,60.16548],[32.34394,60.16575],[32.34365,60.16601],[32.34305,60.16625],[32.34234,60.16631],[32.34173,60.1662],[32.34079,60.1658],[32.34001,60.16527],[32.33947,60.16511],[32.33897,60.16514],[32.33855,60.16524],[32.33727,60.1658],[32.33674,60.16595],[32.33604,60.16608],[32.33537,60.16609],[32.33496,60.16602],[32.33449,60.16582],[32.33321,60.16498],[32.33273,60.16487],[32.33221,60.16493],[32.3314,60.16518],[32.33049,60.1658],[32.33002,60.16623],[32.32958,60.16691],[32.32907,60.16731],[32.32806,60.16771],[32.32643,60.16809],[32.32546,60.16869],[32.32463,60.16947],[32.32424,60.16966],[32.32389,60.16972],[32.32314,60.16961],[32.3228,60.1694],[32.32253,60.16897],[32.32246,60.16863],[32.32248,60.16829],[32.32261,60.16801],[32.32305,60.16745],[32.32307,60.16728],[32.32294,60.1671],[32.32266,60.16702],[32.32221,60.16702],[32.32001,60.16736],[32.31941,60.16757],[32.31911,60.16777],[32.31895,60.16795],[32.31892,60.16812],[32.31973,60.16983],[32.32036,60.17074]],[[32.33123,60.17074],[32.33143,60.17054],[32.33179,60.17042],[32.33221,60.17041],[32.33265,60.17051]],[[32.33864,60.16828],[32.33773,60.16858],[32.33685,60.16899],[32.33638,60.16907],[32.33595,60.16904],[32.33569,60.16895],[32.33536,60.16875],[32.33524,60.16852],[32.33539,60.16825],[32.33593,60.16813],[32.33739,60.16824],[32.3385,60.16819],[32.33862,60.16821],[32.33864,60.16828]],[[32.31681,60.16795],[32.31649,60.16795],[32.31625,60.16802],[32.3161,60.16814],[32.31605,60.16829],[32.31636,60.16842],[32.31658,60.16844],[32.31713,60.16826],[32.3172,60.16812],[32.31717,60.16804],[32.31681,60.16795]],[[32.362,60.16362],[32.36198,60.16376],[32.36151,60.1638],[32.36132,60.16376],[32.36121,60.16357],[32.3613,60.16351],[32.36159,60.16347],[32.36199,60.16352],[32.362,60.16362]]]}},{"type":"Feature","properties":{"depth_m":8,"n_lines":37},"geometry":{"type":"MultiLineString","coordinates":[[[32.75587,60.85012],[32.7559,60.84964],[32.75629,60.84928],[32.75872,60.84812],[32.7621,60.84603],[32.76401,60.84515],[32.76756,60.8438],[32.76939,60.8429],[32.77115,60.84168],[32.77337,60.8397],[32.77457,60.83876],[32.77579,60.83799],[32.77755,60.83717],[32.78036,60.83636],[32.78374,60.83584],[32.78554,60.83591],[32.78828,60.83666],[32.78891,60.83674],[32.79,60.8366],[32.79039,60.83631],[32.79062,60.83578],[32.79023,60.83443],[32.79037,60.83376],[32.79074,60.83331],[32.79281,60.83162],[32.79333,60.83106],[32.79382,60.83032],[32.79404,60.82937],[32.79397,60.82881],[32.79371,60.82813],[32.79221,60.82566],[32.79173,60.82442],[32.79165,60.82352],[32.79184,60.82194],[32.79184,60.82127],[32.79162,60.82048],[32.7908,60.81913],[32.79059,60.81857],[32.79062,60.81699],[32.79034,60.81508],[32.79045,60.81418],[32.79065,60.81373],[32.79106,60.81323],[32.7939,60.81192],[32.79468,60.81144],[32.79543,60.81075],[32.79603,60.80979],[32.79651,60.80795],[32.79694,60.80709],[32.79774,60.80608],[32.79948,60.80439],[32.79991,60.80361],[32.79992,60.80327],[32.79977,60.80282],[32.79912,60.80176],[32.79654,60.79884],[32.79562,60.79795],[32.79418,60.79699],[32.79133,60.79566],[32.78978,60.7948],[32.78897,60.79416],[32.7888,60.79393],[32.78871,60.79359],[32.78878,60.79337],[32.78911,60.79299],[32.78997,60.7926],[32.79287,60.79177],[32.79429,60.79115],[32.7994,60.78803],[32.80015,60.78733],[32.80059,60.78651],[32.80072,60.78549],[32.80048,60.78459],[32.80008,60.78396],[32.79946,60.78339],[32.79737,60.78217],[32.79468,60.7808],[32.79298,60.78012],[32.78822,60.77906],[32.78734,60.77856],[32.78702,60.77807],[32.78695,60.77762],[32.78709,60.77694],[32.78755,60.77597],[32.78834,60.77497],[32.78906,60.77446],[32.79196,60.77308],[32.79296,60.77286],[32.79656,60.77245],[32.79812,60.77206],[32.79926,60.77165],[32.80025,60.77114],[32.80111,60.77048],[32.80185,60.76957],[32.80236,60.76851],[32.80259,60.76761],[32.80258,60.76682],[32.80157,60.76389],[32.80148,60.76311],[32.80153,60.76164],[32.80133,60.76097],[32.80096,60.76056],[32.80012,60.76006],[32.79709,60.75884],[32.79643,60.75849],[32.79567,60.75778],[32.79543,60.75726],[32.7955,60.75681],[32.79608,60.75614],[32.79833,60.75438],[32.79942,60.7534],[32.80008,60.75251],[32.80029,60.75197],[32.80034,60.75129],[32.80019,60.75064],[32.79982,60.74994],[32.7986,60.74826],[32.79837,60.74758],[32.79822,60.74655],[32.79815,60.74556],[32.79824,60.74481],[32.79849,60.74421],[32.79921,60.74302],[32.79818,60.74259],[32.79634,60.74238],[32.79451,60.74199],[32.79161,60.74102],[32.7884,60.73971],[32.78666,60.73888],[32.78554,60.73813],[32.78495,60.73746],[32.78467,60.73686],[32.7846,60.73622],[32.78477,60.73542],[32.78507,60.73487],[32.7856,60.73422],[32.78635,60.73357],[32.78941,60.73141],[32.78996,60.73071],[32.79009,60.73003],[32.78987,60.72958],[32.78922,60.72909],[32.78655,60.7283],[32.7856,60.72775],[32.78504,60.72711],[32.78397,60.72539],[32.78235,60.72362],[32.78156,60.72249],[32.78121,60.72178],[32.78089,60.72081],[32.78076,60.72002],[32.78074,60.71912],[32.7811,60.71738],[32.78195,60.71557],[32.78261,60.71462],[32.78349,60.71361],[32.78433,60.71283],[32.78554,60.71193],[32.78848,60.71022],[32.79229,60.7086],[32.79479,60.70776],[32.79701,60.70729],[32.79904,60.70717],[32.80331,60.70728],[32.80483,60.70708],[32.80542,60.70653],[32.80601,60.70483],[32.80647,60.704],[32.80694,60.70339],[32.80945,60.70111],[32.81102,60.69999],[32.81284,60.69898],[32.81521,60.69793],[32.82167,60.69578],[32.82345,60.69487],[32.82629,60.6932],[32.83129,60.69076],[32.83334,60.69],[32.83694,60.68902],[32.84001,60.68755],[32.84429,60.68614],[32.84953,60.68406],[32.85586,60.68219],[32.85676,60.68183],[32.85972,60.68011],[32.86133,60.67933],[32.86361,60.67849],[32.86755,60.67741],[32.86866,60.67702],[32.87359,60.67462],[32.87828,60.67263],[32.88017,60.67202],[32.88283,60.67137],[32.8865,60.67013],[32.89109,60.66909],[32.89268,60.6686],[32.89396,60.66798],[32.89632,60.6665],[32.8997,60.66463],[32.90345,60.66197],[32.90378,60.6616],[32.904,60.66107],[32.90428,60.65949],[32.90484,60.65758],[32.90486,60.65668],[32.90459,60.65605],[32.9041,60.65544],[32.9018,60.65344],[32.90099,60.65255],[32.90077,60.65213],[32.9007,60.65173],[32.90079,60.65123],[32.90095,60.6509],[32.9015,60.65016],[32.90239,60.64929],[32.90342,60.64847],[32.90441,60.64789],[32.90521,60.64753],[32.90631,60.6472],[32.9099,60.64674],[32.91083,60.64652],[32.91152,60.64622],[32.91177,60.64602],[32.91204,60.64566],[32.91209,60.64532],[32.91197,60.64499],[32.91165,60.64458],[32.91082,60.644],[32.90712,60.64223],[32.90273,60.63974],[32.90173,60.63908],[32.90117,60.63834],[32.90118,60.63767],[32.90202,60.63542],[32.9022,60.63396],[32.90211,60.63204],[32.90169,60.63001],[32.90173,60.62811],[32.90153,60.62698],[32.90115,60.62619],[32.90054,60.62551],[32.89963,60.62481],[32.89727,60.6233],[32.8965,60.62263],[32.89604,60.62203],[32.89585,60.62147],[32.896,60.62057],[32.89656,60.61944],[32.89731,60.61842],[32.8989,60.61665],[32.89921,60.61616],[32.89935,60.61573],[32.89936,60.61528],[32.89907,60.6143],[32.89785,60.61257],[32.89642,60.6112],[32.89551,60.61068],[32.89382,60.61023],[32.89267,60.61019],[32.89151,60.61042],[32.89083,60.61069],[32.88896,60.61202],[32.88831,60.61227],[32.88746,60.61244],[32.88634,60.61249],[32.88521,60.61235],[32.88405,60.61206],[32.88287,60.6116],[32.88227,60.61112],[32.88196,60.61071],[32.88128,60.60854],[32.88079,60.60774],[32.88017,60.6071],[32.87946,60.6066],[32.8785,60.60611],[32.8739,60.60441],[32.87303,60.60394],[32.8723,60.60336],[32.8721,60.60291],[32.87222,60.60246],[32.87356,60.60077],[32.87394,60.60006],[32.87402,60.59953],[32.87389,60.59899],[32.8735,60.59841],[32.87286,60.5978],[32.87066,60.59627],[32.86985,60.59559],[32.86931,60.595],[32.86814,60.59311],[32.86763,60.59263],[32.86682,60.59213],[32.86486,60.59137],[32.86181,60.5906],[32.85675,60.58962],[32.84957,60.58871],[32.84779,60.58827],[32.84576,60.58738],[32.8406,60.58442],[32.83966,60.58372],[32.83911,60.58299],[32.83908,60.58243],[32.83947,60.58131],[32.83946,60.58108],[32.83927,60.58074],[32.83845,60.58015],[32.836,60.57883],[32.83424,60.57743],[32.83386,60.57703],[32.83351,60.57647],[32.83319,60.57534],[32.83288,60.57478],[32.83089,60.5729],[32.83021,60.57208],[32.82981,60.57111],[32.8294,60.56938],[32.82919,60.56882],[32.8288,60.56821],[32.82817,60.56778],[32.82709,60.56752],[32.82491,60.56747],[32.82311,60.56765],[32.82079,60.56806],[32.81971,60.56834],[32.81903,60.56863],[32.81718,60.56995],[32.81647,60.57027],[32.81591,60.57037],[32.81524,60.57041],[32.81446,60.57031],[32.81354,60.56978],[32.81263,60.56889],[32.81217,60.56814],[32.81201,60.56736],[32.81225,60.56657],[32.81368,60.56483],[32.81458,60.56405],[32.81556,60.56358],[32.81817,60.56304],[32.81911,60.56264],[32.81934,60.56229],[32.81933,60.56196],[32.81909,60.56161],[32.81842,60.56121],[32.81449,60.55991],[32.81276,60.55957],[32.81164,60.5596],[32.81031,60.55991],[32.80916,60.56005],[32.80802,60.55992],[32.80669,60.55954],[32.8055,60.55939],[32.80219,60.55981],[32.80106,60.55983],[32.79679,60.55932],[32.79122,60.55894],[32.78682,60.55798],[32.78576,60.55786],[32.78441,60.55797],[32.78059,60.55865],[32.77901,60.55868],[32.77839,60.55857],[32.77752,60.55825],[32.77444,60.55676],[32.77347,60.55638],[32.77204,60.5561],[32.77119,60.55614],[32.77037,60.5564],[32.76979,60.55678],[32.76884,60.55779],[32.76836,60.55814],[32.76739,60.55849],[32.76574,60.55871],[32.76259,60.5588],[32.7606,60.55862],[32.75944,60.55832],[32.75618,60.55706],[32.75416,60.55667],[32.75291,60.55665],[32.75021,60.55696],[32.74549,60.55674],[32.74416,60.55691],[32.74237,60.55761],[32.74048,60.55805],[32.7371,60.5586],[32.73536,60.55883],[32.73199,60.55905],[32.72839,60.55951],[32.72704,60.55956],[32.72456,60.55925],[32.72354,60.55898],[32.72267,60.55863],[32.72087,60.55761],[32.71893,60.55595],[32.71805,60.55544],[32.71696,60.55504],[32.71534,60.55481],[32.71241,60.55482],[32.70679,60.55457],[32.7053,60.55478],[32.70271,60.55583],[32.69911,60.5569],[32.69354,60.55882],[32.69194,60.55924],[32.69031,60.55951],[32.68901,60.55958],[32.68451,60.55953],[32.68046,60.55973],[32.67484,60.55971],[32.66854,60.55916],[32.66696,60.55916],[32.66565,60.5593],[32.66407,60.55985],[32.66138,60.5612],[32.66085,60.56173],[32.66012,60.56297],[32.65968,60.56348],[32.65443,60.56437],[32.65255,60.56489],[32.6485,60.56705],[32.64531,60.56938],[32.64445,60.5698],[32.64177,60.57075],[32.64088,60.57117],[32.64029,60.57174],[32.63981,60.57331],[32.63935,60.57384],[32.63873,60.57415],[32.63635,60.57495],[32.6353,60.57543],[32.63432,60.57602],[32.63258,60.57735],[32.63169,60.57784],[32.62896,60.57875],[32.62819,60.57924],[32.62703,60.58046],[32.62623,60.58098],[32.62425,60.58177],[32.62121,60.58247],[32.62023,60.58284],[32.61837,60.58552],[32.61744,60.58627],[32.61635,60.58672],[32.61377,60.58726],[32.6128,60.58759],[32.61135,60.58824],[32.61009,60.5891],[32.60972,60.58963],[32.60965,60.59008],[32.60979,60.59053],[32.61043,60.59166],[32.61047,60.59199],[32.61032,60.59241],[32.61007,60.59269],[32.60924,60.59317],[32.60769,60.59368],[32.60694,60.59403],[32.60563,60.59507],[32.60478,60.59544],[32.60382,60.59549],[32.60332,60.59541],[32.6022,60.59487],[32.60117,60.5936],[32.59991,60.59353],[32.59678,60.59429],[32.59481,60.59494],[32.59395,60.59543],[32.59215,60.59678],[32.59142,60.59721],[32.5893,60.59806],[32.58799,60.59836],[32.58641,60.59854],[32.58326,60.59868],[32.58261,60.59862],[32.58236,60.5985],[32.58261,60.59717],[32.58363,60.59413],[32.58481,60.59273],[32.58689,60.59093],[32.58801,60.58884],[32.58819,60.58794],[32.58809,60.58738],[32.58779,60.58676],[32.58752,60.58642],[32.58685,60.58595],[32.58299,60.58516],[32.58232,60.5849],[32.58182,60.58456],[32.58147,60.58401],[32.58144,60.58209],[32.58084,60.58041],[32.58097,60.57827],[32.58124,60.57742],[32.58178,60.57681],[32.5837,60.57501],[32.58426,60.57411],[32.58429,60.57377],[32.58418,60.57336],[32.58267,60.57039],[32.58255,60.56949],[32.58314,60.56747],[32.58375,60.56589],[32.58441,60.56466],[32.5856,60.56286],[32.58606,60.56106],[32.5862,60.55959],[32.58611,60.55892],[32.58575,60.55779],[32.5856,60.55656],[32.5854,60.55588],[32.5848,60.55485],[32.58325,60.55299],[32.58258,60.55082],[32.58202,60.54969],[32.58111,60.54834],[32.58045,60.54782],[32.57953,60.54728],[32.57914,60.54688],[32.57898,60.54654],[32.579,60.54598],[32.5794,60.54486],[32.57948,60.54363],[32.58192,60.54229],[32.58232,60.54193],[32.58253,60.54137],[32.58236,60.54091],[32.58144,60.5399],[32.58045,60.5386],[32.57954,60.53795],[32.57756,60.53699],[32.57721,60.53664],[32.57698,60.53619],[32.57707,60.53541],[32.57766,60.53416],[32.57817,60.53372],[32.57954,60.53287],[32.57999,60.53248],[32.58027,60.53203],[32.58034,60.53124],[32.57991,60.52922],[32.58,60.52776],[32.57992,60.52719],[32.57953,60.52659],[32.57872,60.52606],[32.57646,60.52524],[32.57577,60.52485],[32.57324,60.52208],[32.57054,60.52132],[32.56808,60.5201],[32.56699,60.51981],[32.56606,60.51985],[32.56436,60.52015],[32.56324,60.52025],[32.56189,60.52013],[32.56068,60.51981],[32.55905,60.51901],[32.55846,60.51852],[32.55812,60.51786],[32.5581,60.51684],[32.55826,60.51628],[32.55854,60.51585],[32.56089,60.51355],[32.56336,60.51173],[32.56529,60.51001],[32.56651,60.50784],[32.56645,60.50751],[32.56613,60.50711],[32.56405,60.50595],[32.56355,60.50537],[32.5624,60.50234],[32.56137,60.50064],[32.56132,60.49997],[32.56159,60.49917],[32.56243,60.4982],[32.56422,60.49717],[32.56518,60.49647],[32.56694,60.4947],[32.56878,60.49257],[32.56941,60.492],[32.57031,60.49148],[32.57233,60.49057],[32.5729,60.49007],[32.57441,60.48771],[32.57494,60.4864],[32.57536,60.48568],[32.57588,60.48506],[32.57725,60.48387],[32.57761,60.48343],[32.57771,60.48287],[32.57743,60.48129],[32.57769,60.48069],[32.58025,60.47877],[32.58062,60.47843],[32.58091,60.47792],[32.58096,60.47736],[32.58077,60.47612],[32.58084,60.47556],[32.58113,60.47489],[32.58194,60.47353],[32.58227,60.47256],[32.58238,60.46982],[32.58274,60.46723],[32.58274,60.46633],[32.58233,60.46481],[32.5808,60.46172],[32.57991,60.46037],[32.57806,60.45801],[32.57763,60.45729],[32.57738,60.45666],[32.57727,60.45609],[32.57727,60.45542],[32.57758,60.45339],[32.57767,60.45149],[32.57788,60.45069],[32.57824,60.45014],[32.57873,60.44966],[32.58172,60.44785],[32.58288,60.44689],[32.58359,60.44597],[32.58534,60.44316],[32.58854,60.43959],[32.58954,60.43886],[32.59326,60.43702],[32.59527,60.43584],[32.59703,60.43449],[32.59855,60.43297],[32.59885,60.43247],[32.59892,60.43191],[32.59785,60.42864],[32.59756,60.42684],[32.59774,60.42516],[32.59835,60.42339],[32.59915,60.42202],[32.60028,60.42084],[32.60171,60.41979],[32.60834,60.41542],[32.60948,60.41454],[32.61024,60.4137],[32.61081,60.41278],[32.61129,60.41177],[32.61175,60.41053],[32.61191,60.40974],[32.61172,60.40828],[32.611,60.40605],[32.61003,60.40365],[32.60929,60.40235],[32.6082,60.40112],[32.60615,60.39928],[32.60462,60.39743],[32.60337,60.39568],[32.60223,60.39345],[32.6019,60.39302],[32.6008,60.39217],[32.59921,60.39124],[32.59775,60.39063],[32.59631,60.39024],[32.59181,60.38951],[32.58641,60.38925],[32.58214,60.38874],[32.57696,60.38883],[32.57269,60.38878],[32.57143,60.38887],[32.56751,60.38944],[32.56076,60.38991],[32.55595,60.39069],[32.55098,60.38974],[32.54884,60.38914],[32.54811,60.38882],[32.54737,60.38831],[32.54587,60.38656],[32.54475,60.38572],[32.54359,60.38525],[32.54186,60.38506],[32.54082,60.38517],[32.53985,60.38546],[32.53898,60.38592],[32.53816,60.38663],[32.53751,60.38769],[32.53729,60.38845],[32.53719,60.38926],[32.53743,60.39006],[32.53821,60.39113],[32.5383,60.39152],[32.5382,60.392],[32.53734,60.39253],[32.53646,60.39265],[32.53579,60.39263],[32.53513,60.39247],[32.53447,60.39201],[32.53304,60.38983],[32.53276,60.38841],[32.53256,60.38792],[32.53224,60.38748],[32.52824,60.38404],[32.52647,60.3831],[32.52485,60.38254],[32.52297,60.38208],[32.52029,60.38163],[32.51981,60.38147],[32.51924,60.38123],[32.51831,60.38037],[32.51754,60.37984],[32.51658,60.37941],[32.51554,60.37913],[32.51441,60.379],[32.51306,60.37903],[32.51149,60.37921],[32.50569,60.38017],[32.5047,60.38045],[32.50264,60.38132],[32.50122,60.3817],[32.5003,60.38173],[32.49958,60.38163],[32.4989,60.38127],[32.49867,60.38083],[32.49879,60.38038],[32.49912,60.37994],[32.50089,60.37859],[32.50152,60.37779],[32.50192,60.37678],[32.50259,60.37397],[32.50309,60.37272],[32.50397,60.37134],[32.50568,60.36948],[32.50628,60.36868],[32.50682,60.36766],[32.50824,60.36429],[32.51046,60.36126],[32.51101,60.35991],[32.51202,60.35643],[32.51377,60.35332],[32.51432,60.35203],[32.51449,60.35068],[32.51423,60.34899],[32.51355,60.34753],[32.51231,60.34573],[32.5122,60.34528],[32.51229,60.34506],[32.51371,60.34341],[32.51434,60.34236],[32.51474,60.34113],[32.51479,60.33966],[32.51462,60.33864],[32.51431,60.33774],[32.51381,60.33678],[32.51273,60.33525],[32.51261,60.33493],[32.5127,60.33471],[32.51295,60.33442],[32.51567,60.3331],[32.51745,60.33206],[32.52192,60.32885],[32.52561,60.32697],[32.53047,60.32465],[32.53464,60.32231],[32.53809,60.31995],[32.54277,60.31603],[32.54425,60.31508],[32.54629,60.31397],[32.54655,60.31366],[32.54653,60.31322],[32.54561,60.31153],[32.5453,60.31059],[32.54529,60.30996],[32.54546,60.30938],[32.54583,60.30884],[32.54638,60.30832],[32.5476,60.30748],[32.5499,60.30614],[32.55041,60.30546],[32.55053,60.30433],[32.55043,60.30039],[32.55065,60.29964],[32.55153,60.29795],[32.55186,60.29702],[32.55195,60.29623],[32.55186,60.29443],[32.55208,60.29398],[32.55317,60.29252],[32.55369,60.29162],[32.55406,60.29061],[32.5544,60.28898],[32.55561,60.28678],[32.55617,60.28541],[32.55691,60.28217],[32.55678,60.28048],[32.55688,60.27947],[32.55724,60.27834],[32.55807,60.27654],[32.5582,60.27598],[32.55818,60.27531],[32.5578,60.27328],[32.55792,60.2718],[32.55838,60.27047],[32.56069,60.26607],[32.56081,60.26552],[32.55957,60.25888],[32.55967,60.25764],[32.56034,60.25528],[32.55988,60.25258],[32.5601,60.25044],[32.56003,60.24988],[32.55979,60.24933],[32.5589,60.24804],[32.55852,60.24729],[32.55836,60.24662],[32.55834,60.24538],[32.55821,60.24483],[32.55634,60.2427],[32.55325,60.23874],[32.55225,60.23627],[32.55069,60.2337],[32.55056,60.23323],[32.55056,60.23267],[32.55127,60.23053],[32.55131,60.23008],[32.55119,60.22963],[32.55076,60.22912],[32.54984,60.22868],[32.54928,60.22852],[32.54801,60.22823],[32.54446,60.22772],[32.54274,60.22727],[32.54184,60.22684],[32.54124,60.22636],[32.54088,60.22594],[32.54057,60.22524],[32.54055,60.22434],[32.54087,60.22348],[32.54165,60.22269],[32.54251,60.22227],[32.54344,60.22206],[32.54434,60.222],[32.54749,60.22232],[32.54861,60.2223],[32.5497,60.22192],[32.54994,60.22158],[32.54994,60.22136],[32.54974,60.22102],[32.54901,60.22051],[32.54658,60.21966],[32.54556,60.21913],[32.54476,60.21839],[32.5433,60.21655],[32.5427,60.21606],[32.54183,60.21557],[32.54075,60.21519],[32.53939,60.21496],[32.53579,60.21489],[32.53441,60.21477],[32.53277,60.21435],[32.53171,60.21387],[32.53028,60.21292],[32.52819,60.2111],[32.51942,60.20618],[32.51789,60.20521],[32.51755,60.20477],[32.5175,60.20421],[32.51829,60.20257],[32.51839,60.20206],[32.51836,60.20167],[32.51782,60.20107],[32.51741,60.20081],[32.51646,60.20048],[32.51316,60.1998],[32.51025,60.19903],[32.50901,60.19883],[32.50789,60.19883],[32.50681,60.19903],[32.50573,60.19941],[32.50486,60.19988],[32.50394,60.20075],[32.50378,60.20128],[32.50385,60.20167],[32.50447,60.20226],[32.50551,60.2027],[32.51016,60.20349],[32.51184,60.20398],[32.51258,60.20434],[32.51311,60.20475],[32.51328,60.20511],[32.51319,60.20556],[32.51225,60.20654],[32.51007,60.20806],[32.50572,60.21076],[32.50482,60.21123],[32.50388,60.21156],[32.50293,60.21169],[32.50191,60.21164],[32.50024,60.21135],[32.49661,60.21053],[32.48194,60.20654],[32.4793,60.20574],[32.47775,60.20494],[32.47671,60.20396],[32.47594,60.20271],[32.47456,60.19937],[32.47397,60.19824],[32.47316,60.19719],[32.47179,60.1959],[32.47053,60.19497],[32.46884,60.19403],[32.46201,60.19084],[32.45961,60.18918],[32.45833,60.18801],[32.45789,60.18742],[32.45763,60.18688],[32.45751,60.18632],[32.45754,60.18564],[32.45799,60.18421],[32.45919,60.18182],[32.45929,60.18137],[32.45925,60.18104],[32.45892,60.18055],[32.45831,60.18007],[32.45492,60.17796],[32.45263,60.17693],[32.4465,60.17464],[32.44374,60.17373],[32.44077,60.17294],[32.43638,60.17208],[32.42741,60.17063],[32.42116,60.16932],[32.41654,60.16866],[32.41037,60.16747],[32.40675,60.16692]],[[32.37486,60.17108],[32.37559,60.1713],[32.37783,60.17171],[32.37881,60.172],[32.37947,60.17259],[32.37953,60.17282],[32.37946,60.17316],[32.37885,60.17377],[32.37828,60.17402],[32.37444,60.17518],[32.37347,60.17559],[32.37219,60.17633],[32.37024,60.17776],[32.36914,60.17875],[32.3686,60.17957],[32.36791,60.1814],[32.36709,60.1823],[32.36595,60.18299],[32.36234,60.18457],[32.36069,60.18542],[32.3592,60.18637],[32.35667,60.18821],[32.35607,60.18879],[32.35578,60.18936],[32.35574,60.18981],[32.35585,60.19116],[32.3557,60.19194],[32.35529,60.19256],[32.35457,60.19314],[32.35361,60.19356],[32.35304,60.1937],[32.35174,60.19384],[32.35084,60.19376],[32.35005,60.19358],[32.3492,60.1931],[32.34868,60.19239],[32.34865,60.19172],[32.34909,60.19082],[32.35035,60.18924],[32.35048,60.18879],[32.35031,60.18825],[32.34957,60.18757],[32.34816,60.18688],[32.34643,60.18644],[32.34499,60.18627],[32.34341,60.18627],[32.34198,60.18644],[32.34084,60.18671],[32.33929,60.18731],[32.33729,60.18856],[32.33306,60.19183],[32.33184,60.19299],[32.33109,60.19404],[32.33069,60.19521],[32.33074,60.19622],[32.33124,60.19711],[32.3319,60.19768],[32.33271,60.19814],[32.33475,60.19898],[32.33554,60.1995],[32.33584,60.19986],[32.33592,60.20016],[32.33586,60.20049],[32.33568,60.20082],[32.33483,60.2015],[32.33295,60.20258],[32.33167,60.20344],[32.33054,60.20441],[32.32838,60.20659],[32.32767,60.20712],[32.3269,60.20752],[32.31854,60.21022],[32.31276,60.2115],[32.31171,60.21198],[32.31125,60.2124],[32.3111,60.21287],[32.31125,60.21349],[32.3127,60.21568],[32.31377,60.21827],[32.31504,60.22056],[32.31514,60.22108],[32.31506,60.2216],[32.31487,60.22193],[32.31433,60.22238],[32.31324,60.22284],[32.31259,60.22297],[32.31034,60.22309],[32.30838,60.2229],[32.30359,60.22205],[32.30227,60.22193],[32.30052,60.22192],[32.29909,60.22207],[32.29781,60.22235],[32.29676,60.22277],[32.29594,60.22329],[32.29547,60.22378],[32.29523,60.2242],[32.29511,60.22462],[32.2951,60.22511],[32.29536,60.22603],[32.29641,60.22817],[32.29653,60.22873],[32.29648,60.22918],[32.29623,60.22972],[32.29572,60.23031],[32.29248,60.23274],[32.29199,60.23323],[32.29167,60.23379],[32.29149,60.23459],[32.29154,60.23544],[32.29231,60.23773],[32.29246,60.23853],[32.29236,60.23909],[32.29205,60.23964],[32.2915,60.24017],[32.29063,60.2407],[32.28591,60.24245],[32.28465,60.2431],[32.28384,60.24369],[32.28318,60.24439],[32.28267,60.24525],[32.28175,60.24805],[32.28139,60.24887],[32.2807,60.24974],[32.27998,60.25026],[32.27903,60.25074],[32.27712,60.25148],[32.27206,60.25305],[32.27107,60.2535],[32.27033,60.25404],[32.26987,60.25469],[32.26975,60.25517],[32.26985,60.25719],[32.26971,60.25809],[32.26939,60.25888],[32.2684,60.26057],[32.2681,60.26141],[32.26803,60.26203],[32.26814,60.26349],[32.26808,60.26417],[32.26778,60.26484],[32.26718,60.26554],[32.26622,60.26618],[32.26449,60.2669],[32.25894,60.26818],[32.25655,60.26894],[32.25472,60.26986],[32.25352,60.27083],[32.25296,60.27153],[32.25263,60.27216],[32.25196,60.27455],[32.25164,60.27531],[32.24986,60.27801],[32.24936,60.27913],[32.24917,60.28014],[32.24908,60.28172],[32.24912,60.28273],[32.2494,60.28431],[32.24927,60.28493],[32.24861,60.28546],[32.24111,60.29014],[32.23956,60.29136],[32.23892,60.29218],[32.23868,60.29308],[32.23883,60.29398],[32.23962,60.29567],[32.23986,60.29657],[32.2398,60.29758],[32.2394,60.29846],[32.23852,60.29936],[32.23768,60.2999],[32.23394,60.30157],[32.23226,60.30253],[32.23162,60.30309],[32.23108,60.3038],[32.23034,60.30562],[32.22981,60.30646],[32.22906,60.30701],[32.22788,60.30746],[32.22686,60.30763],[32.22596,60.30766],[32.22409,60.30741],[32.22258,60.30696],[32.21948,60.30582],[32.21707,60.30472],[32.2159,60.30386],[32.21514,60.30279],[32.21486,60.30174],[32.21475,60.29949],[32.21454,60.29893],[32.21416,60.29841],[32.2131,60.29766],[32.21177,60.29706],[32.20605,60.29527],[32.20512,60.2956],[32.20461,60.29634],[32.20189,60.29916],[32.20049,60.30098],[32.19987,60.30205],[32.19947,60.30298],[32.19865,60.30624],[32.19799,60.30792],[32.19675,60.30996],[32.19615,60.31069],[32.19524,60.31157],[32.1944,60.31215],[32.19365,60.31253],[32.19158,60.31316],[32.18884,60.31354],[32.18462,60.31375],[32.18327,60.31417],[32.17797,60.31643],[32.17626,60.3173],[32.17554,60.31783],[32.17512,60.31829],[32.1748,60.31884],[32.17442,60.31986],[32.1741,60.32031],[32.17366,60.32065],[32.17283,60.32097],[32.17084,60.32118],[32.16499,60.32124],[32.1629,60.32147],[32.16198,60.32175],[32.16133,60.32206],[32.15777,60.32409],[32.15489,60.32546],[32.15236,60.32633],[32.15036,60.32666],[32.14856,60.3266],[32.14031,60.32588],[32.13315,60.32494],[32.13056,60.32484],[32.12908,60.32499],[32.1275,60.32532],[32.12224,60.32702],[32.11909,60.32782],[32.11594,60.32826],[32.11256,60.32838],[32.10919,60.32826],[32.10469,60.3279],[32.10256,60.32762],[32.09618,60.3264],[32.09434,60.32626],[32.0928,60.32635],[32.09151,60.32664],[32.09014,60.32722],[32.08722,60.3293],[32.08527,60.33038],[32.08292,60.33138],[32.07949,60.33259],[32.07641,60.33351],[32.07463,60.33391],[32.06936,60.33464],[32.06653,60.33532],[32.06531,60.33544],[32.06456,60.33535],[32.06354,60.3348],[32.06287,60.33397],[32.0623,60.33234],[32.06198,60.33179],[32.06132,60.33122],[32.06021,60.3308],[32.05901,60.33068],[32.0575,60.33082],[32.0558,60.33129],[32.05159,60.33284],[32.05049,60.33313],[32.04979,60.33322],[32.04868,60.33319],[32.04765,60.33302],[32.04417,60.33195],[32.04151,60.33097],[32.03915,60.32995],[32.03526,60.32813],[32.03146,60.3262],[32.02962,60.32515],[32.02797,60.32402],[32.0243,60.32086],[32.02245,60.31957],[32.01893,60.3178],[32.01254,60.31497],[32.00929,60.3139],[32.00791,60.3136],[32.00659,60.31345],[32.00411,60.31347],[31.99939,60.31401],[31.99736,60.3141],[31.99489,60.314],[31.99261,60.31357],[31.9882,60.31195],[31.98431,60.31084],[31.98278,60.31019],[31.98166,60.30938],[31.97991,60.30756],[31.97855,60.30644],[31.97653,60.30519],[31.97388,60.3038],[31.97275,60.30345],[31.96843,60.30248],[31.96528,60.3015],[31.96392,60.30118],[31.96202,60.30112],[31.95349,60.30231],[31.95138,60.3025],[31.94944,60.30256],[31.94693,60.30247],[31.93796,60.30182],[31.93009,60.30095],[31.92829,60.30089],[31.92671,60.30097],[31.91906,60.30187],[31.91659,60.30229],[31.91555,60.30258],[31.91455,60.303],[31.91199,60.3048],[31.91129,60.3052],[31.9102,60.30562],[31.90826,60.30592],[31.90736,60.30588],[31.90611,60.30566],[31.90475,60.30517],[31.90391,60.3047],[31.90316,60.30399],[31.90308,60.30343],[31.90342,60.30292],[31.90394,60.3025],[31.90715,60.30061],[31.90756,60.30016],[31.90758,60.29961],[31.90682,60.29848],[31.90514,60.29666],[31.90362,60.29529],[31.90233,60.29432],[31.90093,60.29349],[31.9,60.29306],[31.89855,60.29257],[31.89725,60.29226],[31.89521,60.29194],[31.89004,60.29139],[31.88579,60.29077],[31.88386,60.29073],[31.88302,60.29089],[31.88228,60.29117],[31.88151,60.29173],[31.8809,60.29264],[31.88004,60.29466],[31.87989,60.29544],[31.88004,60.29601],[31.88052,60.29659],[31.88115,60.29707],[31.8817,60.29781],[31.88171,60.29803],[31.88159,60.29826],[31.88115,60.29857],[31.87991,60.29873],[31.87676,60.2986],[31.87541,60.29871],[31.87389,60.29913],[31.87011,60.30057],[31.86866,60.30086],[31.86731,60.30089],[31.86439,60.30046],[31.86153,60.29967],[31.85953,60.29888],[31.85519,60.29676],[31.85385,60.29629],[31.85291,60.29611],[31.85179,60.29607],[31.84909,60.29644],[31.84614,60.29727],[31.84335,60.29842],[31.84037,60.30012],[31.8363,60.3031],[31.83549,60.30361],[31.83088,60.30568],[31.83024,60.30614],[31.82989,60.3066],[31.82976,60.30704],[31.82963,60.30838],[31.82922,60.30926],[31.82887,60.30962],[31.82813,60.3101],[31.82728,60.31041],[31.8261,60.31064],[31.82435,60.3106],[31.82265,60.31013],[31.82193,60.30967],[31.82156,60.30924],[31.82144,60.30894],[31.82144,60.30861],[31.82161,60.30825],[31.82224,60.30774],[31.82444,60.30652],[31.82479,60.30613],[31.82483,60.30579],[31.82467,60.30553],[31.82427,60.30525],[31.82321,60.3049],[31.82186,60.30475],[31.82074,60.30487],[31.81956,60.30522],[31.81728,60.30655],[31.81631,60.30695],[31.81092,60.30831],[31.80612,60.31037],[31.80005,60.31232],[31.79598,60.31398],[31.79449,60.3147],[31.793,60.31558],[31.79199,60.31639],[31.79021,60.31825],[31.78928,60.31909],[31.788,60.31988],[31.7867,60.32044],[31.78406,60.32109],[31.77774,60.32195],[31.77604,60.32236],[31.77499,60.32274],[31.77445,60.32323],[31.77354,60.32469],[31.77262,60.32559],[31.7706,60.32691],[31.76851,60.32792],[31.76775,60.32813],[31.76584,60.32826],[31.74424,60.32868],[31.74165,60.32896],[31.73984,60.32947],[31.73896,60.32993],[31.73803,60.33081],[31.73686,60.33336],[31.73625,60.33443],[31.73526,60.33578],[31.73325,60.33809],[31.7329,60.33864],[31.7327,60.33921],[31.7328,60.33999],[31.7333,60.34075],[31.73422,60.34155],[31.73625,60.34297],[31.73714,60.34379],[31.73748,60.34427],[31.73776,60.34494],[31.73784,60.34562],[31.73774,60.34652],[31.73747,60.34731],[31.7371,60.34788],[31.73673,60.34821],[31.73551,60.34886],[31.73421,60.34927],[31.73277,60.34958],[31.73006,60.34985],[31.72811,60.34974],[31.72632,60.34928],[31.72548,60.34881],[31.72278,60.34637],[31.72186,60.34575],[31.7209,60.34525],[31.71915,60.3447],[31.71769,60.34455],[31.71634,60.34462],[31.71475,60.34494],[31.71139,60.3458],[31.70891,60.34607],[31.70756,60.34601],[31.70612,60.34574],[31.70474,60.34523],[31.70403,60.34477],[31.70345,60.34416],[31.70313,60.34337],[31.70317,60.34247],[31.70352,60.34169],[31.70592,60.33909],[31.70635,60.33842],[31.70687,60.33729],[31.70744,60.33667],[31.71009,60.33574],[31.71098,60.33525],[31.71127,60.335],[31.71158,60.33459],[31.7117,60.33426],[31.71166,60.33392],[31.71146,60.33359],[31.71096,60.33316],[31.71025,60.33281],[31.70744,60.33186],[31.70627,60.33128],[31.70464,60.33008],[31.70195,60.32755],[31.70129,60.32708],[31.70032,60.32677],[31.69789,60.32664],[31.69582,60.32688],[31.69408,60.32749],[31.6921,60.32856],[31.69091,60.32887],[31.68979,60.32885],[31.68872,60.32851],[31.68813,60.32806],[31.68776,60.32751],[31.68759,60.32694],[31.68741,60.32537],[31.68692,60.3244],[31.68609,60.32351],[31.68319,60.32116],[31.68251,60.32031],[31.68214,60.31918],[31.68182,60.31659],[31.68136,60.31552],[31.68086,60.31491],[31.68,60.31412],[31.67684,60.31194],[31.67615,60.31136],[31.67333,60.30825],[31.67295,60.30759],[31.67286,60.30692],[31.6737,60.30467],[31.67415,60.30203],[31.67473,60.30108],[31.67645,60.29938],[31.67678,60.29882],[31.67679,60.29837],[31.67646,60.29679],[31.67641,60.29589],[31.67707,60.29218],[31.67751,60.29061],[31.67897,60.28734],[31.67923,60.28633],[31.67924,60.28397],[31.67892,60.28228],[31.67826,60.28093],[31.67669,60.27879],[31.67629,60.27699],[31.67597,60.27633],[31.67548,60.2759],[31.6747,60.2755],[31.6697,60.27364],[31.66882,60.27315],[31.66813,60.27262],[31.66718,60.27149],[31.66514,60.26823],[31.66349,60.2651],[31.66302,60.26439],[31.66241,60.26382],[31.66028,60.26226],[31.65796,60.26025],[31.65677,60.25911],[31.65595,60.25809],[31.65554,60.25731],[31.65535,60.25652],[31.65524,60.25259],[31.65502,60.25202],[31.6541,60.25033],[31.65379,60.24921],[31.65374,60.24774],[31.65405,60.24493],[31.65389,60.24414],[31.65341,60.24312],[31.64987,60.23716],[31.64902,60.23582],[31.64804,60.23453],[31.64698,60.23275],[31.64621,60.23185],[31.64486,60.23089],[31.64281,60.22991],[31.63992,60.22882],[31.63537,60.22737],[31.63454,60.22702],[31.62822,60.2233],[31.62736,60.22291],[31.62001,60.22066],[31.61833,60.22004],[31.61645,60.2192],[31.61491,60.21825],[31.6135,60.21702],[31.61227,60.21559],[31.60982,60.21219],[31.60929,60.21164],[31.60843,60.21114],[31.60651,60.21071],[31.60094,60.21029],[31.60038,60.21021],[31.60016,60.21004],[31.59975,60.20961],[31.59911,60.20826],[31.59796,60.20623],[31.59764,60.20529],[31.59762,60.20454],[31.59789,60.20342],[31.59855,60.20212],[31.59927,60.20109],[31.60112,60.19881],[31.60124,60.19813],[31.60114,60.19622],[31.60088,60.19498],[31.60034,60.19404],[31.59946,60.19322],[31.59856,60.19267],[31.5976,60.19225],[31.59582,60.19178],[31.59439,60.19163],[31.59304,60.19164],[31.58741,60.19214],[31.58516,60.19244],[31.58313,60.1929],[31.57999,60.19391],[31.57863,60.19415],[31.57706,60.19421],[31.57527,60.19412],[31.57431,60.19401],[31.57319,60.1937],[31.57241,60.19315],[31.57095,60.19163],[31.56949,60.19053],[31.56423,60.18726],[31.55986,60.18466],[31.55802,60.1837],[31.55635,60.18299],[31.55244,60.18187],[31.5514,60.18144],[31.55084,60.181],[31.54959,60.17946],[31.5482,60.17801],[31.54638,60.17627],[31.54567,60.17581],[31.5446,60.17546],[31.54061,60.17496],[31.53834,60.17451],[31.53644,60.17392],[31.53459,60.17309],[31.53284,60.17211],[31.53115,60.17096],[31.52743,60.16793],[31.52568,60.16686],[31.52275,60.1653],[31.52148,60.16449],[31.51842,60.162],[31.51755,60.16151],[31.51571,60.16075],[31.51126,60.15937],[31.51042,60.15889],[31.50821,60.15651],[31.50673,60.15534],[31.50489,60.15446],[31.50281,60.15376],[31.49864,60.15263],[31.49059,60.15082],[31.48304,60.1487],[31.47618,60.14713],[31.47434,60.14678],[31.47266,60.1466],[31.47109,60.14659],[31.46961,60.14672],[31.46717,60.14724],[31.46522,60.14802],[31.46007,60.15094],[31.4556,60.15367],[31.45421,60.15422],[31.4532,60.15443],[31.45174,60.15457],[31.44184,60.15483],[31.43824,60.1551],[31.43666,60.15536],[31.43487,60.15579],[31.42916,60.15754],[31.42761,60.15824],[31.42389,60.1607],[31.41988,60.16301],[31.41736,60.16431],[31.41318,60.16628],[31.41218,60.16693],[31.41159,60.16752],[31.41004,60.17001],[31.40716,60.17372],[31.40553,60.17698],[31.40438,60.17889],[31.40377,60.18081],[31.40325,60.18187],[31.40228,60.18318],[31.40053,60.18501],[31.40026,60.18564],[31.39971,60.18773],[31.39909,60.18913],[31.39834,60.19037],[31.39472,60.19566],[31.39371,60.19665],[31.39068,60.19899],[31.38919,60.20049],[31.38831,60.20184],[31.38799,60.20264],[31.38739,60.20466],[31.38705,60.20528],[31.3867,60.20567],[31.38541,60.20669],[31.38076,60.20978],[31.37979,60.21069],[31.37846,60.21219],[31.37756,60.21332],[31.37691,60.21434],[31.37503,60.21872],[31.37449,60.2197],[31.37382,60.22023],[31.37042,60.22233],[31.36984,60.22277],[31.36955,60.22311],[31.36947,60.22333],[31.36959,60.22367],[31.37077,60.22515],[31.37127,60.22614],[31.37136,60.22704],[31.37104,60.22779],[31.37026,60.22851],[31.36917,60.22916],[31.36643,60.23054],[31.36458,60.23132],[31.36259,60.2319],[31.36002,60.23229],[31.35679,60.23243],[31.35548,60.23237],[31.35473,60.23223],[31.35433,60.23187],[31.35413,60.23132],[31.35411,60.23053],[31.35435,60.22839],[31.3542,60.22783],[31.35383,60.22727],[31.35286,60.22651],[31.35185,60.22603],[31.35049,60.22564],[31.34926,60.22552],[31.34845,60.22563],[31.34744,60.22596],[31.34656,60.22654],[31.34468,60.22813],[31.34384,60.22866],[31.3429,60.22911],[31.34132,60.22966],[31.33954,60.23009],[31.33811,60.23027],[31.33631,60.23028],[31.33462,60.23009],[31.33223,60.22954],[31.32998,60.22869],[31.32934,60.22828],[31.32773,60.22676],[31.32674,60.22598],[31.32506,60.22509],[31.32381,60.22471],[31.32127,60.22422],[31.32055,60.224],[31.3201,60.22374],[31.31982,60.22344],[31.3198,60.22311],[31.32005,60.22279],[31.3205,60.2225],[31.32169,60.22215],[31.32509,60.22153],[31.32734,60.22083],[31.32879,60.22019],[31.32971,60.21968],[31.33033,60.21921],[31.33093,60.21849],[31.33109,60.21804],[31.33111,60.21759],[31.33077,60.21681],[31.32975,60.2157],[31.3276,60.21392],[31.32694,60.21298],[31.32688,60.21253],[31.32697,60.21208],[31.32781,60.21039],[31.32798,60.20983],[31.328,60.20916],[31.32784,60.20859],[31.32746,60.208],[31.32669,60.2073],[31.32258,60.20489],[31.3214,60.20389],[31.3205,60.20251],[31.31918,60.19959],[31.31842,60.19813],[31.31432,60.1914],[31.31345,60.19031],[31.3114,60.18865],[31.31082,60.18789],[31.31057,60.18714],[31.31058,60.18486],[31.31027,60.18306],[31.30982,60.18195],[31.30877,60.18034],[31.30846,60.17968],[31.3081,60.17754],[31.30678,60.17406],[31.30627,60.17203],[31.30562,60.16877],[31.30428,60.16476],[31.3038,60.16429],[31.30319,60.16397],[31.29968,60.16301],[31.29799,60.16237],[31.29633,60.16143],[31.29531,60.16064],[31.2943,60.15949],[31.29287,60.15719],[31.29102,60.15471],[31.29061,60.15369],[31.2906,60.15268],[31.29093,60.15178],[31.29147,60.1509],[31.29352,60.14856],[31.29631,60.14596],[31.29983,60.14329],[31.30097,60.14221],[31.30139,60.14154],[31.30157,60.14092],[31.30156,60.14045],[31.30101,60.13884],[31.30091,60.13828],[31.30099,60.13761],[31.30131,60.13694],[31.30182,60.13635],[31.30265,60.13573],[31.30601,60.13415],[31.3069,60.13348],[31.30711,60.1332],[31.30726,60.13277],[31.30714,60.13086],[31.30724,60.13029],[31.30746,60.12984],[31.30821,60.12906],[31.31051,60.12772],[31.31074,60.12753],[31.31088,60.12726],[31.31083,60.12669],[31.31005,60.12489],[31.30994,60.12309],[31.30969,60.1225],[31.30806,60.12098],[31.30502,60.11762],[31.30378,60.11578],[31.30329,60.11453],[31.30328,60.11392],[31.30348,60.1135],[31.30513,60.11164],[31.3055,60.11106],[31.30606,60.10901],[31.30606,60.10852],[31.30531,60.10761],[31.30485,60.10689],[31.30407,60.10476],[31.30409,60.10408],[31.30458,60.10262],[31.3045,60.10217],[31.30413,60.10125],[31.30409,60.10071],[31.30434,60.10008],[31.30466,60.09969],[31.30675,60.0981],[31.30912,60.09685],[31.31036,60.0951],[31.31147,60.09415],[31.31262,60.09345],[31.31416,60.09278],[31.31611,60.09224],[31.31869,60.09186],[31.33068,60.09106],[31.33271,60.09056],[31.33389,60.09005],[31.33446,60.08956],[31.33474,60.08901],[31.33473,60.08856],[31.33445,60.08754],[31.33458,60.08687],[31.33512,60.08619],[31.33631,60.08518],[31.33666,60.08468],[31.33654,60.08372],[31.33692,60.08237],[31.33705,60.08079],[31.33748,60.08],[31.3384,60.07875],[31.33943,60.07871],[31.342,60.07929],[31.34351,60.07943],[31.34561,60.07927],[31.34745,60.07883],[31.34836,60.07838],[31.34875,60.07787],[31.34871,60.07742],[31.34798,60.07618],[31.34781,60.07551],[31.34785,60.07517],[31.34807,60.07475],[31.34873,60.07429],[31.35013,60.07387],[31.35296,60.07355],[31.35499,60.07348],[31.36241,60.07356],[31.3637,60.07344],[31.36446,60.07326],[31.36681,60.07249],[31.3692,60.07107],[31.37268,60.0694],[31.37365,60.06864],[31.37436,60.06777],[31.37458,60.06718],[31.37454,60.06655],[31.37416,60.06594],[31.37351,60.06535],[31.37193,60.06437],[31.36803,60.06261],[31.36668,60.06169],[31.36451,60.05995],[31.36433,60.05953],[31.36431,60.05908],[31.36476,60.05661],[31.36478,60.05593],[31.36464,60.05529],[31.36407,60.05413],[31.36396,60.05368],[31.36405,60.05323],[31.36462,60.05195],[31.36464,60.05154],[31.36445,60.05094],[31.36368,60.04953],[31.36325,60.04828],[31.36283,60.04774],[31.36138,60.04682],[31.3597,60.04547],[31.35826,60.04462],[31.35673,60.04407],[31.35449,60.04371],[31.35319,60.04365],[31.35193,60.04372],[31.35002,60.04415],[31.34753,60.04533],[31.34689,60.04542],[31.34621,60.04538],[31.34564,60.04524],[31.34473,60.04482],[31.3441,60.04423],[31.34406,60.04378],[31.34444,60.04299],[31.34451,60.04254],[31.34432,60.04221],[31.34395,60.04189],[31.34295,60.04147],[31.3413,60.04096],[31.33969,60.04075],[31.33834,60.04095],[31.3375,60.04145],[31.33537,60.04502],[31.33485,60.04553],[31.33384,60.04581],[31.33271,60.04572],[31.32889,60.04485],[31.32619,60.04475],[31.32362,60.04506],[31.31867,60.04638],[31.31763,60.0466],[31.31674,60.04666],[31.31596,60.04654],[31.31515,60.04621],[31.31163,60.04419],[31.31061,60.04371],[31.30886,60.04326],[31.30684,60.0431],[31.30346,60.04305],[31.30144,60.04315],[31.29983,60.04341],[31.29837,60.04382],[31.296,60.04482],[31.29412,60.04547],[31.29171,60.04689],[31.28927,60.04799],[31.28504,60.04939],[31.2818,60.05065],[31.27739,60.05284],[31.27553,60.05365],[31.2747,60.05415],[31.27366,60.05498],[31.27259,60.05558],[31.27185,60.05587],[31.2612,60.05865],[31.25769,60.05993],[31.2547,60.06113],[31.25183,60.06204],[31.25038,60.06267],[31.24904,60.06342],[31.24569,60.06571],[31.24482,60.06622],[31.23818,60.06813],[31.23586,60.06893],[31.23493,60.06936],[31.23408,60.06986],[31.23301,60.07065],[31.22938,60.07422],[31.22687,60.07628],[31.22425,60.07889],[31.22217,60.08151],[31.22096,60.08281],[31.21623,60.0867],[31.21426,60.08796],[31.21226,60.08904],[31.21009,60.08983],[31.2071,60.09054],[31.20619,60.09101],[31.20491,60.09184],[31.20366,60.09236],[31.20171,60.09279],[31.19996,60.09293],[31.19501,60.093],[31.19368,60.09292],[31.1928,60.09274],[31.19224,60.09236],[31.19199,60.09182],[31.19216,60.09126],[31.19267,60.09055],[31.19298,60.08991],[31.19297,60.08957],[31.19268,60.08916],[31.19181,60.08868],[31.18977,60.08787],[31.18804,60.08745],[31.18534,60.08773],[31.18399,60.08778],[31.17921,60.0873],[31.17822,60.08732],[31.17801,60.08811],[31.17816,60.08881],[31.17849,60.08925],[31.17968,60.09036],[31.17996,60.09081],[31.17989,60.09114],[31.17946,60.0915],[31.17823,60.09187],[31.17319,60.09299],[31.16939,60.0937],[31.16551,60.0947],[31.16306,60.09514],[31.16216,60.09517],[31.16112,60.09504],[31.16019,60.09464],[31.15967,60.09419],[31.15915,60.09351],[31.15894,60.09283],[31.15902,60.09227],[31.15937,60.09146],[31.15939,60.09094],[31.15852,60.09051],[31.15744,60.09047],[31.15541,60.09061],[31.15226,60.09065],[31.1512,60.0908],[31.15047,60.09106],[31.1408,60.09694],[31.13775,60.09818],[31.13595,60.09907],[31.13145,60.10222],[31.12934,60.10391],[31.12864,60.10425],[31.12615,60.10514],[31.12508,60.10572],[31.12436,60.10656],[31.12418,60.10769],[31.12389,60.10836],[31.12248,60.11034],[31.12145,60.11118],[31.12065,60.11168],[31.11883,60.11257],[31.11808,60.11315],[31.11789,60.11348],[31.11756,60.11477],[31.11706,60.11622],[31.11672,60.11679],[31.11627,60.11723],[31.11533,60.11758],[31.11439,60.11757],[31.11255,60.11662],[31.11176,60.11638],[31.11086,60.11629],[31.10987,60.11651],[31.10898,60.11713],[31.10871,60.11769],[31.10881,60.11836],[31.10936,60.11949],[31.10929,60.12006],[31.10849,60.12096],[31.10709,60.12196],[31.10606,60.12248],[31.10447,60.12293],[31.10299,60.12304],[31.10029,60.12282],[31.09965,60.12293],[31.09925,60.12343],[31.09888,60.12467],[31.09833,60.12565],[31.09708,60.1273],[31.09503,60.12973],[31.09476,60.13052],[31.09463,60.13209],[31.09445,60.13299],[31.09413,60.13367],[31.09365,60.13417],[31.09273,60.13471],[31.09095,60.13552],[31.08561,60.13736],[31.0838,60.13827],[31.08247,60.13919],[31.08036,60.1413],[31.07803,60.14301],[31.07751,60.1437],[31.07693,60.14503],[31.07647,60.1458],[31.07474,60.14765],[31.07449,60.14818],[31.07452,60.14863],[31.07471,60.14907],[31.07629,60.15122],[31.07653,60.15176],[31.07672,60.15257],[31.0767,60.15358],[31.07635,60.15516],[31.07615,60.15673],[31.07575,60.15803],[31.075,60.15906],[31.07387,60.15983],[31.07205,60.16061],[31.06872,60.16182],[31.06833,60.16202],[31.06787,60.16247],[31.0678,60.16269],[31.06794,60.16303],[31.06968,60.16449],[31.07006,60.16494],[31.0705,60.16573],[31.07077,60.16652],[31.07086,60.16719],[31.07082,60.16787],[31.07063,60.16854],[31.07007,60.16956],[31.06879,60.17136],[31.06787,60.17327],[31.06707,60.17451],[31.06599,60.17572],[31.06336,60.17821],[31.06136,60.18097],[31.06002,60.18229],[31.05858,60.18325],[31.05673,60.18411],[31.05408,60.18498],[31.05101,60.18572],[31.04876,60.18612],[31.04679,60.18634],[31.04471,60.18641],[31.04067,60.1863],[31.03968,60.18638],[31.03871,60.18663],[31.0379,60.18704],[31.03743,60.18756],[31.0372,60.18812],[31.03673,60.19014],[31.03634,60.19093],[31.03577,60.19173],[31.03428,60.19314],[31.03338,60.19374],[31.03225,60.19433],[31.03068,60.19494],[31.02886,60.19547],[31.02116,60.19712],[31.01816,60.1975],[31.01445,60.1976]],[[32.73822,60.84534],[32.73834,60.84565],[32.73799,60.84587],[32.7372,60.84589],[32.73691,60.8458],[32.73677,60.84565],[32.73681,60.84546],[32.73713,60.84519],[32.738,60.84515],[32.73822,60.84534]],[[32.76388,60.75702],[32.76461,60.75739],[32.76483,60.75771],[32.76482,60.75804],[32.76443,60.75871],[32.76339,60.75979],[32.76105,60.76155],[32.76041,60.76234],[32.75985,60.76253],[32.75921,60.7626],[32.75834,60.7625],[32.75778,60.76236],[32.75688,60.7619],[32.75596,60.76101],[32.75526,60.75973],[32.75518,60.75928],[32.75522,60.75883],[32.75561,60.75816],[32.75592,60.75786],[32.75665,60.75743],[32.75779,60.757],[32.75944,60.75665],[32.76101,60.75655],[32.76236,60.75666],[32.76388,60.75702]],[[32.78886,60.75349],[32.7894,60.75382],[32.78917,60.75425],[32.78824,60.75434],[32.78739,60.75384],[32.78815,60.75335],[32.78845,60.75334],[32.78886,60.75349]],[[32.7923,60.74766],[32.79301,60.74794],[32.79337,60.74826],[32.79337,60.74859],[32.79309,60.74886],[32.79184,60.74917],[32.79071,60.74914],[32.78986,60.74888],[32.78949,60.74859],[32.7893,60.74826],[32.78935,60.74803],[32.78953,60.74781],[32.79016,60.74742],[32.79116,60.74737],[32.7923,60.74766]],[[32.89205,60.65217],[32.89107,60.65235],[32.89049,60.65222],[32.89039,60.65206],[32.89087,60.65178],[32.89129,60.65175],[32.89197,60.65195],[32.89209,60.65208],[32.89205,60.65217]],[[32.57792,60.60144],[32.57797,60.60178],[32.5777,60.6022],[32.5769,60.60266],[32.57532,60.60328],[32.57408,60.60395],[32.57234,60.60472],[32.57075,60.60578],[32.57003,60.60662],[32.56938,60.60808],[32.56892,60.60854],[32.56842,60.60875],[32.56786,60.60893],[32.56684,60.60901],[32.56369,60.60894],[32.56031,60.609],[32.55968,60.60895],[32.55896,60.60874],[32.55859,60.60857],[32.55838,60.60831],[32.55834,60.60786],[32.55855,60.60741],[32.55972,60.60621],[32.56158,60.60502],[32.56346,60.60419],[32.56603,60.60352],[32.56896,60.60313],[32.57041,60.60282],[32.5714,60.60247],[32.57386,60.60133],[32.57494,60.60106],[32.57584,60.60095],[32.57674,60.60096],[32.57779,60.60123],[32.57792,60.60144]],[[32.60352,60.59207],[32.6032,60.59224],[32.60331,60.59243],[32.60352,60.59254],[32.60395,60.59259],[32.60446,60.59233],[32.60436,60.59215],[32.60416,60.59207],[32.60352,60.59207]],[[32.58551,60.54539],[32.58484,60.54536],[32.58399,60.54546],[32.5837,60.54576],[32.58368,60.54609],[32.58399,60.54642],[32.58461,60.54654],[32.58587,60.5464],[32.58615,60.54609],[32.58618,60.54576],[32.58593,60.54546],[32.58551,60.54539]],[[32.08286,60.46582],[32.08437,60.46633],[32.08518,60.46688],[32.08547,60.46716],[32.08574,60.46768],[32.08579,60.46802],[32.08568,60.46846],[32.08514,60.46904],[32.08452,60.4694],[32.08396,60.46959],[32.08262,60.46986],[32.08095,60.46992]],[[32.19223,60.34388],[32.19536,60.3452],[32.19891,60.34652],[32.19978,60.34699],[32.2003,60.34741],[32.20071,60.34787],[32.20085,60.34821],[32.20088,60.34854],[32.20077,60.34896],[32.2002,60.34966],[32.19909,60.3504],[32.19678,60.35152],[32.19577,60.35214],[32.19491,60.35294],[32.19462,60.35338],[32.19441,60.35394],[32.19438,60.35473],[32.19462,60.35563],[32.19595,60.35788],[32.19625,60.35856],[32.19649,60.36092],[32.19672,60.36159],[32.19765,60.36339],[32.19773,60.36396],[32.19764,60.36441],[32.19714,60.3652],[32.19617,60.3661],[32.19439,60.36748],[32.19331,60.36797],[32.1924,60.36816],[32.19109,60.36821],[32.18591,60.36781],[32.18366,60.36785],[32.18257,60.36801],[32.18173,60.36825],[32.18089,60.36864],[32.18019,60.36924],[32.17776,60.37262],[32.17745,60.37329],[32.17738,60.37397],[32.17756,60.37464],[32.178,60.37538],[32.18004,60.37756],[32.18052,60.37824],[32.18083,60.37909],[32.18078,60.37983],[32.18056,60.38027],[32.18006,60.38082],[32.17935,60.38133],[32.17605,60.38319],[32.17514,60.3839],[32.17434,60.3848],[32.1739,60.38567],[32.17375,60.38657],[32.17383,60.38736],[32.17419,60.38871],[32.17421,60.38916],[32.17404,60.38961],[32.17343,60.39051],[32.1733,60.39107],[32.17353,60.39156],[32.1738,60.39172],[32.17453,60.39204],[32.17555,60.39207],[32.17649,60.39164],[32.17673,60.39118],[32.17682,60.39039],[32.17696,60.39006],[32.17719,60.38976],[32.17804,60.38931],[32.18051,60.38869],[32.18447,60.38802],[32.18726,60.38773],[32.18899,60.38784],[32.1897,60.38807],[32.19013,60.38831],[32.19076,60.38886],[32.19104,60.38927],[32.19155,60.39039],[32.19218,60.39287],[32.19267,60.39373],[32.19333,60.39432],[32.19609,60.39582],[32.19635,60.39615],[32.19641,60.39655],[32.19608,60.39683],[32.19551,60.39702],[32.19424,60.39717],[32.19289,60.39713],[32.18974,60.39678],[32.18816,60.3967],[32.18569,60.39675],[32.18349,60.39696],[32.18173,60.39741],[32.18083,60.39786],[32.18011,60.39843],[32.17945,60.39917],[32.17908,60.39972],[32.17879,60.40041],[32.17882,60.40096],[32.17908,60.40144],[32.18164,60.40393],[32.18366,60.40636],[32.18536,60.40776],[32.18623,60.40862],[32.18644,60.40896],[32.18663,60.40952],[32.18653,60.41008],[32.18624,60.41047],[32.18547,60.41097],[32.18244,60.41221],[32.18008,60.41366],[32.1791,60.41411],[32.17277,60.41633],[32.16656,60.41837],[32.16566,60.41851],[32.16454,60.4185],[32.15936,60.41783],[32.15666,60.41769],[32.15441,60.41791],[32.15315,60.41822],[32.15207,60.41859],[32.15117,60.41903],[32.15063,60.41941],[32.15014,60.41985],[32.14981,60.42032],[32.14948,60.42133],[32.14944,60.42302],[32.14929,60.42384],[32.1489,60.42459],[32.14832,60.42525],[32.14764,60.42581],[32.1466,60.42648],[32.14235,60.4284],[32.14145,60.42907],[32.14122,60.42935],[32.14111,60.42966],[32.14113,60.43044],[32.14152,60.43134],[32.14231,60.43242],[32.14295,60.43302],[32.14407,60.43382],[32.14748,60.43575],[32.1487,60.43657],[32.14977,60.43764],[32.1501,60.43821],[32.15028,60.43881],[32.15014,60.43915],[32.14995,60.43931],[32.14893,60.4397],[32.14318,60.44064],[32.1414,60.44111],[32.14042,60.44155],[32.14002,60.44183],[32.13949,60.4424],[32.13934,60.44272],[32.13928,60.44327],[32.13943,60.44375],[32.14001,60.44436],[32.14143,60.44508],[32.14392,60.44595],[32.14483,60.44639],[32.14554,60.44695],[32.14588,60.44745],[32.14598,60.44811],[32.14577,60.44874],[32.1442,60.45046],[32.14379,60.45126],[32.14384,60.45204],[32.14455,60.45384],[32.14451,60.45429],[32.14423,60.45474],[32.14395,60.45502],[32.14306,60.45548],[32.14181,60.4558],[32.13191,60.45704],[32.13034,60.4571],[32.12899,60.45703],[32.12526,60.45636],[32.12336,60.45618],[32.12111,60.45622],[32.11886,60.45653],[32.11504,60.45755],[32.10941,60.45876],[32.10616,60.45963],[32.10529,60.46001],[32.10456,60.46056],[32.10423,60.46095],[32.10346,60.46239],[32.10261,60.46314],[32.10155,60.46354],[32.10019,60.46373],[32.09789,60.46362],[32.09659,60.46337],[32.09538,60.463],[32.09363,60.46215],[32.09179,60.46067],[32.09095,60.46013],[32.08914,60.45948],[32.08781,60.45924],[32.08618,60.45909],[32.08095,60.45901]],[[32.05578,60.41678],[32.05589,60.41559],[32.05629,60.41469],[32.05705,60.41379],[32.05864,60.41238],[32.05898,60.41188],[32.06026,60.40826],[32.06033,60.4073],[32.05941,60.40505],[32.05926,60.40412],[32.05929,60.40324],[32.05975,60.40187],[32.06202,60.39785],[32.06298,60.39711],[32.06498,60.39607],[32.06562,60.39561],[32.06611,60.39512],[32.06654,60.39457],[32.06699,60.39377],[32.0678,60.39163],[32.06824,60.39075],[32.06884,60.38994],[32.06965,60.38916],[32.07075,60.3883],[32.07644,60.38437],[32.07818,60.38341],[32.08088,60.38209],[32.08119,60.38171],[32.08132,60.38139],[32.08167,60.37779],[32.0816,60.37701],[32.08138,60.37644],[32.08093,60.37584],[32.0801,60.37514],[32.07639,60.37275],[32.07523,60.37181],[32.07444,60.3709],[32.07261,60.36834],[32.07104,60.36656],[32.07068,60.36587],[32.07058,60.36418],[32.07031,60.36317],[32.06981,60.36216],[32.06855,60.36024],[32.06832,60.35968],[32.06841,60.35928],[32.06868,60.35889],[32.07035,60.35738],[32.07276,60.35554],[32.0746,60.35447],[32.07777,60.35291],[32.07881,60.35265],[32.07949,60.35269],[32.08241,60.35353],[32.08444,60.35392],[32.08669,60.35414],[32.08939,60.35422],[32.09276,60.35407],[32.10109,60.35318],[32.11144,60.3516],[32.11256,60.35165],[32.11594,60.35227],[32.11797,60.35252],[32.12021,60.35261],[32.12223,60.35252],[32.12381,60.35231],[32.1251,60.352],[32.12608,60.35163],[32.12863,60.35017],[32.12953,60.3498],[32.13058,60.34954],[32.13169,60.34945],[32.13331,60.34965],[32.13478,60.35024],[32.13543,60.35069],[32.13608,60.35136],[32.13719,60.35316],[32.13766,60.35376],[32.13851,60.35423],[32.13956,60.35451],[32.1434,60.35512],[32.14811,60.35555],[32.15652,60.35514],[32.15891,60.3548],[32.16107,60.35424],[32.16256,60.3537],[32.1656,60.35239],[32.16718,60.35191],[32.16859,60.35179],[32.17286,60.35182],[32.17556,60.35169],[32.17804,60.35137],[32.18029,60.35082],[32.18186,60.35025],[32.18426,60.34922],[32.18588,60.34843],[32.18686,60.34777],[32.18746,60.34719],[32.18781,60.34663],[32.18796,60.34596],[32.18791,60.34483],[32.18799,60.34441],[32.18859,60.34394],[32.1891,60.34375],[32.19019,60.34362],[32.19131,60.34368],[32.19223,60.34388]],[[32.1339,60.44824],[32.13321,60.44836],[32.13284,60.44859],[32.13264,60.44889],[32.13272,60.44921],[32.13324,60.44952],[32.13408,60.44965],[32.13485,60.44945],[32.13524,60.4492],[32.13527,60.44889],[32.13506,60.44857],[32.13431,60.44828],[32.1339,60.44824]],[[31.01445,60.26252],[31.01636,60.26257],[31.01809,60.26279],[31.01986,60.26321],[31.02107,60.26368],[31.02209,60.26429],[31.02298,60.26518],[31.0234,60.26605],[31.02348,60.26692]],[[32.32388,60.31104],[32.32489,60.31144],[32.32568,60.31197],[32.32612,60.31254],[32.32627,60.31322],[32.32605,60.31389],[32.32554,60.3145],[32.32478,60.31505],[32.32382,60.3155],[32.32271,60.31581],[32.32137,60.31599],[32.32022,60.31599],[32.31889,60.31582],[32.31775,60.3155],[32.3168,60.31505],[32.31608,60.31446],[32.31568,60.31378],[32.31561,60.31344],[32.31566,60.31299],[32.31606,60.3123],[32.31701,60.31157],[32.3182,60.31106],[32.31956,60.31076],[32.32114,60.31065],[32.32249,60.31074],[32.32388,60.31104]],[[31.89615,60.30348],[31.89659,60.30376],[31.89659,60.30394],[31.8963,60.30426],[31.89543,60.30452],[31.89477,60.30454],[31.89436,60.30446],[31.89379,60.30422],[31.8936,60.30388],[31.89363,60.30374],[31.89382,60.30357],[31.89448,60.3033],[31.89557,60.30331],[31.89615,60.30348]],[[31.59533,60.30116],[31.59678,60.30155],[31.59742,60.30207],[31.59767,60.30245],[31.59764,60.30289],[31.59721,60.30341],[31.59665,60.30376],[31.59591,60.30399],[31.59439,60.30411],[31.59291,60.30382],[31.59216,60.30341],[31.59181,60.30298],[31.59172,60.30264],[31.5918,60.30231],[31.59207,60.30194],[31.59256,60.3016],[31.59392,60.30119],[31.59533,60.30116]],[[31.85561,60.29113],[31.85499,60.29121],[31.85418,60.29172],[31.85404,60.29209],[31.85415,60.29258],[31.85494,60.2929],[31.85561,60.29291],[31.85614,60.29276],[31.85688,60.29221],[31.85696,60.29175],[31.85685,60.29155],[31.85624,60.29118],[31.85561,60.29113]],[[31.01445,60.24366],[31.01591,60.2437],[31.01734,60.2439],[31.01892,60.24435],[31.01999,60.24483],[31.02144,60.24578],[31.02229,60.24661],[31.02294,60.24763],[31.02313,60.24853],[31.02296,60.24943],[31.02249,60.25023],[31.0217,60.25096],[31.02069,60.25158],[31.01937,60.25209],[31.01797,60.25243],[31.01636,60.25262],[31.01445,60.25268]],[[31.12649,60.23685],[31.12764,60.23723],[31.12836,60.23763],[31.12888,60.23813],[31.12912,60.23874],[31.12901,60.23953],[31.12859,60.24025],[31.12791,60.24092],[31.12703,60.24132],[31.12616,60.24139],[31.12515,60.24133],[31.12391,60.24111],[31.12263,60.24073],[31.12165,60.24029],[31.12102,60.23988],[31.12055,60.23946],[31.12022,60.23886],[31.1202,60.23829],[31.12059,60.23764],[31.1213,60.23715],[31.12227,60.23678],[31.12324,60.2366],[31.12436,60.23655],[31.12549,60.23665],[31.12649,60.23685]],[[31.35359,60.23334],[31.35381,60.23391],[31.35382,60.23469],[31.35362,60.23549],[31.35326,60.23616],[31.35275,60.23671],[31.35203,60.23725],[31.3511,60.23771],[31.35029,60.23798],[31.34927,60.2382],[31.34801,60.23829],[31.34689,60.23822],[31.34589,60.23803],[31.3448,60.23766],[31.34404,60.23722],[31.34357,60.2368],[31.34326,60.23627],[31.34327,60.23559],[31.34375,60.23493],[31.34472,60.23437],[31.34669,60.23369],[31.34923,60.23309],[31.35139,60.23285],[31.35272,60.23288],[31.35326,60.23306],[31.35359,60.23334]],[[31.13902,60.23379],[31.13875,60.23418],[31.13809,60.23425],[31.13746,60.23414],[31.13724,60.23379],[31.13732,60.23361],[31.13755,60.23348],[31.13831,60.23337],[31.13881,60.23346],[31.13899,60.2336],[31.13902,60.23379]],[[32.50645,60.21431],[32.50746,60.21482],[32.50813,60.21546],[32.50825,60.21602],[32.50776,60.21658],[32.50665,60.21698],[32.50476,60.21708],[32.504,60.21696],[32.50362,60.21679],[32.50306,60.21651],[32.50279,60.21613],[32.5027,60.21557],[32.50288,60.21501],[32.50305,60.21472],[32.50384,60.21416],[32.50496,60.21398],[32.5058,60.2141],[32.50645,60.21431]],[[32.33339,60.21084],[32.33328,60.21111],[32.33291,60.21118],[32.33251,60.21105],[32.33224,60.21074],[32.33242,60.21057],[32.33298,60.21047],[32.33324,60.21057],[32.33339,60.21084]],[[31.29773,60.19403],[31.29941,60.19432],[31.30091,60.19485],[31.30252,60.19579],[31.3032,60.19637],[31.30365,60.19689],[31.3039,60.19734],[31.30405,60.19791],[31.30405,60.19858],[31.30391,60.19937],[31.30348,60.20044],[31.30262,60.20129],[31.3014,60.20184],[31.29941,60.20228],[31.29716,60.2024],[31.29491,60.20225],[31.29253,60.20179],[31.29089,60.20118],[31.28964,60.20042],[31.28883,60.19953],[31.28859,60.19903],[31.28849,60.19847],[31.28854,60.19791],[31.28871,60.19746],[31.28946,60.19644],[31.29066,60.19554],[31.29232,60.19477],[31.29401,60.19428],[31.29604,60.19401],[31.29773,60.19403]],[[32.34821,60.19901],[32.34837,60.19946],[32.34818,60.19982],[32.34722,60.20029],[32.3465,60.20039],[32.34548,60.20035],[32.34465,60.20002],[32.34442,60.1998],[32.34444,60.19941],[32.34483,60.19906],[32.34532,60.19882],[32.34611,60.1986],[32.34723,60.19859],[32.34821,60.19901]],[[31.49362,60.19905],[31.49433,60.19933],[31.49433,60.19957],[31.4941,60.19985],[31.49356,60.19997],[31.49302,60.19997],[31.49261,60.19983],[31.49231,60.19948],[31.49233,60.19938],[31.49324,60.19897],[31.49362,60.19905]],[[32.43262,60.18597],[32.43548,60.18702],[32.43791,60.18753],[32.44084,60.18787],[32.44466,60.18792],[32.44619,60.18811],[32.447,60.18857],[32.44716,60.18879],[32.44717,60.18902],[32.44685,60.18945],[32.44623,60.18977],[32.44549,60.18999],[32.44345,60.19033],[32.44245,60.19065],[32.44182,60.19093],[32.43959,60.19226],[32.43839,60.19275],[32.43656,60.1931],[32.43566,60.1931],[32.43476,60.19299],[32.43372,60.19268],[32.4329,60.1922],[32.43262,60.19192],[32.4322,60.19116],[32.43202,60.18949],[32.43176,60.18879],[32.43109,60.18816],[32.42931,60.18703],[32.42905,60.18654],[32.4291,60.18628],[32.4293,60.1861],[32.43011,60.18578],[32.43139,60.18574],[32.43262,60.18597]],[[32.38939,60.18913],[32.39015,60.18959],[32.39036,60.18992],[32.39036,60.19014],[32.39016,60.19048],[32.38976,60.19077],[32.38907,60.19102],[32.38796,60.19114],[32.38692,60.19101],[32.38604,60.19059],[32.38572,60.19014],[32.38576,60.18981],[32.38597,60.18949],[32.38688,60.18904],[32.38819,60.1889],[32.38939,60.18913]],[[32.34431,60.17796],[32.34364,60.17788],[32.3428,60.17802],[32.3423,60.17834],[32.34217,60.17856],[32.34217,60.17878],[32.34261,60.17925],[32.34319,60.17944],[32.34386,60.1795],[32.3448,60.1793],[32.34525,60.17889],[32.34527,60.17856],[32.34493,60.17818],[32.34431,60.17796]],[[32.34778,60.17108],[32.34798,60.17157],[32.34843,60.17205],[32.35114,60.17386],[32.35366,60.17601],[32.35442,60.17646],[32.35552,60.17689],[32.35647,60.17714],[32.35809,60.17739],[32.35894,60.17742],[32.36054,60.17729],[32.36177,60.17694],[32.36258,60.17644],[32.36302,60.17596],[32.36338,60.17529],[32.36351,60.17462],[32.36345,60.17406],[32.36312,60.17282],[32.3631,60.17226],[32.3633,60.17169],[32.36376,60.17108]],[[31.34441,60.08466],[31.34381,60.08467],[31.34356,60.08507],[31.34362,60.08527],[31.34399,60.08554],[31.34484,60.08559],[31.34572,60.08514],[31.34481,60.08467],[31.34441,60.08466]],[[31.23709,60.07764],[31.23755,60.07809],[31.23756,60.07832],[31.23744,60.07854],[31.237,60.07889],[31.23587,60.07929],[31.23484,60.0794],[31.23396,60.07932],[31.23308,60.07891],[31.23282,60.07854],[31.23283,60.07832],[31.23313,60.07792],[31.23482,60.07741],[31.23596,60.07731],[31.23678,60.07745],[31.23709,60.07764]],[[31.25099,60.06716],[31.25178,60.06759],[31.2522,60.06794],[31.25249,60.06842],[31.25252,60.06887],[31.25228,60.0693],[31.25195,60.06956],[31.25126,60.06989],[31.25036,60.07007],[31.24969,60.07011],[31.24879,60.07001],[31.24824,60.06987],[31.24752,60.06955],[31.24667,60.0689],[31.24623,60.06831],[31.24608,60.06786],[31.24613,60.06752],[31.24651,60.06709],[31.24744,60.06688],[31.24946,60.06678],[31.25031,60.06692],[31.25099,60.06716]],[[32.36421,60.17074],[32.36565,60.16986],[32.36575,60.1697],[32.36574,60.16958],[32.36557,60.16935],[32.36461,60.16864],[32.36406,60.16842],[32.36327,60.16835],[32.36079,60.16841],[32.35888,60.16836],[32.35551,60.16903],[32.35298,60.16913],[32.34933,60.17004],[32.34749,60.17074]],[[32.40607,60.16682],[32.40444,60.16662],[32.40354,60.16657],[32.40278,60.16664],[32.40129,60.16698],[32.40039,60.16709],[32.39589,60.16677],[32.39432,60.16686],[32.39173,60.16724],[32.39031,60.16758],[32.38986,60.16779],[32.38906,60.16833],[32.38796,60.16867],[32.38712,60.16881],[32.38545,60.16896],[32.38296,60.16947],[32.38209,60.16944],[32.37958,60.1688],[32.37789,60.16906],[32.37728,60.16921],[32.37614,60.16965],[32.37405,60.17023],[32.37373,60.17048],[32.3737,60.17074]]]}},{"type":"Feature","properties":{"depth_m":10,"n_lines":38},"geometry":{"type":"MultiLineString","coordinates":[[[31.35721,60.41678],[31.35726,60.41621],[31.35771,60.41549],[31.35837,60.41496],[31.36004,60.41397],[31.3607,60.41334],[31.36095,60.41286],[31.36113,60.41188],[31.36164,60.41131],[31.36282,60.41094],[31.36715,60.41046],[31.36804,60.41043],[31.37029,60.41052],[31.37266,60.41044],[31.37357,60.41067],[31.37392,60.41109],[31.37418,60.41211],[31.37445,60.41273],[31.37533,60.41364],[31.37664,60.41469],[31.37723,60.41536],[31.37752,60.41604],[31.37758,60.41678]],[[32.72335,60.85012],[32.72339,60.84966],[32.72374,60.84931],[32.72533,60.8488],[32.7272,60.84874],[32.72996,60.84898],[32.73084,60.84885],[32.73171,60.84842],[32.73222,60.84782],[32.73251,60.84729],[32.73345,60.84474],[32.73384,60.84332],[32.73418,60.84281],[32.7353,60.84161],[32.73555,60.84118],[32.73561,60.84062],[32.73522,60.83981],[32.73521,60.83929],[32.73568,60.83884],[32.73644,60.83849],[32.73761,60.83822],[32.73896,60.83812],[32.74009,60.8382],[32.74099,60.83843],[32.7416,60.83885],[32.74185,60.83916],[32.74243,60.84029],[32.74332,60.84165],[32.7443,60.84286],[32.74517,60.84348],[32.74601,60.84385],[32.74661,60.84399],[32.74796,60.8441],[32.74915,60.84389],[32.74998,60.84349],[32.75144,60.84246],[32.75224,60.84233],[32.75308,60.84242],[32.75511,60.84292],[32.75629,60.84308],[32.75741,60.84313],[32.75862,60.84297],[32.75964,60.84246],[32.75987,60.84197],[32.75976,60.84154],[32.75951,60.84118],[32.75871,60.84059],[32.75716,60.8398],[32.75685,60.83932],[32.75768,60.83887],[32.76057,60.83799],[32.76817,60.83661],[32.76955,60.8362],[32.77017,60.83556],[32.77034,60.83435],[32.77064,60.83364],[32.7712,60.833],[32.77226,60.83218],[32.77288,60.83154],[32.77315,60.83115],[32.77391,60.82939],[32.77489,60.82854],[32.77647,60.82801],[32.77879,60.82777],[32.78149,60.82789],[32.78599,60.82863],[32.78728,60.82852],[32.78759,60.82821],[32.78763,60.82791],[32.7875,60.8275],[32.78583,60.8258],[32.78556,60.82538],[32.78547,60.82487],[32.78556,60.82448],[32.78584,60.82405],[32.78735,60.82262],[32.78762,60.82225],[32.78803,60.82138],[32.78805,60.82059],[32.78723,60.81789],[32.78697,60.81733],[32.78657,60.81679],[32.78493,60.81554],[32.78472,60.81499],[32.78518,60.81429],[32.78722,60.8124],[32.78785,60.81192],[32.7891,60.81133],[32.79149,60.81055],[32.79207,60.81023],[32.79253,60.80979],[32.79282,60.80937],[32.79291,60.80901],[32.79272,60.80619],[32.79298,60.80517],[32.79329,60.80474],[32.79386,60.80427],[32.79561,60.80335],[32.79605,60.80282],[32.79611,60.80237],[32.79577,60.80159],[32.79457,60.79972],[32.79378,60.79878],[32.79302,60.79832],[32.79192,60.79793],[32.79009,60.79752],[32.78657,60.79611],[32.7819,60.79487],[32.78078,60.79435],[32.7802,60.7939],[32.77998,60.79359],[32.77986,60.79303],[32.78011,60.79253],[32.78079,60.79206],[32.78149,60.79181],[32.78329,60.79147],[32.7885,60.7911],[32.79038,60.79076],[32.79162,60.79023],[32.79204,60.78988],[32.79223,60.78932],[32.79219,60.78887],[32.79186,60.78774],[32.79189,60.78703],[32.79226,60.78639],[32.79329,60.78527],[32.79352,60.78471],[32.79345,60.78426],[32.79311,60.78359],[32.7927,60.78308],[32.79209,60.78257],[32.79066,60.78176],[32.78669,60.78005],[32.78534,60.77917],[32.78431,60.77807],[32.78284,60.77595],[32.78207,60.77526],[32.78009,60.77414],[32.77978,60.77368],[32.77975,60.77334],[32.78,60.7728],[32.78037,60.77242],[32.78116,60.77191],[32.78216,60.77151],[32.78374,60.77124],[32.78689,60.77115],[32.78902,60.77094],[32.79376,60.77003],[32.79479,60.76956],[32.79538,60.76898],[32.79556,60.76858],[32.79499,60.76844],[32.79454,60.76844],[32.79196,60.76913],[32.79004,60.76939],[32.78801,60.76937],[32.78441,60.76901],[32.78377,60.76907],[32.78204,60.76962],[32.78081,60.76967],[32.77959,60.76951],[32.77846,60.76922],[32.7778,60.76894],[32.77667,60.76819],[32.77493,60.7656],[32.7747,60.76512],[32.77467,60.76479],[32.7749,60.76424],[32.77526,60.76378],[32.77753,60.76171],[32.77839,60.76118],[32.77929,60.76092],[32.78307,60.763],[32.784,60.76342],[32.78509,60.76342],[32.78711,60.76304],[32.78846,60.76292],[32.79004,60.76302],[32.79251,60.7635],[32.79308,60.76337],[32.79313,60.76321],[32.79286,60.76282],[32.7894,60.76207],[32.78825,60.76174],[32.78739,60.76131],[32.78696,60.76074],[32.78687,60.75996],[32.78716,60.75929],[32.78815,60.75804],[32.78813,60.75759],[32.7874,60.75702],[32.78574,60.75628],[32.78396,60.7553],[32.78283,60.75513],[32.78142,60.75564],[32.78054,60.75624],[32.78031,60.75655],[32.78008,60.75726],[32.7799,60.75741],[32.77931,60.75747],[32.77842,60.75703],[32.77614,60.75354],[32.77584,60.75276],[32.77569,60.75174],[32.77585,60.75115],[32.77651,60.75054],[32.77789,60.74996],[32.77948,60.74969],[32.78095,60.74982],[32.78204,60.75012],[32.78483,60.75156],[32.78599,60.75167],[32.79022,60.75156],[32.78974,60.75111],[32.78751,60.75002],[32.78641,60.74924],[32.78587,60.74871],[32.78478,60.74701],[32.78343,60.74589],[32.78325,60.74556],[32.78327,60.74522],[32.78408,60.74398],[32.78426,60.74319],[32.78416,60.74286],[32.78391,60.74249],[32.78329,60.74234],[32.78287,60.74234],[32.78211,60.74262],[32.78011,60.74394],[32.77968,60.74443],[32.77916,60.74556],[32.77842,60.74614],[32.77741,60.74656],[32.77493,60.74711],[32.77391,60.74749],[32.77311,60.74805],[32.77244,60.74871],[32.77208,60.74932],[32.77214,60.75055],[32.77194,60.75096],[32.77125,60.75157],[32.76932,60.75286],[32.7687,60.7535],[32.76832,60.75422],[32.76825,60.75478],[32.76838,60.75534],[32.76936,60.75726],[32.76937,60.75771],[32.76917,60.75827],[32.76878,60.75879],[32.76829,60.7592],[32.76596,60.76063],[32.76511,60.7614],[32.76458,60.76232],[32.76439,60.76367],[32.76413,60.76419],[32.76044,60.76552],[32.75899,60.76588],[32.75782,60.76603],[32.75629,60.76606],[32.75449,60.76589],[32.75311,60.7656],[32.75179,60.76512],[32.75092,60.76457],[32.75054,60.76418],[32.75045,60.76389],[32.75046,60.76325],[32.75104,60.76187],[32.7511,60.76108],[32.75087,60.76029],[32.74994,60.75849],[32.74972,60.75782],[32.74976,60.75737],[32.75002,60.75692],[32.75047,60.75649],[32.75104,60.75621],[32.75588,60.75468],[32.7599,60.75294],[32.76211,60.75147],[32.76493,60.75067],[32.76585,60.75022],[32.76642,60.74972],[32.76763,60.74793],[32.7686,60.74725],[32.77114,60.74583],[32.77269,60.74445],[32.77398,60.74349],[32.77445,60.74286],[32.77483,60.74165],[32.77548,60.74075],[32.7766,60.73981],[32.77809,60.73881],[32.779,60.73803],[32.78025,60.73662],[32.78263,60.73364],[32.7836,60.73266],[32.78568,60.73089],[32.78592,60.73059],[32.78605,60.73014],[32.7859,60.72988],[32.78373,60.72866],[32.78299,60.72815],[32.78241,60.72756],[32.78176,60.72643],[32.78131,60.72593],[32.77934,60.72458],[32.77829,60.72368],[32.77754,60.72278],[32.777,60.72182],[32.77669,60.72097],[32.77654,60.72013],[32.77652,60.71923],[32.77667,60.71833],[32.77698,60.71743],[32.77742,60.71655],[32.77873,60.71472],[32.78061,60.71281],[32.78255,60.71139],[32.78658,60.7092],[32.79288,60.70658],[32.79647,60.7042],[32.79734,60.70387],[32.79811,60.70381],[32.79901,60.70392],[32.80012,60.7043],[32.80068,60.70438],[32.80124,60.70436],[32.80169,60.70418],[32.80189,60.70401],[32.80196,60.7038],[32.80199,60.70258],[32.8021,60.70213],[32.80236,60.70169],[32.80288,60.70117],[32.80358,60.7007],[32.80625,60.69934],[32.81273,60.6954],[32.81601,60.6936],[32.81804,60.69182],[32.81897,60.69129],[32.82251,60.69024],[32.82614,60.68812],[32.82976,60.68633],[32.83511,60.68405],[32.83939,60.68272],[32.84016,60.68232],[32.84072,60.68183],[32.84091,60.68143],[32.84091,60.68109],[32.84076,60.68078],[32.84041,60.68047],[32.83947,60.68009],[32.83636,60.67957],[32.83511,60.67914],[32.8347,60.67873],[32.83454,60.67839],[32.83462,60.67806],[32.83503,60.67765],[32.83594,60.67727],[32.83885,60.67664],[32.8431,60.67551],[32.84494,60.67534],[32.84831,60.67536],[32.84966,60.67526],[32.85148,60.6749],[32.85316,60.67432],[32.85565,60.6731],[32.85768,60.67194],[32.85888,60.67105],[32.86036,60.66968],[32.86133,60.66901],[32.86277,60.66838],[32.86671,60.66699],[32.86759,60.66654],[32.8687,60.66574],[32.86918,60.66523],[32.8693,60.66478],[32.86906,60.66422],[32.86834,60.66345],[32.86798,60.66287],[32.86801,60.66242],[32.8684,60.66201],[32.86983,60.66157],[32.8741,60.66079],[32.8786,60.65944],[32.88251,60.65855],[32.88459,60.65795],[32.88656,60.65712],[32.88716,60.65658],[32.88735,60.65615],[32.88706,60.65567],[32.88642,60.6552],[32.8854,60.65482],[32.88302,60.65433],[32.88094,60.65412],[32.87846,60.654],[32.87216,60.65405],[32.86777,60.6539],[32.86631,60.6537],[32.86521,60.65345],[32.86442,60.65305],[32.86392,60.6526],[32.8638,60.65207],[32.86389,60.65161],[32.86417,60.65125],[32.8648,60.65076],[32.86664,60.64996],[32.87105,60.6485],[32.87248,60.64794],[32.87304,60.64766],[32.87374,60.64709],[32.87395,60.64674],[32.87392,60.64627],[32.87365,60.64585],[32.87295,60.64526],[32.86934,60.64358],[32.86861,60.64302],[32.86838,60.64274],[32.86825,60.64239],[32.86825,60.64183],[32.86844,60.6413],[32.87101,60.63825],[32.87147,60.63744],[32.87165,60.63688],[32.87168,60.63643],[32.87156,60.63598],[32.87121,60.63544],[32.87012,60.63469],[32.86849,60.63395],[32.86474,60.6328],[32.86124,60.63153],[32.85765,60.63053],[32.85676,60.63018],[32.85579,60.62965],[32.85533,60.62901],[32.85519,60.62822],[32.85542,60.62631],[32.85552,60.62406],[32.85534,60.62158],[32.85545,60.62079],[32.85568,60.62025],[32.85621,60.61977],[32.85786,60.61903],[32.85951,60.61795],[32.8619,60.61693],[32.86243,60.61659],[32.86261,60.61618],[32.86249,60.61584],[32.86224,60.61557],[32.86158,60.61522],[32.86069,60.61497],[32.85969,60.61475],[32.85665,60.61434],[32.85259,60.61407],[32.85133,60.61388],[32.84999,60.61345],[32.84928,60.61306],[32.849,60.61281],[32.84884,60.61236],[32.84899,60.61191],[32.84974,60.61087],[32.85051,60.61004],[32.85149,60.60955],[32.85394,60.60921],[32.85495,60.60893],[32.85517,60.60855],[32.85513,60.60841],[32.85416,60.60799],[32.85101,60.60789],[32.8479,60.60711],[32.84493,60.60654],[32.84269,60.60632],[32.83751,60.60603],[32.83607,60.60582],[32.8356,60.60567],[32.83505,60.60543],[32.8347,60.60516],[32.83373,60.60414],[32.83335,60.60353],[32.83336,60.60267],[32.83395,60.60099],[32.8339,60.60054],[32.83376,60.60021],[32.83308,60.5994],[32.83252,60.59894],[32.83169,60.59846],[32.83064,60.59804],[32.82694,60.59701],[32.82364,60.59583],[32.81832,60.59362],[32.81625,60.5926],[32.81501,60.59214],[32.81051,60.59108],[32.80691,60.59066],[32.80559,60.59042],[32.79928,60.58861],[32.79688,60.5878],[32.79462,60.58688],[32.79285,60.58598],[32.79145,60.58503],[32.78927,60.58325],[32.78755,60.58204],[32.78664,60.58167],[32.78599,60.58153],[32.78474,60.58147],[32.78418,60.58156],[32.78197,60.58234],[32.7814,60.58243],[32.77932,60.58238],[32.77634,60.58164],[32.77578,60.58146],[32.77398,60.58057],[32.77316,60.58037],[32.77159,60.58026],[32.76754,60.58036],[32.76599,60.58023],[32.76461,60.57993],[32.7607,60.57874],[32.75854,60.57841],[32.75741,60.57841],[32.75629,60.57852],[32.7551,60.5788],[32.75245,60.57972],[32.75134,60.57984],[32.75052,60.57978],[32.7496,60.57945],[32.74798,60.57829],[32.74704,60.57786],[32.74424,60.57709],[32.74003,60.57546],[32.73861,60.57519],[32.73711,60.5752],[32.73334,60.57556],[32.73086,60.57565],[32.72344,60.57532],[32.72164,60.57532],[32.71984,60.57549],[32.71634,60.57607],[32.71534,60.57612],[32.71357,60.57608],[32.71016,60.57576],[32.70915,60.57562],[32.70741,60.57514],[32.70003,60.57161],[32.69854,60.57101],[32.69689,60.57052],[32.6928,60.56968],[32.68751,60.56886],[32.68496,60.56865],[32.68249,60.5687],[32.68137,60.56892],[32.68028,60.56928],[32.676,60.57122],[32.67343,60.57219],[32.67209,60.57256],[32.67056,60.57264],[32.66674,60.57217],[32.66404,60.57203],[32.66201,60.57216],[32.65991,60.57259],[32.6561,60.57399],[32.65224,60.57563],[32.64516,60.57917],[32.64344,60.57967],[32.64087,60.58017],[32.63978,60.58053],[32.63874,60.58103],[32.63641,60.58254],[32.635,60.58335],[32.63263,60.58507],[32.63162,60.5855],[32.6289,60.58638],[32.62808,60.58685],[32.62628,60.58819],[32.62499,60.58897],[32.62087,60.59086],[32.61898,60.59184],[32.61773,60.59266],[32.6159,60.59424],[32.61477,60.59501],[32.61095,60.59671],[32.60756,60.59789],[32.60648,60.59836],[32.6054,60.59902],[32.60293,60.60082],[32.60035,60.6022],[32.59782,60.60325],[32.59448,60.60446],[32.59339,60.60476],[32.59204,60.60483],[32.58933,60.60431],[32.58832,60.6044],[32.58722,60.60476],[32.58706,60.60504],[32.58812,60.60662],[32.58821,60.60718],[32.588,60.60762],[32.58762,60.608],[32.5867,60.60845],[32.58529,60.60881],[32.58394,60.6088],[32.58296,60.60852],[32.5821,60.60807],[32.5818,60.60763],[32.5818,60.60741],[32.58196,60.6071],[32.58254,60.60661],[32.5858,60.60506],[32.58639,60.60487],[32.58655,60.60471],[32.58654,60.60392],[32.58672,60.6035],[32.58713,60.60301],[32.58711,60.60257],[32.58676,60.60217],[32.58587,60.6018],[32.58486,60.60166],[32.58413,60.60176],[32.58239,60.60261],[32.58053,60.60327],[32.57928,60.60396],[32.57757,60.6047],[32.57712,60.60504],[32.57618,60.60635],[32.57532,60.60691],[32.57492,60.60708],[32.57282,60.60757],[32.57271,60.60774],[32.57273,60.60842],[32.57262,60.60864],[32.57055,60.61073],[32.56979,60.61137],[32.56951,60.61148],[32.56841,60.61153],[32.56639,60.61105],[32.56526,60.61098],[32.56411,60.61112],[32.56189,60.61178],[32.56081,60.61182],[32.56057,60.61175],[32.5592,60.61072],[32.55828,60.61019],[32.5569,60.60964],[32.55428,60.60894],[32.55374,60.60853],[32.55364,60.60831],[32.55371,60.60797],[32.55433,60.60711],[32.55886,60.60308],[32.56101,60.60131],[32.56272,60.59951],[32.56351,60.59829],[32.56402,60.59649],[32.56433,60.59595],[32.56508,60.59535],[32.56724,60.59418],[32.56815,60.59334],[32.56857,60.59267],[32.56888,60.59187],[32.56908,60.59098],[32.56921,60.58929],[32.56963,60.58848],[32.57141,60.58686],[32.57367,60.58536],[32.57507,60.58419],[32.57688,60.58287],[32.57753,60.58209],[32.57776,60.5815],[32.57776,60.58098],[32.57713,60.57849],[32.57713,60.57793],[32.57743,60.57726],[32.57883,60.57521],[32.57927,60.57411],[32.57916,60.57298],[32.57864,60.57165],[32.57785,60.57128],[32.57741,60.57126],[32.57682,60.57138],[32.57623,60.57169],[32.5753,60.57248],[32.57453,60.57294],[32.57332,60.57341],[32.57269,60.57355],[32.57225,60.57356],[32.57168,60.57339],[32.57154,60.57321],[32.57156,60.57298],[32.57196,60.57186],[32.57232,60.57133],[32.57334,60.57029],[32.5737,60.56938],[32.57399,60.56895],[32.57569,60.5675],[32.57747,60.56556],[32.57867,60.56387],[32.58006,60.56218],[32.58042,60.56153],[32.5805,60.56073],[32.58027,60.55982],[32.57985,60.55892],[32.57957,60.55849],[32.57836,60.55722],[32.57806,60.55667],[32.57807,60.55611],[32.57866,60.55493],[32.57862,60.55451],[32.57846,60.55419],[32.57793,60.55357],[32.57688,60.55266],[32.57649,60.55217],[32.57621,60.55161],[32.57593,60.55034],[32.57536,60.5499],[32.57318,60.54918],[32.5728,60.54846],[32.57282,60.54789],[32.57312,60.54727],[32.57506,60.54548],[32.57528,60.54508],[32.57543,60.54261],[32.57574,60.54183],[32.57669,60.54024],[32.57678,60.53979],[32.57668,60.53946],[32.57641,60.53914],[32.57584,60.53877],[32.57421,60.53808],[32.57322,60.53783],[32.57089,60.53773],[32.57042,60.5376],[32.57028,60.53741],[32.57031,60.53721],[32.57078,60.53651],[32.57088,60.53619],[32.57087,60.53574],[32.57073,60.53545],[32.57037,60.53513],[32.56775,60.53426],[32.56706,60.53378],[32.56685,60.53344],[32.56691,60.53284],[32.56814,60.53156],[32.56828,60.53113],[32.56794,60.53059],[32.56594,60.52933],[32.56581,60.52888],[32.56604,60.52836],[32.56741,60.52686],[32.56784,60.52611],[32.56789,60.52565],[32.56424,60.52518],[32.56231,60.52463],[32.56072,60.5238],[32.55866,60.52216],[32.55752,60.52148],[32.55609,60.52087],[32.55349,60.52013],[32.55305,60.51976],[32.55288,60.51932],[32.5529,60.51853],[32.55344,60.51567],[32.55365,60.51504],[32.5539,60.51471],[32.55429,60.51438],[32.55635,60.51407],[32.55787,60.5135],[32.56061,60.51154],[32.56086,60.51121],[32.5609,60.51077],[32.56074,60.50954],[32.56059,60.50907],[32.55852,60.50824],[32.55795,60.50767],[32.55783,60.50728],[32.55782,60.50661],[32.55803,60.50599],[32.55837,60.50548],[32.55921,60.50458],[32.55938,60.50424],[32.55935,60.50402],[32.55799,60.50265],[32.55547,60.49953],[32.55435,60.49732],[32.55258,60.4955],[32.55206,60.49479],[32.55195,60.49434],[32.55217,60.49411],[32.55268,60.49397],[32.55408,60.49362],[32.55514,60.49348],[32.55621,60.49358],[32.55851,60.4941],[32.55963,60.49402],[32.5606,60.4937],[32.56158,60.49323],[32.56244,60.49248],[32.56255,60.49199],[32.5624,60.49154],[32.56203,60.49109],[32.55942,60.48881],[32.55793,60.48701],[32.55737,60.4865],[32.55635,60.48591],[32.55344,60.48473],[32.55207,60.48399],[32.55127,60.48341],[32.55043,60.48264],[32.55005,60.48219],[32.54999,60.48186],[32.55034,60.48142],[32.55168,60.48058],[32.55249,60.48019],[32.55379,60.47991],[32.55671,60.47951],[32.55796,60.47903],[32.55981,60.47755],[32.56172,60.47626],[32.56198,60.47578],[32.56193,60.47533],[32.56158,60.47481],[32.56084,60.47431],[32.55791,60.47306],[32.55747,60.47274],[32.55716,60.4725],[32.55618,60.47117],[32.5557,60.47071],[32.55437,60.46968],[32.55348,60.46913],[32.55311,60.46909],[32.55255,60.46919],[32.55126,60.46991],[32.54988,60.47047],[32.54883,60.47075],[32.54794,60.47083],[32.54712,60.47075],[32.54606,60.47039],[32.54533,60.46989],[32.54505,60.46948],[32.54495,60.46903],[32.54529,60.46844],[32.54598,60.468],[32.54657,60.46778],[32.54816,60.46743],[32.55154,60.46702],[32.55257,60.46676],[32.55324,60.46611],[32.55435,60.46448],[32.55506,60.46396],[32.55704,60.46278],[32.55778,60.4621],[32.55827,60.46127],[32.55873,60.45915],[32.55915,60.45846],[32.55996,60.4578],[32.56244,60.45648],[32.56308,60.45587],[32.56333,60.45544],[32.56345,60.45486],[32.56331,60.45267],[32.56346,60.45225],[32.56388,60.45171],[32.56421,60.45138],[32.56528,60.45079],[32.56967,60.44918],[32.57052,60.44868],[32.57113,60.44799],[32.5714,60.44735],[32.57159,60.44563],[32.57192,60.44473],[32.57239,60.44403],[32.57506,60.44108],[32.57623,60.43899],[32.57636,60.43843],[32.57638,60.43787],[32.57594,60.43527],[32.57597,60.43478],[32.57619,60.43416],[32.57687,60.43315],[32.57884,60.43118],[32.57956,60.43029],[32.58151,60.4266],[32.58192,60.42561],[32.58208,60.42471],[32.58236,60.42178],[32.58235,60.42054],[32.58219,60.41931],[32.58194,60.41829],[32.58152,60.41729],[32.57986,60.41458],[32.57967,60.41402],[32.57961,60.41346],[32.57972,60.41278],[32.58006,60.41199],[32.58145,60.41011],[32.58184,60.40941],[32.58206,60.40851],[32.58205,60.40749],[32.58186,60.40671],[32.58147,60.40597],[32.57964,60.4041],[32.57924,60.40344],[32.5786,60.40198],[32.57779,60.40098],[32.57636,60.40017],[32.57341,60.39912],[32.57236,60.39865],[32.57128,60.39795],[32.56965,60.39653],[32.56882,60.39606],[32.56688,60.39523],[32.56509,60.39429],[32.56347,60.39379],[32.5617,60.39378],[32.55829,60.39415],[32.55356,60.39415],[32.55169,60.39429],[32.5506,60.39462],[32.55003,60.39493],[32.54965,60.39525],[32.54888,60.39646],[32.54865,60.39669],[32.54815,60.39706],[32.54726,60.39727],[32.54636,60.39723],[32.54453,60.39696],[32.54347,60.39694],[32.53939,60.39738],[32.53463,60.39744],[32.53264,60.39768],[32.53182,60.39787],[32.53099,60.39835],[32.52907,60.40051],[32.52832,60.4009],[32.52749,60.40091],[32.52464,60.39938],[32.52376,60.39877],[32.52294,60.39787],[32.5225,60.39692],[32.52253,60.39624],[32.52287,60.39575],[32.52376,60.39526],[32.52549,60.39467],[32.52582,60.39432],[32.52586,60.39411],[32.52577,60.39382],[32.52554,60.39369],[32.52479,60.39367],[32.52319,60.39408],[32.52229,60.39409],[32.52117,60.39378],[32.52076,60.39341],[32.52067,60.39309],[32.52079,60.39242],[32.52113,60.39166],[32.5215,60.39119],[32.52203,60.39072],[32.52553,60.38897],[32.52645,60.38843],[32.527,60.38792],[32.52723,60.38758],[32.52725,60.38724],[32.52703,60.38691],[32.52656,60.38652],[32.52556,60.38617],[32.5238,60.38619],[32.52286,60.38663],[32.52195,60.38797],[32.52118,60.38856],[32.52004,60.38882],[32.51897,60.38864],[32.51841,60.38838],[32.5181,60.38812],[32.51776,60.38769],[32.51761,60.38724],[32.5177,60.38691],[32.51794,60.38658],[32.51838,60.3862],[32.51921,60.3857],[32.51966,60.38522],[32.51966,60.38466],[32.51925,60.38392],[32.51804,60.38305],[32.51646,60.38232],[32.51509,60.38195],[32.51351,60.3818],[32.51104,60.38193],[32.50811,60.38233],[32.50471,60.38264],[32.50243,60.383],[32.50115,60.38345],[32.49942,60.3848],[32.49793,60.38542],[32.49619,60.3857],[32.49349,60.38566],[32.49297,60.3855],[32.49266,60.38521],[32.49241,60.38477],[32.4923,60.38432],[32.49236,60.38331],[32.49296,60.38218],[32.49285,60.38175],[32.49248,60.38161],[32.49101,60.38151],[32.49023,60.38136],[32.48949,60.38106],[32.4889,60.38038],[32.48884,60.37993],[32.48905,60.37948],[32.48956,60.37898],[32.49012,60.37873],[32.4913,60.37843],[32.49435,60.37821],[32.49497,60.37802],[32.49585,60.37731],[32.49605,60.37667],[32.49623,60.37442],[32.49678,60.37272],[32.49737,60.37161],[32.49808,60.37059],[32.50044,60.36823],[32.5012,60.3672],[32.5014,60.36643],[32.5014,60.36486],[32.50157,60.36441],[32.50214,60.36351],[32.50224,60.36284],[32.5021,60.36239],[32.50118,60.36097],[32.50038,60.35903],[32.50019,60.35881],[32.49932,60.3585],[32.49709,60.35853],[32.4956,60.35837],[32.49468,60.35807],[32.49416,60.35777],[32.49391,60.35749],[32.49369,60.35698],[32.49367,60.35653],[32.49406,60.35525],[32.4948,60.35446],[32.49592,60.35378],[32.49541,60.35332],[32.49416,60.35297],[32.49304,60.3529],[32.48876,60.35349],[32.48719,60.35352],[32.48604,60.35331],[32.48572,60.35313],[32.48526,60.35271],[32.48525,60.35226],[32.48642,60.35091],[32.48706,60.34989],[32.48869,60.34626],[32.48935,60.3452],[32.49152,60.3429],[32.49281,60.34089],[32.49337,60.3402],[32.49414,60.33949],[32.49636,60.33786],[32.49724,60.33707],[32.4978,60.33625],[32.49845,60.33478],[32.49977,60.33301],[32.50083,60.33223],[32.50214,60.33159],[32.50398,60.33096],[32.50834,60.32972],[32.50971,60.32905],[32.51024,60.32857],[32.51198,60.32665],[32.51338,60.32492],[32.51414,60.32357],[32.51491,60.32142],[32.51562,60.32043],[32.51673,60.31964],[32.52494,60.31509],[32.52636,60.31413],[32.5273,60.31323],[32.52753,60.31276],[32.52764,60.31221],[32.52722,60.31029],[32.52727,60.30951],[32.52837,60.30714],[32.52877,60.30444],[32.52911,60.30379],[32.53003,60.30245],[32.53032,60.30174],[32.53049,60.30073],[32.5304,60.29938],[32.53023,60.29859],[32.52999,60.29804],[32.52914,60.29709],[32.52824,60.29652],[32.52553,60.29529],[32.52466,60.29471],[32.52431,60.29409],[32.52432,60.29387],[32.52453,60.29349],[32.52566,60.29317],[32.52679,60.29321],[32.52823,60.29348],[32.53154,60.2945],[32.53264,60.29466],[32.53376,60.29469],[32.5353,60.2945],[32.5364,60.29414],[32.53728,60.29353],[32.53748,60.29297],[32.53742,60.29254],[32.53709,60.29205],[32.53639,60.29145],[32.53407,60.28994],[32.5336,60.28946],[32.53226,60.28769],[32.53182,60.28732],[32.53119,60.28698],[32.53014,60.28669],[32.52904,60.28664],[32.52746,60.28684],[32.52571,60.28722],[32.52431,60.2873],[32.52352,60.28721],[32.52278,60.28678],[32.52291,60.28633],[32.52387,60.28585],[32.52589,60.28549],[32.52903,60.28512],[32.53083,60.28475],[32.53188,60.28442],[32.53272,60.28399],[32.53455,60.28267],[32.53718,60.28125],[32.53777,60.28059],[32.53784,60.28026],[32.53778,60.28003],[32.5373,60.27947],[32.5356,60.27857],[32.53479,60.27801],[32.53455,60.27773],[32.53414,60.27643],[32.53372,60.27589],[32.53326,60.27552],[32.53182,60.27471],[32.52907,60.2737],[32.52838,60.27311],[32.52773,60.27159],[32.52767,60.27114],[32.52778,60.27081],[32.52807,60.27044],[32.52847,60.27016],[32.53098,60.26876],[32.53179,60.26819],[32.53224,60.26754],[32.53225,60.26721],[32.53211,60.26689],[32.53168,60.26647],[32.52915,60.26513],[32.52842,60.26459],[32.52566,60.26192],[32.52459,60.2611],[32.52293,60.26015],[32.52101,60.25923],[32.51981,60.25852],[32.51861,60.25745],[32.51743,60.25614],[32.51654,60.25479],[32.51616,60.25371],[32.51618,60.25281],[32.51676,60.25101],[32.51674,60.25056],[32.51653,60.25001],[32.51562,60.24908],[32.51302,60.24749],[32.51074,60.24538],[32.50829,60.24404],[32.50754,60.24353],[32.50712,60.24302],[32.50665,60.24217],[32.50637,60.24088],[32.506,60.23999],[32.50531,60.23886],[32.50392,60.23703],[32.50318,60.23559],[32.50312,60.23469],[32.50362,60.23323],[32.50375,60.23256],[32.50371,60.23188],[32.50355,60.23132],[32.50325,60.23076],[32.50279,60.23019],[32.50209,60.2296],[32.50131,60.2291],[32.49944,60.22823],[32.49835,60.22787],[32.49261,60.22645],[32.48947,60.22556],[32.48809,60.22527],[32.48629,60.22518],[32.48224,60.22579],[32.47619,60.226],[32.47532,60.22595],[32.47421,60.22569],[32.47372,60.22548],[32.47327,60.22512],[32.47315,60.22468],[32.47324,60.22434],[32.47333,60.22414],[32.47387,60.2237],[32.47507,60.22305],[32.47786,60.22193],[32.47826,60.22164],[32.47853,60.22131],[32.47851,60.2211],[32.47793,60.22085],[32.47684,60.22086],[32.47414,60.22119],[32.47009,60.22097],[32.46808,60.22105],[32.46673,60.22141],[32.46586,60.22183],[32.46376,60.22365],[32.46268,60.2242],[32.46176,60.2244],[32.46086,60.22446],[32.45997,60.22437],[32.45902,60.22413],[32.45637,60.22279],[32.45433,60.22195],[32.45352,60.22151],[32.45105,60.2193],[32.44997,60.21861],[32.44811,60.21789],[32.44475,60.21698],[32.44371,60.21646],[32.44321,60.21601],[32.44283,60.21552],[32.44194,60.21236],[32.44135,60.21141],[32.44071,60.21069],[32.43918,60.20959],[32.43384,60.20655],[32.43272,60.20622],[32.42938,60.20568],[32.42796,60.2052],[32.42742,60.20484],[32.42721,60.20432],[32.42762,60.20297],[32.42752,60.20221],[32.42705,60.20183],[32.42654,60.20161],[32.42576,60.20154],[32.42471,60.20161],[32.42285,60.20207],[32.42194,60.20253],[32.42127,60.20331],[32.42119,60.20364],[32.42126,60.20398],[32.42223,60.20544],[32.42228,60.20578],[32.42218,60.20619],[32.42188,60.2067],[32.42141,60.2072],[32.41892,60.20904],[32.41861,60.20949],[32.41854,60.20994],[32.41865,60.21039],[32.41895,60.21096],[32.42121,60.21377],[32.42149,60.21433],[32.42153,60.21478],[32.42122,60.21528],[32.4204,60.21573],[32.41969,60.21582],[32.41914,60.21576],[32.41841,60.21543],[32.41787,60.21478],[32.41755,60.21385],[32.41717,60.21174],[32.41679,60.21113],[32.41616,60.21054],[32.41288,60.20893],[32.4102,60.20735],[32.40947,60.20706],[32.40612,60.20617],[32.40305,60.20488],[32.39967,60.20386],[32.39875,60.20344],[32.39853,60.20324],[32.3981,60.20252],[32.39797,60.20162],[32.39811,60.20083],[32.39878,60.19869],[32.39881,60.19779],[32.39862,60.19722],[32.39779,60.19584],[32.39751,60.19509],[32.39745,60.19442],[32.39763,60.19307],[32.39752,60.19239],[32.39689,60.19148],[32.39621,60.19114],[32.39573,60.19114],[32.39399,60.19177],[32.39111,60.19238],[32.38795,60.19332],[32.38684,60.19347],[32.38549,60.19346],[32.38422,60.19325],[32.38327,60.19293],[32.38248,60.19251],[32.38068,60.19128],[32.37793,60.18962],[32.37711,60.18932],[32.37649,60.18936],[32.37524,60.18982],[32.37395,60.19071],[32.37299,60.19172],[32.37126,60.19408],[32.37075,60.19458],[32.36981,60.19521],[32.36811,60.19585],[32.36345,60.19668],[32.36157,60.19745],[32.3607,60.19801],[32.35969,60.19894],[32.35703,60.20264],[32.35594,60.20387],[32.35502,60.20466],[32.35225,60.20668],[32.35147,60.20747],[32.3494,60.20992],[32.34556,60.21306],[32.3449,60.21411],[32.34454,60.21557],[32.34424,60.21624],[32.34368,60.21693],[32.34212,60.21833],[32.34167,60.21884],[32.34123,60.21962],[32.34079,60.22108],[32.34014,60.22192],[32.33914,60.22255],[32.33744,60.22327],[32.33012,60.22545],[32.32554,60.22722],[32.32142,60.22831],[32.31958,60.22895],[32.31857,60.2296],[32.31709,60.23166],[32.31647,60.23225],[32.3158,60.23271],[32.31419,60.23346],[32.31044,60.23484],[32.30945,60.23539],[32.30885,60.23589],[32.30843,60.23649],[32.30828,60.23717],[32.30846,60.23796],[32.30917,60.23919],[32.30936,60.23976],[32.30931,60.24043],[32.30899,60.24099],[32.30828,60.24168],[32.30731,60.24234],[32.30055,60.24623],[32.29956,60.24707],[32.29907,60.24786],[32.29903,60.24853],[32.29953,60.24948],[32.30054,60.25073],[32.30203,60.25236],[32.30264,60.25337],[32.30278,60.25404],[32.3027,60.25461],[32.3024,60.25526],[32.30192,60.25572],[32.30134,60.25609],[32.30036,60.25648],[32.29841,60.25692],[32.29661,60.25712],[32.29102,60.2575],[32.28524,60.2583],[32.28358,60.25887],[32.28283,60.25944],[32.28253,60.25986],[32.28248,60.26065],[32.28325,60.26248],[32.28357,60.26451],[32.28377,60.26518],[32.28433,60.26606],[32.28667,60.26811],[32.28706,60.26871],[32.28716,60.26912],[32.28718,60.26968],[32.287,60.27043],[32.28619,60.2724],[32.28565,60.27429],[32.28511,60.27534],[32.28455,60.27605],[32.28246,60.27819],[32.28076,60.28044],[32.2799,60.28141],[32.27962,60.28158],[32.27906,60.28184],[32.27809,60.28181],[32.27698,60.28088],[32.27591,60.28075],[32.27443,60.28092],[32.2726,60.28158],[32.26992,60.28295],[32.26813,60.284],[32.26709,60.28491],[32.26644,60.28594],[32.26546,60.28812],[32.26523,60.28914],[32.26531,60.29004],[32.26563,60.29074],[32.26639,60.29162],[32.26988,60.29398],[32.2701,60.29444],[32.26999,60.2949],[32.26909,60.29529],[32.26781,60.29533],[32.26264,60.29464],[32.26106,60.29456],[32.25971,60.2946],[32.25823,60.29481],[32.25766,60.29505],[32.25727,60.29524],[32.2565,60.29599],[32.25593,60.29691],[32.25521,60.29837],[32.25421,60.29961],[32.25395,60.30017],[32.25417,60.30073],[32.25528,60.30174],[32.25573,60.30243],[32.25585,60.30354],[32.25556,60.30473],[32.25504,60.30546],[32.25441,60.30606],[32.24928,60.30972],[32.2483,60.3105],[32.24738,60.31142],[32.24653,60.31275],[32.24585,60.31502],[32.24475,60.31732],[32.2444,60.31918],[32.24415,60.31961],[32.24379,60.31999],[32.24292,60.32046],[32.24193,60.32071],[32.23699,60.32106],[32.23548,60.32134],[32.23392,60.3218],[32.23226,60.32256],[32.23128,60.32321],[32.2304,60.32411],[32.22926,60.3255],[32.22859,60.32608],[32.22774,60.3266],[32.22619,60.32712],[32.22289,60.32768],[32.22196,60.32804],[32.22122,60.32858],[32.22091,60.32908],[32.22076,60.32953],[32.22062,60.33133],[32.2202,60.33336],[32.22,60.33392],[32.21929,60.33504],[32.21774,60.33675],[32.21673,60.33819],[32.21658,60.33876],[32.21657,60.33921],[32.21691,60.34],[32.21776,60.34071],[32.2185,60.34104],[32.21931,60.34125],[32.22011,60.34131],[32.22139,60.34119],[32.22402,60.34065],[32.22731,60.34018],[32.22889,60.34009],[32.23021,60.34018],[32.23107,60.34035],[32.23213,60.34073],[32.23464,60.34226],[32.23571,60.34267],[32.23721,60.34283],[32.24149,60.34278],[32.24282,60.34302],[32.24395,60.3434],[32.2448,60.34386],[32.24549,60.34447],[32.2458,60.34506],[32.24565,60.34567],[32.2447,60.34611],[32.24373,60.34621],[32.24261,60.34618],[32.24081,60.34595],[32.23609,60.34498],[32.23429,60.34483],[32.23229,60.34506],[32.23074,60.34563],[32.23009,60.3461],[32.22962,60.34686],[32.22943,60.34883],[32.22876,60.35091],[32.22875,60.35158],[32.22896,60.35203],[32.22934,60.35249],[32.23029,60.35311],[32.23204,60.35387],[32.23293,60.35394],[32.23921,60.35259],[32.24474,60.35107],[32.24599,60.35085],[32.24664,60.35086],[32.24729,60.35114],[32.2474,60.35158],[32.24706,60.35338],[32.24671,60.35439],[32.24547,60.3561],[32.2448,60.35742],[32.24455,60.3577],[32.24379,60.35824],[32.24261,60.35852],[32.24149,60.35861],[32.23834,60.3586],[32.23672,60.35882],[32.23451,60.35925],[32.23279,60.35925],[32.23223,60.35913],[32.2313,60.35869],[32.23085,60.35821],[32.23033,60.3574],[32.22977,60.3572],[32.22731,60.35667],[32.22416,60.35579],[32.22304,60.35563],[32.22191,60.35562],[32.22056,60.35577],[32.21887,60.35612],[32.2149,60.35734],[32.21211,60.35864],[32.21115,60.35925],[32.21035,60.35994],[32.20965,60.36085],[32.20942,60.36159],[32.20939,60.36261],[32.20966,60.36354],[32.21052,60.36463],[32.21131,60.3652],[32.21361,60.36644],[32.21483,60.36728],[32.21565,60.36811],[32.21627,60.36891],[32.21667,60.36958],[32.21718,60.37082],[32.21772,60.37363],[32.21849,60.37554],[32.21868,60.37627],[32.21863,60.37711],[32.21833,60.37779],[32.21595,60.38019],[32.21537,60.38117],[32.21512,60.38207],[32.21487,60.38522],[32.21462,60.38612],[32.21418,60.3871],[32.21319,60.38854],[32.21146,60.39036],[32.20979,60.39163],[32.20516,60.39474],[32.20422,60.39557],[32.20369,60.39624],[32.20332,60.39684],[32.20284,60.39816],[32.20249,60.39881],[32.20192,60.39951],[32.20067,60.40059],[32.20037,60.40108],[32.20044,60.40176],[32.20129,60.40344],[32.20154,60.40427],[32.2015,60.40514],[32.20114,60.40614],[32.19822,60.41007],[32.19667,60.41177],[32.19571,60.41312],[32.1938,60.41503],[32.19238,60.41677],[32.19166,60.41737],[32.18918,60.41903],[32.18733,60.4206],[32.18635,60.42109],[32.18501,60.42141],[32.18098,60.42175],[32.17875,60.42214],[32.17719,60.42261],[32.17545,60.42352],[32.17453,60.42424],[32.17373,60.42502],[32.17278,60.4263],[32.17221,60.42763],[32.17182,60.42939],[32.17128,60.43032],[32.17034,60.4311],[32.16741,60.43295],[32.16644,60.43387],[32.16577,60.43506],[32.1654,60.43686],[32.16496,60.4374],[32.16464,60.43761],[32.16375,60.43793],[32.16013,60.43836],[32.15924,60.43882],[32.15904,60.43922],[32.15895,60.43967],[32.1592,60.44068],[32.15975,60.44136],[32.16129,60.44285],[32.16197,60.4439],[32.16213,60.44451],[32.16218,60.44529],[32.16211,60.44608],[32.16192,60.44669],[32.1611,60.44743],[32.16008,60.44774],[32.15934,60.44784],[32.15819,60.4478],[32.15568,60.44737],[32.15467,60.44735],[32.15428,60.4475],[32.15381,60.44778],[32.15397,60.44911],[32.15384,60.4496],[32.15361,60.44991],[32.15286,60.45049],[32.15109,60.4514],[32.15073,60.45193],[32.15083,60.45236],[32.15127,60.45274],[32.15217,60.453],[32.15461,60.45343],[32.15574,60.45398],[32.15654,60.45496],[32.15683,60.45576],[32.15686,60.45654],[32.15648,60.45717],[32.15562,60.45772],[32.15171,60.45906],[32.14559,60.46038],[32.14384,60.46061],[32.13956,60.46077],[32.13529,60.46107],[32.13214,60.461],[32.12854,60.46065],[32.12683,60.46039],[32.12554,60.46006],[32.1231,60.45913],[32.12221,60.45901],[32.12141,60.45907],[32.12071,60.45954],[32.12043,60.45996],[32.12001,60.46116],[32.11965,60.46178],[32.11886,60.46207],[32.11798,60.46205],[32.11584,60.46133],[32.11459,60.46107],[32.11369,60.46098],[32.11302,60.46111],[32.11257,60.46139],[32.1127,60.46172],[32.11475,60.46329],[32.11536,60.46431],[32.11568,60.46532],[32.11597,60.46589],[32.1179,60.4671],[32.11797,60.46734],[32.11792,60.46764],[32.11661,60.46789],[32.11249,60.46806],[32.11031,60.46829],[32.10893,60.46856],[32.10733,60.4692],[32.10502,60.47041],[32.1031,60.47175],[32.10071,60.4739],[32.10023,60.47466],[32.09971,60.47601],[32.09927,60.47655],[32.09821,60.4772],[32.09718,60.47754],[32.09614,60.47767],[32.09529,60.47765],[32.09456,60.47746],[32.09401,60.47712],[32.09347,60.47661],[32.09068,60.47271],[32.08992,60.47202],[32.08916,60.47185],[32.08826,60.47179],[32.08095,60.47186]],[[32.04637,60.41678],[32.04642,60.41604],[32.04666,60.41533],[32.04712,60.41458],[32.04809,60.41346],[32.04832,60.41301],[32.04826,60.41244],[32.04757,60.41129],[32.04733,60.41064],[32.04738,60.41008],[32.04765,60.40957],[32.04854,60.40874],[32.04933,60.40835],[32.05129,60.40792],[32.0521,60.40762],[32.05288,60.40695],[32.05309,60.40645],[32.05304,60.40586],[32.05222,60.40494],[32.05181,60.40483],[32.05129,60.40483],[32.05074,60.40626],[32.04987,60.40726],[32.04939,60.40764],[32.04872,60.40788],[32.04799,60.4079],[32.04619,60.40757],[32.04491,60.40709],[32.04402,60.40648],[32.04362,60.40581],[32.04363,60.40536],[32.04386,60.40494],[32.04413,60.40466],[32.04494,60.40417],[32.04676,60.40367],[32.04956,60.40355],[32.05038,60.40332],[32.05041,60.40142],[32.05059,60.39996],[32.05091,60.39838],[32.05177,60.39557],[32.05185,60.39456],[32.05165,60.39399],[32.05121,60.3934],[32.04935,60.39201],[32.04839,60.39113],[32.04794,60.39039],[32.04793,60.38994],[32.04807,60.38972],[32.04856,60.38933],[32.04912,60.38923],[32.05024,60.3892],[32.05406,60.3895],[32.05512,60.38936],[32.0563,60.38892],[32.05757,60.388],[32.05845,60.38708],[32.0594,60.38571],[32.0598,60.38477],[32.05994,60.38409],[32.05988,60.38319],[32.05933,60.38063],[32.05897,60.37971],[32.05847,60.37897],[32.05751,60.37826],[32.05637,60.3777],[32.05217,60.37627],[32.05163,60.37588],[32.05142,60.37554],[32.05142,60.37532],[32.05163,60.37499],[32.05234,60.37452],[32.05603,60.3737],[32.05759,60.37314],[32.05828,60.37251],[32.05845,60.37223],[32.05846,60.3718],[32.05819,60.37127],[32.05776,60.37075],[32.05577,60.36905],[32.05549,60.36834],[32.05552,60.36789],[32.05577,60.36729],[32.05694,60.36564],[32.05741,60.36463],[32.05752,60.36362],[32.05719,60.36261],[32.05666,60.36185],[32.05532,60.36094],[32.05409,60.36044],[32.05119,60.35964],[32.05071,60.35912],[32.05068,60.35889],[32.05082,60.35856],[32.05124,60.35813],[32.05314,60.3569],[32.05754,60.35467],[32.06126,60.35255],[32.06206,60.35198],[32.06297,60.35111],[32.0643,60.34944],[32.0652,60.34854],[32.06653,60.34744],[32.06736,60.34693],[32.06914,60.34637],[32.07099,60.34612],[32.07285,60.34567],[32.0741,60.34524],[32.07566,60.34503],[32.07814,60.34492],[32.08309,60.34539],[32.08557,60.34604],[32.08862,60.3475],[32.0898,60.34791],[32.0926,60.34838],[32.09479,60.34849],[32.09712,60.34837],[32.09966,60.34792],[32.10078,60.34748],[32.10112,60.34708],[32.1012,60.34686],[32.10114,60.34652],[32.10095,60.3462],[32.09896,60.34419],[32.09767,60.34213],[32.09701,60.34128],[32.09584,60.34032],[32.09448,60.33965],[32.09254,60.33911],[32.09029,60.33877],[32.08804,60.33866],[32.08527,60.33888],[32.08151,60.33965],[32.07926,60.33991],[32.07733,60.33988],[32.07385,60.33937],[32.07283,60.33935],[32.06801,60.34009],[32.06419,60.34041],[32.06081,60.34047],[32.05947,60.34057],[32.05855,60.34075],[32.05753,60.34117],[32.05697,60.34156],[32.05666,60.3419],[32.05631,60.34208],[32.06036,60.3421],[32.06193,60.34228],[32.06291,60.34253],[32.06411,60.34299],[32.0648,60.34342],[32.06495,60.34387],[32.06447,60.34428],[32.06358,60.34475],[32.06219,60.34525],[32.06036,60.34554],[32.05879,60.34541],[32.05734,60.34494],[32.05622,60.34425],[32.05578,60.34384],[32.05552,60.34336],[32.0555,60.34303],[32.05576,60.34246],[32.05496,60.3422],[32.05406,60.34213],[32.05294,60.34226],[32.05195,60.34249],[32.04979,60.34321],[32.04889,60.34331],[32.04563,60.34256],[32.04331,60.34215],[32.04134,60.34163],[32.04039,60.34123],[32.03954,60.34073],[32.03768,60.33935],[32.03506,60.33712],[32.03334,60.3362],[32.0317,60.33566],[32.02974,60.33521],[32.02841,60.33508],[32.02526,60.33507],[32.02418,60.33491],[32.02329,60.33464],[32.0218,60.33388],[32.01967,60.33226],[32.018,60.33123],[32.01616,60.33037],[32.01255,60.32902],[32.01082,60.32815],[32.00804,60.32601],[32.00714,60.32543],[32.00575,60.32491],[32.00189,60.32402],[31.99729,60.32275],[31.99171,60.32168],[31.9909,60.32139],[31.99055,60.32109],[31.9903,60.32076],[31.99006,60.32001],[31.98988,60.31973],[31.98921,60.31911],[31.98825,60.31867],[31.98679,60.31836],[31.98557,60.31822],[31.98409,60.31831],[31.98269,60.31864],[31.98171,60.3192],[31.98132,60.31963],[31.98112,60.32008],[31.98112,60.32042],[31.98125,60.32076],[31.98184,60.32143],[31.98493,60.3237],[31.98513,60.32402],[31.98513,60.32436],[31.98492,60.32462],[31.98468,60.32474],[31.98364,60.32481],[31.98206,60.32449],[31.98116,60.32442],[31.97734,60.32462],[31.97563,60.32448],[31.97462,60.32417],[31.97367,60.32369],[31.97294,60.32318],[31.97136,60.32183],[31.97021,60.3211],[31.96868,60.32048],[31.96744,60.32018],[31.96496,60.31999],[31.95844,60.32017],[31.95746,60.32042],[31.95717,60.32076],[31.95711,60.32109],[31.95752,60.32192],[31.95862,60.32313],[31.95908,60.32379],[31.95935,60.32447],[31.95939,60.32514],[31.95921,60.32571],[31.95873,60.32633],[31.95818,60.32673],[31.95747,60.3271],[31.95565,60.32762],[31.95349,60.32776],[31.95169,60.32756],[31.94787,60.32673],[31.94651,60.32652],[31.94471,60.32645],[31.94294,60.32666],[31.94237,60.32678],[31.94127,60.32724],[31.94059,60.32774],[31.93953,60.32895],[31.9387,60.32971],[31.93783,60.33035],[31.93603,60.33138],[31.93459,60.33196],[31.93339,60.3323],[31.93211,60.33244],[31.93099,60.33238],[31.9296,60.33205],[31.92794,60.33129],[31.9267,60.33031],[31.92527,60.32853],[31.92448,60.32803],[31.92324,60.32772],[31.91834,60.32719],[31.91697,60.32681],[31.91597,60.32633],[31.91534,60.32588],[31.91447,60.32455],[31.91265,60.31913],[31.91174,60.31746],[31.91082,60.31644],[31.90822,60.31455],[31.90654,60.31369],[31.90468,60.31326],[31.90107,60.31281],[31.89916,60.31289],[31.89825,60.31328],[31.89807,60.31367],[31.89804,60.31412],[31.89823,60.31465],[31.89938,60.31595],[31.89983,60.31671],[31.89989,60.31749],[31.89957,60.31816],[31.89905,60.31863],[31.89807,60.31902],[31.89589,60.31947],[31.89454,60.31947],[31.89284,60.31913],[31.89193,60.31869],[31.88935,60.3169],[31.88772,60.31597],[31.88599,60.3153],[31.88399,60.31476],[31.88171,60.3144],[31.87991,60.31437],[31.87804,60.31462],[31.87675,60.31512],[31.87628,60.31549],[31.87594,60.31591],[31.87572,60.31644],[31.87561,60.31704],[31.87565,60.31783],[31.87597,60.31952],[31.87638,60.32076],[31.87713,60.32154],[31.88212,60.32494],[31.88301,60.32583],[31.88326,60.32627],[31.88337,60.32672],[31.88325,60.32739],[31.88282,60.32803],[31.88213,60.3286],[31.88133,60.32901],[31.87941,60.32959],[31.87834,60.3297],[31.87744,60.32965],[31.87661,60.3295],[31.87568,60.32905],[31.87501,60.32846],[31.87448,60.32773],[31.87425,60.32706],[31.87405,60.32526],[31.87305,60.32317],[31.87216,60.32088],[31.87157,60.31817],[31.87134,60.31772],[31.87083,60.31716],[31.86889,60.31596],[31.86229,60.31288],[31.85773,60.31058],[31.8549,60.30954],[31.8534,60.30926],[31.8523,60.30922],[31.85069,60.30948],[31.84942,60.30994],[31.84835,60.31054],[31.84514,60.3127],[31.84262,60.31383],[31.83631,60.316],[31.83079,60.31729],[31.82869,60.31803],[31.82742,60.31869],[31.82613,60.31959],[31.82564,60.32008],[31.8253,60.32086],[31.82505,60.32121],[31.82435,60.32165],[31.82321,60.32189],[31.81961,60.32197],[31.81781,60.32211],[31.8164,60.32229],[31.81457,60.32267],[31.81266,60.32337],[31.81009,60.32499],[31.80912,60.32542],[31.8073,60.32586],[31.80361,60.32629],[31.80188,60.32662],[31.7959,60.32858],[31.79407,60.32957],[31.79272,60.33069],[31.79184,60.33179],[31.79106,60.33352],[31.79027,60.33437],[31.78932,60.33495],[31.78754,60.33577],[31.7859,60.33619],[31.78482,60.33623],[31.78363,60.33596],[31.78159,60.33513],[31.78024,60.33499],[31.77761,60.33535],[31.77583,60.33577],[31.77476,60.33618],[31.77462,60.33639],[31.77463,60.33673],[31.77628,60.33909],[31.77653,60.33977],[31.77657,60.34044],[31.77637,60.34112],[31.77597,60.34169],[31.77526,60.34216],[31.77429,60.34252],[31.77191,60.34286],[31.76674,60.34322],[31.76426,60.34319],[31.76152,60.3429],[31.75774,60.34225],[31.75525,60.3416],[31.7537,60.34079],[31.75245,60.33982],[31.75161,60.33931],[31.75069,60.3389],[31.74941,60.33875],[31.74813,60.33898],[31.74775,60.33926],[31.74758,60.33954],[31.74751,60.33988],[31.74759,60.34033],[31.74796,60.34114],[31.74965,60.34387],[31.75063,60.34479],[31.75335,60.34612],[31.75384,60.34652],[31.75428,60.34704],[31.75438,60.34753],[31.75433,60.34808],[31.75404,60.34866],[31.75345,60.34932],[31.75225,60.35003],[31.7508,60.3505],[31.74781,60.35123],[31.74437,60.35243],[31.74232,60.35284],[31.73951,60.35303],[31.73659,60.3531],[31.73445,60.35292],[31.73259,60.35257],[31.72998,60.35187],[31.72543,60.35032],[31.72331,60.34951],[31.72258,60.34931],[31.72171,60.34924],[31.72089,60.34927],[31.71971,60.34953],[31.71908,60.34971],[31.71744,60.35043],[31.71645,60.35068],[31.71521,60.35076],[31.71139,60.35066],[31.70918,60.35092],[31.70848,60.35112],[31.70788,60.35149],[31.7073,60.35241],[31.70646,60.35261],[31.70572,60.35239],[31.70437,60.35157],[31.70331,60.35106],[31.70023,60.34973],[31.69898,60.34929],[31.69744,60.34906],[31.69429,60.3492],[31.69301,60.34898],[31.69019,60.34783],[31.68617,60.34689],[31.68397,60.34615],[31.68312,60.3457],[31.68274,60.34539],[31.6814,60.34359],[31.67949,60.34211],[31.67947,60.34163],[31.67974,60.34129],[31.68049,60.34076],[31.68135,60.34038],[31.68322,60.33985],[31.68586,60.33938],[31.68692,60.33905],[31.68776,60.3386],[31.68831,60.33797],[31.68841,60.33741],[31.68819,60.33684],[31.68763,60.33625],[31.68678,60.33575],[31.68522,60.3352],[31.68396,60.33489],[31.67989,60.33422],[31.67809,60.33383],[31.6767,60.33339],[31.67505,60.33263],[31.67373,60.33177],[31.67138,60.32975],[31.66924,60.32817],[31.66339,60.32496],[31.6601,60.32279],[31.65964,60.32235],[31.65939,60.32188],[31.65914,60.32053],[31.65889,60.32],[31.65825,60.31948],[31.65609,60.31825],[31.65556,60.31772],[31.65504,60.31692],[31.6547,60.31614],[31.65464,60.31547],[31.65484,60.31457],[31.65535,60.31341],[31.6561,60.31257],[31.65831,60.31096],[31.65874,60.31048],[31.65907,60.30984],[31.65922,60.30906],[31.65915,60.30737],[31.65921,60.30669],[31.65942,60.30602],[31.66011,60.30456],[31.66031,60.30377],[31.66029,60.30309],[31.65999,60.30141],[31.66006,60.30051],[31.66056,60.29933],[31.66222,60.29679],[31.66247,60.29621],[31.66256,60.29567],[31.66253,60.29511],[31.66235,60.29452],[31.66124,60.29263],[31.66089,60.29173],[31.66064,60.28812],[31.66028,60.28656],[31.65975,60.28537],[31.65852,60.28374],[31.65822,60.28318],[31.65818,60.28273],[31.65835,60.28082],[31.65793,60.27887],[31.65753,60.27789],[31.65703,60.27719],[31.65617,60.27665],[31.65392,60.27593],[31.65325,60.27549],[31.65329,60.27501],[31.65398,60.27407],[31.65421,60.27351],[31.65418,60.27283],[31.65389,60.27216],[31.65316,60.27114],[31.6501,60.26812],[31.64874,60.26662],[31.64653,60.26339],[31.64498,60.26068],[31.64379,60.25754],[31.64176,60.25431],[31.64024,60.25112],[31.63932,60.24966],[31.63847,60.24864],[31.63745,60.24765],[31.63454,60.24547],[31.63381,60.24476],[31.63326,60.24381],[31.63294,60.24234],[31.63268,60.24164],[31.63214,60.24078],[31.63102,60.23949],[31.62919,60.2379],[31.62656,60.23627],[31.62547,60.23541],[31.62531,60.23504],[31.62553,60.23473],[31.62719,60.23425],[31.62752,60.23407],[31.6278,60.23357],[31.62759,60.23318],[31.62701,60.23305],[31.62594,60.23313],[31.6256,60.23319],[31.62466,60.23364],[31.62386,60.23383],[31.62283,60.23364],[31.6219,60.23323],[31.61864,60.23137],[31.61678,60.23041],[31.61117,60.22809],[31.60664,60.22598],[31.605,60.22546],[31.60001,60.22437],[31.59779,60.22373],[31.59581,60.22286],[31.59231,60.22098],[31.59074,60.22043],[31.5868,60.21939],[31.58477,60.21857],[31.58363,60.21782],[31.58321,60.21745],[31.58285,60.21692],[31.5825,60.21602],[31.58213,60.21388],[31.58182,60.21321],[31.58133,60.21255],[31.58028,60.21169],[31.57791,60.21016],[31.57532,60.20823],[31.57233,60.20623],[31.57143,60.20535],[31.56987,60.2034],[31.56883,60.2025],[31.56695,60.20132],[31.55701,60.19581],[31.55517,60.19456],[31.5524,60.19233],[31.55085,60.19132],[31.54217,60.18717],[31.54133,60.18666],[31.53921,60.18495],[31.53839,60.18444],[31.53749,60.18404],[31.53638,60.1837],[31.53431,60.18345],[31.53229,60.18346],[31.53027,60.18371],[31.52844,60.18417],[31.52612,60.18507],[31.52344,60.18643],[31.52135,60.18782],[31.52001,60.18905],[31.51956,60.18969],[31.51929,60.19032],[31.51921,60.19104],[31.51932,60.19184],[31.52026,60.19402],[31.52047,60.19476],[31.52052,60.19543],[31.52043,60.19712],[31.52053,60.19768],[31.52081,60.19824],[31.52147,60.19904],[31.52251,60.19992],[31.52653,60.20249],[31.52724,60.20303],[31.5278,60.20364],[31.5282,60.20432],[31.52833,60.20511],[31.52815,60.20589],[31.52749,60.20717],[31.5267,60.20808],[31.52563,60.20897],[31.52476,60.20947],[31.52384,60.20987],[31.52207,60.21028],[31.51991,60.21032],[31.51922,60.21024],[31.51813,60.20995],[31.51671,60.2093],[31.51598,60.20874],[31.51486,60.20751],[31.51393,60.20665],[31.51297,60.20621],[31.51202,60.20606],[31.51091,60.20608],[31.51018,60.20618],[31.50894,60.20667],[31.50844,60.20701],[31.50803,60.20769],[31.50769,60.21039],[31.50794,60.21118],[31.509,60.21264],[31.50941,60.21336],[31.50957,60.21389],[31.50957,60.21432],[31.50938,60.21474],[31.50871,60.21515],[31.50766,60.21563],[31.50716,60.21602],[31.50682,60.21647],[31.50678,60.21692],[31.50719,60.21746],[31.50783,60.21783],[31.50889,60.21813],[31.51109,60.21837],[31.51215,60.21887],[31.51306,60.21966],[31.51345,60.22041],[31.51355,60.22108],[31.51321,60.22185],[31.51125,60.22373],[31.51005,60.22592],[31.50926,60.22678],[31.50847,60.22726],[31.50761,60.22763],[31.50412,60.22886],[31.50259,60.22905],[31.5013,60.22885],[31.49809,60.22756],[31.49484,60.22648],[31.49419,60.22586],[31.49414,60.22551],[31.4943,60.22457],[31.49428,60.22389],[31.49325,60.22148],[31.49307,60.22041],[31.49292,60.21816],[31.49272,60.21726],[31.49216,60.21624],[31.49051,60.2143],[31.48986,60.21332],[31.48955,60.21253],[31.48959,60.21165],[31.48996,60.21117],[31.49068,60.21085],[31.49156,60.2109],[31.49381,60.21132],[31.49494,60.21138],[31.49682,60.21117],[31.49791,60.2108],[31.49872,60.21026],[31.49916,60.20961],[31.49942,60.20848],[31.49941,60.20803],[31.49926,60.20758],[31.49878,60.20703],[31.49786,60.20656],[31.49628,60.20617],[31.49494,60.20608],[31.49346,60.2062],[31.49238,60.20654],[31.48977,60.2081],[31.48879,60.20845],[31.48782,60.2085],[31.48697,60.20835],[31.48605,60.20798],[31.4856,60.20758],[31.48515,60.20707],[31.48494,60.20646],[31.48491,60.20589],[31.48511,60.20443],[31.48499,60.20398],[31.48479,60.20364],[31.48399,60.20295],[31.4806,60.20125],[31.47997,60.20061],[31.47972,60.19995],[31.47991,60.19779],[31.48065,60.19628],[31.48066,60.19581],[31.48034,60.19521],[31.47925,60.19397],[31.47905,60.19341],[31.47924,60.19296],[31.48027,60.19183],[31.48041,60.19116],[31.48003,60.19026],[31.47835,60.18812],[31.47815,60.18767],[31.47814,60.18733],[31.47864,60.18677],[31.48056,60.18621],[31.48167,60.18565],[31.48246,60.1848],[31.48257,60.18429],[31.48246,60.1839],[31.48224,60.18369],[31.48162,60.18348],[31.48054,60.18342],[31.47881,60.18367],[31.47649,60.18434],[31.47514,60.18439],[31.47348,60.18411],[31.47269,60.18387],[31.47007,60.18277],[31.46895,60.18199],[31.46876,60.18159],[31.4688,60.18129],[31.46942,60.18058],[31.46958,60.18024],[31.46959,60.17991],[31.46936,60.17934],[31.46895,60.17872],[31.46847,60.17822],[31.46613,60.1761],[31.4658,60.17563],[31.46563,60.17518],[31.46571,60.17462],[31.46613,60.17403],[31.46713,60.1733],[31.46802,60.17284],[31.47444,60.17037],[31.47698,60.16954],[31.47876,60.16911],[31.48009,60.16893],[31.48144,60.16888],[31.48864,60.16917],[31.4905,60.16933],[31.49404,60.16986],[31.49539,60.16993],[31.49688,60.16973],[31.4978,60.1693],[31.4983,60.16866],[31.49831,60.16798],[31.49776,60.16709],[31.49684,60.16624],[31.49595,60.16575],[31.49471,60.16553],[31.49179,60.16548],[31.49059,60.16526],[31.48427,60.16285],[31.48324,60.16274],[31.48239,60.16292],[31.48141,60.16422],[31.48063,60.16477],[31.47706,60.16613],[31.47625,60.16662],[31.47427,60.16812],[31.4725,60.16911],[31.47073,60.1698],[31.46894,60.17023],[31.46681,60.17038],[31.46431,60.17009],[31.46101,60.16936],[31.45556,60.16788],[31.45399,60.16758],[31.44431,60.16729],[31.44207,60.1675],[31.43666,60.16841],[31.43475,60.16882],[31.43121,60.17021],[31.42668,60.17153],[31.42554,60.17199],[31.42483,60.17242],[31.42457,60.17282],[31.42436,60.17406],[31.42405,60.17467],[31.42214,60.17647],[31.42123,60.17822],[31.42079,60.17866],[31.42023,60.17912],[31.41937,60.1796],[31.41468,60.18178],[31.41389,60.18226],[31.41315,60.18289],[31.41263,60.18373],[31.41194,60.18553],[31.41076,60.18789],[31.40944,60.18961],[31.40843,60.19116],[31.40775,60.1919],[31.40556,60.19341],[31.40485,60.1941],[31.40459,60.19487],[31.40467,60.19622],[31.4046,60.19689],[31.40431,60.19755],[31.40398,60.19796],[31.40329,60.19854],[31.40152,60.19966],[31.40054,60.20041],[31.39759,60.20301],[31.3957,60.20489],[31.39241,60.20791],[31.39152,60.20886],[31.39059,60.21017],[31.39006,60.21141],[31.3897,60.21276],[31.38943,60.21501],[31.38905,60.21591],[31.38706,60.218],[31.38611,60.21919],[31.38587,60.21973],[31.38559,60.22086],[31.38526,60.22149],[31.38437,60.22209],[31.38177,60.2231],[31.38125,60.22356],[31.38093,60.22423],[31.38001,60.22816],[31.37949,60.22907],[31.37868,60.22989],[31.37785,60.23048],[31.37652,60.23111],[31.37267,60.23228],[31.37174,60.23271],[31.37085,60.23327],[31.36861,60.23502],[31.36635,60.23623],[31.36466,60.23683],[31.36005,60.23813],[31.35816,60.23894],[31.35688,60.23976],[31.35495,60.24131],[31.35425,60.24201],[31.35349,60.24304],[31.35281,60.2436],[31.35178,60.24393],[31.34942,60.24438],[31.34749,60.24498],[31.34351,60.24543],[31.33624,60.2467],[31.33529,60.24701],[31.33517,60.2471],[31.33515,60.24729],[31.33615,60.24831],[31.33711,60.24895],[31.33938,60.25023],[31.33982,60.25067],[31.34,60.25101],[31.33991,60.25157],[31.3393,60.25249],[31.33848,60.25348],[31.33748,60.25416],[31.33667,60.25442],[31.33541,60.25448],[31.33434,60.25434],[31.33214,60.25386],[31.33113,60.25403],[31.32857,60.25487],[31.32641,60.25514],[31.32461,60.255],[31.32311,60.25452],[31.32213,60.25387],[31.32177,60.25337],[31.32163,60.25281],[31.32171,60.25236],[31.32203,60.25179],[31.32307,60.25088],[31.32485,60.25001],[31.32795,60.24892],[31.32854,60.24847],[31.32946,60.24733],[31.33001,60.24722],[31.33223,60.24717],[31.33451,60.24699],[31.3351,60.24678],[31.33512,60.24651],[31.33425,60.2453],[31.33353,60.24487],[31.33226,60.2447],[31.33046,60.24465],[31.3269,60.24497],[31.32529,60.24468],[31.32127,60.24372],[31.31971,60.24317],[31.31869,60.24261],[31.31707,60.24136],[31.31669,60.24117],[31.31561,60.24096],[31.31234,60.24083],[31.31053,60.24039],[31.30961,60.23994],[31.3087,60.23907],[31.30852,60.23852],[31.30854,60.23796],[31.30876,60.23726],[31.30943,60.23582],[31.30961,60.23492],[31.30955,60.23402],[31.30911,60.23199],[31.3091,60.23109],[31.30931,60.23019],[31.30998,60.22839],[31.31011,60.22749],[31.30974,60.22434],[31.31,60.22187],[31.30999,60.22108],[31.3097,60.21883],[31.30941,60.21534],[31.3092,60.21444],[31.30887,60.21372],[31.30837,60.21309],[31.30776,60.21253],[31.30581,60.21105],[31.30208,60.20846],[31.29916,60.2067],[31.2972,60.20574],[31.29586,60.20524],[31.29436,60.20482],[31.28978,60.20396],[31.28815,60.20345],[31.28715,60.20302],[31.28614,60.20246],[31.28499,60.20161],[31.28418,60.20071],[31.28364,60.19972],[31.28343,60.19892],[31.28337,60.19802],[31.28352,60.19712],[31.28384,60.19633],[31.28463,60.19521],[31.28753,60.19228],[31.28889,60.19051],[31.28948,60.18947],[31.29004,60.18823],[31.2913,60.18463],[31.29152,60.18373],[31.29156,60.18306],[31.29098,60.18047],[31.29083,60.17946],[31.29082,60.17833],[31.29098,60.17619],[31.29081,60.17559],[31.29052,60.17527],[31.28773,60.17303],[31.28613,60.17159],[31.28405,60.16944],[31.28242,60.16751],[31.28142,60.16607],[31.28073,60.16479],[31.27934,60.16191],[31.27905,60.16073],[31.27911,60.15966],[31.27955,60.15774],[31.27959,60.15718],[31.27907,60.15524],[31.27899,60.15414],[31.2792,60.15313],[31.27964,60.15224],[31.28253,60.1485],[31.28349,60.14765],[31.2861,60.1458],[31.28692,60.14505],[31.28902,60.14197],[31.28987,60.14108],[31.29253,60.13872],[31.29349,60.13731],[31.2936,60.13671],[31.29342,60.13606],[31.29153,60.13328],[31.29068,60.13158],[31.29032,60.13041],[31.29027,60.12939],[31.29048,60.12861],[31.2909,60.12789],[31.29325,60.12525],[31.29402,60.12422],[31.29453,60.12331],[31.29487,60.12231],[31.29502,60.12129],[31.29495,60.12028],[31.29478,60.11972],[31.29388,60.11792],[31.29378,60.11702],[31.29411,60.11601],[31.29528,60.11396],[31.2954,60.11173],[31.29638,60.10926],[31.29638,60.10813],[31.29586,60.10633],[31.2958,60.10577],[31.2968,60.10296],[31.29723,60.10026],[31.29785,60.09899],[31.29973,60.0968],[31.30015,60.09598],[31.30037,60.09486],[31.30019,60.09328],[31.30021,60.09261],[31.30046,60.09137],[31.30077,60.09064],[31.30146,60.09005],[31.30399,60.08897],[31.30518,60.08831],[31.30591,60.08775],[31.30653,60.08709],[31.30707,60.08619],[31.30722,60.08552],[31.30714,60.08496],[31.30671,60.08383],[31.30675,60.08329],[31.30857,60.0815],[31.31016,60.07877],[31.31168,60.07704],[31.31192,60.07663],[31.31193,60.07641],[31.31179,60.07607],[31.31054,60.0745],[31.3104,60.07404],[31.31041,60.07359],[31.31062,60.07305],[31.31091,60.07269],[31.31263,60.0712],[31.31305,60.07067],[31.3133,60.06987],[31.3132,60.06904],[31.31295,60.06853],[31.31258,60.0681],[31.31152,60.06731],[31.3099,60.06649],[31.30875,60.06614],[31.30796,60.06605],[31.30709,60.0661],[31.3044,60.06669],[31.30211,60.06704],[31.30054,60.06708],[31.29896,60.06694],[31.29785,60.06672],[31.29703,60.0664],[31.29408,60.06444],[31.29323,60.06398],[31.29233,60.06364],[31.2915,60.06342],[31.28839,60.06289],[31.28681,60.06288],[31.28549,60.06314],[31.28443,60.06351],[31.28278,60.06449],[31.28231,60.06494],[31.28198,60.06549],[31.28175,60.06717],[31.27299,60.0662],[31.2717,60.06581],[31.27093,60.06533],[31.27002,60.06512],[31.26976,60.06522],[31.26968,60.06539],[31.27016,60.06615],[31.27017,60.06651],[31.26984,60.06708],[31.26936,60.06758],[31.26797,60.06855],[31.26395,60.07078],[31.26294,60.07119],[31.25913,60.07176],[31.25484,60.07256],[31.25373,60.07289],[31.25119,60.07405],[31.24946,60.07454],[31.24766,60.07466],[31.24406,60.07443],[31.24317,60.07453],[31.24213,60.07484],[31.24127,60.07524],[31.24043,60.07607],[31.24045,60.07652],[31.2411,60.07731],[31.24126,60.07793],[31.24098,60.07866],[31.24036,60.07929],[31.23954,60.07981],[31.23773,60.08066],[31.23589,60.08173],[31.23347,60.08284],[31.23311,60.0833],[31.23303,60.08371],[31.23277,60.08389],[31.23191,60.08409],[31.22989,60.08412],[31.22861,60.08424],[31.22562,60.08497],[31.22405,60.08555],[31.22235,60.08647],[31.22122,60.08725],[31.22032,60.08824],[31.21895,60.09024],[31.21863,60.09104],[31.21866,60.09142],[31.21888,60.09176],[31.22056,60.09311],[31.22132,60.09353],[31.22326,60.09419],[31.22449,60.09439],[31.22703,60.09456],[31.22783,60.09476],[31.22841,60.09506],[31.22869,60.09542],[31.22887,60.09632],[31.22879,60.09685],[31.22849,60.09727],[31.22784,60.09755],[31.22696,60.09769],[31.22606,60.09767],[31.22517,60.09753],[31.21944,60.09563],[31.21862,60.09517],[31.21711,60.09407],[31.21603,60.09359],[31.21504,60.09335],[31.21414,60.09331],[31.21324,60.09343],[31.21243,60.09366],[31.21153,60.0941],[31.21015,60.09508],[31.20906,60.09608],[31.20882,60.09636],[31.20865,60.09677],[31.20881,60.09729],[31.20923,60.09757],[31.21237,60.09884],[31.21315,60.09945],[31.2135,60.09995],[31.21373,60.10093],[31.21374,60.10251],[31.21364,60.10296],[31.2135,60.1032],[31.213,60.10354],[31.21189,60.10382],[31.21079,60.10376],[31.21,60.10351],[31.20694,60.10181],[31.20587,60.1009],[31.20436,60.09906],[31.20342,60.09857],[31.20176,60.09833],[31.19978,60.0985],[31.19789,60.09904],[31.19685,60.09969],[31.19624,60.10039],[31.19569,60.10149],[31.19501,60.10363],[31.19499,60.10397],[31.19515,60.1044],[31.19576,60.10521],[31.19652,60.1059],[31.19714,60.10628],[31.1997,60.10723],[31.20051,60.10775],[31.20169,60.10875],[31.20268,60.10976],[31.20299,60.11106],[31.20348,60.11166],[31.2034,60.11183],[31.20255,60.11176],[31.19929,60.11096],[31.1979,60.11072],[31.19434,60.11044],[31.18961,60.10992],[31.18759,60.10983],[31.18634,60.10987],[31.18532,60.11021],[31.18456,60.11068],[31.18125,60.1134],[31.18044,60.11395],[31.17945,60.11445],[31.17834,60.11487],[31.17727,60.11515],[31.17375,60.11573],[31.17277,60.1161],[31.16851,60.11808],[31.16711,60.11829],[31.16441,60.1181],[31.16317,60.11789],[31.16216,60.11748],[31.16159,60.11691],[31.16147,60.11657],[31.1614,60.11578],[31.1616,60.11511],[31.16203,60.11466],[31.16332,60.11394],[31.1639,60.1135],[31.16462,60.11229],[31.1646,60.11196],[31.16437,60.11165],[31.1634,60.11125],[31.16194,60.11096],[31.16081,60.1109],[31.15721,60.11147],[31.15204,60.1118],[31.15039,60.11215],[31.14839,60.11298],[31.14672,60.11389],[31.14558,60.11469],[31.14507,60.11528],[31.14421,60.11663],[31.14365,60.11711],[31.14282,60.11751],[31.13907,60.11884],[31.13695,60.11983],[31.13657,60.1202],[31.13645,60.12051],[31.13646,60.12174],[31.13635,60.12219],[31.1361,60.12254],[31.13553,60.12297],[31.13408,60.1238],[31.13205,60.12471],[31.12451,60.12762],[31.11794,60.13102],[31.11672,60.1319],[31.11419,60.13426],[31.1123,60.13586],[31.10788,60.13904],[31.10729,60.13968],[31.10592,60.14154],[31.10479,60.14277],[31.1034,60.144],[31.09994,60.14676],[31.09904,60.14767],[31.09844,60.14863],[31.09654,60.15256],[31.09339,60.15842],[31.09252,60.15978],[31.09156,60.16101],[31.08712,60.16565],[31.08409,60.16921],[31.0828,60.17059],[31.08123,60.17197],[31.07742,60.17493],[31.07586,60.1764],[31.07385,60.17885],[31.07178,60.18104],[31.07059,60.18351],[31.06986,60.18463],[31.06898,60.18554],[31.06762,60.18666],[31.06588,60.18786],[31.06391,60.18904],[31.05689,60.19266],[31.05529,60.1936],[31.05339,60.19505],[31.04901,60.19901],[31.04772,60.19994],[31.04589,60.20103],[31.04324,60.20222],[31.03693,60.20436],[31.02987,60.20736],[31.02522,60.20984],[31.02324,60.21104],[31.02048,60.21291],[31.01893,60.2137],[31.01705,60.21425],[31.01569,60.21441],[31.01445,60.21443]],[[32.74596,60.83168],[32.74692,60.83214],[32.74785,60.83313],[32.74885,60.83384],[32.75222,60.83508],[32.75329,60.83571],[32.75373,60.83623],[32.75389,60.83691],[32.75369,60.83769],[32.75324,60.83841],[32.7526,60.83897],[32.75163,60.83944],[32.75066,60.8396],[32.74958,60.8395],[32.74874,60.83925],[32.74789,60.83885],[32.7433,60.83602],[32.7425,60.83517],[32.74231,60.83476],[32.74222,60.83398],[32.74244,60.83328],[32.74326,60.83245],[32.74409,60.832],[32.74514,60.83167],[32.74596,60.83168]],[[32.74506,60.81503],[32.74702,60.8155],[32.74785,60.81592],[32.74819,60.81632],[32.74833,60.81666],[32.74828,60.81722],[32.74799,60.81773],[32.74661,60.81902],[32.74648,60.81936],[32.74644,60.82026],[32.74628,60.82054],[32.74606,60.82067],[32.74513,60.82046],[32.744,60.81911],[32.74334,60.81863],[32.74245,60.81817],[32.74144,60.81793],[32.73894,60.8176],[32.73805,60.81717],[32.73776,60.81666],[32.73777,60.81621],[32.73796,60.8158],[32.73868,60.81534],[32.73964,60.81501],[32.74166,60.8149],[32.74506,60.81503]],[[32.76354,60.80169],[32.7638,60.80203],[32.76392,60.80338],[32.76458,60.80541],[32.76523,60.80642],[32.76596,60.80712],[32.76635,60.80788],[32.76643,60.80833],[32.76643,60.80979],[32.7663,60.81024],[32.76603,60.81061],[32.7651,60.81107],[32.76416,60.81123],[32.76281,60.81127],[32.75989,60.81112],[32.75864,60.81128],[32.75776,60.81174],[32.75626,60.81287],[32.75539,60.8133],[32.75411,60.81367],[32.75317,60.81374],[32.75244,60.81365],[32.75189,60.81327],[32.75173,60.81306],[32.75167,60.81272],[32.75199,60.81216],[32.75234,60.81186],[32.75433,60.81096],[32.75476,60.81058],[32.75485,60.81036],[32.75435,60.80878],[32.75467,60.80754],[32.75467,60.80709],[32.75446,60.80678],[32.75323,60.80584],[32.75309,60.80551],[32.75319,60.80509],[32.75386,60.80467],[32.75587,60.80373],[32.75706,60.80235],[32.75767,60.8019],[32.75858,60.80151],[32.75989,60.80131],[32.76124,60.80129],[32.76323,60.80149],[32.76354,60.80169]],[[32.78181,60.80379],[32.78385,60.80414],[32.78541,60.80468],[32.78615,60.80509],[32.78665,60.80553],[32.78669,60.80602],[32.78597,60.80647],[32.78486,60.80674],[32.78351,60.80689],[32.78216,60.80685],[32.78029,60.80647],[32.77933,60.80603],[32.77872,60.80552],[32.77845,60.8051],[32.77842,60.80464],[32.77858,60.80436],[32.77938,60.80385],[32.78039,60.80373],[32.78181,60.80379]],[[32.76892,60.7643],[32.76961,60.76458],[32.76967,60.76479],[32.76959,60.76506],[32.76821,60.76545],[32.76731,60.76544],[32.76644,60.76524],[32.7659,60.76504],[32.7655,60.76467],[32.76556,60.76451],[32.76589,60.76431],[32.76655,60.76414],[32.76799,60.76411],[32.76892,60.7643]],[[32.6555,60.62525],[32.65615,60.62553],[32.65623,60.62595],[32.65605,60.62618],[32.65534,60.62651],[32.65417,60.62652],[32.65362,60.62619],[32.65343,60.62597],[32.65351,60.62563],[32.65416,60.62525],[32.65514,60.62512],[32.6555,60.62525]],[[32.58549,60.61077],[32.58668,60.61124],[32.58728,60.61179],[32.58741,60.61213],[32.58739,60.61236],[32.5872,60.61269],[32.58687,60.61302],[32.58587,60.61344],[32.58439,60.61359],[32.58269,60.61343],[32.58187,60.613],[32.58182,60.61281],[32.58196,60.61248],[32.58318,60.61109],[32.58408,60.61066],[32.58495,60.61064],[32.58549,60.61077]],[[32.57807,60.61263],[32.57741,60.61277],[32.5767,60.61263],[32.57655,60.6125],[32.57699,60.61236],[32.57761,60.61233],[32.57807,60.61244],[32.57813,60.6125],[32.57807,60.61263]],[[32.57725,60.60816],[32.57783,60.6085],[32.57759,60.60888],[32.57713,60.60908],[32.57606,60.60924],[32.57508,60.60898],[32.57492,60.60884],[32.57493,60.60842],[32.57583,60.60801],[32.57689,60.60801],[32.57725,60.60816]],[[32.57471,60.53093],[32.57404,60.53083],[32.57337,60.53085],[32.57251,60.53108],[32.57224,60.53131],[32.57203,60.53169],[32.57198,60.53282],[32.57152,60.53383],[32.57151,60.53406],[32.57167,60.53427],[32.57225,60.53453],[32.57291,60.53452],[32.57344,60.53438],[32.5743,60.53386],[32.57549,60.53214],[32.57566,60.53169],[32.57559,60.53147],[32.5752,60.53109],[32.57471,60.53093]],[[32.54227,60.48263],[32.54266,60.48291],[32.54363,60.48392],[32.54456,60.48507],[32.54472,60.48568],[32.5446,60.48681],[32.54475,60.48702],[32.54542,60.48741],[32.54805,60.48819],[32.54903,60.48875],[32.54948,60.48928],[32.54988,60.49007],[32.55094,60.49103],[32.551,60.49142],[32.5506,60.49232],[32.5505,60.49322],[32.55017,60.49371],[32.54898,60.49375],[32.54814,60.4936],[32.54709,60.49332],[32.54619,60.49285],[32.54559,60.49221],[32.54491,60.49119],[32.54349,60.48972],[32.543,60.48894],[32.54232,60.48748],[32.54085,60.48622],[32.54051,60.48579],[32.54015,60.48501],[32.54016,60.48377],[32.54004,60.48287],[32.54011,60.48254],[32.54056,60.48224],[32.54097,60.48217],[32.54175,60.48235],[32.54227,60.48263]],[[32.54577,60.47446],[32.54659,60.47464],[32.54882,60.47486],[32.54995,60.4752],[32.55083,60.4757],[32.55102,60.47589],[32.55126,60.47634],[32.5512,60.47668],[32.55072,60.47722],[32.54974,60.47741],[32.54894,60.47724],[32.54627,60.47616],[32.54546,60.47605],[32.54442,60.47616],[32.54355,60.47645],[32.5432,60.4767],[32.54278,60.47721],[32.54225,60.47826],[32.54173,60.47885],[32.54086,60.47934],[32.54029,60.47943],[32.53981,60.47942],[32.53903,60.4791],[32.53826,60.47829],[32.53813,60.47801],[32.53813,60.47749],[32.53862,60.47669],[32.53911,60.47623],[32.54053,60.47535],[32.54178,60.4744],[32.54277,60.47413],[32.54366,60.47408],[32.54577,60.47446]],[[31.01445,60.24073],[31.01624,60.24079],[31.01792,60.24107],[31.01929,60.24148],[31.02078,60.24214],[31.02161,60.24266],[31.02258,60.24347],[31.02574,60.24673],[31.02662,60.24786],[31.02697,60.24864],[31.02713,60.24954],[31.02708,60.25035],[31.02676,60.25146],[31.0262,60.25251],[31.02564,60.25326],[31.02301,60.25607],[31.02264,60.25686],[31.02262,60.25753],[31.02288,60.25821],[31.02339,60.25886],[31.02697,60.26157],[31.02859,60.26326],[31.0292,60.26417],[31.02963,60.26506],[31.02987,60.26597],[31.02994,60.26692]],[[31.33355,60.33622],[31.33485,60.33668],[31.33544,60.33717],[31.33577,60.33755],[31.33597,60.33853],[31.33575,60.33996],[31.33435,60.34258],[31.33399,60.34354],[31.33393,60.34437],[31.33438,60.34596],[31.33442,60.34641],[31.33428,60.34697],[31.33396,60.34748],[31.33303,60.34804],[31.33215,60.34832],[31.33131,60.34846],[31.33046,60.34848],[31.32944,60.34838],[31.32841,60.34803],[31.32766,60.34747],[31.32722,60.34674],[31.32724,60.34607],[31.32772,60.34494],[31.3276,60.34437],[31.32675,60.34387],[31.32597,60.34374],[31.32554,60.34376],[31.32498,60.3439],[31.3248,60.34417],[31.32463,60.34461],[31.32446,60.34584],[31.32427,60.34641],[31.32375,60.34731],[31.32266,60.34866],[31.32245,60.34911],[31.32243,60.34944],[31.32256,60.34978],[31.32289,60.35019],[31.32336,60.35054],[31.32447,60.35111],[31.32962,60.35317],[31.33048,60.3537],[31.33073,60.35406],[31.33082,60.35439],[31.33075,60.35473],[31.33056,60.35505],[31.32998,60.35554],[31.32641,60.35736],[31.32499,60.3583],[31.3241,60.35922],[31.32359,60.36013],[31.32341,60.36081],[31.32342,60.36159],[31.32432,60.36441],[31.32447,60.36553],[31.32423,60.36688],[31.32313,60.36905],[31.32276,60.37026],[31.32274,60.37082],[31.32285,60.37138],[31.32309,60.37193],[31.32349,60.37239],[31.32449,60.37308],[31.32582,60.37354],[31.32687,60.37369],[31.32799,60.37372],[31.32937,60.37355],[31.332,60.3728],[31.33339,60.37251],[31.3421,60.37133],[31.34689,60.37096],[31.34981,60.37098],[31.35229,60.37113],[31.3556,60.37167],[31.35792,60.3723],[31.35983,60.37313],[31.36281,60.37488],[31.36437,60.37548],[31.3663,60.37594],[31.3705,60.37671],[31.37182,60.37716],[31.37216,60.37768],[31.37161,60.37904],[31.37151,60.38038],[31.37139,60.38083],[31.37106,60.38134],[31.36982,60.38248],[31.36949,60.38308],[31.36954,60.38353],[31.36992,60.38393],[31.37074,60.38419],[31.37164,60.38428],[31.37254,60.38419],[31.37361,60.38394],[31.37501,60.38319],[31.37786,60.38101],[31.37821,60.38084],[31.37902,60.38072],[31.37991,60.38113],[31.38198,60.38274],[31.3839,60.38388],[31.39526,60.38948],[31.39656,60.39027],[31.39749,60.39106],[31.39806,60.39174],[31.39876,60.39298],[31.39923,60.39433],[31.39938,60.39512],[31.39949,60.39849],[31.39932,60.39996],[31.39907,60.40063],[31.3987,60.40122],[31.39785,60.40193],[31.39694,60.40237],[31.39538,60.40282],[31.39436,60.403],[31.39279,60.40319],[31.39099,60.40325],[31.38806,60.40311],[31.3851,60.40277],[31.38131,60.40216],[31.37613,60.40104],[31.37348,60.40059],[31.36474,60.39967],[31.36039,60.3994],[31.35769,60.39935],[31.35499,60.39953],[31.35274,60.39989],[31.35187,60.40011],[31.35078,60.40057],[31.35011,60.40101],[31.3496,60.40176],[31.34952,60.40232],[31.34968,60.40288],[31.35093,60.40479],[31.35096,60.40513],[31.35078,60.40546],[31.35002,60.40594],[31.34731,60.40675],[31.34645,60.40721],[31.34485,60.40834],[31.34393,60.40911],[31.34327,60.40986],[31.34298,60.41048],[31.34267,60.41188],[31.34231,60.41244],[31.34204,60.41271],[31.34147,60.41296],[31.34059,60.41314],[31.33901,60.41298],[31.33618,60.41221],[31.33361,60.4117],[31.32498,60.41092],[31.3217,60.41045],[31.32101,60.41014],[31.32084,60.40996],[31.32081,60.40974],[31.32091,60.40941],[31.32134,60.40867],[31.32254,60.40749],[31.32285,60.40704],[31.32287,60.40682],[31.32272,60.40649],[31.32215,60.40601],[31.32079,60.40547],[31.31921,60.40519],[31.31415,60.40533]],[[31.31415,60.33975],[31.31561,60.33969],[31.31691,60.33941],[31.31783,60.33901],[31.31862,60.33853],[31.32085,60.33697],[31.32148,60.33667],[31.32312,60.33622],[31.32574,60.33594],[31.32866,60.33587],[31.33136,60.33595],[31.33355,60.33622]],[[32.52375,60.40914],[32.52355,60.40986],[32.52298,60.41051],[32.5221,60.41064],[32.52172,60.41048],[32.52171,60.41008],[32.52191,60.40969],[32.52281,60.40905],[32.52375,60.40914]],[[32.52803,60.40203],[32.52828,60.40227],[32.52874,60.40311],[32.52877,60.40367],[32.52858,60.40423],[32.52824,60.40473],[32.52735,60.40553],[32.52644,60.40611],[32.52553,60.40654],[32.52461,60.40655],[32.52415,60.40593],[32.52218,60.40424],[32.52184,60.40374],[32.52182,60.40324],[32.522,60.40287],[32.52279,60.40236],[32.52341,60.40216],[32.52499,60.40186],[32.52701,60.40161],[32.52755,60.40171],[32.52803,60.40203]],[[32.51732,60.39435],[32.5176,60.39463],[32.51769,60.39489],[32.51764,60.3952],[32.5173,60.3957],[32.51678,60.39616],[32.51477,60.39743],[32.51411,60.39804],[32.51396,60.39861],[32.51412,60.40018],[32.514,60.40058],[32.5138,60.40079],[32.513,60.40121],[32.51171,60.40135],[32.51025,60.40102],[32.50981,60.40063],[32.5096,60.40018],[32.50972,60.39962],[32.51014,60.39901],[32.51087,60.39827],[32.51109,60.39782],[32.5111,60.39737],[32.51084,60.39636],[32.51083,60.39579],[32.51111,60.39515],[32.5115,60.39478],[32.51208,60.39441],[32.51274,60.39414],[32.51419,60.39386],[32.51599,60.39393],[32.51681,60.39412],[32.51732,60.39435]],[[32.22261,60.36204],[32.22256,60.36238],[32.22233,60.36285],[32.22118,60.36445],[32.22058,60.36508],[32.21971,60.3656],[32.21859,60.36592],[32.21758,60.36594],[32.21643,60.3656],[32.21609,60.36534],[32.21592,60.36506],[32.21597,60.36457],[32.21636,60.36396],[32.21683,60.36351],[32.2178,60.36294],[32.2195,60.36232],[32.22124,60.36183],[32.22226,60.36174],[32.22248,60.36181],[32.22261,60.36204]],[[32.50181,60.3537],[32.50024,60.35358],[32.4983,60.35376],[32.49784,60.35395],[32.49746,60.35424],[32.49802,60.35484],[32.50033,60.35672],[32.50126,60.35701],[32.50214,60.35664],[32.50299,60.35596],[32.50339,60.35541],[32.50355,60.35496],[32.5035,60.35462],[32.50314,60.35419],[32.50218,60.35377],[32.50181,60.3537]],[[32.25683,60.34667],[32.25762,60.34695],[32.25824,60.34736],[32.25836,60.34755],[32.25838,60.34795],[32.25816,60.34831],[32.25785,60.34854],[32.25739,60.34884],[32.2564,60.34924],[32.25463,60.34978],[32.25274,60.35002],[32.25088,60.34975],[32.25033,60.34922],[32.25033,60.34866],[32.25073,60.348],[32.25132,60.3475],[32.2523,60.34699],[32.25363,60.34656],[32.25454,60.34646],[32.25566,60.34647],[32.25683,60.34667]],[[32.50388,60.34197],[32.50204,60.34299],[32.49936,60.3443],[32.49822,60.34507],[32.49752,60.34568],[32.4968,60.34664],[32.49663,60.34719],[32.49674,60.34768],[32.4974,60.34809],[32.49853,60.34838],[32.50091,60.34848],[32.5028,60.34829],[32.50387,60.3479],[32.50426,60.34762],[32.50487,60.34707],[32.5052,60.34652],[32.50544,60.34584],[32.5055,60.34506],[32.50485,60.34228],[32.50451,60.34205],[32.50388,60.34197]],[[32.11031,60.33868],[32.10988,60.33861],[32.10953,60.33869],[32.10907,60.33909],[32.1089,60.33954],[32.10892,60.34022],[32.10938,60.34202],[32.10945,60.34281],[32.10932,60.34348],[32.10877,60.34467],[32.10864,60.34528],[32.10877,60.34572],[32.10934,60.34613],[32.1107,60.34649],[32.1117,60.3466],[32.11571,60.3467],[32.11801,60.34659],[32.11967,60.34614],[32.12029,60.34575],[32.12073,60.34535],[32.12148,60.34436],[32.12163,60.34382],[32.12156,60.34335],[32.12066,60.34305],[32.12021,60.34307],[32.11729,60.34368],[32.11616,60.34366],[32.11513,60.34343],[32.11431,60.34294],[32.1139,60.34246],[32.11361,60.34191],[32.11314,60.34044],[32.1127,60.33981],[32.11163,60.33914],[32.11031,60.33868]],[[31.93557,60.33634],[31.93612,60.33659],[31.93648,60.33696],[31.93675,60.33741],[31.93683,60.33786],[31.93676,60.33831],[31.93648,60.33887],[31.93607,60.33938],[31.93567,60.33967],[31.93451,60.34027],[31.93308,60.34076],[31.92962,60.34161],[31.92761,60.34185],[31.92649,60.34185],[31.92509,60.34168],[31.9234,60.34121],[31.92247,60.34079],[31.92104,60.3399],[31.91933,60.33854],[31.91871,60.33795],[31.91845,60.33741],[31.91851,60.33707],[31.91891,60.33664],[31.91992,60.33632],[31.9209,60.33619],[31.92671,60.33585],[31.92941,60.33582],[31.93369,60.33595],[31.93499,60.33615],[31.93557,60.33634]],[[32.32118,60.30878],[32.32294,60.30894],[32.32483,60.30931],[32.32657,60.30987],[32.32779,60.31049],[32.3285,60.31105],[32.32889,60.31153],[32.32911,60.31198],[32.32918,60.31277],[32.32883,60.31367],[32.32826,60.31434],[32.32742,60.31508],[32.32623,60.31593],[32.32517,60.31652],[32.32319,60.3172],[32.32091,60.31751],[32.31821,60.31742],[32.31684,60.31719],[32.3156,60.31688],[32.31449,60.31646],[32.31352,60.31594],[32.31263,60.31524],[32.31206,60.31455],[32.31177,60.31401],[32.31163,60.31344],[32.31171,60.31243],[32.31227,60.31149],[32.3133,60.31064],[32.31505,60.30974],[32.31678,60.30918],[32.31889,60.30883],[32.32118,60.30878]],[[31.59487,60.30023],[31.59596,60.30037],[31.59686,60.3006],[31.59776,60.30101],[31.59851,60.3016],[31.5989,60.30219],[31.59902,60.30276],[31.59887,60.30331],[31.5985,60.30379],[31.5977,60.30432],[31.5967,60.3047],[31.59529,60.30498],[31.59371,60.30503],[31.59223,60.30483],[31.59126,60.30452],[31.59022,60.30393],[31.5897,60.30333],[31.58952,60.30284],[31.58963,60.30216],[31.58998,60.30164],[31.59055,60.30117],[31.59143,60.30072],[31.59238,60.30044],[31.59342,60.30026],[31.59487,60.30023]],[[31.49526,60.29319],[31.49512,60.29355],[31.49426,60.29378],[31.49381,60.29375],[31.4932,60.29354],[31.49309,60.29319],[31.49315,60.29298],[31.49327,60.29291],[31.49426,60.29268],[31.49513,60.29293],[31.49526,60.29319]],[[32.39954,60.25163],[32.40135,60.25239],[32.40254,60.25326],[32.40312,60.25391],[32.40377,60.25494],[32.40383,60.25528],[32.40363,60.2556],[32.40301,60.25581],[32.40194,60.25576],[32.40131,60.25564],[32.39977,60.25507],[32.39858,60.2544],[32.3979,60.25388],[32.39718,60.25314],[32.39679,60.25259],[32.39677,60.25199],[32.39705,60.25171],[32.39739,60.25156],[32.39831,60.25146],[32.39954,60.25163]],[[31.15051,60.25314],[31.15061,60.25348],[31.15034,60.25387],[31.14956,60.25406],[31.14839,60.25397],[31.14765,60.25343],[31.14798,60.25295],[31.14889,60.25267],[31.14979,60.25275],[31.15037,60.25295],[31.15051,60.25314]],[[31.13669,60.21429],[31.13871,60.2147],[31.14042,60.21532],[31.14129,60.21584],[31.14192,60.21636],[31.14235,60.21678],[31.14275,60.21737],[31.14297,60.21804],[31.1429,60.21883],[31.14144,60.22164],[31.14125,60.22243],[31.14115,60.22367],[31.14038,60.2254],[31.14029,60.22592],[31.14033,60.22636],[31.14062,60.22704],[31.14123,60.22776],[31.14463,60.2304],[31.14572,60.23147],[31.14619,60.23211],[31.14652,60.23278],[31.14669,60.23346],[31.1467,60.23413],[31.14636,60.23526],[31.14553,60.23639],[31.14454,60.23729],[31.14162,60.2395],[31.14037,60.24077],[31.13971,60.24176],[31.1383,60.24448],[31.13732,60.24571],[31.13606,60.24665],[31.13508,60.24713],[31.13393,60.24754],[31.13269,60.24784],[31.12931,60.24828],[31.12418,60.24848],[31.12144,60.24825],[31.12059,60.24806],[31.11952,60.24764],[31.11874,60.24717],[31.11809,60.24656],[31.11616,60.24351],[31.11524,60.24263],[31.11319,60.24096],[31.1122,60.23986],[31.1115,60.23862],[31.11072,60.23645],[31.10986,60.23449],[31.10944,60.23391],[31.10897,60.23345],[31.10822,60.23306],[31.10708,60.23273],[31.10089,60.23175],[31.09781,60.23111],[31.09468,60.23025],[31.09151,60.2292],[31.08918,60.22822],[31.08745,60.22719],[31.08688,60.22671],[31.08634,60.22607],[31.08601,60.22547],[31.0858,60.22479],[31.08576,60.22356],[31.08616,60.22221],[31.08698,60.22086],[31.08839,60.21922],[31.08995,60.21789],[31.09138,60.21702],[31.0929,60.21635],[31.09489,60.21579],[31.09714,60.21548],[31.09961,60.2154],[31.10974,60.21585],[31.11491,60.21582],[31.11964,60.21555],[31.12481,60.21506],[31.13224,60.21388],[31.13381,60.21391],[31.13669,60.21429]],[[32.39476,60.23321],[32.39595,60.23362],[32.39666,60.23424],[32.3968,60.23458],[32.39679,60.23492],[32.39637,60.23559],[32.39326,60.23815],[32.39243,60.23865],[32.39141,60.23902],[32.39056,60.23906],[32.38963,60.23863],[32.38959,60.23801],[32.39019,60.23661],[32.39044,60.23493],[32.39062,60.23445],[32.39101,60.23391],[32.39139,60.23356],[32.3923,60.23315],[32.39359,60.23306],[32.39476,60.23321]],[[32.40563,60.22336],[32.40595,60.22371],[32.406,60.22411],[32.40592,60.22434],[32.40551,60.22437],[32.40492,60.22423],[32.40468,60.22344],[32.40484,60.22304],[32.40515,60.22304],[32.40563,60.22336]],[[31.06451,60.21519],[31.06562,60.21539],[31.06656,60.21568],[31.06754,60.21608],[31.06818,60.21645],[31.06865,60.21686],[31.06883,60.21714],[31.06887,60.21748],[31.06875,60.21781],[31.06804,60.21835],[31.0668,60.21871],[31.06562,60.21883],[31.06397,60.2188],[31.06271,60.21862],[31.06145,60.21828],[31.06051,60.21779],[31.06014,60.21744],[31.05998,60.21714],[31.05994,60.21669],[31.06009,60.21636],[31.06032,60.21606],[31.06108,60.21558],[31.06201,60.21529],[31.06291,60.21515],[31.06451,60.21519]],[[32.41181,60.19065],[32.41069,60.19058],[32.40944,60.19087],[32.40877,60.19138],[32.40862,60.19172],[32.40867,60.19194],[32.40893,60.19226],[32.40922,60.19243],[32.4102,60.19272],[32.41133,60.19271],[32.4122,60.19244],[32.41289,60.19194],[32.41303,60.19149],[32.41283,60.19116],[32.41248,60.19087],[32.41181,60.19065]],[[32.38751,60.18346],[32.38639,60.18336],[32.38549,60.18342],[32.38424,60.18367],[32.38325,60.18405],[32.38166,60.18487],[32.38079,60.18547],[32.3802,60.18609],[32.38009,60.18654],[32.38029,60.18681],[32.38079,60.18693],[32.38234,60.187],[32.38369,60.18694],[32.38437,60.18684],[32.386,60.18616],[32.38699,60.18588],[32.38967,60.18548],[32.38988,60.18497],[32.38975,60.18458],[32.38959,60.18439],[32.38862,60.18376],[32.38751,60.18346]]]}},{"type":"Feature","properties":{"depth_m":12,"n_lines":24},"geometry":{"type":"MultiLineString","coordinates":[[[32.71892,60.85012],[32.71897,60.84954],[32.71929,60.84894],[32.71993,60.84832],[32.72062,60.84788],[32.72261,60.84695],[32.72621,60.84559],[32.72715,60.84518],[32.72805,60.84463],[32.72848,60.84421],[32.72883,60.84369],[32.7306,60.83994],[32.73112,60.83916],[32.73189,60.83844],[32.73411,60.83706],[32.73514,60.83617],[32.73569,60.83522],[32.73587,60.83398],[32.73576,60.83263],[32.73522,60.83084],[32.73522,60.83028],[32.73609,60.82984],[32.73882,60.82934],[32.7406,60.82881],[32.74196,60.8281],[32.74246,60.82763],[32.74262,60.82734],[32.74268,60.82667],[32.74251,60.82623],[32.74218,60.82576],[32.74143,60.82499],[32.73927,60.82319],[32.73814,60.82211],[32.73614,60.8199],[32.73523,60.81868],[32.73483,60.81767],[32.73478,60.81677],[32.73506,60.81589],[32.73561,60.81519],[32.73666,60.81446],[32.73828,60.81382],[32.74009,60.81346],[32.74337,60.81319],[32.7449,60.81276],[32.74585,60.81222],[32.74677,60.81126],[32.74736,60.81002],[32.74751,60.80889],[32.74733,60.80653],[32.74748,60.80586],[32.74785,60.80512],[32.7487,60.8042],[32.75096,60.80247],[32.75297,60.8007],[32.75389,60.80008],[32.75499,60.79952],[32.7561,60.7991],[32.76239,60.79732],[32.76461,60.79681],[32.76855,60.79612],[32.77038,60.79568],[32.77128,60.79526],[32.77174,60.79483],[32.77357,60.79214],[32.7741,60.79155],[32.77489,60.7909],[32.77578,60.79041],[32.77678,60.79004],[32.77814,60.78972],[32.7803,60.78939],[32.78074,60.78898],[32.78113,60.78845],[32.78191,60.78651],[32.78338,60.78392],[32.7835,60.78347],[32.78344,60.78313],[32.78206,60.78171],[32.78142,60.78088],[32.78101,60.77998],[32.78066,60.77863],[32.78034,60.77808],[32.77391,60.77409],[32.77259,60.77311],[32.77163,60.77222],[32.77108,60.77152],[32.77077,60.77087],[32.77067,60.76918],[32.77044,60.76863],[32.76955,60.76817],[32.76846,60.76815],[32.7677,60.76824],[32.76487,60.76899],[32.76349,60.76925],[32.76191,60.76936],[32.76034,60.7693],[32.75809,60.76901],[32.75582,60.7685],[32.75409,60.76797],[32.75223,60.76718],[32.75049,60.7662],[32.74905,60.76524],[32.74837,60.76467],[32.74793,60.76405],[32.74779,60.76344],[32.7479,60.76292],[32.7488,60.76144],[32.74867,60.76104],[32.74779,60.75966],[32.74746,60.75883],[32.74729,60.75759],[32.74747,60.75669],[32.74787,60.75609],[32.74863,60.7555],[32.74974,60.75494],[32.75257,60.75382],[32.75428,60.75297],[32.75579,60.75195],[32.75766,60.75018],[32.75835,60.74966],[32.76182,60.74792],[32.76438,60.74575],[32.76856,60.74258],[32.7701,60.74106],[32.77049,60.74036],[32.77155,60.73768],[32.77279,60.73397],[32.77351,60.73296],[32.77563,60.73087],[32.77595,60.73026],[32.77608,60.72958],[32.77597,60.72857],[32.77551,60.72744],[32.77277,60.72373],[32.77202,60.72247],[32.77158,60.72148],[32.77133,60.72047],[32.77132,60.71957],[32.77152,60.71856],[32.77188,60.71766],[32.77262,60.71653],[32.77382,60.71513],[32.77674,60.71248],[32.77944,60.70977],[32.78026,60.70917],[32.78147,60.70847],[32.78482,60.70704],[32.78658,60.70613],[32.78841,60.70485],[32.79007,60.70328],[32.79077,60.70236],[32.79171,60.70056],[32.79222,60.69976],[32.79288,60.69897],[32.79442,60.69754],[32.7948,60.69705],[32.79492,60.69639],[32.79452,60.69482],[32.79458,60.69369],[32.79498,60.69234],[32.79568,60.69136],[32.79655,60.69067],[32.79813,60.68984],[32.80809,60.68628],[32.81,60.68544],[32.81168,60.6845],[32.81531,60.68207],[32.81732,60.68091],[32.81798,60.6804],[32.81818,60.67996],[32.81839,60.67828],[32.81871,60.67727],[32.81942,60.67614],[32.82053,60.67507],[32.82362,60.67289],[32.82519,60.67191],[32.8288,60.67041],[32.82984,60.66972],[32.83011,60.66917],[32.83003,60.66872],[32.82976,60.66831],[32.82873,60.66767],[32.82681,60.66706],[32.81983,60.66563],[32.81877,60.66529],[32.81821,60.665],[32.81765,60.66444],[32.81517,60.66115],[32.81486,60.66039],[32.81493,60.65983],[32.81522,60.65933],[32.81576,60.65871],[32.81827,60.65629],[32.81975,60.65516],[32.82143,60.65418],[32.82368,60.65317],[32.8268,60.65207],[32.82985,60.65083],[32.83506,60.64899],[32.83803,60.64767],[32.83885,60.64721],[32.83922,60.64678],[32.83935,60.64622],[32.8392,60.64521],[32.83884,60.6439],[32.83867,60.64357],[32.83807,60.64306],[32.82887,60.63861],[32.8271,60.63768],[32.82612,60.63701],[32.82549,60.63645],[32.82505,60.63595],[32.82467,60.63531],[32.82449,60.63463],[32.8245,60.63396],[32.82473,60.63328],[32.82511,60.63267],[32.82641,60.63153],[32.82906,60.62999],[32.82954,60.62957],[32.82973,60.62919],[32.82975,60.62699],[32.82996,60.62383],[32.8298,60.62288],[32.8294,60.62226],[32.82895,60.62186],[32.82811,60.6214],[32.82429,60.62019],[32.82345,60.61973],[32.82262,60.61877],[32.82215,60.61798],[32.8218,60.61708],[32.82137,60.61539],[32.82107,60.61484],[32.81786,60.6113],[32.8172,60.6107],[32.81581,60.60986],[32.81168,60.60808],[32.80816,60.60622],[32.80698,60.60535],[32.80562,60.60352],[32.80457,60.6026],[32.80275,60.6016],[32.79904,60.6],[32.79535,60.59862],[32.79238,60.5977],[32.78458,60.59596],[32.77946,60.59401],[32.77699,60.59332],[32.75855,60.59005],[32.75489,60.5896],[32.74937,60.58918],[32.74595,60.58871],[32.73719,60.58653],[32.73089,60.58572],[32.72711,60.5842],[32.72533,60.58373],[32.72299,60.58356],[32.71849,60.58358],[32.71606,60.58371],[32.71252,60.58416],[32.70949,60.58421],[32.70765,60.58413],[32.70587,60.58371],[32.70285,60.58237],[32.70206,60.58216],[32.69734,60.58106],[32.68946,60.57941],[32.68759,60.57918],[32.68451,60.57934],[32.68204,60.57931],[32.68045,60.57912],[32.67687,60.57846],[32.67529,60.57828],[32.67393,60.57829],[32.67281,60.57859],[32.67082,60.57932],[32.66798,60.58062],[32.6634,60.58199],[32.66021,60.58265],[32.6535,60.58363],[32.65171,60.58406],[32.64881,60.58551],[32.64508,60.58683],[32.64423,60.58728],[32.6427,60.58838],[32.64185,60.58881],[32.6408,60.58915],[32.63703,60.58997],[32.63377,60.59098],[32.63282,60.59144],[32.63073,60.59289],[32.62724,60.59439],[32.62625,60.59493],[32.62547,60.59561],[32.62482,60.59683],[32.62424,60.59762],[32.6237,60.59815],[32.62304,60.59858],[32.62187,60.59904],[32.61642,60.60081],[32.61552,60.60126],[32.6142,60.60212],[32.6129,60.6031],[32.61209,60.6039],[32.61176,60.60459],[32.61167,60.60594],[32.61149,60.60639],[32.60953,60.60831],[32.60802,60.61011],[32.60771,60.61078],[32.60777,60.61112],[32.60793,60.61134],[32.61003,60.61305],[32.61043,60.61349],[32.61072,60.61404],[32.6108,60.61472],[32.61041,60.61866],[32.61114,60.62148],[32.61115,60.62242],[32.61063,60.62293],[32.60828,60.62464],[32.60619,60.62699],[32.60567,60.6274],[32.60471,60.62781],[32.60329,60.62803],[32.60149,60.62805],[32.60007,60.62789],[32.59838,60.62742],[32.59735,60.62692],[32.59632,60.62607],[32.59571,60.62517],[32.59519,60.62394],[32.59498,60.62293],[32.59515,60.62192],[32.59561,60.62097],[32.59634,60.62025],[32.5977,60.61958],[32.59861,60.61933],[32.60125,60.61884],[32.60215,60.61842],[32.60227,60.61798],[32.60206,60.61747],[32.60156,60.617],[32.60094,60.61664],[32.59991,60.61631],[32.59879,60.61615],[32.59766,60.61617],[32.59519,60.61649],[32.59406,60.61654],[32.58956,60.61583],[32.58596,60.61587],[32.58214,60.61577],[32.58073,60.61561],[32.57879,60.61517],[32.57831,60.61514],[32.57745,60.61522],[32.57178,60.61699],[32.56841,60.61774],[32.56684,60.61828],[32.56229,60.6209],[32.56145,60.62148],[32.55979,60.62293],[32.55883,60.62363],[32.55644,60.62522],[32.55468,60.6261],[32.55221,60.6268],[32.54749,60.62759],[32.54441,60.62827],[32.54353,60.62829],[32.54321,60.62799],[32.54303,60.62766],[32.54304,60.62642],[32.54292,60.62574],[32.54192,60.62338],[32.54192,60.62293],[32.54211,60.62259],[32.54239,60.62232],[32.54289,60.62204],[32.54815,60.61993],[32.55053,60.61913],[32.55167,60.61855],[32.55253,60.61777],[32.55304,60.61708],[32.55312,60.61674],[32.5531,60.61551],[32.55343,60.6148],[32.55383,60.61439],[32.55526,60.61345],[32.55528,60.61298],[32.55502,60.61265],[32.55455,60.61236],[32.55421,60.61232],[32.55362,60.61245],[32.55261,60.613],[32.55173,60.61386],[32.55128,60.61417],[32.55001,60.61481],[32.54843,60.61527],[32.54569,60.61564],[32.54411,60.6156],[32.54261,60.61526],[32.5417,60.61465],[32.54148,60.61416],[32.54157,60.61372],[32.54177,60.61344],[32.54216,60.61314],[32.54313,60.61257],[32.54437,60.61202],[32.54675,60.6112],[32.54759,60.61066],[32.54797,60.61018],[32.54857,60.60887],[32.54913,60.60804],[32.55043,60.60664],[32.55254,60.60486],[32.55433,60.60261],[32.55496,60.60144],[32.55543,60.60084],[32.55745,60.59896],[32.56073,60.59644],[32.56142,60.59579],[32.56245,60.59452],[32.56376,60.59323],[32.5642,60.59257],[32.56458,60.59177],[32.56528,60.58963],[32.56562,60.58884],[32.56666,60.58704],[32.56754,60.58593],[32.56965,60.58384],[32.57061,60.58303],[32.57166,60.5825],[32.57407,60.58177],[32.57446,60.5815],[32.57458,60.58119],[32.57452,60.58097],[32.57414,60.58058],[32.57314,60.58029],[32.57201,60.58016],[32.56977,60.58021],[32.56878,60.58012],[32.56589,60.57925],[32.56414,60.5789],[32.56099,60.57867],[32.55806,60.57894],[32.55694,60.57876],[32.55694,60.57825],[32.55759,60.57774],[32.56427,60.57443],[32.56508,60.57376],[32.56598,60.5721],[32.56609,60.57155],[32.56582,60.57073],[32.56467,60.56882],[32.56444,60.56803],[32.56451,60.56713],[32.565,60.56556],[32.56485,60.56376],[32.56502,60.563],[32.56549,60.56229],[32.56612,60.5617],[32.56705,60.56125],[32.57054,60.56022],[32.57146,60.55958],[32.57171,60.55892],[32.57131,60.55644],[32.57102,60.55566],[32.57042,60.55492],[32.56976,60.55444],[32.56897,60.55403],[32.56761,60.5536],[32.56571,60.55343],[32.56409,60.55353],[32.56162,60.55405],[32.56068,60.55407],[32.55997,60.55363],[32.55994,60.55329],[32.56054,60.55262],[32.56418,60.5495],[32.56696,60.54863],[32.56792,60.54824],[32.56875,60.54772],[32.57072,60.54604],[32.57097,60.54553],[32.57094,60.54508],[32.57051,60.54421],[32.56941,60.54292],[32.56874,60.54233],[32.56678,60.54105],[32.5662,60.54051],[32.56593,60.54009],[32.56578,60.53934],[32.56591,60.53844],[32.56618,60.53775],[32.56696,60.53645],[32.56631,60.53597],[32.56348,60.5351],[32.56245,60.53468],[32.56175,60.53406],[32.56165,60.53372],[32.56175,60.53327],[32.56287,60.53181],[32.563,60.53147],[32.56297,60.53113],[32.56256,60.53057],[32.56109,60.52922],[32.56083,60.52877],[32.56062,60.52799],[32.56041,60.52764],[32.55889,60.52588],[32.55765,60.52426],[32.55677,60.52344],[32.55527,60.5225],[32.55419,60.52212],[32.55199,60.52189],[32.55075,60.52162],[32.54991,60.52113],[32.54963,60.52076],[32.54928,60.51932],[32.54962,60.51752],[32.54956,60.51617],[32.54923,60.51527],[32.54816,60.51358],[32.54806,60.51302],[32.54805,60.51179],[32.54788,60.51133],[32.54671,60.50976],[32.54557,60.50729],[32.54505,60.50649],[32.54356,60.50528],[32.54169,60.50409],[32.54136,60.50357],[32.54155,60.50244],[32.54144,60.50121],[32.54153,60.5009],[32.54171,60.50068],[32.54207,60.50044],[32.54278,60.50021],[32.54524,60.49994],[32.54629,60.49963],[32.54653,60.49918],[32.54644,60.49863],[32.54591,60.49783],[32.54354,60.49508],[32.54197,60.49371],[32.54079,60.49246],[32.5395,60.49152],[32.53903,60.49104],[32.53863,60.49018],[32.53816,60.48832],[32.53716,60.48611],[32.53704,60.48546],[32.53706,60.48433],[32.53697,60.48388],[32.53562,60.48255],[32.53499,60.48118],[32.53462,60.48064],[32.5328,60.4793],[32.53216,60.47871],[32.53182,60.47803],[32.53182,60.47753],[32.53201,60.47691],[32.53235,60.47623],[32.53342,60.4748],[32.53467,60.47363],[32.53702,60.47202],[32.53798,60.47122],[32.54022,60.46836],[32.54127,60.46724],[32.54262,60.46609],[32.54614,60.46352],[32.54829,60.46179],[32.55212,60.45811],[32.55609,60.45453],[32.5568,60.45362],[32.5578,60.4514],[32.55865,60.45005],[32.55974,60.44871],[32.56259,60.44558],[32.56425,60.44345],[32.56466,60.44248],[32.56504,60.44102],[32.56522,60.43978],[32.56531,60.43809],[32.56548,60.43731],[32.56792,60.43039],[32.56934,60.42729],[32.56936,60.42651],[32.56897,60.42291],[32.56869,60.42173],[32.56814,60.42054],[32.56447,60.41514],[32.56279,60.41199],[32.56232,60.41138],[32.56,60.40896],[32.55802,60.40592],[32.55713,60.40504],[32.55618,60.40445],[32.55491,60.40399],[32.5534,60.40372],[32.55163,60.40372],[32.54901,60.4042],[32.54623,60.40506],[32.54029,60.40713],[32.53722,60.40851],[32.53249,60.41129],[32.53033,60.41235],[32.5272,60.41354],[32.52098,60.41541],[32.52008,60.41581],[32.5193,60.41641],[32.51771,60.41825],[32.5167,60.41901],[32.51573,60.41949],[32.51464,60.4198],[32.51374,60.4199],[32.51284,60.41985],[32.512,60.41966],[32.51134,60.41941],[32.51071,60.41896],[32.51039,60.41841],[32.51041,60.41784],[32.51073,60.41729],[32.51122,60.4168],[32.51208,60.41625],[32.5148,60.41499],[32.51545,60.41449],[32.51569,60.41412],[32.51581,60.41346],[32.51566,60.41143],[32.51581,60.41042],[32.51625,60.40941],[32.51739,60.40771],[32.51767,60.40693],[32.51764,60.40649],[32.51743,60.406],[32.51672,60.40532],[32.51576,60.4048],[32.51496,60.40451],[32.51059,60.40348],[32.50857,60.40273],[32.50698,60.40178],[32.50396,60.39921],[32.50214,60.39799],[32.49942,60.39666],[32.49623,60.39561],[32.49297,60.39479],[32.4906,60.39435],[32.48336,60.39345],[32.48179,60.39341],[32.48089,60.3935],[32.47888,60.39429],[32.47819,60.39439],[32.47736,60.39433],[32.47707,60.39411],[32.47718,60.39377],[32.4778,60.39333],[32.47937,60.39286],[32.47996,60.39258],[32.48055,60.39202],[32.48078,60.39163],[32.48205,60.38859],[32.48245,60.38713],[32.48247,60.38589],[32.48197,60.38252],[32.48205,60.38162],[32.48231,60.38079],[32.48276,60.38004],[32.48331,60.37946],[32.48578,60.37753],[32.48668,60.37657],[32.4871,60.37588],[32.48802,60.37397],[32.48966,60.37145],[32.49001,60.37059],[32.49016,60.36981],[32.49011,60.36879],[32.48983,60.36778],[32.48929,60.36666],[32.48851,60.36548],[32.48717,60.3641],[32.48363,60.36138],[32.48319,60.36101],[32.48299,60.36069],[32.48284,60.36024],[32.48263,60.35856],[32.48229,60.35747],[32.48176,60.35642],[32.48056,60.35454],[32.48019,60.35372],[32.48009,60.35293],[32.48026,60.35214],[32.48086,60.35113],[32.48299,60.34844],[32.48408,60.34666],[32.4855,60.34359],[32.48711,60.33954],[32.48829,60.33696],[32.48995,60.33381],[32.49161,60.33121],[32.49301,60.32938],[32.49417,60.32827],[32.4958,60.32717],[32.49959,60.32503],[32.50031,60.32451],[32.50079,60.32402],[32.50128,60.32321],[32.50163,60.32233],[32.50308,60.31694],[32.50359,60.31581],[32.50413,60.31518],[32.50485,60.31462],[32.50752,60.31313],[32.50856,60.31236],[32.5093,60.31143],[32.51134,60.30849],[32.51181,60.30759],[32.512,60.30681],[32.51198,60.30602],[32.51179,60.30489],[32.51101,60.30231],[32.51029,60.30069],[32.50962,60.29949],[32.50738,60.29655],[32.50719,60.29589],[32.50686,60.29342],[32.5066,60.29223],[32.50618,60.29117],[32.50531,60.28959],[32.50521,60.28914],[32.50534,60.28869],[32.50578,60.28805],[32.50694,60.28676],[32.50802,60.28578],[32.50938,60.28485],[32.51227,60.28363],[32.51232,60.28352],[32.51196,60.28317],[32.51025,60.28235],[32.50935,60.28177],[32.5084,60.28096],[32.5076,60.27999],[32.50719,60.27924],[32.50693,60.27846],[32.50675,60.27609],[32.50649,60.27508],[32.50578,60.27391],[32.50464,60.27287],[32.5039,60.27237],[32.50244,60.27167],[32.50023,60.271],[32.49821,60.27077],[32.49604,60.27101],[32.49486,60.27099],[32.49492,60.27046],[32.49605,60.26971],[32.49668,60.26912],[32.49711,60.26844],[32.4974,60.26766],[32.49756,60.26653],[32.49754,60.26529],[32.49734,60.26406],[32.49695,60.26294],[32.49648,60.26214],[32.49591,60.26149],[32.49211,60.25812],[32.49056,60.25698],[32.48725,60.25494],[32.48426,60.25334],[32.48065,60.25185],[32.47795,60.25097],[32.47526,60.25045],[32.47331,60.25027],[32.47076,60.25021],[32.46829,60.25035],[32.46459,60.25075],[32.46356,60.25071],[32.45814,60.24934],[32.45444,60.24854],[32.45072,60.24792],[32.44781,60.24765],[32.44601,60.24761],[32.44421,60.24772],[32.43859,60.24855],[32.43748,60.24856],[32.43644,60.24843],[32.43517,60.24796],[32.43462,60.24759],[32.43425,60.24707],[32.43407,60.24628],[32.43422,60.24437],[32.43416,60.24336],[32.43387,60.24251],[32.43368,60.24223],[32.43334,60.24201],[32.43284,60.24173],[32.43126,60.24131],[32.42657,60.24037],[32.42419,60.2401],[32.42239,60.24011],[32.42104,60.24032],[32.41971,60.24086],[32.4189,60.24156],[32.41831,60.24258],[32.41796,60.24414],[32.41796,60.24493],[32.4181,60.24583],[32.4187,60.24752],[32.42026,60.25027],[32.42046,60.25101],[32.42041,60.25179],[32.41993,60.25292],[32.41808,60.25573],[32.41696,60.25866],[32.41631,60.25989],[32.41575,60.26063],[32.41512,60.26119],[32.41459,60.26151],[32.41371,60.26187],[32.41249,60.26211],[32.41091,60.2622],[32.40484,60.26186],[32.39786,60.26164],[32.39404,60.26127],[32.39071,60.2606],[32.38952,60.2602],[32.38861,60.25977],[32.38785,60.25927],[32.38622,60.25785],[32.38497,60.25715],[32.38332,60.25658],[32.37939,60.25568],[32.37813,60.25515],[32.37767,60.25479],[32.37724,60.25429],[32.37613,60.25214],[32.3753,60.25106],[32.37469,60.25085],[32.37401,60.25081],[32.37109,60.2514],[32.36905,60.25214],[32.368,60.25294],[32.36781,60.25359],[32.36804,60.25434],[32.36894,60.25525],[32.37191,60.25703],[32.37283,60.25777],[32.37547,60.26104],[32.37586,60.26192],[32.3758,60.26259],[32.37523,60.26331],[32.37435,60.26377],[32.37311,60.26409],[32.37166,60.26425],[32.36546,60.26435],[32.36257,60.26428],[32.35781,60.26385],[32.35601,60.26386],[32.35362,60.26422],[32.34926,60.26539],[32.34814,60.26555],[32.34725,60.26544],[32.34546,60.26473],[32.34452,60.26454],[32.33869,60.26403],[32.33576,60.26397],[32.33382,60.26415],[32.33219,60.26449],[32.33066,60.26501],[32.32949,60.26557],[32.32866,60.26617],[32.32827,60.26676],[32.32834,60.26737],[32.3288,60.26789],[32.32935,60.26828],[32.33027,60.26871],[32.33122,60.26902],[32.33284,60.26935],[32.33441,60.2695],[32.33666,60.26944],[32.33901,60.26909],[32.34178,60.26828],[32.34569,60.26672],[32.34701,60.26628],[32.34769,60.26623],[32.34823,60.26633],[32.35215,60.26826],[32.3602,60.2718],[32.3609,60.27225],[32.36194,60.27322],[32.36265,60.27368],[32.36369,60.27413],[32.36808,60.27533],[32.36971,60.27597],[32.37044,60.27641],[32.3709,60.27683],[32.37113,60.27722],[32.37115,60.27767],[32.37091,60.2781],[32.37065,60.27832],[32.37005,60.27867],[32.36911,60.27899],[32.36749,60.27929],[32.36546,60.2794],[32.36006,60.27928],[32.35903,60.27909],[32.3563,60.2782],[32.35421,60.27785],[32.35151,60.27779],[32.34814,60.27797],[32.34566,60.2783],[32.34362,60.27882],[32.34193,60.2795],[32.34064,60.28038],[32.3398,60.28138],[32.3387,60.28363],[32.33729,60.28567],[32.33689,60.28656],[32.33684,60.28701],[32.33695,60.28757],[32.33792,60.28937],[32.33815,60.29004],[32.33811,60.29072],[32.3377,60.29136],[32.33707,60.29184],[32.33493,60.2931],[32.3329,60.29463],[32.33163,60.29531],[32.32932,60.29616],[32.32381,60.29769],[32.32202,60.29834],[32.32089,60.29886],[32.32009,60.29932],[32.31916,60.30006],[32.31864,60.30067],[32.31832,60.30129],[32.31819,60.30186],[32.31821,60.30231],[32.31841,60.30285],[32.31872,60.30325],[32.31945,60.30383],[32.32179,60.30519],[32.32354,60.30609],[32.32486,60.3066],[32.32658,60.30699],[32.33005,60.30749],[32.33168,60.30796],[32.33255,60.30836],[32.33329,60.30885],[32.33402,60.30955],[32.33442,60.31018],[32.33466,60.31097],[32.33465,60.31176],[32.33439,60.31254],[32.33388,60.31329],[32.33326,60.31386],[32.33238,60.31446],[32.32937,60.31598],[32.3277,60.31777],[32.32646,60.31853],[32.32543,60.31895],[32.32406,60.31933],[32.32136,60.3197],[32.31776,60.31972],[32.31349,60.31936],[32.31046,60.31875],[32.3086,60.31799],[32.30767,60.31731],[32.306,60.31524],[32.30503,60.31432],[32.30415,60.31373],[32.3026,60.31315],[32.30021,60.31277],[32.29909,60.31275],[32.29802,60.31287],[32.29673,60.31328],[32.296,60.31367],[32.29501,60.31442],[32.29386,60.31559],[32.29097,60.31906],[32.28696,60.32312],[32.28618,60.3241],[32.28541,60.32536],[32.2849,60.32683],[32.28476,60.32897],[32.28438,60.33038],[32.28427,60.33122],[32.28432,60.33231],[32.28476,60.33471],[32.28476,60.33549],[32.28454,60.33627],[32.28397,60.33707],[32.2834,60.33755],[32.28258,60.33805],[32.28165,60.33847],[32.27971,60.33909],[32.27806,60.33944],[32.27659,60.33962],[32.27299,60.33966],[32.27175,60.33975],[32.27068,60.34011],[32.27019,60.34056],[32.27009,60.34078],[32.27014,60.34112],[32.27061,60.34175],[32.27408,60.34404],[32.27536,60.3452],[32.27641,60.34643],[32.27687,60.34731],[32.27697,60.34798],[32.27679,60.34866],[32.2763,60.34931],[32.27524,60.35008],[32.27333,60.35094],[32.26997,60.35198],[32.26545,60.35296],[32.26453,60.3533],[32.26254,60.3546],[32.2616,60.35506],[32.26004,60.35557],[32.25764,60.35616],[32.25673,60.35661],[32.25639,60.35694],[32.25648,60.35758],[32.25723,60.3585],[32.2589,60.36012],[32.25942,60.36092],[32.25964,60.36159],[32.25961,60.36227],[32.25932,60.36291],[32.25865,60.3636],[32.25775,60.36415],[32.25589,60.36476],[32.25391,60.36505],[32.24761,60.36501],[32.24509,60.36524],[32.24388,60.36549],[32.24281,60.36583],[32.24185,60.3663],[32.24119,60.36686],[32.2409,60.36744],[32.24094,60.36801],[32.24127,60.36854],[32.24192,60.36906],[32.24291,60.36956],[32.24655,60.37087],[32.24744,60.37134],[32.2485,60.37214],[32.2491,60.37281],[32.24949,60.37352],[32.24965,60.37419],[32.24959,60.37487],[32.2492,60.37577],[32.24863,60.37643],[32.24758,60.37723],[32.24665,60.3777],[32.2456,60.37806],[32.24419,60.37829],[32.24059,60.37819],[32.23925,60.37831],[32.23851,60.37854],[32.23815,60.37882],[32.23795,60.37914],[32.238,60.37959],[32.23854,60.38023],[32.23934,60.3807],[32.24016,60.38101],[32.2457,60.38243],[32.24745,60.38302],[32.2478,60.38342],[32.24766,60.38376],[32.24747,60.38394],[32.24534,60.38425],[32.24376,60.38475],[32.24292,60.38523],[32.2422,60.38581],[32.24023,60.38796],[32.2392,60.38873],[32.23758,60.38949],[32.23305,60.39112],[32.23211,60.39156],[32.23171,60.39186],[32.23125,60.39247],[32.23115,60.39309],[32.23119,60.39411],[32.23147,60.39568],[32.23142,60.39624],[32.23128,60.39654],[32.23001,60.39771],[32.22944,60.39841],[32.22902,60.39928],[32.22857,60.40105],[32.22814,60.40176],[32.22754,60.40226],[32.22658,60.40273],[32.22137,60.40412],[32.21876,60.40506],[32.21587,60.40636],[32.21456,60.40716],[32.21402,60.40776],[32.21372,60.40862],[32.21359,60.40963],[32.2135,60.41177],[32.21334,60.41256],[32.21299,60.41324],[32.21247,60.41377],[32.2114,60.41437],[32.21021,60.41472],[32.20873,60.41494],[32.20549,60.41524],[32.20348,60.41563],[32.20151,60.4163],[32.19968,60.41716],[32.19815,60.41813],[32.1972,60.41894],[32.19464,60.42201],[32.19309,60.42349],[32.19141,60.42477],[32.1873,60.42757],[32.18521,60.4293],[32.18408,60.43044],[32.18307,60.43168],[32.182,60.43326],[32.17999,60.43661],[32.17922,60.43759],[32.1782,60.43862],[32.17565,60.44072],[32.1727,60.44282],[32.17052,60.44418],[32.16801,60.4455],[32.16726,60.44598],[32.16727,60.44648],[32.16769,60.44766],[32.16759,60.44867],[32.16719,60.44959],[32.16587,60.45193],[32.16449,60.45499],[32.16325,60.45699],[32.1589,60.46307],[32.15804,60.46389],[32.15582,60.46537],[32.15511,60.46611],[32.15489,60.46656],[32.15482,60.46712],[32.15518,60.46914],[32.15507,60.46959],[32.15487,60.46993],[32.1541,60.47038],[32.15351,60.4705],[32.15261,60.47053],[32.15137,60.47032],[32.15026,60.46987],[32.14751,60.46808],[32.14598,60.46751],[32.14412,60.46713],[32.14136,60.46683],[32.13844,60.46669],[32.1359,60.46673],[32.13461,60.46691],[32.13295,60.46746],[32.12801,60.47033],[32.12683,60.47087],[32.12518,60.47147],[32.12201,60.4722],[32.11518,60.4731],[32.11342,60.47351],[32.11231,60.47389],[32.11059,60.47476],[32.10937,60.47568],[32.10788,60.4771],[32.10618,60.47848],[32.10582,60.47894],[32.1055,60.47971],[32.10519,60.48018],[32.10448,60.48071],[32.10256,60.48149],[32.1009,60.48193],[32.09906,60.48226],[32.09706,60.48245],[32.09479,60.48242],[32.09255,60.48207],[32.08979,60.48116],[32.08793,60.48029],[32.08647,60.47933],[32.08578,60.47848],[32.0856,60.47769],[32.0857,60.47578],[32.08554,60.47528],[32.0852,60.47486],[32.08449,60.47439],[32.08353,60.47411],[32.08247,60.47396],[32.08095,60.47392]],[[32.02642,60.41678],[32.02658,60.41537],[32.02719,60.41401],[32.02835,60.41268],[32.03071,60.41085],[32.0328,60.40761],[32.03312,60.40693],[32.03326,60.40641],[32.03327,60.40591],[32.03311,60.40524],[32.0319,60.40266],[32.03136,60.40086],[32.03084,60.39804],[32.03069,60.39534],[32.03057,60.39475],[32.02879,60.39196],[32.02851,60.39107],[32.02854,60.39028],[32.02891,60.38947],[32.02975,60.38848],[32.03146,60.38709],[32.03415,60.38528],[32.03452,60.38477],[32.03651,60.37644],[32.03716,60.37498],[32.03841,60.37318],[32.03854,60.37284],[32.03854,60.37251],[32.03737,60.37037],[32.03698,60.36947],[32.03587,60.36506],[32.03505,60.36277],[32.03367,60.35957],[32.03318,60.35879],[32.0326,60.35812],[32.02905,60.3551],[32.02696,60.35316],[32.02595,60.3525],[32.02439,60.35208],[32.02031,60.3514],[32.01559,60.35046],[32.01444,60.35015],[32.01359,60.34966],[32.01245,60.34846],[32.01203,60.34776],[32.01177,60.34709],[32.01153,60.34573],[32.01146,60.34247],[32.01125,60.34157],[32.01083,60.34073],[32.01047,60.34031],[32.00985,60.33983],[32.00894,60.33938],[32.00636,60.3387],[32.00431,60.33839],[32.00209,60.33822],[31.99421,60.33824],[31.98659,60.33805],[31.98476,60.33793],[31.98116,60.33752],[31.97621,60.33798],[31.97216,60.33813],[31.96609,60.3381],[31.96024,60.33776],[31.95867,60.3378],[31.95765,60.33813],[31.95544,60.33978],[31.95229,60.34167],[31.95146,60.34253],[31.9506,60.344],[31.95002,60.34471],[31.94894,60.3456],[31.94786,60.34622],[31.94591,60.34702],[31.94291,60.3478],[31.93999,60.34822],[31.93697,60.34838],[31.93414,60.34824],[31.93159,60.34784],[31.929,60.34717],[31.92442,60.34567],[31.92289,60.34541],[31.91906,60.34503],[31.91726,60.34474],[31.91401,60.34395],[31.91091,60.34296],[31.90758,60.34152],[31.90617,60.34072],[31.90505,60.33987],[31.90459,60.33931],[31.90436,60.33864],[31.90441,60.33831],[31.9048,60.33729],[31.90475,60.33675],[31.90453,60.33656],[31.90376,60.33642],[31.90286,60.33646],[31.90186,60.33668],[31.89932,60.33767],[31.89722,60.33821],[31.88891,60.33956],[31.88441,60.34001],[31.87834,60.34003],[31.87639,60.3402],[31.87438,60.3407],[31.87119,60.34191],[31.86959,60.3424],[31.86799,60.34272],[31.86641,60.34286],[31.86394,60.34273],[31.86132,60.3422],[31.85959,60.3416],[31.85584,60.33981],[31.85426,60.33933],[31.85291,60.33915],[31.85044,60.33924],[31.84594,60.34007],[31.84414,60.34022],[31.84189,60.34006],[31.83073,60.33852],[31.82546,60.33816],[31.82254,60.33814],[31.81939,60.33825],[31.81016,60.33905],[31.80679,60.33923],[31.80386,60.33921],[31.8,60.33889],[31.79852,60.3389],[31.79833,60.33892],[31.79687,60.34044],[31.79581,60.34123],[31.79403,60.34212],[31.79188,60.34289],[31.78982,60.34344],[31.78759,60.34389],[31.78139,60.34459],[31.78072,60.3448],[31.7787,60.34578],[31.77709,60.34632],[31.77506,60.34675],[31.77231,60.34711],[31.77121,60.34738],[31.77035,60.34781],[31.76679,60.35015],[31.76175,60.35297],[31.7589,60.35434],[31.75619,60.35539],[31.75414,60.35583],[31.74289,60.35764],[31.73807,60.35825],[31.73479,60.3585],[31.73141,60.35844],[31.72644,60.35782],[31.72559,60.35779],[31.71929,60.35875],[31.71431,60.35914],[31.70891,60.35913],[31.70644,60.35895],[31.70413,60.35866],[31.70014,60.35787],[31.69538,60.35649],[31.69303,60.35559],[31.68779,60.35329],[31.68307,60.35157],[31.67951,60.35013],[31.6739,60.34748],[31.66973,60.34519],[31.6685,60.34433],[31.66742,60.34336],[31.66648,60.34224],[31.66518,60.34026],[31.66459,60.33981],[31.66223,60.33847],[31.65791,60.33627],[31.65543,60.33443],[31.65405,60.33362],[31.64946,60.33168],[31.64786,60.33089],[31.64641,60.32983],[31.64582,60.32919],[31.64541,60.32858],[31.64507,60.32773],[31.64496,60.32672],[31.64509,60.32571],[31.64556,60.32368],[31.64552,60.32301],[31.64538,60.32271],[31.64343,60.3211],[31.64224,60.31986],[31.6416,60.31873],[31.64143,60.31772],[31.64155,60.31693],[31.64192,60.31602],[31.6425,60.31506],[31.64353,60.31367],[31.64384,60.31288],[31.64417,60.30996],[31.6448,60.30669],[31.64547,60.30242],[31.64651,60.29713],[31.64654,60.29488],[31.64611,60.29241],[31.64538,60.28983],[31.64468,60.28791],[31.64104,60.28082],[31.6394,60.27699],[31.6389,60.27531],[31.6385,60.27272],[31.63818,60.27184],[31.63741,60.27088],[31.63498,60.26889],[31.63391,60.26778],[31.63319,60.26664],[31.63218,60.26428],[31.62995,60.26152],[31.62825,60.25882],[31.62187,60.25296],[31.62067,60.25201],[31.61927,60.25116],[31.61779,60.25049],[31.6163,60.24996],[31.61049,60.24847],[31.60944,60.24804],[31.59774,60.24165],[31.59582,60.24075],[31.59255,60.23946],[31.59175,60.23906],[31.59125,60.23857],[31.59031,60.23636],[31.58944,60.23498],[31.58821,60.23369],[31.58684,60.23273],[31.58414,60.23149],[31.57741,60.22909],[31.57249,60.22684],[31.56629,60.22464],[31.56435,60.22372],[31.56281,60.22281],[31.56162,60.22194],[31.56068,60.22107],[31.55988,60.2201],[31.55928,60.21906],[31.55889,60.218],[31.55866,60.21692],[31.5586,60.21579],[31.5588,60.21411],[31.55873,60.21377],[31.55851,60.21343],[31.55507,60.21015],[31.55447,60.20976],[31.5537,60.20947],[31.55209,60.20908],[31.54871,60.20864],[31.54556,60.20864],[31.54367,60.20884],[31.54241,60.20908],[31.54115,60.20944],[31.54027,60.20986],[31.5397,60.2103],[31.53809,60.21193],[31.53741,60.2125],[31.53449,60.21421],[31.53327,60.21512],[31.5328,60.21564],[31.53175,60.21739],[31.53104,60.21831],[31.53014,60.21921],[31.52839,60.22064],[31.52754,60.22147],[31.52527,60.22457],[31.52357,60.2264],[31.52221,60.22738],[31.51857,60.22923],[31.51737,60.22995],[31.51632,60.23076],[31.51406,60.23277],[31.51287,60.23349],[31.51131,60.23409],[31.51008,60.23442],[31.50821,60.23481],[31.50596,60.23514],[31.50056,60.23555],[31.49831,60.23557],[31.49669,60.23547],[31.49561,60.23527],[31.49431,60.23489],[31.49141,60.23366],[31.49053,60.23318],[31.48913,60.23223],[31.48812,60.23135],[31.48727,60.23042],[31.48625,60.22909],[31.4855,60.22783],[31.4851,60.22687],[31.48449,60.22479],[31.4835,60.22289],[31.48219,60.21996],[31.48131,60.2188],[31.47813,60.21561],[31.47734,60.21456],[31.47672,60.21343],[31.47638,60.21242],[31.47629,60.21141],[31.4765,60.21039],[31.47721,60.20882],[31.47723,60.20838],[31.47704,60.208],[31.4762,60.20748],[31.47288,60.20607],[31.47096,60.20482],[31.46931,60.20319],[31.46636,60.19951],[31.46591,60.19913],[31.46457,60.1985],[31.45871,60.19698],[31.45546,60.19593],[31.45331,60.19502],[31.44737,60.19221],[31.44552,60.19146],[31.44409,60.19103],[31.44206,60.19073],[31.43959,60.19075],[31.43711,60.19107],[31.4349,60.19164],[31.43286,60.19243],[31.43087,60.19347],[31.42936,60.19449],[31.42666,60.19663],[31.42222,60.20043],[31.41899,60.20386],[31.41393,60.20869],[31.40598,60.21521],[31.40349,60.21744],[31.40126,60.21922],[31.40048,60.22013],[31.3974,60.22581],[31.39651,60.22727],[31.39532,60.22879],[31.39367,60.2304],[31.39143,60.23213],[31.38893,60.23371],[31.38707,60.23467],[31.3842,60.23584],[31.38343,60.2363],[31.37979,60.24116],[31.37871,60.24247],[31.3777,60.24348],[31.37285,60.24721],[31.3709,60.24849],[31.36718,60.2507],[31.36548,60.2521],[31.3645,60.25338],[31.36388,60.25472],[31.36351,60.25629],[31.36333,60.25866],[31.36297,60.25942],[31.36209,60.26017],[31.35505,60.26472],[31.35455,60.26508],[31.35421,60.26552],[31.35414,60.26608],[31.35446,60.26799],[31.35433,60.27058],[31.35451,60.27113],[31.3554,60.27261],[31.35561,60.27362],[31.35545,60.27441],[31.35512,60.27508],[31.35451,60.27583],[31.35376,60.27651],[31.35196,60.27763],[31.35008,60.27845],[31.34752,60.27923],[31.34464,60.27982],[31.34194,60.28017],[31.33901,60.28039],[31.32934,60.28056],[31.32619,60.28075],[31.32349,60.28118],[31.31959,60.28224],[31.3179,60.2826],[31.31606,60.28282],[31.31415,60.28288]],[[31.29862,60.26692],[31.29859,60.26574],[31.29845,60.26507],[31.29798,60.2642],[31.29653,60.26214],[31.2957,60.26057],[31.29493,60.25843],[31.2946,60.25652],[31.29466,60.25258],[31.29448,60.24819],[31.29458,60.24639],[31.29498,60.24257],[31.29483,60.23874],[31.29515,60.2373],[31.29605,60.23549],[31.29616,60.23496],[31.29588,60.23447],[31.29456,60.23302],[31.29387,60.23211],[31.29324,60.23098],[31.29282,60.22986],[31.29261,60.22873],[31.2926,60.22772],[31.29281,60.22671],[31.29335,60.22524],[31.2933,60.22468],[31.29296,60.22424],[31.29102,60.22233],[31.28991,60.22066],[31.28855,60.21737],[31.28734,60.21478],[31.28706,60.21387],[31.28679,60.21242],[31.28654,60.21186],[31.28627,60.21154],[31.28574,60.21119],[31.28313,60.20981],[31.28181,60.20884],[31.28093,60.20778],[31.2799,60.20578],[31.27928,60.20518],[31.27836,60.20465],[31.27589,60.20351],[31.2746,60.20254],[31.27409,60.20184],[31.27384,60.20106],[31.27387,60.20027],[31.2742,60.19903],[31.27413,60.19858],[31.27272,60.19675],[31.27168,60.19485],[31.27099,60.19401],[31.2703,60.19349],[31.26876,60.1927],[31.26452,60.19114],[31.26284,60.19043],[31.26121,60.18945],[31.25975,60.18811],[31.25869,60.18654],[31.25817,60.18497],[31.25814,60.18351],[31.25869,60.18114],[31.2586,60.18058],[31.25835,60.18007],[31.25746,60.17924],[31.25659,60.17869],[31.25218,60.17649],[31.25142,60.176],[31.25104,60.17564],[31.25078,60.17518],[31.25068,60.17473],[31.2508,60.17237],[31.25061,60.17113],[31.25004,60.17001],[31.24901,60.16898],[31.248,60.16833],[31.24671,60.16773],[31.24381,60.16687],[31.23529,60.1654],[31.22786,60.16366],[31.22595,60.16339],[31.22381,60.16329],[31.21976,60.16355],[31.21346,60.16432],[31.21169,60.16463],[31.20907,60.16535],[31.20446,60.1671],[31.2033,60.16744],[31.20221,60.16754],[31.19861,60.16752],[31.19614,60.16771],[31.1926,60.16827],[31.18872,60.16913],[31.18538,60.17013],[31.18289,60.17119],[31.18084,60.17238],[31.17836,60.17435],[31.17761,60.17474],[31.17633,60.17511],[31.1718,60.17613],[31.16639,60.17791],[31.16554,60.17807],[31.16441,60.17813],[31.15676,60.17788],[31.15361,60.17797],[31.15281,60.17814],[31.1485,60.1796],[31.14559,60.18042],[31.14236,60.18114],[31.13989,60.18149],[31.13847,60.18146],[31.13674,60.18121],[31.13492,60.1808],[31.13306,60.1802],[31.13064,60.1791],[31.12525,60.1762],[31.12064,60.1739],[31.1181,60.17278],[31.11647,60.17229],[31.11237,60.17154],[31.11041,60.17136],[31.10839,60.17129],[31.1053,60.17151],[31.10358,60.17192],[31.10252,60.17238],[31.10178,60.17289],[31.10133,60.17338],[31.10038,60.17529],[31.09991,60.176],[31.09776,60.17789],[31.09755,60.17844],[31.09733,60.18],[31.09687,60.18103],[31.09596,60.18216],[31.0937,60.18422],[31.09323,60.18497],[31.09311,60.18564],[31.09334,60.18643],[31.09401,60.18734],[31.09526,60.18841],[31.09674,60.18939],[31.09867,60.19045],[31.10054,60.19128],[31.10622,60.19313],[31.1082,60.19398],[31.1097,60.19501],[31.11033,60.19566],[31.11075,60.19627],[31.11109,60.19701],[31.11122,60.19768],[31.11114,60.19813],[31.11083,60.19855],[31.10974,60.19881],[31.10549,60.19947],[31.10434,60.1998],[31.10353,60.20016],[31.10268,60.2008],[31.10242,60.20128],[31.10239,60.20162],[31.1025,60.20196],[31.103,60.20252],[31.10404,60.20304],[31.10524,60.20331],[31.10636,60.20337],[31.10771,60.20322],[31.1092,60.20276],[31.11034,60.20206],[31.11114,60.20117],[31.11201,60.19959],[31.11253,60.19922],[31.11356,60.19905],[31.11536,60.19902],[31.11761,60.19915],[31.11983,60.1994],[31.12369,60.20014],[31.13124,60.2022],[31.13321,60.20259],[31.13809,60.20328],[31.14057,60.20386],[31.14209,60.20442],[31.14401,60.2053],[31.14767,60.20616],[31.14951,60.20686],[31.15138,60.20799],[31.1523,60.20879],[31.15322,60.20985],[31.15374,60.21073],[31.15409,60.21174],[31.15434,60.21467],[31.15494,60.21737],[31.15497,60.21838],[31.15473,60.22097],[31.15503,60.22367],[31.15522,60.22457],[31.15546,60.22513],[31.15595,60.22582],[31.15862,60.22866],[31.16006,60.23051],[31.16097,60.23222],[31.16142,60.23391],[31.16146,60.23514],[31.16122,60.23647],[31.16075,60.23773],[31.15959,60.23998],[31.15922,60.24156],[31.15908,60.24324],[31.15912,60.24527],[31.15927,60.24651],[31.15975,60.24876],[31.15982,60.24988],[31.15957,60.25134],[31.15881,60.25292],[31.15464,60.25824],[31.15344,60.25931],[31.15205,60.2601],[31.15001,60.26076],[31.14765,60.26107],[31.14506,60.26098],[31.14251,60.26052],[31.14018,60.25987],[31.13753,60.25896],[31.13591,60.25831],[31.13311,60.25701],[31.13177,60.25652],[31.12594,60.25541],[31.12252,60.25463],[31.11863,60.25354],[31.11529,60.25237],[31.11269,60.25113],[31.10904,60.24864],[31.10714,60.24769],[31.10534,60.24705],[31.09959,60.24534],[31.09548,60.24397],[31.08928,60.24164],[31.08546,60.24],[31.08368,60.23909],[31.08203,60.23809],[31.0802,60.23675],[31.07761,60.23453],[31.07675,60.23402],[31.07573,60.23357],[31.07018,60.232],[31.06715,60.23101],[31.06456,60.23003],[31.06093,60.22844],[31.05924,60.22786],[31.05776,60.22757],[31.05596,60.22742],[31.05416,60.22743],[31.05214,60.22759],[31.04966,60.22797],[31.04621,60.22871],[31.04059,60.23004],[31.03773,60.2309],[31.03602,60.23166],[31.03422,60.23271],[31.03,60.23544],[31.02936,60.23594],[31.02905,60.23638],[31.02905,60.23694],[31.02963,60.23886],[31.02968,60.23964],[31.0296,60.24043],[31.02915,60.24178],[31.0278,60.24381],[31.02766,60.24426],[31.0277,60.24446],[31.02804,60.24484],[31.03033,60.24573],[31.03129,60.24624],[31.03203,60.24684],[31.03257,60.24756],[31.03288,60.24842],[31.03305,60.25033],[31.0333,60.25126],[31.03459,60.25404],[31.03546,60.25674],[31.03599,60.258],[31.03728,60.26046],[31.03876,60.26284],[31.03919,60.26372],[31.03963,60.26518],[31.03978,60.26692]],[[31.31415,60.3199],[31.31627,60.31997],[31.32048,60.32046],[31.32202,60.32045],[31.3242,60.32009],[31.32821,60.3189],[31.33091,60.31839],[31.33451,60.31813],[31.34104,60.31805],[31.34385,60.31822],[31.34605,60.31866],[31.34738,60.31914],[31.34806,60.31951],[31.34927,60.32046],[31.34989,60.32132],[31.35028,60.32222],[31.35164,60.32762],[31.35221,60.33122],[31.35267,60.33347],[31.35266,60.33482],[31.35226,60.33594],[31.3514,60.33718],[31.35014,60.33846],[31.34753,60.34078],[31.34606,60.34258],[31.34444,60.34428],[31.34378,60.34523],[31.34363,60.34584],[31.34368,60.34641],[31.34456,60.34843],[31.34479,60.34944],[31.34476,60.35019],[31.34426,60.35203],[31.34415,60.35282],[31.3445,60.35552],[31.3445,60.35653],[31.34432,60.35743],[31.34401,60.3582],[31.34242,60.36081],[31.34225,60.36137],[31.34223,60.36182],[31.34243,60.36238],[31.34298,60.36305],[31.34388,60.36365],[31.34475,60.36403],[31.34653,60.36453],[31.35105,60.36547],[31.35282,60.36606],[31.35463,60.36683],[31.35619,60.36731],[31.35769,60.3674],[31.36241,60.36713],[31.36542,60.36733],[31.36829,60.36789],[31.36985,60.36838],[31.37178,60.36913],[31.37355,60.36953],[31.37479,60.36945],[31.37728,60.36909],[31.38168,60.36818],[31.38384,60.36739],[31.38538,60.36644],[31.38607,60.36577],[31.38659,60.36508],[31.38818,60.36226],[31.3888,60.36139],[31.38977,60.36053],[31.39062,60.36005],[31.39153,60.35969],[31.39331,60.3592],[31.39547,60.35881],[31.39881,60.35834],[31.40394,60.35778],[31.40607,60.35739],[31.41687,60.35466],[31.41953,60.35379],[31.42036,60.35333],[31.42084,60.35271],[31.42088,60.35214],[31.42066,60.35147],[31.41945,60.34883],[31.41925,60.34764],[31.41941,60.34658],[31.4199,60.34562],[31.42071,60.34471],[31.42193,60.3438],[31.42345,60.343],[31.42483,60.34252],[31.42674,60.34214],[31.42856,60.34205],[31.43036,60.34218],[31.43205,60.34252],[31.43367,60.34312],[31.43489,60.34382],[31.43588,60.34475],[31.43637,60.34562],[31.43649,60.34641],[31.4363,60.34719],[31.43574,60.34797],[31.43463,60.34878],[31.43203,60.35017],[31.42825,60.35243],[31.42725,60.35318],[31.42685,60.35372],[31.42677,60.35417],[31.42687,60.35462],[31.42789,60.35631],[31.42802,60.35687],[31.42786,60.35731],[31.42695,60.35867],[31.42652,60.35979],[31.42622,60.36159],[31.42592,60.36654],[31.42558,60.36767],[31.42477,60.36915],[31.42465,60.36981],[31.42478,60.37013],[31.42518,60.37048],[31.4259,60.37081],[31.42679,60.371],[31.42834,60.37108],[31.43261,60.371],[31.43531,60.37107],[31.43746,60.37132],[31.43871,60.37176],[31.43928,60.37217],[31.43979,60.37284],[31.44016,60.37352],[31.44053,60.37453],[31.44145,60.37836],[31.44141,60.37914],[31.44107,60.37989],[31.44046,60.38046],[31.43971,60.38091],[31.4386,60.38138],[31.43729,60.38177],[31.43216,60.38276],[31.42721,60.38335],[31.4248,60.3839],[31.42306,60.38449],[31.42066,60.38551],[31.41938,60.38615],[31.4178,60.38714],[31.41675,60.38797],[31.41582,60.38886],[31.41495,60.38989],[31.41409,60.39117],[31.41286,60.39343],[31.41024,60.39872],[31.40891,60.40198],[31.40824,60.40311],[31.40738,60.40412],[31.40611,60.40514],[31.4044,60.40604],[31.40235,60.40679],[31.3959,60.40883],[31.39364,60.40981],[31.39163,60.41096],[31.39009,60.41221],[31.38906,60.41356],[31.38849,60.41503],[31.38832,60.41678]],[[32.72176,60.78227],[32.72168,60.78261],[32.72118,60.78288],[32.72074,60.78298],[32.71975,60.78281],[32.71952,60.78265],[32.71944,60.78246],[32.71948,60.78224],[32.71964,60.78208],[32.72051,60.78182],[32.72119,60.78191],[32.72176,60.78217],[32.72176,60.78227]],[[32.85011,60.65525],[32.84852,60.65536],[32.84772,60.65555],[32.84712,60.65581],[32.84668,60.65609],[32.84639,60.65646],[32.84627,60.65691],[32.84638,60.65724],[32.84682,60.65771],[32.84771,60.65817],[32.84866,60.65842],[32.85011,60.65852],[32.85147,60.65843],[32.85663,60.65772],[32.85753,60.65749],[32.85787,60.65712],[32.85783,60.65697],[32.85753,60.65672],[32.85662,60.65642],[32.85191,60.65545],[32.85011,60.65525]],[[32.65566,60.62425],[32.65712,60.62457],[32.65808,60.62512],[32.65841,60.62574],[32.65835,60.62608],[32.65807,60.62648],[32.65737,60.62695],[32.65648,60.62729],[32.65549,60.62751],[32.65459,60.62758],[32.65334,60.62746],[32.65265,60.62725],[32.65206,60.62695],[32.65168,60.62653],[32.65155,60.62602],[32.65171,60.62563],[32.65215,60.62511],[32.65259,60.6248],[32.65331,60.62448],[32.65411,60.62429],[32.65566,60.62425]],[[32.5524,60.59279],[32.55267,60.59315],[32.55262,60.59361],[32.5518,60.5942],[32.55076,60.59423],[32.55054,60.59408],[32.55027,60.59368],[32.55031,60.59323],[32.55073,60.59269],[32.55172,60.59251],[32.5524,60.59279]],[[32.54892,60.50136],[32.54791,60.50167],[32.54713,60.50224],[32.54692,60.50278],[32.54709,60.50319],[32.54809,60.50362],[32.54899,60.50368],[32.54982,60.50353],[32.55065,60.5031],[32.55089,60.50282],[32.55098,60.50256],[32.55094,60.50225],[32.55073,60.50197],[32.54994,60.50153],[32.54892,60.50136]],[[32.47682,60.37273],[32.47713,60.37301],[32.47717,60.37317],[32.47693,60.37347],[32.47663,60.37359],[32.47595,60.37368],[32.47521,60.37355],[32.47487,60.37317],[32.4749,60.37296],[32.47513,60.37266],[32.47612,60.37256],[32.47682,60.37273]],[[31.45793,60.35431],[31.45831,60.35466],[31.45838,60.35496],[31.4583,60.35523],[31.45776,60.35561],[31.45691,60.35586],[31.45579,60.35589],[31.45448,60.35562],[31.45388,60.35518],[31.45372,60.35484],[31.45382,60.35451],[31.45411,60.35421],[31.45451,60.35402],[31.45534,60.35383],[31.45601,60.35379],[31.45691,60.35389],[31.45793,60.35431]],[[31.59652,60.29935],[31.5983,60.29996],[31.59943,60.30069],[31.59999,60.30141],[31.60047,60.30244],[31.60058,60.30321],[31.60037,60.30384],[31.60004,60.30422],[31.59947,60.30467],[31.59852,60.30516],[31.59679,60.30578],[31.59499,60.30616],[31.59326,60.30628],[31.5915,60.30615],[31.58971,60.30574],[31.58846,60.30523],[31.58733,60.30444],[31.58667,60.30354],[31.58654,60.30309],[31.58653,60.30253],[31.58665,60.30209],[31.58694,60.30157],[31.58782,60.30071],[31.58862,60.30022],[31.58957,60.29979],[31.59126,60.29929],[31.59304,60.29905],[31.59484,60.29907],[31.59652,60.29935]],[[31.4964,60.2913],[31.49739,60.29164],[31.49805,60.29201],[31.49864,60.29258],[31.49882,60.29308],[31.49876,60.29361],[31.49833,60.29421],[31.49771,60.29466],[31.4969,60.29501],[31.49596,60.29528],[31.49471,60.29544],[31.49359,60.29545],[31.4923,60.29529],[31.49123,60.29498],[31.4904,60.29454],[31.48984,60.29399],[31.48963,60.29351],[31.48965,60.29302],[31.49004,60.29241],[31.49054,60.29198],[31.4916,60.29148],[31.49242,60.29123],[31.49404,60.29104],[31.49516,60.29108],[31.4964,60.2913]],[[32.31551,60.28433],[32.31475,60.28436],[32.31455,60.28454],[32.31475,60.28474],[32.31509,60.28485],[32.31551,60.28481],[32.3159,60.28465],[32.3159,60.2844],[32.31551,60.28433]],[[32.31461,60.2619],[32.31304,60.26177],[32.31124,60.26183],[32.3096,60.26206],[32.30789,60.26249],[32.30685,60.26288],[32.30539,60.2637],[32.30472,60.26429],[32.30415,60.26512],[32.30392,60.26619],[32.30409,60.2673],[32.30597,60.27135],[32.30695,60.27271],[32.30767,60.27333],[32.30861,60.27388],[32.30954,60.27425],[32.31034,60.27443],[32.31191,60.27449],[32.31302,60.27433],[32.31394,60.27407],[32.31586,60.27324],[32.3172,60.27238],[32.31834,60.27141],[32.31906,60.27058],[32.32034,60.26872],[32.32173,60.26754],[32.3222,60.26696],[32.32228,60.26644],[32.32188,60.26574],[32.32108,60.26504],[32.31988,60.26419],[32.31804,60.26304],[32.3168,60.26246],[32.31576,60.26213],[32.31461,60.2619]],[[32.37851,60.24593],[32.37716,60.2458],[32.37581,60.24591],[32.37477,60.2462],[32.37413,60.24666],[32.37385,60.24729],[32.37397,60.24819],[32.37436,60.24901],[32.3752,60.24991],[32.37622,60.24997],[32.37795,60.24952],[32.37967,60.2487],[32.38035,60.24808],[32.38056,60.24774],[32.38063,60.24741],[32.3804,60.24684],[32.37966,60.24629],[32.37851,60.24593]],[[32.37941,60.23564],[32.37873,60.23575],[32.37861,60.23593],[32.37898,60.23623],[32.37975,60.23633],[32.37999,60.23586],[32.37975,60.23567],[32.37941,60.23564]],[[31.06451,60.22166],[31.06389,60.22173],[31.06332,60.22198],[31.06302,60.22238],[31.06315,60.22272],[31.06367,60.22301],[31.06407,60.22308],[31.0647,60.22301],[31.06511,60.22283],[31.06546,60.22243],[31.06548,60.22209],[31.06507,60.22175],[31.06451,60.22166]],[[31.07891,60.20503],[31.07756,60.205],[31.07657,60.20521],[31.07611,60.20542],[31.07558,60.2057],[31.07522,60.20612],[31.0751,60.20646],[31.0752,60.20691],[31.07578,60.20748],[31.07689,60.20784],[31.07824,60.20787],[31.07942,60.20757],[31.08022,60.20706],[31.08054,60.20657],[31.08059,60.20612],[31.0804,60.2057],[31.08004,60.20539],[31.07891,60.20503]],[[31.27511,60.11822],[31.27329,60.11842],[31.27219,60.11871],[31.27179,60.11886],[31.27164,60.11937],[31.27189,60.11975],[31.27244,60.11991],[31.27309,60.11996],[31.27416,60.11979],[31.27517,60.1193],[31.27576,60.11881],[31.27586,60.11849],[31.27575,60.11834],[31.27511,60.11822]],[[31.25801,60.1177],[31.25759,60.11772],[31.25716,60.11787],[31.257,60.11814],[31.25711,60.11844],[31.25743,60.11864],[31.25801,60.11876],[31.25843,60.11873],[31.25894,60.11847],[31.25902,60.11826],[31.25881,60.11795],[31.2584,60.11775],[31.25801,60.1177]],[[31.25441,60.10712],[31.25239,60.10691],[31.25104,60.107],[31.25025,60.10718],[31.24953,60.10756],[31.24936,60.10772],[31.24934,60.10808],[31.25028,60.10896],[31.2511,60.10944],[31.25419,60.1105],[31.25476,60.11077],[31.25742,60.11261],[31.25861,60.11298],[31.25941,60.11304],[31.26097,60.11298],[31.2637,60.11255],[31.26472,60.11218],[31.26554,60.11167],[31.26598,60.11106],[31.26599,60.11049],[31.2656,60.10984],[31.26457,60.10895],[31.26299,60.10805],[31.26184,60.10784],[31.25765,60.10759],[31.25441,60.10712]],[[31.25891,60.09983],[31.25848,60.0997],[31.2581,60.09975],[31.25773,60.10004],[31.25771,60.10048],[31.25796,60.10091],[31.25839,60.1012],[31.25893,60.10134],[31.25939,60.10134],[31.25981,60.10104],[31.25992,60.10071],[31.25926,60.09997],[31.25891,60.09983]],[[31.24368,60.09675],[31.24325,60.09689],[31.24303,60.09729],[31.2438,60.09743],[31.24416,60.09735],[31.24429,60.09711],[31.24423,60.09683],[31.24368,60.09675]]]}},{"type":"Feature","properties":{"depth_m":15,"n_lines":19},"geometry":{"type":"MultiLineString","coordinates":[[[32.70982,60.85012],[32.70989,60.84917],[32.71025,60.84816],[32.71091,60.84718],[32.71172,60.84647],[32.71269,60.84604],[32.71546,60.84563],[32.71721,60.84515],[32.71812,60.84469],[32.71906,60.84398],[32.71991,60.84315],[32.72039,60.84253],[32.72191,60.84015],[32.72224,60.83938],[32.72212,60.83871],[32.72131,60.83713],[32.72134,60.83657],[32.7217,60.83616],[32.72341,60.83529],[32.72394,60.83487],[32.72504,60.83364],[32.72556,60.83274],[32.72557,60.83218],[32.72496,60.83083],[32.72485,60.82993],[32.72496,60.82937],[32.72555,60.82779],[32.72593,60.82554],[32.72604,60.82374],[32.72654,60.82251],[32.72746,60.82126],[32.72986,60.81864],[32.73073,60.81722],[32.73128,60.81598],[32.73207,60.81486],[32.7331,60.81399],[32.73613,60.81232],[32.73664,60.81193],[32.73723,60.81135],[32.73799,60.81028],[32.7389,60.80964],[32.73933,60.80912],[32.7394,60.80878],[32.73929,60.80833],[32.73797,60.8053],[32.73714,60.80375],[32.73694,60.80304],[32.73698,60.80226],[32.73816,60.79719],[32.73809,60.79641],[32.73754,60.79528],[32.73761,60.79494],[32.73786,60.79476],[32.73856,60.79489],[32.74155,60.79612],[32.74279,60.79632],[32.74356,60.79623],[32.74449,60.7959],[32.74517,60.79545],[32.74535,60.79494],[32.74528,60.79466],[32.74509,60.79441],[32.74438,60.79398],[32.74148,60.79279],[32.74087,60.79224],[32.74061,60.79171],[32.74064,60.79071],[32.74094,60.79022],[32.74156,60.7897],[32.74347,60.78896],[32.74376,60.78853],[32.74358,60.7881],[32.7428,60.78756],[32.74044,60.78623],[32.73898,60.78576],[32.73784,60.78568],[32.736,60.78585],[32.73361,60.78628],[32.73247,60.78661],[32.72867,60.78855],[32.72804,60.78892],[32.7272,60.78964],[32.72692,60.79022],[32.72705,60.79078],[32.72762,60.7912],[32.7295,60.79211],[32.7304,60.79269],[32.73066,60.79301],[32.73079,60.79343],[32.73039,60.79391],[32.72916,60.79444],[32.72615,60.7952],[32.72459,60.7953],[32.72342,60.79508],[32.72266,60.79476],[32.72036,60.7933],[32.71643,60.7916],[32.7156,60.7911],[32.71509,60.79066],[32.71455,60.78983],[32.71416,60.78853],[32.71416,60.78774],[32.71456,60.78668],[32.71447,60.78639],[32.71421,60.78606],[32.71272,60.78493],[32.71155,60.78369],[32.71094,60.78263],[32.71084,60.78212],[32.71091,60.7817],[32.71162,60.78123],[32.71421,60.78057],[32.71624,60.78022],[32.72096,60.77962],[32.72344,60.77962],[32.72472,60.77982],[32.72636,60.78024],[32.72749,60.78023],[32.7339,60.77771],[32.73736,60.77588],[32.73839,60.77514],[32.73874,60.77458],[32.73872,60.77391],[32.73844,60.77334],[32.73707,60.77135],[32.7366,60.76997],[32.73661,60.76896],[32.73703,60.768],[32.73794,60.76738],[32.73877,60.7672],[32.73986,60.76719],[32.74158,60.76733],[32.74362,60.76732],[32.74502,60.76718],[32.74556,60.76699],[32.74571,60.76681],[32.74546,60.76641],[32.74483,60.76607],[32.7421,60.76515],[32.74106,60.76467],[32.7401,60.76389],[32.73973,60.76331],[32.73972,60.76277],[32.73999,60.76221],[32.74065,60.76148],[32.74235,60.75994],[32.74294,60.75906],[32.74333,60.75828],[32.74335,60.75741],[32.74303,60.75692],[32.74224,60.75608],[32.7421,60.75579],[32.74212,60.75557],[32.74242,60.75517],[32.74339,60.75474],[32.74571,60.75403],[32.7474,60.75334],[32.74843,60.75281],[32.74964,60.75202],[32.75158,60.7503],[32.75173,60.74994],[32.75167,60.74961],[32.75147,60.74929],[32.75028,60.74843],[32.74982,60.74792],[32.74973,60.74736],[32.75,60.74691],[32.75045,60.74652],[32.75145,60.74605],[32.75603,60.74484],[32.75678,60.7443],[32.75704,60.74342],[32.75732,60.74299],[32.75871,60.74215],[32.7593,60.74162],[32.7594,60.74139],[32.75933,60.74117],[32.75887,60.74078],[32.75653,60.73989],[32.75588,60.73951],[32.75521,60.73885],[32.75492,60.73836],[32.75473,60.73768],[32.75473,60.73701],[32.75488,60.73633],[32.7552,60.73554],[32.75567,60.73476],[32.7571,60.73305],[32.75892,60.73146],[32.76156,60.72953],[32.76282,60.72834],[32.76345,60.72744],[32.76393,60.72621],[32.76399,60.72564],[32.76391,60.72519],[32.76368,60.72474],[32.76316,60.72412],[32.76212,60.72351],[32.75935,60.72237],[32.75849,60.72193],[32.7578,60.72129],[32.75763,60.72091],[32.75759,60.72047],[32.75766,60.72007],[32.75782,60.71979],[32.75853,60.71912],[32.7611,60.71728],[32.76404,60.71557],[32.76483,60.71467],[32.76514,60.71406],[32.76561,60.71248],[32.76565,60.71181],[32.76557,60.71124],[32.76508,60.71017],[32.76397,60.70881],[32.76348,60.70798],[32.76293,60.70596],[32.76241,60.70281],[32.7626,60.70224],[32.76315,60.70173],[32.76504,60.70076],[32.76582,60.70026],[32.76621,60.69988],[32.76651,60.69943],[32.76664,60.69898],[32.76662,60.69853],[32.76643,60.69808],[32.76595,60.69753],[32.76499,60.69694],[32.7639,60.69653],[32.76227,60.69615],[32.76011,60.69589],[32.75189,60.69533],[32.74868,60.69496],[32.74707,60.69466],[32.74612,60.69441],[32.74506,60.69395],[32.74439,60.69338],[32.74423,60.69308],[32.7443,60.69274],[32.74486,60.69217],[32.74582,60.69168],[32.74698,60.69128],[32.74925,60.69078],[32.75381,60.69017],[32.75944,60.69003],[32.76214,60.68981],[32.76574,60.68928],[32.76701,60.68902],[32.76855,60.68857],[32.7695,60.68814],[32.77018,60.68767],[32.77061,60.68725],[32.77084,60.68683],[32.77089,60.68649],[32.77078,60.68604],[32.76992,60.68469],[32.76965,60.68402],[32.76975,60.68334],[32.77029,60.6827],[32.77114,60.68225],[32.77227,60.68185],[32.77758,60.6805],[32.77845,60.68002],[32.7786,60.67974],[32.77866,60.67941],[32.77857,60.67912],[32.77816,60.6787],[32.77735,60.67827],[32.77589,60.6779],[32.77214,60.67733],[32.77046,60.67722],[32.76641,60.67722],[32.76508,60.67706],[32.76404,60.6768],[32.76314,60.67643],[32.76266,60.67603],[32.76237,60.67558],[32.76235,60.67524],[32.76249,60.67491],[32.76286,60.67449],[32.76333,60.67417],[32.76493,60.67363],[32.76709,60.67344],[32.76949,60.67365],[32.77406,60.67445],[32.77541,60.67449],[32.77676,60.67437],[32.78155,60.67326],[32.79004,60.67191],[32.79196,60.67148],[32.79302,60.67107],[32.7938,60.6706],[32.79414,60.67007],[32.7941,60.66951],[32.79388,60.66915],[32.79353,60.66887],[32.7924,60.6683],[32.78538,60.66619],[32.78194,60.6654],[32.77406,60.66398],[32.77245,60.66377],[32.77091,60.66372],[32.76489,60.66385],[32.75876,60.66328],[32.75587,60.6633],[32.75426,60.66355],[32.75265,60.664],[32.75153,60.66451],[32.74965,60.66562],[32.74871,60.66596],[32.74787,60.66614],[32.74661,60.66618],[32.74544,60.66604],[32.74426,60.66571],[32.74156,60.66459],[32.73968,60.66398],[32.73644,60.6633],[32.73446,60.66311],[32.72929,60.66284],[32.72389,60.6623],[32.71752,60.66245],[32.71607,60.66219],[32.7155,60.66199],[32.71493,60.66162],[32.71455,60.66113],[32.7146,60.66083],[32.71482,60.66051],[32.71526,60.66017],[32.71632,60.65976],[32.71849,60.65947],[32.72434,60.65962],[32.73041,60.65922],[32.73491,60.6596],[32.73694,60.65961],[32.73963,60.65942],[32.74639,60.65858],[32.74841,60.65845],[32.75021,60.65851],[32.75494,60.65897],[32.75944,60.6587],[32.76326,60.65876],[32.76821,60.65863],[32.77271,60.65881],[32.77472,60.65861],[32.77562,60.65834],[32.7762,60.65801],[32.77668,60.65755],[32.77676,60.65713],[32.77666,60.65662],[32.77621,60.65614],[32.77564,60.65576],[32.77466,60.65536],[32.77381,60.65512],[32.77271,60.65495],[32.76844,60.65505],[32.76416,60.65461],[32.76043,60.65441],[32.75941,60.65427],[32.75774,60.65393],[32.75651,60.65348],[32.75224,60.65121],[32.75328,60.65122],[32.75427,60.65149],[32.75609,60.65179],[32.75899,60.65204],[32.76731,60.6523],[32.76934,60.65223],[32.77114,60.65202],[32.77244,60.65179],[32.77416,60.65134],[32.78096,60.64898],[32.78189,60.64846],[32.78234,60.6481],[32.78284,60.6475],[32.78303,60.64689],[32.7829,60.64591],[32.78221,60.6448],[32.78118,60.64382],[32.78018,60.64317],[32.77943,60.64291],[32.77856,60.64278],[32.77429,60.64299],[32.77296,60.64271],[32.77213,60.64202],[32.7714,60.63995],[32.771,60.63936],[32.77034,60.63863],[32.76927,60.63772],[32.76686,60.63594],[32.76594,60.63545],[32.76485,60.63505],[32.75696,60.63302],[32.75179,60.63202],[32.74841,60.63169],[32.74549,60.63156],[32.73806,60.63179],[32.73559,60.63174],[32.73265,60.63141],[32.73118,60.631],[32.73045,60.63063],[32.73006,60.63024],[32.73002,60.63002],[32.73036,60.62962],[32.73089,60.62944],[32.73221,60.62929],[32.73829,60.62905],[32.74032,60.62874],[32.74105,60.6284],[32.74124,60.62821],[32.7412,60.62788],[32.74054,60.62718],[32.74014,60.62642],[32.7403,60.62496],[32.74073,60.62421],[32.74147,60.62376],[32.74234,60.62354],[32.74324,60.62348],[32.74427,60.62363],[32.74472,60.62384],[32.74518,60.62425],[32.74529,60.62473],[32.74516,60.62534],[32.74376,60.62754],[32.74377,60.62788],[32.74405,60.62826],[32.74489,60.62872],[32.74618,60.62915],[32.74872,60.6297],[32.75021,60.6298],[32.75145,60.6297],[32.75269,60.62939],[32.75417,60.62874],[32.75535,60.62797],[32.75641,60.62698],[32.75691,60.62612],[32.75695,60.62541],[32.75668,60.62472],[32.75569,60.62304],[32.75513,60.62102],[32.75465,60.62059],[32.75284,60.61966],[32.75198,60.61899],[32.75177,60.61866],[32.75164,60.61809],[32.75187,60.61663],[32.75176,60.61607],[32.75145,60.61568],[32.74964,60.61443],[32.74803,60.61388],[32.74522,60.6134],[32.74372,60.61301],[32.74162,60.61202],[32.73959,60.61132],[32.73704,60.60983],[32.7346,60.60878],[32.73347,60.60847],[32.72926,60.60795],[32.7276,60.60759],[32.72625,60.60712],[32.72197,60.60516],[32.72091,60.60485],[32.71939,60.60474],[32.71792,60.60482],[32.71647,60.60508],[32.71511,60.60552],[32.71371,60.60625],[32.71273,60.60709],[32.71221,60.60774],[32.71122,60.60931],[32.71081,60.60977],[32.70971,60.61017],[32.70814,60.61022],[32.70222,60.60975],[32.70102,60.6094],[32.69922,60.60849],[32.69866,60.60834],[32.69566,60.60807],[32.69484,60.6079],[32.69426,60.60762],[32.6939,60.60732],[32.69318,60.6062],[32.69264,60.6057],[32.69206,60.60532],[32.69118,60.60494],[32.69013,60.60466],[32.68834,60.60452],[32.68429,60.60469],[32.68294,60.60466],[32.67667,60.60355],[32.67317,60.60267],[32.67169,60.60239],[32.66966,60.60225],[32.66674,60.60236],[32.66359,60.60275],[32.65739,60.604],[32.65417,60.60528],[32.6506,60.60648],[32.64893,60.60719],[32.64807,60.60771],[32.64652,60.60895],[32.64517,60.60964],[32.64379,60.61003],[32.64109,60.61035],[32.63978,60.61065],[32.6396,60.61089],[32.63954,60.61123],[32.63985,60.61252],[32.63987,60.61303],[32.63932,60.61483],[32.63932,60.61539],[32.63981,60.61615],[32.64073,60.61696],[32.64177,60.61779],[32.64407,60.6193],[32.64512,60.62032],[32.64527,60.6206],[32.64528,60.62112],[32.64447,60.62439],[32.64453,60.62473],[32.64487,60.62512],[32.64522,60.62521],[32.64612,60.62516],[32.64743,60.62477],[32.64798,60.62447],[32.64919,60.62327],[32.6499,60.62287],[32.65085,60.6225],[32.65234,60.62229],[32.65682,60.6223],[32.66237,60.62366],[32.66393,60.62431],[32.665,60.6251],[32.66561,60.62586],[32.66599,60.62692],[32.666,60.62739],[32.66589,60.62775],[32.66493,60.62825],[32.6606,60.62875],[32.65938,60.62918],[32.6572,60.63024],[32.65594,60.63046],[32.65459,60.63041],[32.65287,60.63003],[32.65211,60.62998],[32.65109,60.63007],[32.64781,60.63061],[32.64581,60.63062],[32.64513,60.63051],[32.64396,60.63009],[32.64318,60.62934],[32.64265,60.62851],[32.6424,60.62847],[32.64164,60.62871],[32.64097,60.62979],[32.6401,60.63216],[32.64008,60.63272],[32.64042,60.63324],[32.64107,60.63365],[32.64446,60.63494],[32.64534,60.63543],[32.64558,60.63587],[32.64542,60.63637],[32.64446,60.63666],[32.64379,60.63668],[32.64289,60.63655],[32.64074,60.63593],[32.63857,60.63497],[32.63788,60.63457],[32.63666,60.63365],[32.63568,60.63316],[32.63429,60.63281],[32.6328,60.63275],[32.63097,60.63301],[32.62759,60.6339],[32.61992,60.63565],[32.61746,60.63605],[32.61274,60.63663],[32.61172,60.63683],[32.61026,60.6373],[32.60931,60.63778],[32.6083,60.63854],[32.60654,60.64042],[32.60424,60.64251],[32.60377,60.64313],[32.60212,60.64588],[32.60143,60.64676],[32.59977,60.64847],[32.59842,60.65096],[32.59756,60.65213],[32.59676,60.65302],[32.5954,60.65433],[32.59423,60.65528],[32.59332,60.65579],[32.59217,60.65618],[32.59136,60.65624],[32.59033,60.65618],[32.589,60.65575],[32.58802,60.65524],[32.58304,60.65217],[32.58185,60.65126],[32.58112,60.65048],[32.58069,60.64982],[32.58032,60.64869],[32.58002,60.64813],[32.57956,60.6476],[32.57864,60.647],[32.57772,60.64675],[32.57687,60.64672],[32.57404,60.64704],[32.57269,60.64707],[32.57156,60.64696],[32.57053,60.64673],[32.57016,60.64633],[32.57008,60.64588],[32.57065,60.6444],[32.57073,60.64397],[32.57061,60.64354],[32.57025,60.64318],[32.56942,60.64269],[32.56836,60.64225],[32.56459,60.64109],[32.56332,60.64061],[32.56238,60.64006],[32.56185,60.63947],[32.56176,60.63902],[32.56203,60.63846],[32.56238,60.63806],[32.56371,60.63699],[32.5642,60.63629],[32.56442,60.63553],[32.56458,60.63429],[32.56453,60.63384],[32.5644,60.6336],[32.5638,60.63321],[32.56072,60.63215],[32.55845,60.6311],[32.5575,60.63046],[32.55629,60.62914],[32.55559,60.62903],[32.55499,60.62911],[32.55435,60.62946],[32.55301,60.63056],[32.55215,60.63095],[32.55131,60.63119],[32.54861,60.63166],[32.54434,60.63205],[32.54186,60.63202],[32.54081,60.63189],[32.54006,60.63169],[32.53915,60.63135],[32.53861,60.63102],[32.53808,60.63064],[32.53752,60.63003],[32.53722,60.62966],[32.53683,60.62878],[32.53669,60.62811],[32.53671,60.62743],[32.53712,60.62635],[32.53829,60.6247],[32.53844,60.62406],[32.53849,60.62316],[32.53829,60.62226],[32.53729,60.62064],[32.53713,60.62011],[32.53701,60.61663],[32.53712,60.61562],[32.53766,60.61427],[32.53845,60.61314],[32.53909,60.61254],[32.54319,60.60977],[32.54419,60.60864],[32.54479,60.60752],[32.54487,60.60696],[32.54473,60.60617],[32.54356,60.6038],[32.54295,60.60223],[32.54282,60.60133],[32.5429,60.60032],[32.54309,60.59987],[32.54348,60.59943],[32.54466,60.5985],[32.54556,60.5976],[32.54623,60.59676],[32.54664,60.59593],[32.54682,60.59458],[32.5465,60.59087],[32.54652,60.58963],[32.54674,60.58896],[32.54784,60.58738],[32.54794,60.58594],[32.54864,60.58446],[32.54862,60.58412],[32.54828,60.58322],[32.54817,60.58266],[32.5482,60.58029],[32.54829,60.57951],[32.54864,60.57872],[32.55014,60.57691],[32.55087,60.57564],[32.552,60.57321],[32.5523,60.57129],[32.55249,60.57068],[32.55337,60.56931],[32.55352,60.56889],[32.55311,60.56668],[32.55278,60.56578],[32.55272,60.56522],[32.55289,60.56443],[32.5536,60.56263],[32.55381,60.56184],[32.5539,60.55847],[32.55372,60.55757],[32.55269,60.55509],[32.55255,60.55438],[32.5526,60.55373],[32.55296,60.55296],[32.5555,60.54901],[32.55756,60.54688],[32.55816,60.54598],[32.55859,60.54486],[32.55886,60.54372],[32.55911,60.53968],[32.55893,60.53911],[32.55852,60.53866],[32.55795,60.53828],[32.55673,60.53788],[32.55424,60.53745],[32.55072,60.53739],[32.54988,60.53704],[32.54967,60.53685],[32.54945,60.53631],[32.54962,60.53586],[32.54984,60.53557],[32.55206,60.53416],[32.55236,60.53361],[32.55226,60.53316],[32.55161,60.53245],[32.5496,60.53076],[32.54845,60.52956],[32.54816,60.52899],[32.54792,60.52764],[32.54747,60.527],[32.54691,60.52668],[32.54444,60.52614],[32.54409,60.52573],[32.54393,60.52517],[32.54408,60.52359],[32.54382,60.52258],[32.54282,60.52071],[32.54174,60.51938],[32.54144,60.51887],[32.54014,60.51572],[32.53893,60.51368],[32.53877,60.51313],[32.53867,60.51223],[32.5384,60.5117],[32.53635,60.50993],[32.53478,60.50812],[32.5332,60.50694],[32.52938,60.50346],[32.52926,60.50312],[32.52931,60.50267],[32.53012,60.5013],[32.53006,60.49906],[32.52962,60.49865],[32.52884,60.49823],[32.5283,60.49766],[32.52756,60.49626],[32.52646,60.49323],[32.52605,60.49254],[32.5255,60.49198],[32.5237,60.49059],[32.52339,60.49019],[32.52346,60.48999],[32.5238,60.48971],[32.5248,60.48922],[32.52508,60.48883],[32.52499,60.48849],[32.52375,60.48742],[32.5231,60.4865],[32.52177,60.4853],[32.52157,60.48489],[32.52133,60.48389],[32.52099,60.48343],[32.51758,60.48248],[32.51643,60.48205],[32.51567,60.48153],[32.51561,60.48113],[32.51607,60.48062],[32.51697,60.47983],[32.51827,60.4789],[32.52198,60.47711],[32.52401,60.47583],[32.52464,60.47527],[32.52553,60.4742],[32.52738,60.47262],[32.52804,60.47174],[32.52839,60.47106],[32.52862,60.47027],[32.52881,60.46881],[32.52912,60.46805],[32.53001,60.46716],[32.53287,60.4651],[32.53451,60.46355],[32.53537,60.46222],[32.53635,60.45998],[32.53721,60.45853],[32.53798,60.45763],[32.53908,60.45686],[32.54011,60.45641],[32.54477,60.45503],[32.54552,60.45464],[32.54601,60.45419],[32.54629,60.45367],[32.54633,60.45193],[32.54661,60.45114],[32.54714,60.4505],[32.54888,60.44913],[32.54926,60.44844],[32.54914,60.4478],[32.54814,60.44656],[32.54795,60.44617],[32.54786,60.44563],[32.54798,60.44505],[32.54843,60.44439],[32.54915,60.4437],[32.55247,60.44147],[32.55276,60.44101],[32.55278,60.44057],[32.5525,60.43999],[32.55109,60.43844],[32.54987,60.43731],[32.54847,60.43551],[32.54759,60.43483],[32.54582,60.4339],[32.54521,60.43342],[32.54486,60.43191],[32.54353,60.43028],[32.54372,60.42976],[32.54448,60.42898],[32.54476,60.42853],[32.54492,60.42797],[32.54486,60.42752],[32.54441,60.42675],[32.54349,60.42581],[32.5431,60.42527],[32.54279,60.42459],[32.54262,60.42385],[32.54239,60.42346],[32.54185,60.42305],[32.53912,60.42198],[32.53365,60.41948],[32.5319,60.4189],[32.53106,60.41882],[32.53039,60.41887],[32.52925,60.41925],[32.52722,60.42034],[32.52559,60.42084],[32.52409,60.42102],[32.52094,60.42099],[32.51981,60.42107],[32.51864,60.42133],[32.51574,60.42238],[32.51385,60.42263],[32.51194,60.42249],[32.50834,60.42182],[32.50451,60.42156],[32.50308,60.42113],[32.50098,60.42002],[32.50034,60.41948],[32.50016,60.41897],[32.50014,60.41807],[32.50036,60.41679],[32.50063,60.41604],[32.50098,60.41549],[32.50297,60.41364],[32.50346,60.41289],[32.50373,60.41222],[32.50393,60.4113],[32.5041,60.40918],[32.50397,60.4082],[32.50361,60.40771],[32.50308,60.40729],[32.50082,60.406],[32.49999,60.40524],[32.49993,60.40479],[32.50039,60.40423],[32.50043,60.40369],[32.49934,60.40365],[32.49883,60.40401],[32.49817,60.40466],[32.49746,60.40502],[32.49574,60.40551],[32.49439,60.40574],[32.49304,60.40586],[32.49169,60.40581],[32.49042,60.40554],[32.48959,60.40514],[32.48901,60.40457],[32.48874,60.40401],[32.48801,60.40142],[32.48777,60.39961],[32.4874,60.39906],[32.48679,60.39853],[32.4851,60.39787],[32.4812,60.397],[32.47425,60.39607],[32.47294,60.39565],[32.4723,60.39524],[32.47198,60.39489],[32.47165,60.39411],[32.47172,60.39309],[32.47204,60.39219],[32.47335,60.3897],[32.47423,60.38744],[32.47439,60.38646],[32.47424,60.38573],[32.47343,60.38521],[32.47234,60.38506],[32.47138,60.38519],[32.46985,60.38579],[32.46908,60.38567],[32.46649,60.38482],[32.46102,60.38346],[32.45988,60.38301],[32.45941,60.38252],[32.45935,60.38218],[32.45945,60.38196],[32.45975,60.38164],[32.46001,60.38153],[32.46086,60.38132],[32.46311,60.38112],[32.46527,60.38078],[32.46626,60.38037],[32.46661,60.37971],[32.46661,60.37802],[32.46678,60.37712],[32.46719,60.3762],[32.46797,60.37495],[32.46823,60.37419],[32.46834,60.37329],[32.46823,60.37104],[32.46864,60.36879],[32.46844,60.36688],[32.4685,60.36542],[32.46888,60.36455],[32.471,60.36216],[32.4713,60.36159],[32.4714,60.36103],[32.4712,60.36024],[32.47022,60.35867],[32.46986,60.35789],[32.46954,60.35586],[32.46935,60.35529],[32.46892,60.35463],[32.46791,60.35379],[32.46745,60.35327],[32.4673,60.35282],[32.46741,60.35237],[32.46792,60.35179],[32.46901,60.35119],[32.47325,60.34998],[32.47414,60.34965],[32.47504,60.34917],[32.47604,60.34836],[32.47767,60.34643],[32.47787,60.34615],[32.47794,60.34584],[32.47787,60.34518],[32.47698,60.34458],[32.47594,60.34437],[32.4735,60.34435],[32.47252,60.34425],[32.47146,60.34395],[32.47067,60.34334],[32.47056,60.34294],[32.47069,60.34258],[32.47145,60.34198],[32.47251,60.34164],[32.47413,60.34141],[32.47513,60.34116],[32.47556,60.34067],[32.47567,60.34022],[32.47553,60.33977],[32.47513,60.33928],[32.47155,60.33712],[32.46581,60.33681],[32.46401,60.33647],[32.4625,60.33597],[32.46129,60.33535],[32.46035,60.33459],[32.45985,60.33398],[32.45961,60.33347],[32.45948,60.33291],[32.45954,60.33212],[32.45989,60.33131],[32.46075,60.33037],[32.46148,60.32986],[32.46337,60.32897],[32.46718,60.32765],[32.46791,60.3272],[32.46876,60.32629],[32.47017,60.32538],[32.47251,60.32425],[32.47591,60.32287],[32.47695,60.32228],[32.47758,60.32166],[32.47789,60.32113],[32.47797,60.32053],[32.47785,60.31989],[32.47639,60.31761],[32.47607,60.31688],[32.47606,60.31602],[32.47653,60.31468],[32.47658,60.31412],[32.47644,60.31367],[32.47578,60.31276],[32.47555,60.31221],[32.47572,60.31153],[32.4765,60.31052],[32.47669,60.31007],[32.47668,60.30894],[32.47688,60.30771],[32.47663,60.30692],[32.47604,60.30621],[32.47517,60.30546],[32.47344,60.30417],[32.4726,60.30368],[32.47121,60.30324],[32.46791,60.30289],[32.46695,60.30251],[32.46652,60.30208],[32.46631,60.30163],[32.46635,60.30107],[32.46684,60.29949],[32.46718,60.29901],[32.4676,60.29883],[32.47031,60.29827],[32.47151,60.29784],[32.47281,60.2971],[32.47337,60.29666],[32.47383,60.29612],[32.47422,60.29522],[32.47413,60.29443],[32.47366,60.29376],[32.47264,60.29304],[32.47079,60.29231],[32.4664,60.29116],[32.46552,60.29073],[32.46454,60.28981],[32.4637,60.28943],[32.46063,60.28878],[32.45467,60.28703],[32.45152,60.28501],[32.44813,60.28314],[32.4463,60.28218],[32.44433,60.28141],[32.4435,60.28122],[32.44241,60.28115],[32.43901,60.28139],[32.43817,60.28154],[32.43766,60.28173],[32.43655,60.2827],[32.43545,60.28311],[32.43372,60.28317],[32.43251,60.28292],[32.43182,60.28266],[32.43148,60.28228],[32.43142,60.28194],[32.43191,60.28125],[32.43308,60.28051],[32.43315,60.28035],[32.43307,60.28014],[32.43293,60.27995],[32.43203,60.27951],[32.43026,60.27924],[32.42742,60.27908],[32.42464,60.27877],[32.42351,60.27877],[32.42207,60.27908],[32.42031,60.2797],[32.41767,60.28046],[32.41668,60.2809],[32.41641,60.28128],[32.41655,60.28176],[32.41761,60.28294],[32.41792,60.28374],[32.41789,60.28408],[32.41765,60.28452],[32.41667,60.28493],[32.41566,60.28491],[32.41181,60.28378],[32.41046,60.28365],[32.40889,60.28369],[32.40677,60.28398],[32.40486,60.28443],[32.40194,60.28537],[32.39954,60.28627],[32.39887,60.28678],[32.39874,60.28723],[32.39894,60.28757],[32.39982,60.28838],[32.40015,60.28881],[32.40023,60.28926],[32.39995,60.28981],[32.39921,60.29039],[32.39595,60.29224],[32.39227,60.29502],[32.39109,60.2957],[32.38709,60.29751],[32.38347,60.29937],[32.38211,60.3003],[32.37896,60.30297],[32.37679,60.30427],[32.37173,60.30654],[32.3661,60.3083],[32.36517,60.30871],[32.36452,60.30927],[32.36263,60.31145],[32.36173,60.31224],[32.3538,60.31793],[32.3509,60.3194],[32.34466,60.32183],[32.34374,60.32227],[32.34354,60.32278],[32.34374,60.32318],[32.34647,60.32405],[32.34727,60.32461],[32.3474,60.32499],[32.34724,60.32532],[32.34649,60.32583],[32.34431,60.32622],[32.34139,60.3262],[32.34031,60.32628],[32.33689,60.32702],[32.33531,60.3272],[32.33374,60.32711],[32.33105,60.32634],[32.32946,60.32612],[32.32749,60.32622],[32.32569,60.32674],[32.32485,60.32723],[32.3244,60.32773],[32.32423,60.32829],[32.32435,60.32886],[32.32506,60.32979],[32.32765,60.33219],[32.32837,60.33307],[32.32859,60.33359],[32.32857,60.33399],[32.3283,60.33441],[32.32661,60.33573],[32.32492,60.3367],[32.32389,60.33709],[32.32115,60.33787],[32.31911,60.33817],[32.31731,60.33823],[32.31584,60.3381],[32.31501,60.33788],[32.31308,60.33715],[32.31213,60.33697],[32.31101,60.33694],[32.30989,60.33714],[32.30871,60.3376],[32.30748,60.33835],[32.30722,60.33876],[32.30725,60.33954],[32.30706,60.3399],[32.30652,60.34024],[32.30419,60.34134],[32.30243,60.34251],[32.30204,60.34314],[32.30184,60.34393],[32.30188,60.34438],[32.30216,60.34489],[32.30325,60.34567],[32.30695,60.34738],[32.30743,60.34776],[32.30767,60.34809],[32.30775,60.34838],[32.30744,60.34978],[32.30739,60.35057],[32.30745,60.35158],[32.3078,60.35275],[32.3078,60.35332],[32.30751,60.35374],[32.30686,60.35423],[32.3039,60.3555],[32.30312,60.35597],[32.30264,60.35642],[32.30234,60.35692],[32.30233,60.35737],[32.30269,60.35856],[32.30272,60.35901],[32.3024,60.35972],[32.30138,60.36033],[32.29865,60.36145],[32.29784,60.36187],[32.29731,60.36238],[32.29704,60.36283],[32.29697,60.36328],[32.29741,60.36486],[32.29745,60.36542],[32.29722,60.36609],[32.29672,60.3667],[32.29601,60.36723],[32.29511,60.3677],[32.29168,60.36912],[32.28781,60.37172],[32.28605,60.37264],[32.2833,60.3739],[32.28162,60.37491],[32.28095,60.37551],[32.28048,60.37611],[32.27927,60.37858],[32.27898,60.37903],[32.27851,60.37948],[32.27801,60.37986],[32.27711,60.3803],[32.27488,60.38111],[32.27361,60.38169],[32.26885,60.38438],[32.26824,60.38489],[32.26762,60.38578],[32.2671,60.38679],[32.26668,60.38803],[32.26639,60.3885],[32.26539,60.38914],[32.26271,60.39021],[32.26185,60.39068],[32.26104,60.39125],[32.25806,60.3939],[32.25735,60.39472],[32.25644,60.39606],[32.25547,60.39694],[32.25465,60.39742],[32.25307,60.39798],[32.25168,60.39826],[32.24837,60.39873],[32.24741,60.39903],[32.24653,60.3995],[32.24471,60.40101],[32.24387,60.40148],[32.24117,60.40238],[32.2402,60.40278],[32.23933,60.40327],[32.2376,60.4047],[32.23588,60.40642],[32.2339,60.40905],[32.23302,60.40968],[32.23103,60.4104],[32.23096,60.41064],[32.23111,60.41093],[32.2319,60.41144],[32.23202,60.41176],[32.23179,60.41196],[32.23032,60.41268],[32.22973,60.41346],[32.22933,60.41492],[32.22889,60.41571],[32.22793,60.4167],[32.22666,60.41764],[32.22495,60.41869],[32.22227,60.42007],[32.22049,60.42085],[32.21884,60.42135],[32.21764,60.42154],[32.21651,60.42159],[32.21291,60.42114],[32.21138,60.42126],[32.21086,60.42167],[32.21061,60.42212],[32.21055,60.42354],[32.21009,60.42707],[32.20971,60.42801],[32.20926,60.42842],[32.20807,60.42909],[32.20639,60.42959],[32.20504,60.42973],[32.20211,60.42956],[32.20102,60.42979],[32.20047,60.43016],[32.2,60.43089],[32.19969,60.43205],[32.19942,60.43258],[32.19785,60.43414],[32.19734,60.43483],[32.19715,60.43528],[32.19683,60.43663],[32.19592,60.43832],[32.19573,60.43911],[32.19593,60.43965],[32.19637,60.44008],[32.19986,60.44186],[32.20075,60.44244],[32.2016,60.44328],[32.20166,60.44371],[32.2016,60.44401],[32.20095,60.44496],[32.20078,60.44552],[32.20092,60.44619],[32.20166,60.44766],[32.20172,60.44822],[32.20161,60.44882],[32.20067,60.45028],[32.19974,60.45142],[32.19889,60.45188],[32.19697,60.45252],[32.1961,60.45312],[32.19475,60.45531],[32.19295,60.45733],[32.19234,60.45891],[32.19185,60.45967],[32.18899,60.46225],[32.18801,60.46295],[32.18696,60.46352],[32.18547,60.46409],[32.18192,60.46493],[32.1807,60.46536],[32.1805,60.46577],[32.18072,60.46633],[32.1807,60.46667],[32.18044,60.46712],[32.17997,60.46765],[32.17849,60.46854],[32.17677,60.46938],[32.1719,60.47123],[32.17084,60.4714],[32.16994,60.47142],[32.16679,60.47104],[32.16476,60.47094],[32.16341,60.471],[32.16191,60.47126],[32.15924,60.47212],[32.15644,60.47325],[32.15393,60.47413],[32.1485,60.47541],[32.14403,60.47681],[32.14232,60.47758],[32.13931,60.47928],[32.13751,60.48018],[32.13409,60.48174],[32.13259,60.48232],[32.12423,60.48442],[32.12246,60.48469],[32.12146,60.48446],[32.12123,60.4842],[32.12115,60.48343],[32.12099,60.48309],[32.12076,60.48286],[32.1204,60.48273],[32.11931,60.48261],[32.11774,60.48286],[32.11595,60.48356],[32.11341,60.48493],[32.11156,60.48608],[32.10921,60.4878],[32.1083,60.48834],[32.10717,60.48885],[32.10554,60.48934],[32.10324,60.48967],[32.10191,60.48965],[32.10086,60.48951],[32.09941,60.4891],[32.09711,60.48781],[32.09613,60.48746],[32.0954,60.48734],[32.09186,60.48726],[32.08646,60.48661],[32.08095,60.48674]],[[31.9543,60.41678],[31.95424,60.41616],[31.95392,60.41556],[31.95223,60.41367],[31.95176,60.41289],[31.95154,60.41211],[31.95146,60.41064],[31.95112,60.41006],[31.95046,60.40957],[31.94949,60.40914],[31.9428,60.4069],[31.94153,60.40614],[31.93871,60.40381],[31.93745,60.40221],[31.93601,60.40066],[31.93525,60.39968],[31.93383,60.39737],[31.93291,60.39613],[31.93195,60.39513],[31.93068,60.39424],[31.92875,60.39339],[31.92739,60.3931],[31.92626,60.39301],[31.92356,60.39321],[31.91793,60.39427],[31.91569,60.39427],[31.91407,60.3939],[31.91325,60.39349],[31.9126,60.39295],[31.91161,60.39126],[31.91102,60.39059],[31.90987,60.38994],[31.90905,60.3897],[31.90781,60.38953],[31.90201,60.38937],[31.90076,60.38904],[31.90004,60.38843],[31.8997,60.38713],[31.89944,60.38658],[31.89913,60.38619],[31.89842,60.38567],[31.89596,60.3845],[31.88755,60.3812],[31.88558,60.38035],[31.88478,60.37986],[31.88434,60.37947],[31.88311,60.37801],[31.88205,60.37755],[31.88036,60.37742],[31.87855,60.37769],[31.87778,60.3781],[31.8775,60.37841],[31.8773,60.37971],[31.87671,60.38034],[31.87541,60.38065],[31.87429,60.38063],[31.87298,60.38036],[31.86932,60.37923],[31.86371,60.37826],[31.86135,60.37771],[31.85953,60.3771],[31.85495,60.37514],[31.85359,60.3747],[31.8522,60.37438],[31.84324,60.3734],[31.83964,60.37317],[31.83806,60.37322],[31.83424,60.37376],[31.83199,60.37376],[31.83058,60.37359],[31.82813,60.37311],[31.82277,60.37154],[31.81984,60.37098],[31.81691,60.37075],[31.80644,60.37039],[31.80463,60.37006],[31.80341,60.36974],[31.79665,60.36752],[31.79028,60.36636],[31.78388,60.3646],[31.78159,60.36428],[31.77596,60.36396],[31.77314,60.36368],[31.7662,60.3623],[31.76269,60.36196],[31.75954,60.36196],[31.7571,60.36224],[31.75594,60.36254],[31.75365,60.3634],[31.75268,60.36368],[31.74873,60.36413],[31.74698,60.36454],[31.74585,60.36496],[31.74391,60.3658],[31.74303,60.36633],[31.7425,60.36679],[31.74117,60.36856],[31.74016,60.36936],[31.73897,60.36998],[31.73599,60.37124],[31.73525,60.37173],[31.73259,60.37396],[31.73174,60.37447],[31.73051,60.37474],[31.72961,60.37472],[31.72888,60.37457],[31.72809,60.37426],[31.7262,60.37322],[31.72549,60.37299],[31.72466,60.37285],[31.72354,60.37284],[31.72039,60.37327],[31.71836,60.37337],[31.71611,60.37323],[31.7119,60.37268],[31.7101,60.37265],[31.70689,60.37281],[31.70523,60.37265],[31.70385,60.37222],[31.70325,60.37185],[31.70269,60.37135],[31.70201,60.37049],[31.70114,60.36998],[31.69757,60.36957],[31.69635,60.36926],[31.69488,60.3686],[31.69225,60.36685],[31.69136,60.36639],[31.69021,60.36598],[31.68931,60.36581],[31.68844,60.36578],[31.68757,60.36591],[31.68709,60.36643],[31.6864,60.36789],[31.68578,60.36858],[31.68501,60.36909],[31.68421,60.36941],[31.68281,60.36972],[31.68146,60.3698],[31.68039,60.36967],[31.67785,60.36887],[31.67495,60.36835],[31.67325,60.36785],[31.67213,60.36727],[31.67159,60.36682],[31.67123,60.36631],[31.67108,60.36587],[31.67108,60.36531],[31.67133,60.36465],[31.67162,60.36424],[31.6723,60.36361],[31.67315,60.36313],[31.67422,60.36283],[31.67592,60.36278],[31.67831,60.36309],[31.67871,60.36307],[31.67916,60.36282],[31.67922,60.36261],[31.67875,60.36181],[31.67766,60.361],[31.67627,60.36052],[31.67494,60.3604],[31.67179,60.36046],[31.67056,60.36018],[31.66957,60.35971],[31.66782,60.35847],[31.66708,60.35768],[31.66694,60.35739],[31.66693,60.35689],[31.66733,60.35597],[31.66743,60.35552],[31.66729,60.35507],[31.66696,60.35466],[31.66617,60.35419],[31.66428,60.3533],[31.66233,60.35261],[31.66121,60.35246],[31.65896,60.35263],[31.65789,60.35249],[31.65729,60.35193],[31.65678,60.35113],[31.65625,60.35059],[31.65344,60.34896],[31.65268,60.34838],[31.65193,60.34754],[31.64994,60.34477],[31.64899,60.34209],[31.6483,60.34101],[31.64713,60.33975],[31.64443,60.3376],[31.64355,60.33712],[31.64097,60.3362],[31.63545,60.33495],[31.63406,60.33453],[31.63278,60.33395],[31.63169,60.33315],[31.63107,60.33254],[31.63049,60.33178],[31.62918,60.32895],[31.62823,60.32768],[31.62738,60.32703],[31.62652,60.32655],[31.62266,60.32496],[31.62193,60.32453],[31.62116,60.3237],[31.62097,60.32311],[31.62103,60.32223],[31.62194,60.31954],[31.62217,60.31851],[31.62217,60.31761],[31.62197,60.31685],[31.62101,60.31558],[31.61857,60.3136],[31.61743,60.31239],[31.61677,60.31131],[31.61555,60.30833],[31.61472,60.30703],[31.61388,60.306],[31.61292,60.30512],[31.61194,60.30451],[31.61015,60.30377],[31.60993,60.3039],[31.60873,60.30518],[31.60796,60.30564],[31.60705,60.30603],[31.60499,60.30657],[31.60138,60.30702],[31.60041,60.30745],[31.59956,60.30838],[31.59898,60.30881],[31.59822,60.30921],[31.59674,60.30967],[31.59461,60.30993],[31.59304,60.30991],[31.59148,60.30977],[31.58431,60.30872],[31.58288,60.30834],[31.58159,60.30784],[31.58057,60.30727],[31.57965,60.30652],[31.57903,60.30568],[31.57871,60.30465],[31.57875,60.30338],[31.5791,60.30197],[31.57964,60.30066],[31.58023,60.29984],[31.58104,60.29917],[31.5822,60.29856],[31.58337,60.29817],[31.58598,60.29754],[31.58687,60.29722],[31.59061,60.29516],[31.59215,60.29458],[31.59394,60.29418],[31.59508,60.29426],[31.59586,60.29465],[31.59838,60.29623],[31.59933,60.29672],[31.60034,60.29708],[31.60222,60.29708],[31.60312,60.29665],[31.6032,60.29613],[31.60304,60.29574],[31.60253,60.29524],[31.60119,60.29442],[31.59931,60.29374],[31.59586,60.29302],[31.59548,60.29241],[31.59552,60.29184],[31.59586,60.29115],[31.59669,60.29029],[31.59942,60.28806],[31.60018,60.28701],[31.60044,60.28621],[31.60045,60.28521],[31.60026,60.28449],[31.59979,60.28386],[31.59891,60.28319],[31.59317,60.27961],[31.58688,60.27635],[31.58393,60.27457],[31.58138,60.27262],[31.57699,60.2685],[31.57423,60.26639],[31.57344,60.26593],[31.57246,60.26562],[31.57076,60.26549],[31.56559,60.26572],[31.55861,60.26636],[31.55771,60.26636],[31.55681,60.26621],[31.54908,60.26331],[31.54742,60.26288],[31.54399,60.26221],[31.5419,60.26149],[31.54084,60.26095],[31.53779,60.25899],[31.53451,60.25708],[31.53361,60.25622],[31.53277,60.25485],[31.53214,60.25425],[31.53122,60.25376],[31.52959,60.25328],[31.52755,60.25296],[31.52486,60.25281],[31.52014,60.25287],[31.51429,60.25325],[31.51204,60.25314],[31.50979,60.25283],[31.50773,60.25236],[31.50355,60.25111],[31.50059,60.25041],[31.49787,60.24995],[31.49275,60.24929],[31.4922,60.24907],[31.49196,60.24886],[31.49179,60.24774],[31.49148,60.24711],[31.49059,60.24649],[31.48973,60.24619],[31.48909,60.24609],[31.48751,60.24611],[31.48595,60.24645],[31.48524,60.24671],[31.48458,60.24707],[31.48329,60.24801],[31.48215,60.24808],[31.48057,60.24778],[31.4788,60.24716],[31.47568,60.24573],[31.47454,60.24486],[31.47255,60.24262],[31.47082,60.24119],[31.46901,60.24016],[31.4662,60.23903],[31.46555,60.23863],[31.4654,60.23841],[31.46549,60.23796],[31.46629,60.23689],[31.4667,60.23604],[31.46675,60.23559],[31.46661,60.23514],[31.46609,60.2346],[31.4653,60.23421],[31.46431,60.23395],[31.46299,60.23386],[31.46079,60.23407],[31.45691,60.23512],[31.45601,60.2351],[31.45309,60.23459],[31.45106,60.23458],[31.44169,60.23585],[31.43891,60.23648],[31.43799,60.23683],[31.43703,60.23739],[31.43636,60.238],[31.43538,60.23931],[31.43479,60.23994],[31.43296,60.24128],[31.43122,60.24271],[31.42732,60.24507],[31.42574,60.24622],[31.42522,60.24673],[31.42484,60.24712],[31.42393,60.24841],[31.42352,60.24954],[31.42351,60.24999],[31.42362,60.25044],[31.42392,60.251],[31.42453,60.25179],[31.4247,60.25224],[31.42464,60.25281],[31.42423,60.25345],[31.42183,60.25551],[31.41974,60.25796],[31.41871,60.25889],[31.41795,60.25937],[31.41692,60.25983],[31.41402,60.26068],[31.41236,60.26135],[31.41139,60.26203],[31.41042,60.26325],[31.40982,60.26484],[31.40967,60.26619],[31.40989,60.26766],[31.41078,60.27002],[31.41104,60.27114],[31.41103,60.27272],[31.41067,60.27429],[31.40953,60.27721],[31.40864,60.27861],[31.40788,60.27922],[31.40551,60.28071],[31.40493,60.28132],[31.4045,60.28217],[31.40441,60.28318],[31.40469,60.28431],[31.40551,60.28588],[31.40649,60.28722],[31.4069,60.28759],[31.40747,60.28775],[31.41045,60.28801],[31.41155,60.28834],[31.41225,60.28883],[31.41257,60.28937],[31.41271,60.29004],[31.41255,60.29061],[31.41192,60.29129],[31.4106,60.29198],[31.40921,60.2924],[31.40762,60.29267],[31.40629,60.2927],[31.40517,60.29252],[31.40411,60.29213],[31.40322,60.29158],[31.40236,60.29119],[31.40139,60.29141],[31.40058,60.2918],[31.39964,60.2924],[31.3988,60.29311],[31.39822,60.29409],[31.39818,60.29488],[31.39874,60.29764],[31.39901,60.29837],[31.39945,60.29901],[31.39972,60.29929],[31.40052,60.2998],[31.40168,60.30022],[31.4051,60.30099],[31.40682,60.30151],[31.41062,60.30325],[31.41227,60.3039],[31.41392,60.30432],[31.41529,60.30444],[31.41687,60.30432],[31.4185,60.30378],[31.4196,60.30311],[31.42214,60.30111],[31.42485,60.29943],[31.42848,60.29754],[31.43003,60.29695],[31.43117,60.29663],[31.43306,60.29646],[31.4349,60.29663],[31.43655,60.29707],[31.43745,60.29741],[31.44008,60.29864],[31.44162,60.2997],[31.44287,60.30093],[31.44648,60.30543],[31.44959,60.30861],[31.45115,60.31099],[31.45214,60.31221],[31.45499,60.31457],[31.45821,60.31685],[31.45914,60.31778],[31.45952,60.31851],[31.45972,60.31918],[31.46009,60.32222],[31.45991,60.32354],[31.45888,60.32616],[31.45889,60.32671],[31.45909,60.32719],[31.45987,60.32773],[31.46276,60.32851],[31.46404,60.32908],[31.4646,60.32949],[31.46501,60.32998],[31.4654,60.33147],[31.46617,60.33203],[31.46679,60.33218],[31.46762,60.33216],[31.46839,60.33185],[31.46868,60.33156],[31.46905,60.33053],[31.4693,60.33021],[31.4697,60.32989],[31.47078,60.32948],[31.47379,60.32911],[31.47626,60.32901],[31.47807,60.32915],[31.47886,60.32934],[31.47928,60.32954],[31.47978,60.32994],[31.47988,60.33043],[31.47989,60.33178],[31.48067,60.33354],[31.48075,60.33437],[31.48059,60.33606],[31.48074,60.33696],[31.48257,60.34125],[31.48321,60.34217],[31.4844,60.34335],[31.48591,60.34448],[31.48817,60.34596],[31.48858,60.34652],[31.48859,60.34697],[31.48833,60.34741],[31.48778,60.34789],[31.48509,60.34921],[31.48428,60.34974],[31.4837,60.35034],[31.48348,60.35079],[31.48344,60.35136],[31.48401,60.35271],[31.4841,60.35316],[31.484,60.35349],[31.48365,60.35393],[31.48333,60.35421],[31.48123,60.35546],[31.48064,60.35602],[31.47973,60.35647],[31.47883,60.35673],[31.47795,60.3572],[31.47705,60.35827],[31.47685,60.35923],[31.47687,60.36036],[31.47707,60.36139],[31.47746,60.36216],[31.47799,60.36275],[31.4788,60.36324],[31.48069,60.36395],[31.48147,60.36435],[31.48173,60.36457],[31.48194,60.36497],[31.48186,60.36564],[31.4811,60.36699],[31.48105,60.36744],[31.48121,60.36868],[31.4811,60.36901],[31.48094,60.36917],[31.48009,60.36938],[31.4788,60.36922],[31.47537,60.36792],[31.47248,60.36731],[31.46974,60.36654],[31.46816,60.36629],[31.46681,60.36625],[31.46539,60.36638],[31.4637,60.36686],[31.46271,60.36734],[31.46182,60.36802],[31.46143,60.36846],[31.45974,60.37094],[31.45882,60.37207],[31.45591,60.37499],[31.45443,60.37664],[31.45293,60.37868],[31.45077,60.38196],[31.4502,60.38257],[31.44687,60.38488],[31.44607,60.38567],[31.44494,60.3871],[31.44375,60.38798],[31.44224,60.38858],[31.43907,60.38933],[31.43808,60.38971],[31.43715,60.39021],[31.43596,60.39116],[31.43238,60.39466],[31.43149,60.39568],[31.43014,60.39769],[31.42939,60.39839],[31.42768,60.39967],[31.42729,60.40009],[31.42685,60.40097],[31.42639,60.40299],[31.42577,60.40419],[31.42488,60.40509],[31.42286,60.40686],[31.42129,60.40922],[31.42042,60.41013],[31.41931,60.41082],[31.4176,60.4114],[31.41281,60.41208],[31.40679,60.41272],[31.40423,60.41319],[31.40298,60.41357],[31.40169,60.41417],[31.40129,60.41445],[31.40099,60.41481],[31.40083,60.41537],[31.401,60.41678]],[[32.68368,60.82135],[32.6849,60.82176],[32.68558,60.82236],[32.68578,60.82264],[32.68587,60.82296],[32.68594,60.82408],[32.68579,60.825],[32.68483,60.82655],[32.68294,60.82854],[32.68123,60.82986],[32.67902,60.83139],[32.67831,60.83202],[32.67809,60.83229],[32.67767,60.83325],[32.6767,60.83417],[32.67559,60.83482],[32.67316,60.83573],[32.67238,60.83588],[32.67172,60.83574],[32.67172,60.83556],[32.67245,60.83491],[32.67512,60.83353],[32.67701,60.83212],[32.67725,60.83184],[32.67736,60.83151],[32.67728,60.83106],[32.67618,60.82914],[32.67602,60.82847],[32.67629,60.82791],[32.67771,60.82675],[32.678,60.82633],[32.6781,60.82588],[32.678,60.82453],[32.67819,60.82397],[32.67854,60.82339],[32.67951,60.82246],[32.68085,60.82168],[32.68211,60.82131],[32.68368,60.82135]],[[32.74859,60.70118],[32.74996,60.70162],[32.75032,60.70202],[32.75034,60.70224],[32.75024,60.70247],[32.74961,60.70294],[32.74884,60.7032],[32.74549,60.70372],[32.74447,60.70399],[32.74341,60.70452],[32.74218,60.70529],[32.74091,60.70581],[32.73941,60.70604],[32.73808,60.7059],[32.73737,60.70565],[32.7368,60.70532],[32.73641,60.70494],[32.73624,60.70461],[32.73624,60.70404],[32.73665,60.70338],[32.73742,60.70281],[32.73794,60.70252],[32.73851,60.70234],[32.73978,60.70208],[32.74346,60.70182],[32.74694,60.70117],[32.74859,60.70118]],[[32.68704,60.67197],[32.69023,60.6724],[32.69441,60.6721],[32.69641,60.67224],[32.6973,60.67247],[32.69807,60.67287],[32.6984,60.67324],[32.69844,60.67373],[32.69818,60.67416],[32.69751,60.67464],[32.6965,60.67498],[32.69565,60.67512],[32.69375,60.6751],[32.69117,60.67462],[32.68991,60.67451],[32.68631,60.67482],[32.68496,60.67484],[32.68224,60.67452],[32.6787,60.67385],[32.67756,60.67338],[32.67736,60.67299],[32.67744,60.67272],[32.6777,60.67253],[32.67851,60.6723],[32.68114,60.67218],[32.68474,60.67184],[32.68704,60.67197]],[[32.7484,60.64319],[32.7489,60.6434],[32.74915,60.64364],[32.74921,60.64397],[32.74905,60.64431],[32.74859,60.64474],[32.74621,60.64628],[32.74576,60.64679],[32.74551,60.64734],[32.74545,60.64779],[32.74553,60.64824],[32.74647,60.64971],[32.74637,60.64994],[32.74504,60.65014],[32.74153,60.65031],[32.73913,60.65028],[32.73808,60.65009],[32.73737,60.64985],[32.73681,60.64953],[32.73636,60.64903],[32.73625,60.64858],[32.73651,60.64802],[32.737,60.64757],[32.73786,60.6471],[32.74293,60.64541],[32.74391,60.6449],[32.74596,60.64354],[32.74661,60.64328],[32.74702,60.64314],[32.74758,60.64309],[32.7484,60.64319]],[[32.58281,60.64061],[32.58169,60.64048],[32.58056,60.6405],[32.57921,60.64068],[32.57796,60.641],[32.577,60.64138],[32.57582,60.64217],[32.57541,60.64273],[32.5754,60.64329],[32.5756,60.64362],[32.576,60.644],[32.57681,60.64452],[32.57773,60.64495],[32.57831,60.64508],[32.57899,60.64513],[32.57986,60.64503],[32.58241,60.64436],[32.58416,60.64356],[32.58491,60.64287],[32.58514,60.64228],[32.58501,60.64173],[32.58454,60.64128],[32.58388,60.64092],[32.58281,60.64061]],[[32.70592,60.63645],[32.70726,60.63685],[32.70823,60.63728],[32.70888,60.63776],[32.70927,60.63818],[32.70951,60.63879],[32.70943,60.63936],[32.70907,60.63991],[32.70835,60.64046],[32.70738,60.64089],[32.70544,60.64131],[32.70388,60.64137],[32.70229,60.6412],[32.70102,60.64088],[32.70001,60.64046],[32.69922,60.64],[32.69852,60.63939],[32.69803,60.63857],[32.69802,60.63789],[32.69835,60.63727],[32.69911,60.63669],[32.70014,60.63626],[32.70139,60.63603],[32.70274,60.63599],[32.70431,60.63614],[32.70592,60.63645]],[[32.65956,60.63474],[32.65954,60.63495],[32.65929,60.63507],[32.65694,60.63548],[32.65509,60.63504],[32.65477,60.63465],[32.65485,60.6345],[32.65529,60.63436],[32.65661,60.63427],[32.65924,60.63453],[32.65956,60.63474]],[[32.70463,60.62828],[32.70558,60.62869],[32.70591,60.62901],[32.7061,60.62934],[32.70604,60.62979],[32.70575,60.63017],[32.70514,60.63056],[32.70341,60.6311],[32.70206,60.63128],[32.70071,60.63134],[32.69576,60.6311],[32.69374,60.6311],[32.69194,60.63124],[32.68834,60.63173],[32.68676,60.63183],[32.68496,60.63178],[32.68181,60.63147],[32.68046,60.63149],[32.67856,60.63188],[32.67718,60.63247],[32.67526,60.63368],[32.67416,60.63391],[32.67326,60.63388],[32.6723,60.63369],[32.67125,60.63325],[32.66756,60.63141],[32.66687,60.63095],[32.66669,60.63057],[32.66672,60.63037],[32.66721,60.62946],[32.66756,60.62912],[32.6679,60.62899],[32.66916,60.62872],[32.67394,60.62841],[32.67664,60.62837],[32.68129,60.62875],[32.68551,60.62823],[32.68699,60.62815],[32.69202,60.62878],[32.69396,60.62887],[32.69734,60.62862],[32.70184,60.62801],[32.70319,60.62802],[32.70463,60.62828]],[[32.56751,60.62796],[32.56696,60.62801],[32.56676,60.62828],[32.56777,60.62879],[32.56841,60.62876],[32.56864,60.62865],[32.56858,60.62844],[32.56824,60.62816],[32.56751,60.62796]],[[32.6604,60.60805],[32.66315,60.60917],[32.66509,60.60979],[32.66541,60.61011],[32.66544,60.61033],[32.66505,60.61073],[32.66381,60.61101],[32.66179,60.61123],[32.65977,60.61125],[32.65882,60.61116],[32.65775,60.61082],[32.65722,60.61034],[32.65692,60.60992],[32.65671,60.60932],[32.65671,60.60876],[32.65685,60.6084],[32.65728,60.60806],[32.65781,60.60788],[32.65864,60.6078],[32.65952,60.60786],[32.6604,60.60805]],[[32.17781,60.46529],[32.17624,60.46519],[32.17463,60.46539],[32.17348,60.46591],[32.17311,60.46622],[32.17305,60.46656],[32.1733,60.46678],[32.17378,60.46685],[32.17547,60.46667],[32.17695,60.46626],[32.17805,60.46582],[32.17829,60.46539],[32.17781,60.46529]],[[31.96451,60.40908],[31.96319,60.40904],[31.96275,60.40909],[31.96269,60.40917],[31.96323,60.40956],[31.96492,60.4104],[31.96618,60.41133],[31.96728,60.41267],[31.9679,60.41379],[31.96843,60.41506],[31.96901,60.41524],[31.96941,60.41519],[31.97025,60.41366],[31.97047,60.41289],[31.97055,60.41233],[31.97033,60.41179],[31.96848,60.41053],[31.96756,60.41002],[31.96646,60.40957],[31.96451,60.40908]],[[31.50804,60.33673],[31.50937,60.33715],[31.50996,60.33764],[31.51024,60.33819],[31.51028,60.33921],[31.51022,60.33977],[31.50999,60.34033],[31.50889,60.34168],[31.50823,60.34281],[31.50769,60.3435],[31.5069,60.34399],[31.50589,60.34433],[31.50402,60.34438],[31.50318,60.34423],[31.50198,60.34387],[31.501,60.34343],[31.50041,60.343],[31.50032,60.3425],[31.50052,60.34207],[31.50138,60.34099],[31.50346,60.33786],[31.50381,60.33747],[31.50458,60.33704],[31.50585,60.33671],[31.50688,60.33664],[31.50804,60.33673]],[[31.60811,60.30086],[31.60699,60.30073],[31.60591,60.30099],[31.6052,60.30152],[31.6051,60.30174],[31.60514,60.30197],[31.60532,60.30219],[31.60591,60.30257],[31.60912,60.30356],[31.60952,60.30356],[31.6098,60.30331],[31.60989,60.30298],[31.60986,60.30253],[31.60971,60.30208],[31.60932,60.30153],[31.60866,60.30106],[31.60811,60.30086]],[[31.49949,60.28763],[31.506,60.2894],[31.50743,60.28994],[31.50879,60.29068],[31.50981,60.29162],[31.51033,60.29263],[31.51039,60.29359],[31.51022,60.29421],[31.50992,60.29477],[31.50899,60.29577],[31.50768,60.29664],[31.50573,60.29746],[31.50397,60.29794],[31.50102,60.29838],[31.49539,60.29867],[31.49057,60.29938],[31.48864,60.29956],[31.48706,60.29957],[31.48549,60.29946],[31.4841,60.29924],[31.48252,60.29884],[31.48149,60.29844],[31.48019,60.29769],[31.4795,60.2971],[31.479,60.29634],[31.47884,60.29574],[31.47888,60.29521],[31.47911,60.29454],[31.47953,60.2939],[31.48029,60.29309],[31.48332,60.29029],[31.48428,60.28959],[31.4852,60.28913],[31.48731,60.28854],[31.49449,60.28734],[31.49696,60.28726],[31.49949,60.28763]],[[32.46227,60.29081],[32.46296,60.29109],[32.46329,60.29139],[32.46341,60.29184],[32.46331,60.29229],[32.46273,60.29313],[32.46072,60.29492],[32.45982,60.29486],[32.45501,60.29322],[32.45341,60.29286],[32.45155,60.2926],[32.45074,60.29214],[32.45101,60.29195],[32.45186,60.2917],[32.45434,60.29152],[32.45823,60.2908],[32.46064,60.29065],[32.46227,60.29081]],[[31.56671,60.25112],[31.56527,60.25118],[31.56447,60.25135],[31.56354,60.25165],[31.56268,60.25215],[31.56218,60.25269],[31.56199,60.25326],[31.56205,60.25382],[31.56238,60.25445],[31.5627,60.25478],[31.56348,60.25531],[31.56439,60.25566],[31.56581,60.25587],[31.56692,60.25582],[31.56786,60.25564],[31.56888,60.25525],[31.56967,60.25473],[31.57018,60.25416],[31.57044,60.25359],[31.57046,60.25303],[31.57021,60.25247],[31.56981,60.25205],[31.56894,60.25157],[31.56774,60.25123],[31.56671,60.25112]]]}},{"type":"Feature","properties":{"depth_m":20,"n_lines":10},"geometry":{"type":"MultiLineString","coordinates":[[[32.61093,60.85012],[32.61101,60.84875],[32.61128,60.84771],[32.6118,60.84686],[32.61307,60.84534],[32.61342,60.84467],[32.61337,60.84411],[32.61315,60.84381],[32.61276,60.84358],[32.61207,60.84333],[32.61049,60.84319],[32.60509,60.84344],[32.60287,60.84339],[32.59541,60.8427],[32.59428,60.84245],[32.59371,60.84214],[32.59345,60.84174],[32.59342,60.84141],[32.59358,60.84096],[32.59445,60.83949],[32.59456,60.83893],[32.59447,60.83837],[32.59406,60.8376],[32.59245,60.83533],[32.5908,60.83139],[32.5901,60.83037],[32.58878,60.82881],[32.58858,60.82845],[32.58852,60.82804],[32.58878,60.82767],[32.58947,60.82718],[32.5931,60.826],[32.59845,60.82403],[32.60493,60.82222],[32.60841,60.82089],[32.61059,60.81969],[32.61568,60.81607],[32.61888,60.8142],[32.62103,60.81231],[32.62174,60.81208],[32.62241,60.812],[32.62691,60.81223],[32.63524,60.81173],[32.63713,60.81131],[32.63796,60.81093],[32.63847,60.81046],[32.6386,60.81002],[32.63841,60.80958],[32.63798,60.8092],[32.63704,60.80878],[32.63546,60.80842],[32.63074,60.80804],[32.62905,60.80783],[32.62693,60.80741],[32.62579,60.80696],[32.62542,60.80648],[32.62559,60.80596],[32.62631,60.8051],[32.62995,60.80197],[32.63151,60.80034],[32.63265,60.79838],[32.63297,60.79719],[32.63298,60.79652],[32.63281,60.79574],[32.6316,60.79326],[32.6314,60.79258],[32.63129,60.79179],[32.63125,60.78887],[32.63082,60.78358],[32.63069,60.78077],[32.63137,60.77267],[32.63141,60.76997],[32.63127,60.76851],[32.63084,60.76689],[32.63041,60.76603],[32.6294,60.76446],[32.62842,60.76244],[32.62695,60.76074],[32.62652,60.76007],[32.62629,60.75927],[32.62602,60.75669],[32.62546,60.75514],[32.62455,60.75383],[32.62239,60.75151],[32.62129,60.74972],[32.6207,60.74902],[32.62003,60.74845],[32.61922,60.74795],[32.61646,60.74662],[32.61554,60.74609],[32.61455,60.74533],[32.61207,60.74296],[32.60738,60.73923],[32.59574,60.73134],[32.59023,60.72726],[32.58628,60.72498],[32.58525,60.72429],[32.58462,60.72372],[32.58309,60.72191],[32.57999,60.71946],[32.57945,60.71881],[32.57858,60.71744],[32.578,60.71676],[32.57504,60.71378],[32.57406,60.71292],[32.57326,60.71242],[32.57226,60.712],[32.57059,60.71152],[32.56976,60.71139],[32.56751,60.71118],[32.56149,60.71112],[32.55964,60.71091],[32.55792,60.71059],[32.55618,60.71004],[32.55441,60.70922],[32.55246,60.70796],[32.55087,60.70666],[32.54993,60.7056],[32.54896,60.70387],[32.54879,60.70314],[32.54891,60.70248],[32.54928,60.70201],[32.54998,60.70148],[32.55131,60.70093],[32.55399,60.70024],[32.55451,60.69991],[32.55459,60.69954],[32.5545,60.69928],[32.55423,60.69899],[32.55251,60.69779],[32.55152,60.69679],[32.55099,60.69572],[32.55064,60.69391],[32.5504,60.69347],[32.54997,60.69303],[32.54909,60.6926],[32.54784,60.69225],[32.547,60.69212],[32.54591,60.69209],[32.54481,60.69222],[32.54188,60.69292],[32.54029,60.69317],[32.53849,60.69325],[32.53489,60.69309],[32.53376,60.69322],[32.53129,60.69369],[32.52998,60.69366],[32.52884,60.69332],[32.52828,60.69305],[32.52739,60.69243],[32.52533,60.69075],[32.52461,60.69001],[32.52431,60.68953],[32.52405,60.68874],[32.52396,60.68739],[32.52382,60.68665],[32.52265,60.68446],[32.52247,60.68391],[32.52245,60.68346],[32.5228,60.68177],[32.52275,60.68019],[32.52285,60.67957],[32.52322,60.67884],[32.52461,60.67683],[32.525,60.67581],[32.52507,60.67491],[32.52487,60.67311],[32.52509,60.67221],[32.52556,60.67148],[32.52834,60.66883],[32.52978,60.66681],[32.53034,60.66623],[32.53143,60.66549],[32.53466,60.66386],[32.5355,60.66321],[32.53597,60.66264],[32.53634,60.66201],[32.53721,60.65974],[32.53773,60.65916],[32.53919,60.65797],[32.53951,60.65747],[32.53969,60.65679],[32.53971,60.65601],[32.53947,60.65387],[32.53948,60.65308],[32.53962,60.65241],[32.54042,60.64993],[32.54078,60.64701],[32.54061,60.64161],[32.54033,60.63992],[32.53996,60.63907],[32.53885,60.63774],[32.53727,60.63636],[32.5344,60.6342],[32.53309,60.63283],[32.53233,60.63171],[32.5317,60.63056],[32.5309,60.62845],[32.52993,60.62663],[32.52978,60.62597],[32.52987,60.62553],[32.53007,60.62515],[32.53097,60.62399],[32.53123,60.62316],[32.53105,60.62243],[32.53036,60.62147],[32.53016,60.62102],[32.53013,60.62057],[32.53027,60.62001],[32.53141,60.61764],[32.53189,60.61568],[32.53218,60.61506],[32.5342,60.61168],[32.53626,60.6093],[32.53698,60.60808],[32.53726,60.60683],[32.53708,60.60538],[32.5375,60.60437],[32.5376,60.60381],[32.53749,60.60313],[32.53703,60.60223],[32.53706,60.60189],[32.53716,60.60167],[32.53816,60.60057],[32.53881,60.59919],[32.53899,60.59829],[32.53878,60.59717],[32.53883,60.59674],[32.53915,60.59632],[32.54069,60.59496],[32.54103,60.59424],[32.54104,60.59357],[32.54082,60.59283],[32.53991,60.59104],[32.53876,60.58929],[32.53856,60.58884],[32.53861,60.58839],[32.53918,60.58704],[32.53929,60.58626],[32.53928,60.58547],[32.53903,60.58441],[32.53775,60.58187],[32.53757,60.58097],[32.53753,60.58007],[32.53769,60.57861],[32.5381,60.57737],[32.53878,60.57636],[32.53977,60.57524],[32.54003,60.57474],[32.54,60.57427],[32.53951,60.57264],[32.53912,60.57062],[32.53907,60.56944],[32.53949,60.56837],[32.54129,60.56567],[32.54177,60.56442],[32.5419,60.56319],[32.54182,60.56218],[32.54185,60.56083],[32.54169,60.55989],[32.54127,60.55903],[32.5399,60.55685],[32.53817,60.55489],[32.53694,60.55329],[32.53649,60.55176],[32.53567,60.55071],[32.53549,60.5503],[32.53533,60.54947],[32.53444,60.5483],[32.53434,60.54778],[32.53439,60.54688],[32.53423,60.54643],[32.5337,60.54591],[32.53254,60.54513],[32.53198,60.54442],[32.53175,60.54362],[32.53159,60.54159],[32.53137,60.54103],[32.52943,60.5387],[32.52813,60.53756],[32.52653,60.53597],[32.5258,60.53496],[32.52553,60.53433],[32.52521,60.53293],[32.52426,60.53169],[32.52352,60.53023],[32.52282,60.52925],[32.52271,60.52866],[32.52316,60.52753],[32.52308,60.527],[32.52263,60.52658],[32.5208,60.52577],[32.52021,60.52512],[32.52011,60.52478],[32.52013,60.52429],[32.52095,60.52292],[32.52101,60.52247],[32.52088,60.52213],[32.5203,60.52157],[32.51686,60.51927],[32.51554,60.51856],[32.51308,60.51754],[32.51229,60.51711],[32.51187,60.51678],[32.51154,60.51628],[32.51146,60.51572],[32.51177,60.51494],[32.51208,60.51448],[32.51358,60.51291],[32.51425,60.51167],[32.51427,60.51111],[32.51348,60.50818],[32.51323,60.50751],[32.51278,60.50689],[32.50855,60.50311],[32.508,60.50244],[32.50761,60.50171],[32.50744,60.50042],[32.50774,60.49749],[32.50769,60.49558],[32.50753,60.49474],[32.50667,60.49182],[32.50561,60.48861],[32.50553,60.48782],[32.50562,60.48624],[32.50549,60.48546],[32.50514,60.48456],[32.50407,60.48254],[32.50304,60.47981],[32.50131,60.47708],[32.50071,60.47589],[32.50048,60.47511],[32.50044,60.47432],[32.50057,60.47353],[32.50108,60.47173],[32.50111,60.47106],[32.50099,60.47038],[32.50036,60.46896],[32.4989,60.46689],[32.498,60.46487],[32.49751,60.46412],[32.49664,60.46344],[32.49499,60.46249],[32.48863,60.45963],[32.48779,60.4594],[32.48674,60.45927],[32.48359,60.45936],[32.48298,60.45924],[32.48242,60.459],[32.48216,60.45866],[32.48163,60.45744],[32.48052,60.45595],[32.48023,60.45542],[32.47978,60.45441],[32.47931,60.45283],[32.47873,60.45189],[32.47778,60.45119],[32.47519,60.45005],[32.47431,60.44956],[32.47376,60.44912],[32.47334,60.44874],[32.47183,60.4469],[32.46918,60.44462],[32.46885,60.44422],[32.46792,60.44248],[32.46709,60.44177],[32.46632,60.44141],[32.4652,60.44109],[32.46019,60.44031],[32.45797,60.43977],[32.45381,60.43837],[32.45277,60.43789],[32.4522,60.43752],[32.45166,60.43708],[32.45134,60.43663],[32.4511,60.43607],[32.45107,60.43562],[32.45138,60.43472],[32.45267,60.43299],[32.45285,60.43236],[32.45279,60.43206],[32.45254,60.43171],[32.45174,60.43118],[32.44825,60.42977],[32.44106,60.42756],[32.43836,60.42693],[32.4338,60.42612],[32.43104,60.42543],[32.42937,60.42477],[32.42833,60.42399],[32.42827,60.42351],[32.42846,60.42315],[32.42926,60.42263],[32.43003,60.42238],[32.43285,60.42177],[32.43814,60.42107],[32.43916,60.42083],[32.44013,60.42046],[32.44091,60.41989],[32.44115,60.41931],[32.44111,60.41899],[32.44091,60.41861],[32.44018,60.41808],[32.43915,60.41773],[32.43848,60.41761],[32.43656,60.41753],[32.43456,60.41767],[32.43026,60.41829],[32.42846,60.41836],[32.42642,60.41817],[32.42475,60.41768],[32.42393,60.41709],[32.42354,60.41638],[32.42347,60.41571],[32.42358,60.41346],[32.42328,60.41166],[32.42307,60.411],[32.42294,60.41078],[32.42206,60.41],[32.42129,60.40971],[32.42099,60.40977],[32.41901,60.41133],[32.41751,60.41226],[32.41468,60.41348],[32.41184,60.41496],[32.4105,60.41545],[32.40866,60.41567],[32.40678,60.41547],[32.40567,60.41503],[32.40494,60.41454],[32.40472,60.41424],[32.40448,60.41379],[32.40437,60.41334],[32.4044,60.41289],[32.40463,60.41244],[32.40538,60.41178],[32.40804,60.41019],[32.4087,60.40957],[32.40915,60.40896],[32.40983,60.40693],[32.41027,60.4063],[32.41113,60.40626],[32.41217,60.40648],[32.41677,60.40801],[32.41991,60.40899],[32.42067,60.40914],[32.42108,60.40935],[32.42144,60.40896],[32.42298,60.40783],[32.42384,60.40687],[32.42442,60.40547],[32.42467,60.40401],[32.42459,60.40232],[32.42398,60.39737],[32.42362,60.39613],[32.42229,60.39444],[32.42214,60.39377],[32.4224,60.39321],[32.42291,60.39272],[32.42387,60.39216],[32.42617,60.39109],[32.42675,60.39068],[32.42717,60.39017],[32.42736,60.38949],[32.4272,60.38882],[32.42681,60.38828],[32.42586,60.38753],[32.42474,60.38696],[32.42284,60.38635],[32.42119,60.38612],[32.41811,60.3859],[32.41665,60.38565],[32.41505,60.38514],[32.4112,60.3835],[32.40946,60.38302],[32.40776,60.38273],[32.40602,60.38256],[32.40371,60.38247],[32.39516,60.38244],[32.39314,60.38256],[32.39228,60.3828],[32.39172,60.38306],[32.39139,60.38341],[32.39143,60.38394],[32.39208,60.38437],[32.3925,60.38451],[32.39359,60.38456],[32.39684,60.38436],[32.40034,60.3847],[32.40304,60.38463],[32.40405,60.38483],[32.4043,60.38544],[32.40406,60.38621],[32.40312,60.38695],[32.40146,60.38756],[32.40095,60.38784],[32.40067,60.38814],[32.40065,60.38848],[32.40096,60.38904],[32.4028,60.39118],[32.40441,60.39276],[32.40532,60.39343],[32.40939,60.39584],[32.41021,60.39668],[32.41036,60.39696],[32.41037,60.39741],[32.41016,60.39794],[32.40949,60.39885],[32.4082,60.40019],[32.40794,60.40063],[32.40782,60.40108],[32.40785,60.40153],[32.40801,60.40198],[32.40918,60.40367],[32.40932,60.40412],[32.4093,60.40446],[32.40901,60.40477],[32.40843,60.40497],[32.40641,60.40478],[32.40434,60.40416],[32.40361,60.40376],[32.403,60.40327],[32.40262,60.40277],[32.40237,60.40221],[32.4021,60.39996],[32.40137,60.3983],[32.40119,60.39771],[32.40121,60.39692],[32.4016,60.39546],[32.40149,60.39471],[32.40115,60.39429],[32.40041,60.39384],[32.39685,60.39247],[32.39577,60.39168],[32.39542,60.39118],[32.39526,60.39062],[32.39528,60.39006],[32.39557,60.38893],[32.3955,60.38859],[32.39529,60.38834],[32.39463,60.38795],[32.39332,60.38749],[32.39224,60.38732],[32.39134,60.3873],[32.38966,60.38753],[32.38786,60.38798],[32.38592,60.38876],[32.38485,60.3894],[32.3843,60.38987],[32.38401,60.39029],[32.38357,60.39129],[32.38321,60.39332],[32.38275,60.39421],[32.38198,60.39501],[32.38016,60.39646],[32.37971,60.39695],[32.37957,60.39726],[32.37953,60.39771],[32.37974,60.39834],[32.38152,60.40064],[32.38217,60.40176],[32.38249,60.40271],[32.38252,60.40356],[32.38228,60.40424],[32.38158,60.40513],[32.38061,60.40593],[32.37864,60.40724],[32.37832,60.40761],[32.37821,60.40794],[32.37841,60.40839],[32.37901,60.4088],[32.37991,60.40913],[32.38363,60.40998],[32.3872,60.41093],[32.38847,60.41149],[32.38888,60.41177],[32.38914,60.41211],[32.38925,60.41256],[32.38906,60.41301],[32.38711,60.41465],[32.38665,60.41526],[32.3861,60.41637],[32.38578,60.41674],[32.38505,60.4172],[32.38317,60.41763],[32.38009,60.41782],[32.37715,60.41765],[32.3747,60.41721],[32.36974,60.4161],[32.36151,60.41497],[32.35601,60.4138],[32.35376,60.41343],[32.35219,60.41333],[32.34904,60.41335],[32.34116,60.41292],[32.3397,60.41277],[32.33832,60.4123],[32.33576,60.41059],[32.33503,60.41026],[32.33441,60.41012],[32.33374,60.41016],[32.33291,60.41043],[32.32953,60.41231],[32.32834,60.41248],[32.32662,60.41229],[32.32528,60.41185],[32.32413,60.41131],[32.32298,60.41045],[32.32248,60.40974],[32.32239,60.40907],[32.32257,60.40851],[32.32323,60.40726],[32.32339,60.40659],[32.32304,60.40598],[32.32217,60.40551],[32.32169,60.40502],[32.32163,60.40479],[32.32171,60.40457],[32.32215,60.40417],[32.32391,60.40372],[32.32844,60.40327],[32.33246,60.40327],[32.33599,60.40362],[32.33779,60.40362],[32.34094,60.40312],[32.34278,60.40267],[32.34463,60.4019],[32.34538,60.40137],[32.34598,60.40074],[32.34625,60.40029],[32.34645,60.39968],[32.34675,60.39759],[32.34718,60.39691],[32.34811,60.39662],[32.34994,60.39638],[32.35099,60.3961],[32.35188,60.39564],[32.35249,60.39489],[32.35258,60.39456],[32.35254,60.39411],[32.35203,60.39337],[32.35113,60.39274],[32.34909,60.39162],[32.34738,60.39111],[32.34566,60.39093],[32.34386,60.39088],[32.34229,60.39093],[32.34071,60.39112],[32.33928,60.39158],[32.33889,60.39197],[32.33876,60.39242],[32.33897,60.39298],[32.34057,60.39478],[32.34094,60.39546],[32.34091,60.39579],[32.34077,60.39601],[32.33994,60.39652],[32.33832,60.39697],[32.33441,60.3975],[32.33194,60.39763],[32.32586,60.39772],[32.32226,60.39801],[32.31979,60.3985],[32.31502,60.39981],[32.31124,60.40026],[32.30948,60.40057],[32.30895,60.40086],[32.30887,60.40103],[32.31227,60.40175],[32.31321,60.40214],[32.31405,60.40269],[32.31456,60.40322],[32.3148,60.40367],[32.31485,60.40412],[32.31468,60.40457],[32.31409,60.40509],[32.31313,60.40551],[32.31213,60.40577],[32.31124,60.40587],[32.30944,60.40573],[32.30584,60.40472],[32.30502,60.40479],[32.30456,60.40514],[32.30446,60.40558],[32.30469,60.40602],[32.30509,60.40641],[32.30609,60.40688],[32.30801,60.40732],[32.31169,60.40744],[32.31302,60.4076],[32.31494,60.40811],[32.31584,60.40857],[32.31634,60.40918],[32.31628,60.40974],[32.31608,60.41003],[32.31556,60.41044],[32.31445,60.41093],[32.31326,60.41117],[32.31191,60.41128],[32.30597,60.4109],[32.30291,60.41102],[32.30059,60.4115],[32.29716,60.41283],[32.29616,60.41304],[32.29526,60.41311],[32.29391,60.41298],[32.28974,60.41175],[32.28692,60.41128],[32.28311,60.41111],[32.27886,60.41136],[32.27551,60.41188],[32.27069,60.41326],[32.26557,60.41427],[32.2645,60.41456],[32.2617,60.41557],[32.26011,60.41601],[32.2511,60.4177],[32.24907,60.41858],[32.24565,60.42048],[32.24377,60.42169],[32.24198,60.42309],[32.24025,60.42487],[32.23932,60.42598],[32.23851,60.42719],[32.23818,60.42797],[32.23792,60.42898],[32.23779,60.43078],[32.23762,60.43164],[32.23678,60.43314],[32.23616,60.43494],[32.23606,60.43618],[32.23646,60.43809],[32.23623,60.43888],[32.23587,60.43934],[32.23541,60.43969],[32.23185,60.4416],[32.2309,60.44226],[32.2303,60.44284],[32.22977,60.44372],[32.22856,60.44649],[32.22781,60.44748],[32.22578,60.44957],[32.22535,60.45036],[32.22484,60.45194],[32.22442,60.45283],[32.22371,60.45384],[32.22268,60.45496],[32.21664,60.46076],[32.21547,60.46171],[32.2145,60.46235],[32.21227,60.46352],[32.20835,60.46526],[32.20445,60.46733],[32.19948,60.46936],[32.19721,60.47037],[32.19478,60.47163],[32.19312,60.47265],[32.19214,60.47342],[32.19131,60.47432],[32.19071,60.47524],[32.18964,60.47747],[32.1889,60.47841],[32.18793,60.47872],[32.18659,60.47882],[32.18434,60.47883],[32.18051,60.47868],[32.17781,60.47882],[32.17624,60.47906],[32.17275,60.47984],[32.17076,60.48012],[32.17055,60.48022],[32.17044,60.48039],[32.1704,60.48107],[32.17024,60.4815],[32.16964,60.48219],[32.1679,60.48335],[32.16578,60.48432],[32.16457,60.48471],[32.16298,60.48505],[32.15891,60.48551],[32.15591,60.48605],[32.15044,60.48742],[32.14759,60.48849],[32.1466,60.48901],[32.14485,60.49013],[32.14309,60.49097],[32.1403,60.4919],[32.13841,60.49233],[32.13461,60.49273],[32.12921,60.493],[32.12561,60.49353],[32.12449,60.4936],[32.12359,60.49353],[32.12257,60.49327],[32.12064,60.4923],[32.11931,60.49222],[32.11777,60.49261],[32.11415,60.49411],[32.11189,60.49489],[32.11009,60.4953],[32.10851,60.49546],[32.10694,60.49539],[32.10444,60.49506],[32.1037,60.49457],[32.10356,60.49372],[32.10331,60.49337],[32.10262,60.49309],[32.10176,60.49304],[32.10063,60.49329],[32.10033,60.49389],[32.10065,60.49491],[32.10058,60.49536],[32.10026,60.49561],[32.09912,60.49599],[32.09479,60.49676],[32.09096,60.49718],[32.08759,60.49731],[32.08095,60.4973]],[[31.88575,60.41678],[31.88565,60.41588],[31.88509,60.41505],[31.88418,60.41443],[31.883,60.41405],[31.88104,60.41393],[31.87631,60.41458],[31.87392,60.41458],[31.86934,60.4138],[31.86444,60.41316],[31.85831,60.4116],[31.85672,60.41139],[31.85494,60.41132],[31.85223,60.41145],[31.84509,60.41227],[31.84256,60.41274],[31.83889,60.41376],[31.83784,60.41392],[31.83629,60.4138],[31.83439,60.41315],[31.83289,60.41281],[31.83176,60.41274],[31.83064,60.41288],[31.82965,60.41313],[31.82868,60.41355],[31.82787,60.414],[31.8272,60.41458],[31.82705,60.41514],[31.82731,60.41627],[31.82733,60.41678]],[[31.79065,60.41678],[31.7905,60.41503],[31.79065,60.41469],[31.791,60.41434],[31.79202,60.41391],[31.79551,60.41311],[31.79757,60.41238],[31.79853,60.41182],[31.79984,60.41076],[31.80081,60.40974],[31.8011,60.40921],[31.80105,60.40822],[31.80019,60.40685],[31.79925,60.40597],[31.79556,60.40332],[31.79497,60.40266],[31.79465,60.40208],[31.79456,60.40153],[31.79467,60.40094],[31.79494,60.4005],[31.79605,60.39928],[31.79645,60.39861],[31.79657,60.39786],[31.79641,60.39726],[31.7958,60.39644],[31.79462,60.39567],[31.79289,60.3949],[31.78772,60.39288],[31.78674,60.39245],[31.7857,60.3918],[31.78517,60.39129],[31.78482,60.39071],[31.78457,60.38893],[31.78431,60.38814],[31.78392,60.38754],[31.78325,60.387],[31.78187,60.38626],[31.77675,60.38392],[31.77463,60.38309],[31.77281,60.38262],[31.77124,60.38244],[31.76966,60.38241],[31.76651,60.38257],[31.76494,60.38248],[31.76336,60.38207],[31.76127,60.38122],[31.75954,60.38091],[31.75841,60.38096],[31.75504,60.38145],[31.75154,60.38167],[31.74712,60.3826],[31.74242,60.38385],[31.74105,60.38451],[31.74053,60.3849],[31.7398,60.38565],[31.73901,60.38619],[31.73802,60.38653],[31.73681,60.38674],[31.73299,60.38718],[31.72849,60.38814],[31.72444,60.38863],[31.72219,60.38902],[31.71986,60.38966],[31.71719,60.39081],[31.7164,60.39104],[31.71556,60.39115],[31.71453,60.39113],[31.71319,60.39087],[31.71215,60.39055],[31.7106,60.3899],[31.70896,60.389],[31.70651,60.38664],[31.70454,60.38535],[31.70221,60.38435],[31.70073,60.38391],[31.69868,60.38345],[31.69609,60.38318],[31.69249,60.38314],[31.69111,60.38339],[31.6884,60.38457],[31.68619,60.38514],[31.68493,60.3853],[31.68326,60.38536],[31.68056,60.38512],[31.67858,60.38458],[31.67788,60.38426],[31.67719,60.38376],[31.67688,60.38345],[31.67653,60.38286],[31.67588,60.38087],[31.67506,60.37987],[31.67417,60.37941],[31.67062,60.37849],[31.66796,60.37738],[31.66661,60.37697],[31.66525,60.3767],[31.66369,60.37658],[31.66211,60.37659],[31.66072,60.37673],[31.65886,60.37718],[31.65546,60.37847],[31.65446,60.37875],[31.65266,60.37907],[31.65086,60.37912],[31.64914,60.37891],[31.64763,60.37849],[31.64664,60.37804],[31.64441,60.37676],[31.64261,60.37587],[31.64183,60.37515],[31.64171,60.37492],[31.64175,60.37448],[31.6423,60.37386],[31.6431,60.37328],[31.6432,60.37307],[31.64263,60.37269],[31.64079,60.37199],[31.6398,60.37149],[31.63904,60.37089],[31.63882,60.37037],[31.63882,60.36992],[31.63897,60.36944],[31.64036,60.36756],[31.6408,60.36671],[31.64087,60.36587],[31.64073,60.36541],[31.64035,60.36474],[31.63964,60.36384],[31.63818,60.36227],[31.6373,60.3614],[31.63634,60.36065],[31.63368,60.35914],[31.62997,60.35743],[31.62732,60.35642],[31.6226,60.35481],[31.61278,60.35161],[31.60991,60.35084],[31.6083,60.35054],[31.60609,60.35027],[31.59259,60.34915],[31.59128,60.34925],[31.59022,60.34957],[31.58865,60.35028],[31.58587,60.35178],[31.58518,60.35205],[31.58426,60.35227],[31.58224,60.35236],[31.57853,60.352],[31.57639,60.3519],[31.57252,60.35198],[31.57022,60.35241],[31.567,60.35375],[31.56514,60.35411],[31.56311,60.35405],[31.55896,60.35329],[31.55749,60.35326],[31.55366,60.35349],[31.55185,60.3533],[31.54849,60.3527],[31.54736,60.35269],[31.54622,60.35285],[31.54508,60.35331],[31.54423,60.35394],[31.54364,60.35464],[31.54312,60.35552],[31.5425,60.35631],[31.54096,60.35798],[31.53974,60.35979],[31.53912,60.36051],[31.53833,60.361],[31.53735,60.36142],[31.53186,60.36302],[31.5277,60.36476],[31.52384,60.36668],[31.52215,60.36777],[31.52029,60.36913],[31.51951,60.36957],[31.51628,60.37086],[31.51523,60.37136],[31.51452,60.37185],[31.51383,60.37258],[31.51348,60.37329],[31.5129,60.37499],[31.51233,60.37575],[31.51123,60.37658],[31.50857,60.37809],[31.50754,60.3784],[31.50619,60.37838],[31.50079,60.37702],[31.49786,60.37655],[31.49584,60.37637],[31.49449,60.37639],[31.49339,60.37655],[31.4924,60.37687],[31.49158,60.3773],[31.49055,60.37807],[31.48791,60.38041],[31.48693,60.38162],[31.48662,60.38286],[31.48666,60.38376],[31.48697,60.38528],[31.48695,60.38573],[31.48669,60.38623],[31.48598,60.38686],[31.4837,60.38793],[31.48313,60.38832],[31.48282,60.38871],[31.48232,60.38975],[31.48166,60.39031],[31.48076,60.39058],[31.48009,60.39062],[31.47941,60.3905],[31.47871,60.39021],[31.47831,60.38983],[31.47808,60.38938],[31.47797,60.38754],[31.47758,60.38679],[31.47704,60.38618],[31.47634,60.38565],[31.47532,60.38503],[31.47456,60.38468],[31.47342,60.38433],[31.47154,60.38418],[31.46981,60.38436],[31.46821,60.38487],[31.46729,60.38532],[31.46664,60.38577],[31.45987,60.39109],[31.45729,60.39297],[31.45643,60.39344],[31.45544,60.39382],[31.45188,60.39486],[31.45103,60.39525],[31.45004,60.39594],[31.44859,60.39759],[31.44696,60.39906],[31.44663,60.39962],[31.44662,60.39996],[31.44682,60.40041],[31.44838,60.40191],[31.44848,60.40232],[31.44822,60.40281],[31.44738,60.4033],[31.44611,60.40357],[31.44521,60.40359],[31.44364,60.40345],[31.44276,60.40352],[31.44199,60.40375],[31.44116,60.40431],[31.43891,60.40649],[31.4358,60.40867],[31.43419,60.40995],[31.43229,60.41185],[31.43117,60.41337],[31.43037,60.4149],[31.43009,60.41582],[31.43004,60.41678]],[[32.61445,60.79573],[32.61508,60.7961],[32.61532,60.79641],[32.6154,60.79674],[32.61527,60.79708],[32.61465,60.79761],[32.6138,60.79795],[32.61296,60.79811],[32.61161,60.79817],[32.61011,60.79794],[32.6086,60.79738],[32.60818,60.7971],[32.60796,60.79674],[32.60801,60.79641],[32.6083,60.79608],[32.60932,60.79569],[32.61049,60.79546],[32.61251,60.79535],[32.61362,60.79549],[32.61445,60.79573]],[[32.19355,60.47949],[32.19366,60.47994],[32.19341,60.48045],[32.19263,60.48116],[32.19165,60.48169],[32.19064,60.48193],[32.18974,60.48189],[32.18891,60.48159],[32.18859,60.48107],[32.18859,60.48051],[32.18892,60.47966],[32.18921,60.47936],[32.18979,60.47907],[32.19086,60.47895],[32.19221,60.47901],[32.19345,60.47932],[32.19355,60.47949]],[[32.33626,60.40457],[32.33464,60.4048],[32.33324,60.40515],[32.33258,60.4055],[32.33249,60.40569],[32.33253,60.40603],[32.33284,60.40649],[32.33387,60.40743],[32.33467,60.40784],[32.33566,60.40778],[32.3375,60.40693],[32.33828,60.4063],[32.33848,60.40591],[32.33848,60.40549],[32.33827,60.40511],[32.33741,60.40469],[32.33626,60.40457]],[[32.30111,60.39871],[32.29886,60.39852],[32.29707,60.39861],[32.29606,60.39885],[32.29568,60.39918],[32.29561,60.39951],[32.29569,60.39973],[32.29604,60.40014],[32.297,60.40048],[32.29772,60.40061],[32.30253,60.40059],[32.30299,60.40052],[32.30324,60.40038],[32.30331,60.40007],[32.30298,60.39961],[32.30255,60.39923],[32.3015,60.39877],[32.30111,60.39871]],[[31.5092,60.39254],[31.50952,60.39274],[31.50956,60.39297],[31.50868,60.39318],[31.50829,60.39312],[31.50801,60.39295],[31.50803,60.39276],[31.50841,60.39245],[31.5092,60.39254]],[[31.52065,60.37723],[31.52205,60.37763],[31.52292,60.37812],[31.52356,60.37892],[31.52364,60.37959],[31.5234,60.38016],[31.5229,60.38074],[31.52056,60.3825],[31.51982,60.38331],[31.5195,60.38398],[31.51935,60.38482],[31.51946,60.38664],[31.51927,60.38695],[31.51887,60.38718],[31.51789,60.38738],[31.51661,60.38711],[31.51521,60.38624],[31.51337,60.38534],[31.51248,60.38479],[31.51024,60.38301],[31.50946,60.3821],[31.50934,60.38161],[31.50938,60.38123],[31.50982,60.38083],[31.5121,60.37984],[31.51434,60.37848],[31.51577,60.37775],[31.51678,60.37738],[31.51818,60.37711],[31.51946,60.37708],[31.52065,60.37723]],[[31.64861,60.37299],[31.64681,60.3729],[31.64507,60.37314],[31.64613,60.37359],[31.64704,60.37369],[31.64839,60.37373],[31.64936,60.37357],[31.6494,60.37341],[31.64923,60.37314],[31.64861,60.37299]]]}},{"type":"Feature","properties":{"depth_m":25,"n_lines":3},"geometry":{"type":"MultiLineString","coordinates":[[[32.56839,60.85012],[32.56844,60.84917],[32.56862,60.84827],[32.56941,60.84636],[32.57104,60.84354],[32.57289,60.84096],[32.5745,60.83837],[32.57584,60.83605],[32.57639,60.83488],[32.57651,60.83432],[32.57652,60.83376],[32.57595,60.83123],[32.5758,60.82971],[32.57598,60.82816],[32.57647,60.82667],[32.57787,60.82414],[32.58225,60.81773],[32.58269,60.81688],[32.58297,60.81598],[32.58338,60.81328],[32.5836,60.81069],[32.5836,60.80901],[32.58341,60.80574],[32.58342,60.80293],[32.58327,60.80181],[32.58294,60.80091],[32.58246,60.80015],[32.58132,60.79881],[32.58133,60.79835],[32.58188,60.79719],[32.58211,60.79618],[32.58208,60.79517],[32.58166,60.79281],[32.58168,60.79224],[32.58184,60.79168],[32.58228,60.79095],[32.58306,60.79015],[32.58674,60.78745],[32.58825,60.78619],[32.59121,60.78282],[32.59438,60.77986],[32.59548,60.77864],[32.59618,60.77762],[32.59683,60.77638],[32.60017,60.76858],[32.60068,60.76772],[32.60192,60.76614],[32.60191,60.76592],[32.60138,60.76547],[32.5991,60.76463],[32.59737,60.76379],[32.59598,60.76281],[32.59498,60.76183],[32.59432,60.76086],[32.59387,60.75981],[32.59359,60.75872],[32.59328,60.75681],[32.59302,60.75606],[32.59155,60.75377],[32.5894,60.75079],[32.58858,60.74976],[32.5881,60.74939],[32.58296,60.74617],[32.57699,60.74349],[32.57419,60.74211],[32.55911,60.73381],[32.55676,60.73268],[32.55074,60.7301],[32.5407,60.7256],[32.53801,60.72417],[32.53522,60.7224],[32.53167,60.72051],[32.52985,60.71927],[32.52867,60.71822],[32.52774,60.71709],[32.52652,60.71508],[32.52484,60.71366],[32.52371,60.71245],[32.5232,60.71169],[32.52289,60.71098],[32.52271,60.70899],[32.52246,60.70866],[32.52206,60.70835],[32.52116,60.70828],[32.52004,60.70837],[32.51448,60.70961],[32.51223,60.71028],[32.50889,60.71161],[32.50762,60.71198],[32.50654,60.71216],[32.50496,60.71225],[32.50364,60.7121],[32.50308,60.71196],[32.50218,60.71151],[32.50176,60.71102],[32.50167,60.71046],[32.50186,60.70989],[32.50216,60.7094],[32.50342,60.70787],[32.50375,60.70697],[32.50364,60.70607],[32.50284,60.70449],[32.50265,60.70371],[32.50276,60.70258],[32.50376,60.69752],[32.50407,60.69414],[32.50386,60.69156],[32.50298,60.68751],[32.50288,60.68661],[32.50301,60.68579],[32.50459,60.68042],[32.50511,60.67941],[32.50597,60.67836],[32.51099,60.67373],[32.51431,60.67119],[32.51801,60.66894],[32.51857,60.66847],[32.51884,60.66793],[32.51921,60.66599],[32.51966,60.66467],[32.5204,60.66331],[32.52196,60.66106],[32.52268,60.65984],[32.52397,60.65646],[32.52509,60.65409],[32.52531,60.65342],[32.52528,60.65252],[32.52467,60.65026],[32.52443,60.64869],[32.52416,60.64014],[32.52402,60.63823],[32.52373,60.63687],[32.5229,60.63447],[32.5225,60.63294],[32.5221,60.63013],[32.52168,60.62799],[32.52157,60.62653],[32.52164,60.62529],[32.52186,60.62383],[32.52233,60.62158],[32.52273,60.62024],[32.52361,60.61845],[32.5257,60.61539],[32.52603,60.61461],[32.52645,60.61309],[32.52701,60.61022],[32.52709,60.60786],[32.52753,60.60594],[32.52804,60.60246],[32.528,60.60178],[32.5278,60.60111],[32.52614,60.59739],[32.52588,60.59649],[32.52589,60.59593],[32.52601,60.59548],[32.52713,60.59368],[32.52721,60.59301],[32.52697,60.59109],[32.5269,60.58851],[32.52619,60.58581],[32.52575,60.58232],[32.52488,60.57984],[32.52478,60.57928],[32.52508,60.57849],[32.52651,60.57651],[32.52722,60.57524],[32.52755,60.57422],[32.52771,60.57264],[32.52789,60.57219],[32.52962,60.57006],[32.53101,60.56856],[32.53122,60.56814],[32.53125,60.56781],[32.53096,60.56707],[32.52888,60.56441],[32.52805,60.56358],[32.52569,60.56159],[32.52488,60.56074],[32.52427,60.55982],[32.5232,60.55779],[32.5224,60.55679],[32.52187,60.55631],[32.5211,60.55581],[32.51837,60.55456],[32.51761,60.55411],[32.51687,60.55341],[32.51671,60.55307],[32.51658,60.55217],[32.51632,60.55149],[32.51628,60.55093],[32.51644,60.5503],[32.51728,60.54879],[32.51735,60.54812],[32.51721,60.54744],[32.5164,60.54541],[32.51573,60.54315],[32.514,60.5406],[32.51149,60.53619],[32.51028,60.53465],[32.50717,60.53157],[32.50503,60.52981],[32.50046,60.52652],[32.49914,60.52526],[32.49793,60.52382],[32.49672,60.5221],[32.49592,60.52073],[32.49533,60.51943],[32.49492,60.5181],[32.49476,60.51707],[32.49473,60.51617],[32.49485,60.51516],[32.49525,60.51324],[32.49513,60.51246],[32.4947,60.51177],[32.49283,60.50953],[32.49135,60.5071],[32.48921,60.50447],[32.48872,60.5035],[32.48813,60.50144],[32.4876,60.50092],[32.48515,60.49954],[32.48386,60.49869],[32.48255,60.49767],[32.4811,60.49636],[32.4793,60.49456],[32.47814,60.49322],[32.47727,60.49198],[32.47633,60.49019],[32.47592,60.48974],[32.47459,60.48917],[32.46798,60.4873],[32.46361,60.48618],[32.46282,60.48584],[32.4625,60.48565],[32.46214,60.48523],[32.46073,60.48295],[32.45953,60.48141],[32.45827,60.48011],[32.45677,60.47891],[32.45439,60.47754],[32.44819,60.4748],[32.44167,60.47122],[32.43956,60.4703],[32.43719,60.46946],[32.42959,60.4673],[32.42749,60.46657],[32.42575,60.46574],[32.41953,60.46217],[32.41502,60.45993],[32.41052,60.45807],[32.4015,60.45472],[32.39409,60.45292],[32.38863,60.45148],[32.37254,60.44693],[32.36553,60.44459],[32.35807,60.44291],[32.35089,60.44074],[32.34836,60.44033],[32.34139,60.43984],[32.33653,60.43928],[32.32858,60.43808],[32.32136,60.43643],[32.31979,60.43624],[32.31821,60.43623],[32.31647,60.43647],[32.31469,60.43702],[32.31307,60.4379],[32.30953,60.44048],[32.3077,60.44148],[32.30527,60.44247],[32.29967,60.44435],[32.29792,60.44515],[32.29677,60.44582],[32.29526,60.44698],[32.29211,60.44991],[32.28987,60.45156],[32.28793,60.45275],[32.28538,60.45417],[32.28077,60.4564],[32.28006,60.45711],[32.27921,60.45856],[32.27848,60.45958],[32.27691,60.4612],[32.27485,60.46271],[32.27174,60.46447],[32.26891,60.4671],[32.26467,60.4705],[32.26106,60.47391],[32.25992,60.47477],[32.25833,60.47575],[32.25644,60.47662],[32.25452,60.4773],[32.24755,60.47907],[32.24116,60.48158],[32.23133,60.48492],[32.22928,60.48601],[32.2264,60.48829],[32.2245,60.48952],[32.2223,60.49061],[32.21959,60.49163],[32.21629,60.49257],[32.21246,60.49345],[32.20909,60.49405],[32.20616,60.49438],[32.20234,60.49447],[32.19514,60.49426],[32.19041,60.494],[32.18501,60.49352],[32.18344,60.49348],[32.17714,60.4941],[32.16998,60.49456],[32.16294,60.49562],[32.15756,60.49607],[32.15646,60.49635],[32.15306,60.49776],[32.15115,60.4983],[32.14744,60.49895],[32.14159,60.49941],[32.13977,60.49969],[32.13842,60.50004],[32.13374,60.50166],[32.13041,60.50261],[32.12599,60.50364],[32.11881,60.50509],[32.11604,60.50578],[32.11049,60.50758],[32.10721,60.50889],[32.10266,60.5109],[32.10089,60.51153],[32.09929,60.51196],[32.09591,60.51251],[32.08916,60.51319],[32.0846,60.51353],[32.08095,60.51362]],[[31.72504,60.41678],[31.72498,60.41571],[31.72475,60.41481],[31.72436,60.41401],[31.72367,60.41316],[31.72216,60.4119],[31.71646,60.40777],[31.71566,60.4073],[31.71499,60.40706],[31.71375,60.40685],[31.71004,60.40675],[31.70734,60.40656],[31.70214,60.40595],[31.69836,60.40523],[31.69111,60.40333],[31.68731,60.40252],[31.68484,60.40216],[31.67674,60.40131],[31.67359,60.40077],[31.6679,60.39958],[31.66061,60.39876],[31.6563,60.39799],[31.65197,60.39684],[31.64711,60.39577],[31.64533,60.39519],[31.64344,60.39437],[31.64218,60.39367],[31.64093,60.39282],[31.6376,60.38985],[31.63422,60.38754],[31.63273,60.3862],[31.63195,60.38563],[31.63084,60.38549],[31.62701,60.38552],[31.61981,60.38521],[31.61663,60.38531],[31.60586,60.38603],[31.60361,60.3863],[31.59841,60.38719],[31.59641,60.38742],[31.59461,60.38749],[31.58831,60.38747],[31.58381,60.38784],[31.57763,60.38888],[31.57439,60.3896],[31.56875,60.39135],[31.56254,60.39382],[31.56089,60.39434],[31.55907,60.39477],[31.55704,60.39504],[31.55501,60.39513],[31.54916,60.39482],[31.54736,60.39481],[31.54558,60.39502],[31.54379,60.39544],[31.53827,60.39708],[31.53377,60.39826],[31.53274,60.39867],[31.53195,60.39922],[31.53046,60.4006],[31.52931,60.4015],[31.52754,60.40265],[31.52562,60.4037],[31.52269,60.40507],[31.51712,60.4073],[31.51496,60.40826],[31.5126,60.40953],[31.50846,60.41202],[31.50599,60.41329],[31.5014,60.415],[31.50101,60.41538],[31.50075,60.41582],[31.5006,60.41678]],[[31.47499,60.40731],[31.47379,60.40741],[31.47247,60.40772],[31.4715,60.40817],[31.47096,60.4086],[31.47057,60.4091],[31.47039,60.40974],[31.47049,60.41031],[31.47081,60.41088],[31.47175,60.41172],[31.47319,60.41246],[31.47469,60.41292],[31.47621,60.41315],[31.47768,60.41315],[31.47911,60.41288],[31.47967,60.41267],[31.4804,60.41226],[31.48103,60.41166],[31.48135,60.41098],[31.48131,60.41019],[31.48088,60.40943],[31.48004,60.40867],[31.47914,60.40815],[31.47794,60.4077],[31.47629,60.40737],[31.47499,60.40731]]]}},{"type":"Feature","properties":{"depth_m":30,"n_lines":2},"geometry":{"type":"MultiLineString","coordinates":[[[32.5419,60.85012],[32.54198,60.84861],[32.54223,60.84804],[32.54267,60.84744],[32.54351,60.84677],[32.54436,60.84625],[32.54759,60.84467],[32.54811,60.84431],[32.54831,60.84388],[32.54812,60.84334],[32.54719,60.84292],[32.54466,60.84239],[32.54355,60.84203],[32.54289,60.84141],[32.54281,60.84118],[32.54286,60.84084],[32.54339,60.84023],[32.54456,60.83947],[32.54519,60.83885],[32.5454,60.83843],[32.5457,60.83679],[32.54601,60.83625],[32.5464,60.83582],[32.54763,60.83489],[32.54997,60.83346],[32.55141,60.83246],[32.55251,60.83144],[32.55341,60.83028],[32.55546,60.82633],[32.55588,60.82498],[32.55628,60.82217],[32.55671,60.82059],[32.55726,60.81924],[32.5583,60.81756],[32.55866,60.81677],[32.55876,60.81609],[32.55858,60.81463],[32.55859,60.81396],[32.55938,60.81126],[32.55963,60.80979],[32.55976,60.80736],[32.56007,60.80462],[32.56027,60.80023],[32.56017,60.79607],[32.56032,60.79359],[32.56012,60.79224],[32.55976,60.79116],[32.55886,60.7898],[32.55747,60.78808],[32.5552,60.78498],[32.55251,60.78194],[32.54955,60.77905],[32.54524,60.77591],[32.54383,60.77526],[32.54057,60.77428],[32.53995,60.77399],[32.53905,60.77318],[32.53758,60.77019],[32.53736,60.76941],[32.53744,60.76862],[32.53815,60.76641],[32.53841,60.76479],[32.53843,60.76232],[32.53816,60.76055],[32.53772,60.75951],[32.53707,60.75847],[32.53367,60.7547],[32.52941,60.75065],[32.52732,60.74848],[32.52642,60.74771],[32.52108,60.74389],[32.51481,60.73895],[32.5061,60.7332],[32.50486,60.73209],[32.50322,60.72985],[32.50251,60.72915],[32.50145,60.72843],[32.49852,60.72686],[32.49747,60.72603],[32.49659,60.72504],[32.49451,60.72159],[32.49171,60.71766],[32.49102,60.71574],[32.48948,60.71333],[32.48938,60.71259],[32.48962,60.71115],[32.48939,60.71064],[32.48867,60.71016],[32.48719,60.70998],[32.48527,60.71015],[32.48341,60.71063],[32.48255,60.71058],[32.47965,60.70973],[32.47852,60.70927],[32.47779,60.70881],[32.47784,60.70837],[32.47886,60.70821],[32.48044,60.70817],[32.48129,60.70805],[32.48151,60.70796],[32.48172,60.70753],[32.48205,60.70539],[32.4819,60.70472],[32.48151,60.70426],[32.47911,60.70293],[32.47868,60.70257],[32.47834,60.70202],[32.47825,60.70146],[32.47824,60.69898],[32.47833,60.69808],[32.47876,60.69725],[32.47937,60.69675],[32.48041,60.69619],[32.48237,60.69533],[32.48316,60.69483],[32.48372,60.69414],[32.48394,60.69336],[32.48387,60.69156],[32.48401,60.69079],[32.48418,60.69041],[32.48462,60.68987],[32.48628,60.68818],[32.48675,60.68739],[32.48688,60.68687],[32.48687,60.68633],[32.48638,60.68458],[32.48643,60.68357],[32.48678,60.68265],[32.4887,60.67917],[32.48949,60.67812],[32.49051,60.67738],[32.49153,60.67692],[32.49512,60.67557],[32.49596,60.67512],[32.49688,60.67438],[32.49888,60.67254],[32.50098,60.67041],[32.50388,60.66635],[32.50475,60.66469],[32.50496,60.66366],[32.50489,60.66186],[32.50501,60.66028],[32.50596,60.65398],[32.50641,60.65229],[32.50777,60.64869],[32.50838,60.64566],[32.50914,60.63767],[32.50916,60.63463],[32.50902,60.63216],[32.5091,60.63114],[32.50936,60.63011],[32.50955,60.62968],[32.51082,60.62766],[32.51133,60.62563],[32.51252,60.62383],[32.51293,60.62282],[32.51309,60.62181],[32.51314,60.62057],[32.51269,60.61776],[32.51276,60.61562],[32.51357,60.61089],[32.5138,60.61021],[32.51446,60.60898],[32.51464,60.60808],[32.51451,60.60718],[32.51385,60.60531],[32.51304,60.60144],[32.51223,60.59829],[32.51185,60.59514],[32.51191,60.59402],[32.51232,60.59109],[32.51242,60.58794],[32.51255,60.58671],[32.51287,60.58537],[32.51377,60.58279],[32.51403,60.58153],[32.51419,60.57906],[32.5145,60.57669],[32.51446,60.57602],[32.5143,60.57546],[32.51387,60.57471],[32.51338,60.57411],[32.51044,60.57098],[32.50939,60.56934],[32.509,60.56792],[32.50885,60.56477],[32.5086,60.56342],[32.50829,60.56262],[32.50755,60.56123],[32.50665,60.55999],[32.50575,60.55897],[32.50406,60.55748],[32.49947,60.55447],[32.49861,60.55377],[32.49578,60.55091],[32.49254,60.54825],[32.49151,60.54727],[32.49039,60.54597],[32.48801,60.54273],[32.48429,60.53727],[32.48322,60.53607],[32.48231,60.53532],[32.48045,60.53425],[32.47801,60.53341],[32.47431,60.5324],[32.46787,60.53111],[32.46643,60.53061],[32.46574,60.5302],[32.46523,60.52974],[32.46499,60.52911],[32.46484,60.52787],[32.46457,60.52731],[32.46435,60.52703],[32.46343,60.52658],[32.46199,60.52635],[32.46019,60.52629],[32.45186,60.52669],[32.44721,60.52747],[32.44366,60.52793],[32.44198,60.52837],[32.44099,60.52884],[32.44061,60.52912],[32.44,60.5297],[32.43921,60.53074],[32.43839,60.53109],[32.43386,60.53125],[32.431,60.53151],[32.42833,60.53197],[32.42544,60.53276],[32.42381,60.53332],[32.42287,60.53375],[32.42208,60.53427],[32.42015,60.5359],[32.41924,60.53649],[32.41787,60.53716],[32.41457,60.53854],[32.41126,60.53963],[32.40496,60.54091],[32.40324,60.5415],[32.40223,60.54213],[32.39952,60.54454],[32.39779,60.54566],[32.39629,60.54633],[32.39474,60.54673],[32.39338,60.54686],[32.39234,60.54679],[32.38969,60.54635],[32.38903,60.54587],[32.38903,60.54564],[32.38925,60.54531],[32.38992,60.54482],[32.39232,60.54367],[32.39314,60.54318],[32.39398,60.5423],[32.39433,60.54148],[32.39426,60.54097],[32.39398,60.54063],[32.39228,60.53965],[32.39164,60.53916],[32.39139,60.5388],[32.3914,60.53822],[32.3926,60.53676],[32.39278,60.53631],[32.39277,60.53597],[32.3926,60.53554],[32.39229,60.53517],[32.39109,60.53416],[32.39051,60.53345],[32.3903,60.53282],[32.39013,60.53136],[32.3896,60.52974],[32.38961,60.52882],[32.38991,60.52809],[32.39053,60.52728],[32.39195,60.52596],[32.39236,60.52523],[32.39224,60.52449],[32.39138,60.52306],[32.3912,60.52258],[32.39117,60.52191],[32.39143,60.52116],[32.39342,60.51885],[32.39476,60.51696],[32.39543,60.51628],[32.39626,60.51571],[32.39965,60.51407],[32.40312,60.51217],[32.40585,60.5105],[32.40853,60.50855],[32.4094,60.50769],[32.40962,60.50717],[32.40952,60.50659],[32.40934,60.50638],[32.40866,60.50603],[32.40751,60.50578],[32.40574,60.50579],[32.40236,60.50623],[32.40056,60.50622],[32.39291,60.50564],[32.39153,60.50541],[32.39057,60.50496],[32.39039,60.50447],[32.39051,60.50404],[32.3914,60.50339],[32.39265,60.50288],[32.39668,60.50173],[32.3976,60.50131],[32.39798,60.50095],[32.39813,60.50053],[32.39813,60.50019],[32.39797,60.49964],[32.39772,60.49929],[32.39684,60.49868],[32.39522,60.49815],[32.3933,60.49776],[32.39179,60.49772],[32.39085,60.49792],[32.38819,60.49889],[32.38681,60.49924],[32.38481,60.49941],[32.38257,60.49926],[32.38161,60.49911],[32.37739,60.49805],[32.37532,60.49768],[32.37243,60.49734],[32.36749,60.49696],[32.36569,60.49667],[32.36458,60.49635],[32.36365,60.49595],[32.36082,60.49432],[32.35919,60.49364],[32.35726,60.4932],[32.35453,60.49283],[32.35349,60.4925],[32.35329,60.4923],[32.35344,60.49191],[32.35546,60.48961],[32.35659,60.48793],[32.35694,60.48681],[32.35683,60.48579],[32.35655,60.48525],[32.35613,60.48475],[32.35552,60.48425],[32.35463,60.48376],[32.35362,60.48339],[32.35241,60.48311],[32.34992,60.4829],[32.34364,60.48326],[32.33869,60.48327],[32.33659,60.48338],[32.33397,60.48388],[32.33291,60.48425],[32.33202,60.4847],[32.33125,60.48523],[32.33044,60.48612],[32.33002,60.48703],[32.32991,60.48793],[32.33,60.48872],[32.33029,60.48961],[32.33088,60.49063],[32.33216,60.49229],[32.33213,60.49274],[32.33134,60.49332],[32.33035,60.49374],[32.32897,60.49416],[32.32569,60.49462],[32.32294,60.49468],[32.30651,60.49383],[32.30359,60.49379],[32.30156,60.49393],[32.30044,60.49415],[32.29977,60.49468],[32.29979,60.49513],[32.30039,60.49591],[32.30056,60.49641],[32.30012,60.49689],[32.29873,60.49732],[32.29346,60.49795],[32.2924,60.4982],[32.29142,60.49857],[32.2906,60.49906],[32.29014,60.49952],[32.2889,60.50141],[32.2881,60.50219],[32.28715,60.50275],[32.28602,60.50315],[32.28379,60.5035],[32.27884,60.50368],[32.27614,60.50404],[32.2692,60.50574],[32.2656,60.50711],[32.26477,60.50728],[32.26361,60.50723],[32.26278,60.50676],[32.26194,60.50589],[32.26141,60.50558],[32.26102,60.50538],[32.25971,60.50507],[32.25814,60.50493],[32.25629,60.50495],[32.25521,60.50509],[32.25378,60.50543],[32.25284,60.50586],[32.25211,60.50641],[32.25024,60.50856],[32.24895,60.50955],[32.24833,60.50992],[32.24735,60.51032],[32.24384,60.51127],[32.24248,60.51176],[32.23925,60.51345],[32.23661,60.5147],[32.2353,60.51561],[32.23399,60.51721],[32.23302,60.51801],[32.2315,60.51859],[32.22683,60.51952],[32.22241,60.52078],[32.22034,60.52099],[32.21584,60.52101],[32.21359,60.52093],[32.21139,60.52073],[32.20932,60.52032],[32.20777,60.51987],[32.20329,60.51804],[32.20056,60.51716],[32.19772,60.51671],[32.19379,60.51645],[32.19221,60.51648],[32.18861,60.51699],[32.18591,60.5172],[32.17648,60.51704],[32.17084,60.51771],[32.15621,60.51907],[32.15376,60.51893],[32.15206,60.51847],[32.15013,60.51778],[32.14879,60.51748],[32.14721,60.5174],[32.14486,60.51754],[32.14251,60.518],[32.12989,60.521],[32.12764,60.52129],[32.12381,60.52136],[32.12238,60.52157],[32.1214,60.52202],[32.1197,60.52302],[32.1179,60.52384],[32.11623,60.52442],[32.1145,60.52487],[32.11301,60.52512],[32.11155,60.52525],[32.10806,60.52516],[32.1069,60.52521],[32.10296,60.52615],[32.1015,60.52655],[32.10051,60.52696],[32.10017,60.52742],[32.10041,60.52785],[32.10291,60.52956],[32.10352,60.53013],[32.10402,60.53079],[32.1046,60.53214],[32.10478,60.53378]],[[32.34286,60.49373],[32.34204,60.49418],[32.34139,60.49422],[32.34021,60.49416],[32.33963,60.49379],[32.33989,60.49364],[32.34094,60.49356],[32.34286,60.49373]]]}}]}